ID,Diver,Buddy,Site No.,Site Name,Latitude,Longitude,Date,vis,Direction,Time,Depth,Method,Block,Quadrat # (m),Code,Species,Common name,Total,Inverts,2.5,5,7.5,10,12.5,15,20,25,30,35,40,50,62.5,75,87.5,100,112.5,125,137.5,150,162.5,175,187.5,200,250,300,350,400,,,,,,,,,,,,,,,,,,,,
,,,,,,,,,,12:00,,Quadrat,"0, 1, 2",,,2,3,1524,4,1,2,3,4,5,6,8,10,12,14,16,20,25,30,35,40,45,50,55,60,65,70,75,80,100,120,140,160,,,,,,,,,,,,,,,,,,,,
1,Jasmin Schuster,Tom Bird,BMSC8,Baeria Rocks North Island Northside,48.95508194,-125.1533737,2024-04-22,1,NW,10:10,7.5,2,1,48,Pmi,Patiria miniata,Bat star,4,0,1,1,2,,,,,,,,,,,,,,,,,,,,,,,,,,,,,,,,,,,,,,,,,,,,,
2,Jasmin Schuster,Tom Bird,BMSC8,Baeria Rocks North Island Northside,48.95508194,-125.1533737,2024-04-22,1,NW,10:10,7.5,2,1,48,Mfra,Mesocentrotus franciscanus,Red sea urchin,3,0,1,2,,,,,,,,,,,,,,,,,,,,,,,,,,,,,,,,,,,,,,,,,,,,,,
3,Jasmin Schuster,Tom Bird,BMSC8,Baeria Rocks North Island Northside,48.95508194,-125.1533737,2024-04-22,1,NW,10:10,7.5,2,1,32,Mfra,Mesocentrotus franciscanus,Red sea urchin,11,0,6,3,2,,,,,,,,,,,,,,,,,,,,,,,,,,,,,,,,,,,,,,,,,,,,,
4,Jasmin Schuster,Tom Bird,BMSC8,Baeria Rocks North Island Northside,48.95508194,-125.1533737,2024-04-22,1,NW,10:10,7.5,2,1,32,Pmi,Patiria miniata,Bat star,2,0,2,,,,,,,,,,,,,,,,,,,,,,,,,,,,,,,,,,,,,,,,,,,,,,,
5,Jasmin Schuster,Tom Bird,BMSC8,Baeria Rocks North Island Northside,48.95508194,-125.1533737,2024-04-22,1,NW,10:10,7.5,2,1,16,Pmi,Patiria miniata,Bat star,1,0,,,1,,,,,,,,,,,,,,,,,,,,,,,,,,,,,,,,,,,,,,,,,,,,,
6,Jasmin Schuster,Tom Bird,BMSC8,Baeria Rocks North Island Northside,48.95508194,-125.1533737,2024-04-22,1,NW,10:10,7.5,2,1,16,Mfra,Mesocentrotus franciscanus,Red sea urchin,8,0,1,6,1,,,,,,,,,,,,,,,,,,,,,,,,,,,,,,,,,,,,,,,,,,,,,
7,Jasmin Schuster,Tom Bird,BMSC8,Baeria Rocks North Island Northside,48.95508194,-125.1533737,2024-04-22,1,NW,10:10,7.5,2,1,16,Poc,Pisaster ochraceus,Unidentified star??,1,0,1,,,,,,,,,,,,,,,,,,,,,,,,,,,,,,,,,,,,,,,,,,,,,,,
8,Jasmin Schuster,Tom Bird,BMSC8,Baeria Rocks North Island Northside,48.95508194,-125.1533737,2024-04-22,1,NW,10:10,7.5,2,1,0,Mfra,Mesocentrotus franciscanus,Red sea urchin,5,0,,4,1,,,,,,,,,,,,,,,,,,,,,,,,,,,,,,,,,,,,,,,,,,,,,
9,Jasmin Schuster,Tom Bird,BMSC8,Baeria Rocks North Island Northside,48.95508194,-125.1533737,2024-04-22,1,NW,10:10,7.5,2,1,0,Pmi,Patiria miniata,Bat star,1,0,1,,,,,,,,,,,,,,,,,,,,,,,,,,,,,,,,,,,,,,,,,,,,,,,
10,Jasmin Schuster,Tom Bird,BMSC6,Baeria Rocks South Island,48.95023346,-125.1555481,2024-04-22,1.5,SW,12:43,8,2,1,48,Pmi,Patiria miniata,Bat star,3,0,,3,,,,,,,,,,,,,,,,,,,,,,,,,,,,,,,,,,,,,,,,,,,,,,
11,Jasmin Schuster,Tom Bird,BMSC6,Baeria Rocks South Island,48.95023346,-125.1555481,2024-04-22,1.5,SW,12:43,8,2,1,48,Mfra,Mesocentrotus franciscanus,Red sea urchin,5,0,3,1,1,,,,,,,,,,,,,,,,,,,,,,,,,,,,,,,,,,,,,,,,,,,,,
12,Jasmin Schuster,Tom Bird,BMSC6,Baeria Rocks South Island,48.95023346,-125.1555481,2024-04-22,1.5,SW,12:43,8,2,1,32,Mfra,Mesocentrotus franciscanus,Red sea urchin,8,0,5,2,1,,,,,,,,,,,,,,,,,,,,,,,,,,,,,,,,,,,,,,,,,,,,,
13,Jasmin Schuster,Tom Bird,BMSC6,Baeria Rocks South Island,48.95023346,-125.1555481,2024-04-22,1.5,SW,12:43,8,2,1,32,Pmi,Patiria miniata,Bat star,1,0,,1,,,,,,,,,,,,,,,,,,,,,,,,,,,,,,,,,,,,,,,,,,,,,,
14,Jasmin Schuster,Tom Bird,BMSC6,Baeria Rocks South Island,48.95023346,-125.1555481,2024-04-22,1.5,SW,12:43,8,2,1,16,Pmi,Patiria miniata,Bat star,2,0,,2,,,,,,,,,,,,,,,,,,,,,,,,,,,,,,,,,,,,,,,,,,,,,,
15,Jasmin Schuster,Tom Bird,BMSC6,Baeria Rocks South Island,48.95023346,-125.1555481,2024-04-22,1.5,SW,12:43,8,2,1,16,Mfra,Mesocentrotus franciscanus,Red sea urchin,6,,4,2,,,,,,,,,,,,,,,,,,,,,,,,,,,,,,,,,,,,,,,,,,,,,,
16,Jasmin Schuster,Tom Bird,BMSC6,Baeria Rocks South Island,48.95023346,-125.1555481,2024-04-22,1.5,SW,12:43,8,2,1,16,Oko,Orthasterias koehleri,Rainbow star,1,0,,1,,,,,,,,,,,,,,,,,,,,,,,,,,,,,,,,,,,,,,,,,,,,,,
17,Jasmin Schuster,Tom Bird,BMSC6,Baeria Rocks South Island,48.95023346,-125.1555481,2024-04-22,1.5,SW,12:43,8,2,1,0,Mfra,Mesocentrotus franciscanus,Red sea urchin,10,0,2,8,,,,,,,,,,,,,,,,,,,,,,,,,,,,,,,,,,,,,,,,,,,,,,
18,Jasmin Schuster,Tom Bird,BMSC6,Baeria Rocks South Island,48.95023346,-125.1555481,2024-04-22,1.5,SW,12:43,8,2,1,0,Pmi,Patiria miniata,Bat star,1,0,,,,1,,,,,,,,,,,,,,,,,,,,,,,,,,,,,,,,,,,,,,,,,,,,
19,Em Lim,Isabelle Cote,BMSC8,Baeria Rocks North Island Northside,48.95508194,-125.1533737,22-04-2024,1.5,SE,10:12,8.5,2,2,40,poc,Pisaster ochraceus,Purple sea star,8,0,,,,,,,4,,,3,1,,,,,,,,,,,,,,,,,,,,,,,,,,,,,,,,,,,,,
20,Em Lim,Isabelle Cote,BMSC8,Baeria Rocks North Island Northside,48.95508194,-125.1533737,2024-04-22,1.5,SE,10:12,8.5,2,2,40,dim,Dermasterias imbricata,Leather star,1,0,,,,,,1,,,,,,,,,,,,,,,,,,,,,,,,,,,,,,,,,,,,,,,,,,
21,Em Lim,Isabelle Cote,BMSC8,Baeria Rocks North Island Northside,48.95508194,-125.1533737,2024-04-22,1.5,SE,10:12,8.5,2,2,40,pmi,Patiria miniata,Bat star,1,0,,,,,,1,,,,,,,,,,,,,,,,,,,,,,,,,,,,,,,,,,,,,,,,,,
22,Em Lim,Isabelle Cote,BMSC8,Baeria Rocks North Island Northside,48.95508194,-125.1533737,2024-04-22,1.5,SE,10:12,8.5,2,2,40,mfra,Mesocentrotus franciscanus,Red sea urchin,4,0,2,2,,,,,,,,,,,,,,,,,,,,,,,,,,,,,,,,,,,,,,,,,,,,,,
23,Em Lim,Isabelle Cote,BMSC8,Baeria Rocks North Island Northside,48.95508194,-125.1533737,2024-04-22,1.5,SE,10:12,8.5,2,2,24,mfra,Mesocentrotus franciscanus,Red sea urchin,10,0,3,5,2,,,,,,,,,,,,,,,,,,,,,,,,,,,,,,,,,,,,,,,,,,,,,
24,Em Lim,Isabelle Cote,BMSC8,Baeria Rocks North Island Northside,48.95508194,-125.1533737,2024-04-22,1.5,SE,10:12,8.5,2,2,24,poc,Pisaster ochraceus,Purple sea star,2,0,,,,,,,,,2,,,,,,,,,,,,,,,,,,,,,,,,,,,,,,,,,,,,,,,
25,Em Lim,Isabelle Cote,BMSC8,Baeria Rocks North Island Northside,48.95508194,-125.1533737,2024-04-22,1.5,SE,10:12,8.5,2,2,8,mfra,Mesocentrotus franciscanus,Red sea urchin,7,0,,3,4,,,,,,,,,,,,,,,,,,,,,,,,,,,,,,,,,,,,,,,,,,,,,
26,Em Lim,Isabelle Cote,BMSC6,Baeria Rocks South Island,48.95023346,-125.1555481,2024-04-22,1.5,SW,12:45,11,2,2,40,mfra,Mesocentrotus franciscanus,Red sea urchin,5,0,3,1,1,,,,,,,,,,,,,,,,,,,,,,,,,,,,,,,,,,,,,,,,,,,,,
27,Em Lim,Isabelle Cote,BMSC6,Baeria Rocks South Island,48.95023346,-125.1555481,2024-04-22,1.5,SW,12:45,11,2,2,40,pmi,Patiria miniata,Bat star,3,0,,2,1,,,,,,,,,,,,,,,,,,,,,,,,,,,,,,,,,,,,,,,,,,,,,
28,Em Lim,Isabelle Cote,BMSC6,Baeria Rocks South Island,48.95023346,-125.1555481,2024-04-22,1.5,SW,12:45,11,2,2,24,mfra,Mesocentrotus franciscanus,Red sea urchin,8,0,1,3,3,1,,,,,,,,,,,,,,,,,,,,,,,,,,,,,,,,,,,,,,,,,,,,
29,Em Lim,Isabelle Cote,BMSC6,Baeria Rocks South Island,48.95023346,-125.1555481,2024-04-22,1.5,SW,12:45,11,2,2,24,pmi,Patiria miniata,Bat star,3,0,,,2,1,,,,,,,,,,,,,,,,,,,,,,,,,,,,,,,,,,,,,,,,,,,,
30,Em Lim,Isabelle Cote,BMSC6,Baeria Rocks South Island,48.95023346,-125.1555481,2024-04-22,1.5,SW,12:45,11,2,2,8,mfra,Mesocentrotus franciscanus,Red sea urchin,4,0,1,2,1,,,,,,,,,,,,,,,,,,,,,,,,,,,,,,,,,,,,,,,,,,,,,
31,Em Lim,Isabelle Cote,BMSC6,Baeria Rocks South Island,48.95023346,-125.1555481,2024-04-22,1.5,SW,12:45,11,2,2,8,pmi,Patiria miniata,Bat star,1,0,,1,,,,,,,,,,,,,,,,,,,,,,,,,,,,,,,,,,,,,,,,,,,,,,
32,Em Lim,Isabelle Cote,BMSC6,Baeria Rocks South Island,48.95023346,-125.1555481,2024-04-22,1.5,SW,12:45,11,2,1,0,mfra,Mesocentrotus franciscanus,Red sea urchin,8,0,2,3,2,1,,,,,,,,,,,,,,,,,,,,,,,,,,,,,,,,,,,,,,,,,,,,
33,Em Lim,Isabelle Cote,BMSC6,Baeria Rocks South Island,48.95023346,-125.1555481,2024-04-22,1.5,SW,12:45,11,2,1,0,pmi,Patiria miniata,Bat star,1,0,,1,,,,,,,,,,,,,,,,,,,,,,,,,,,,,,,,,,,,,,,,,,,,,,
34,Isabelle Cote,Em Lim,BMSC8,Baeria Rocks North Island Northside,48.95508194,-125.1533737,2024-04-22,1.5,SE,10:12,8.5,2,1,48,mfra,Mesocentrotus franciscanus,Red sea urchin,7,0,,1,6,,,,,,,,,,,,,,,,,,,,,,,,,,,,,,,,,,,,,,,,,,,,,
35,Isabelle Cote,Em Lim,BMSC8,Baeria Rocks North Island Northside,48.95508194,-125.1533737,2024-04-22,1.5,SE,10:12,8.5,2,1,32,mfra,Mesocentrotus franciscanus,Red sea urchin,10,0,,2,7,1,,,,,,,,,,,,,,,,,,,,,,,,,,,,,,,,,,,,,,,,,,,,
36,Isabelle Cote,Em Lim,BMSC8,Baeria Rocks North Island Northside,48.95508194,-125.1533737,2024-04-22,1.5,SE,10:12,8.5,2,1,32,poc,Pisaster ochraceus,Purple sea star,1,0,,,,,,,,,,1,,,,,,,,,,,,,,,,,,,,,,,,,,,,,,,,,,,,,,
37,Isabelle Cote,Em Lim,BMSC8,Baeria Rocks North Island Northside,48.95508194,-125.1533737,2024-04-22,1.5,SE,10:12,8.5,2,1,32,pmi,Patiria miniata,Bat star,3,0,,,3,,,,,,,,,,,,,,,,,,,,,,,,,,,,,,,,,,,,,,,,,,,,,
38,Isabelle Cote,Em Lim,BMSC6,Baeria Rocks South Island,48.95023346,-125.1555481,2024-04-22,1.5,SW,12:45,11,2,1,48,mfra,Mesocentrotus franciscanus,Red sea urchin,5,0,,2,3,,,,,,,,,,,,,,,,,,,,,,,,,,,,,,,,,,,,,,,,,,,,,
39,Isabelle Cote,Em Lim,BMSC6,Baeria Rocks South Island,48.95023346,-125.1555481,2024-04-22,1.5,SW,12:45,11,2,1,48,oko,Orthasterias koehleri,Rainbow star,1,0,,,,1,,,,,,,,,,,,,,,,,,,,,,,,,,,,,,,,,,,,,,,,,,,,
40,Isabelle Cote,Em Lim,BMSC6,Baeria Rocks South Island,48.95023346,-125.1555481,2024-04-22,1.5,SW,12:45,11,2,1,32,mfra,Mesocentrotus franciscanus,Red sea urchin,9,0,1,3,5,,,,,,,,,,,,,,,,,,,,,,,,,,,,,,,,,,,,,,,,,,,,,
41,Isabelle Cote,Em Lim,BMSC6,Baeria Rocks South Island,48.95023346,-125.1555481,2024-04-22,1.5,SW,12:45,11,2,1,32,pmi,Patiria miniata,Bat star,3,0,,2,,1,,,,,,,,,,,,,,,,,,,,,,,,,,,,,,,,,,,,,,,,,,,,
42,Isabelle Cote,Em Lim,BMSC6,Baeria Rocks South Island,48.95023346,-125.1555481,2024-04-22,1.5,SW,12:45,11,2,1,16,mfra,Mesocentrotus franciscanus,Red sea urchin,2,0,1,1,,,,,,,,,,,,,,,,,,,,,,,,,,,,,,,,,,,,,,,,,,,,,,
43,Isabelle Cote,Em Lim,BMSC5,Taylor Rock,48.82733154,-125.1966019,4/23/2024,1.5,E,9:50,6.5,2,1,48,mfra,Mesocentrotus franciscanus,Red sea urchin,10,0,,1,2,7,,,,,,,,,,,,,,,,,,,,,,,,,,,,,,,,,,,,,,,,,,,,
44,Isabelle Cote,Em Lim,BMSC5,Taylor Rock,48.82733154,-125.1966019,4/23/2024,1.5,E,9:50,6.5,2,1,32,mfra,Mesocentrotus franciscanus,Red sea urchin,13,0,,5,4,2,2,,,,,,,,,,,,,,,,,,,,,,,,,,,,,,,,,,,,,,,,,,,
45,Isabelle Cote,Em Lim,BMSC5,Taylor Rock,48.82733154,-125.1966019,4/23/2024,1.5,E,9:50,6.5,2,1,32,dim,Dermasterias imbricata,Leather star,1,0,,,,,,1,,,,,,,,,,,,,,,,,,,,,,,,,,,,,,,,,,,,,,,,,,
46,Jasmin Schuster,Tom Bird,BMSC5,Taylor Rock,48.82733154,-125.1966019,4/23/2024,1.5,NW,9:48,6,2,1,48,mfra,Mesocentrotus franciscanus,Red sea urchin,5,0,,,4,1,,,,,,,,,,,,,,,,,,,,,,,,,,,,,,,,,,,,,,,,,,,,
47,Jasmin Schuster,Tom Bird,BMSC5,Taylor Rock,48.82733154,-125.1966019,4/23/2024,1.5,NW,9:48,6,2,1,32,mfra,Mesocentrotus franciscanus,Red sea urchin,6,0,,3,3,,,,,,,,,,,,,,,,,,,,,,,,,,,,,,,,,,,,,,,,,,,,,
48,Jasmin Schuster,Tom Bird,BMSC5,Taylor Rock,48.82733154,-125.1966019,4/23/2024,1.5,NW,9:48,6,2,1,32,Sdr,Strongylocentrotus droebachiensis,Northern sea urchin,1,0,1,,,,,,,,,,,,,,,,,,,,,,,,,,,,,,,,,,,,,,,,,,,,,,,
49,Jasmin Schuster,Tom Bird,BMSC5,Taylor Rock,48.82733154,-125.1966019,4/23/2024,1.5,NW,9:48,6,2,1,32,Pmi,Patiria miniata,Bat star,1,0,,,,1,,,,,,,,,,,,,,,,,,,,,,,,,,,,,,,,,,,,,,,,,,,,
50,Jasmin Schuster,Tom Bird,BMSC5,Taylor Rock,48.82733154,-125.1966019,4/23/2024,1.5,NW,9:48,6,2,1,32,Oko,Orthasterias koehleri,Rainbow star,1,0,,,,,1,,,,,,,,,,,,,,,,,,,,,,,,,,,,,,,,,,,,,,,,,,,
51,Jasmin Schuster,Tom Bird,BMSC5,Taylor Rock,48.82733154,-125.1966019,4/23/2024,1.5,NW,9:48,6,2,1,16,Pmi,Patiria miniata,Bat star,1,0,,,1,,,,,,,,,,,,,,,,,,,,,,,,,,,,,,,,,,,,,,,,,,,,,
52,Jasmin Schuster,Tom Bird,BMSC5,Taylor Rock,48.82733154,-125.1966019,4/23/2024,1.5,NW,9:48,6,2,1,16,mfra,Mesocentrotus franciscanus,Red sea urchin,13,0,1,3,3,6,,,,,,,,,,,,,,,,,,,,,,,,,,,,,,,,,,,,,,,,,,,,
53,Jasmin Schuster,Tom Bird,BMSC5,Taylor Rock,48.82733154,-125.1966019,4/23/2024,1.5,NW,9:48,6,2,1,16,Spu,Strongylocentrotus purpuratus,Purple sea urchin (?),1,0,,1,,,,,,,,,,,,,,,,,,,,,,,,,,,,,,,,,,,,,,,,,,,,,,
54,Jasmin Schuster,Tom Bird,BMSC5,Taylor Rock,48.82733154,-125.1966019,4/23/2024,1.5,NW,9:48,6,2,1,0,mfra,Mesocentrotus franciscanus,Red sea urchin,3,0,,,3,,,,,,,,,,,,,,,,,,,,,,,,,,,,,,,,,,,,,,,,,,,,,
55,Jasmin Schuster,Tom Bird,BMSC9,Eagle Bay,48.83478928,-125.1470261,4/23/2024,2,SW,12:36,6.5,2,1,48,mfra,Mesocentrotus franciscanus,Red sea urchin,4,0,,2,2,,,,,,,,,,,,,,,,,,,,,,,,,,,,,,,,,,,,,,,,,,,,,
56,Jasmin Schuster,Tom Bird,BMSC9,Eagle Bay,48.83478928,-125.1470261,4/23/2024,2,SW,12:36,6.5,2,1,48,Pmi,Patiria miniata,Bat star,1,0,,,,,1,,,,,,,,,,,,,,,,,,,,,,,,,,,,,,,,,,,,,,,,,,,
57,Jasmin Schuster,Tom Bird,BMSC9,Eagle Bay,48.83478928,-125.1470261,4/23/2024,2,SW,12:36,6.5,2,1,40,mfra,Mesocentrotus franciscanus,Red sea urchin,5,0,,2,1,2,,,,,,,,,,,,,,,,,,,,,,,,,,,,,,,,,,,,,,,,,,,,
58,Jasmin Schuster,Tom Bird,BMSC9,Eagle Bay,48.83478928,-125.1470261,4/23/2024,2,SW,12:36,6.5,2,1,32,Pmi,Patiria miniata,Bat star,1,0,,,,,1,,,,,,,,,,,,,,,,,,,,,,,,,,,,,,,,,,,,,,,,,,,
59,Jasmin Schuster,Tom Bird,BMSC9,Eagle Bay,48.83478928,-125.1470261,4/23/2024,2,SW,12:36,6.5,2,1,24,mfra,Mesocentrotus franciscanus,Red sea urchin,5,0,,,5,,,,,,,,,,,,,,,,,,,,,,,,,,,,,,,,,,,,,,,,,,,,,
60,Jasmin Schuster,Tom Bird,BMSC9,Eagle Bay,48.83478928,-125.1470261,4/23/2024,2,SW,12:36,6.5,2,1,24,Poc,Pisaster ochraceus,Purple sea star,1,0,,,,,,1,,,,,,,,,,,,,,,,,,,,,,,,,,,,,,,,,,,,,,,,,,
61,Jasmin Schuster,Tom Bird,BMSC9,Eagle Bay,48.83478928,-125.1470261,4/23/2024,2,SW,12:36,6.5,2,1,24,Henricia,Henricia sp.,Unidentified blood star,1,0,,,1,,,,,,,,,,,,,,,,,,,,,,,,,,,,,,,,,,,,,,,,,,,,,
62,Jasmin Schuster,Tom Bird,BMSC9,Eagle Bay,48.83478928,-125.1470261,4/23/2024,2,SW,12:36,6.5,2,1,16,mfra,Mesocentrotus franciscanus,Red sea urchin,2,0,,1,1,,,,,,,,,,,,,,,,,,,,,,,,,,,,,,,,,,,,,,,,,,,,,
63,Jasmin Schuster,Tom Bird,BMSC9,Eagle Bay,48.83478928,-125.1470261,4/23/2024,2,SW,12:36,6.5,2,1,16,Poc,Pisaster ochraceus,Purple sea star,1,0,,,,,1,,,,,,,,,,,,,,,,,,,,,,,,,,,,,,,,,,,,,,,,,,,
64,Jasmin Schuster,Tom Bird,BMSC9,Eagle Bay,48.83478928,-125.1470261,4/23/2024,2,SW,12:36,6.5,2,1,8,mfra,Mesocentrotus franciscanus,Red sea urchin,2,0,,,2,,,,,,,,,,,,,,,,,,,,,,,,,,,,,,,,,,,,,,,,,,,,,
65,Jasmin Schuster,Tom Bird,BMSC9,Eagle Bay,48.83478928,-125.1470261,4/23/2024,2,SW,12:36,6.5,2,1,8,Dim,Dermasterias imbricata,Leather star,1,0,,,1,,,,,,,,,,,,,,,,,,,,,,,,,,,,,,,,,,,,,,,,,,,,,
66,Jasmin Schuster,Tom Bird,BMSC9,Eagle Bay,48.83478928,-125.1470261,4/23/2024,2,SW,12:36,6.5,2,1,8,Henricia,Henricia sp.,Unidentified blood star,1,0,,,1,,,,,,,,,,,,,,,,,,,,,,,,,,,,,,,,,,,,,,,,,,,,,
67,Jasmin Schuster,Tom Bird,BMSC9,Eagle Bay,48.83478928,-125.1470261,4/23/2024,2,SW,12:36,6.5,2,1,0,mfra,Mesocentrotus franciscanus,Red sea urchin,3,0,,1,1,1,,,,,,,,,,,,,,,,,,,,,,,,,,,,,,,,,,,,,,,,,,,,
68,Jasmin Schuster,Tom Bird,BMSC25,Goby Town,48.838595,-125.135015,4/23/2024,3,S,14:50,5.5,2,1,48,mfra,Mesocentrotus franciscanus,Red sea urchin,3,0,,2,1,,,,,,,,,,,,,,,,,,,,,,,,,,,,,,,,,,,,,,,,,,,,,
69,Jasmin Schuster,Tom Bird,BMSC25,Goby Town,48.838595,-125.135015,4/23/2024,3,S,14:50,5.5,2,1,32,mfra,Mesocentrotus franciscanus,Red sea urchin,3,0,,,,,3,,,,,,,,,,,,,,,,,,,,,,,,,,,,,,,,,,,,,,,,,,,
70,Jasmin Schuster,Tom Bird,BMSC25,Goby Town,48.838595,-125.135015,4/23/2024,3,S,14:50,5.5,2,1,16,mfra,Mesocentrotus franciscanus,Red sea urchin,3,0,1,1,1,,,,,,,,,,,,,,,,,,,,,,,,,,,,,,,,,,,,,,,,,,,,,
71,Jasmin Schuster,Tom Bird,BMSC25,Goby Town,48.838595,-125.135015,4/23/2024,3,S,14:50,5.5,2,1,0,mfra,Mesocentrotus franciscanus,Red sea urchin,3,0,,2,1,,,,,,,,,,,,,,,,,,,,,,,,,,,,,,,,,,,,,,,,,,,,,
72,Jasmin Schuster,Tom Bird,BMSC25,Goby Town,48.838595,-125.135015,4/23/2024,3,S,14:50,5.5,2,1,0,Pmi,Patiria miniata,Bat star,1,0,,,1,,,,,,,,,,,,,,,,,,,,,,,,,,,,,,,,,,,,,,,,,,,,,
73,Isabelle Cote,Em Lim,BMSC25,Goby Town,48.838595,-125.135015,4/23/2024,3,NW,14:48,6,2,1,48,mfra,Mesocentrotus franciscanus,Red sea urchin,2,0,,,,,1,1,,,,,,,,,,,,,,,,,,,,,,,,,,,,,,,,,,,,,,,,,,
74,Isabelle Cote,Em Lim,BMSC25,Goby Town,48.838595,-125.135015,4/23/2024,3,NW,14:48,6,2,1,32,mfra,Mesocentrotus franciscanus,Red sea urchin,7,0,,2,3,1,,1,,,,,,,,,,,,,,,,,,,,,,,,,,,,,,,,,,,,,,,,,,
75,Isabelle Cote,Em Lim,BMSC25,Goby Town,48.838595,-125.135015,4/23/2024,3,NW,14:48,6,2,1,32,oko,Orthasterias koehleri,Rainbow star,1,0,,,,1,,,,,,,,,,,,,,,,,,,,,,,,,,,,,,,,,,,,,,,,,,,,
76,Isabelle Cote,Em Lim,BMSC25,Goby Town,48.838595,-125.135015,4/23/2024,3,NW,14:48,6,2,1,16,mfra,Mesocentrotus franciscanus,Red sea urchin,10,0,,1,5,1,3,,,,,,,,,,,,,,,,,,,,,,,,,,,,,,,,,,,,,,,,,,,
77,Isabelle Cote,Em Lim,BMSC25,Goby Town,48.838595,-125.135015,4/23/2024,3,NW,14:48,6,2,1,16,pmi,Patiria miniata,Bat star,1,0,,,,1,,,,,,,,,,,,,,,,,,,,,,,,,,,,,,,,,,,,,,,,,,,,
78,Isabelle Cote,Em Lim,BMSC25,Goby Town,48.838595,-125.135015,4/23/2024,3,NW,14:48,6,2,1,16,dim,Dermasterias imbricata,Leather star,1,0,,,,1,,,,,,,,,,,,,,,,,,,,,,,,,,,,,,,,,,,,,,,,,,,,
79,Isabelle Cote,Em Lim,BMSC25,Goby Town,48.838595,-125.135015,4/23/2024,3,NW,14:48,6,2,1,16,etr,Evasterias troschelii,Mottled starfish,1,0,,,1,,,,,,,,,,,,,,,,,,,,,,,,,,,,,,,,,,,,,,,,,,,,,
80,Em Lim,Isabelle Cote,BMSC25,Goby Town,48.838595,-125.135015,4/23/2024,3,NW,14:48,6,2,1,0,mfra,Mesocentrotus franciscanus,Red sea urchin,2,0,,,2,,,,,,,,,,,,,,,,,,,,,,,,,,,,,,,,,,,,,,,,,,,,,
81,Em Lim,Isabelle Cote,BMSC25,Goby Town,48.838595,-125.135015,4/23/2024,3,NW,14:48,6,2,2,40,mfra,Mesocentrotus franciscanus,Red sea urchin,6,0,,2,3,1,,,,,,,,,,,,,,,,,,,,,,,,,,,,,,,,,,,,,,,,,,,,
82,Em Lim,Isabelle Cote,BMSC25,Goby Town,48.838595,-125.135015,4/23/2024,3,NW,14:48,6,2,2,40,dim,Dermasterias imbricata,Leather star,1,0,,,1,,,,,,,,,,,,,,,,,,,,,,,,,,,,,,,,,,,,,,,,,,,,,
83,Em Lim,Isabelle Cote,BMSC25,Goby Town,48.838595,-125.135015,4/23/2024,3,NW,14:48,6,2,2,40,etr,Evasterias troschelii,Mottled starfish,1,0,,1,,,,,,,,,,,,,,,,,,,,,,,,,,,,,,,,,,,,,,,,,,,,,,
84,Em Lim,Isabelle Cote,BMSC25,Goby Town,48.838595,-125.135015,4/23/2024,3,NW,14:48,6,2,2,24,mfra,Mesocentrotus franciscanus,Red sea urchin,1,0,,,,1,,,,,,,,,,,,,,,,,,,,,,,,,,,,,,,,,,,,,,,,,,,,
85,Em Lim,Isabelle Cote,BMSC25,Goby Town,48.838595,-125.135015,4/23/2024,3,NW,14:48,6,2,2,8,mfra,Mesocentrotus franciscanus,Red sea urchin,5,0,1,1,,2,1,,,,,,,,,,,,,,,,,,,,,,,,,,,,,,,,,,,,,,,,,,,
86,Em Lim,Isabelle Cote,BMSC5,Taylor Rock,48.82733154,-125.1966019,2024-04-23,1.5,E,9:50,6.5,2,2,40,mfra,Mesocentrotus franciscanus,Red sea urchin,9,0,,3,3,3,,,,,,,,,,,,,,,,,,,,,,,,,,,,,,,,,,,,,,,,,,,,
87,Em Lim,Isabelle Cote,BMSC5,Taylor Rock,48.82733154,-125.1966019,2024-04-23,1.5,E,9:50,6.5,2,2,40,oko,Orthasterias koehleri,Rainbow star,1,0,,,1,,,,,,,,,,,,,,,,,,,,,,,,,,,,,,,,,,,,,,,,,,,,,
88,Em Lim,Isabelle Cote,BMSC5,Taylor Rock,48.82733154,-125.1966019,2024-04-23,1.5,E,9:50,6.5,2,2,24,mfra,Mesocentrotus franciscanus,Red sea urchin,7,0,,2,4,1,,,,,,,,,,,,,,,,,,,,,,,,,,,,,,,,,,,,,,,,,,,,
89,Em Lim,Isabelle Cote,BMSC5,Taylor Rock,48.82733154,-125.1966019,2024-04-23,1.5,E,9:50,6.5,2,2,24,dim,Dermasterias imbricata,Leather star,1,0,,1,,,,,,,,,,,,,,,,,,,,,,,,,,,,,,,,,,,,,,,,,,,,,,
90,Em Lim,Isabelle Cote,BMSC5,Taylor Rock,48.82733154,-125.1966019,2024-04-23,1.5,E,9:50,6.5,2,2,8,mfra,Mesocentrotus franciscanus,Red sea urchin,4,0,,,1,2,1,,,,,,,,,,,,,,,,,,,,,,,,,,,,,,,,,,,,,,,,,,,
91,Em Lim,Isabelle Cote,BMSC5,Taylor Rock,48.82733154,-125.1966019,2024-04-23,1.5,E,9:50,6.5,2,2,8,pmi,Patiria miniata,Bat star,1,0,,,,,1,,,,,,,,,,,,,,,,,,,,,,,,,,,,,,,,,,,,,,,,,,,
92,Em Lim,Isabelle Cote,BMSC5,Taylor Rock,48.82733154,-125.1966019,2024-04-23,1.5,E,9:50,6.5,2,2,8,dim,Dermasterias imbricata,Leather star,1,0,,,1,,,,,,,,,,,,,,,,,,,,,,,,,,,,,,,,,,,,,,,,,,,,,
93,Em Lim,Isabelle Cote,BMSC5,Taylor Rock,48.82733154,-125.1966019,2024-04-23,1.5,E,9:50,6.5,2,2,0,mfra,Mesocentrotus franciscanus,Red sea urchin,2,0,,,1,1,,,,,,,,,,,,,,,,,,,,,,,,,,,,,,,,,,,,,,,,,,,,
94,Em Lim,Isabelle Cote,BMSC5,Taylor Rock,48.82733154,-125.1966019,2024-04-23,1.5,E,9:50,6.5,2,2,16,mfra,Mesocentrotus franciscanus,Red sea urchin,4,0,,,1,1,2,,,,,,,,,,,,,,,,,,,,,,,,,,,,,,,,,,,,,,,,,,,
95,Tom Bird,Jasmin Schuster,BMSC5,Taylor Rock,48.82733154,-125.1966019,2024-04-23,1.5,NW,9:48,6,2,2,40,mfra,Mesocentrotus franciscanus,Red sea urchin,6,0,,1,2,3,,,,,,,,,,,,,,,,,,,,,,,,,,,,,,,,,,,,,,,,,,,,
96,Tom Bird,Jasmin Schuster,BMSC5,Taylor Rock,48.82733154,-125.1966019,2024-04-23,1.5,NW,9:48,6,2,2,24,mfra,Mesocentrotus franciscanus,Red sea urchin,9,0,,2,4,3,,,,,,,,,,,,,,,,,,,,,,,,,,,,,,,,,,,,,,,,,,,,
97,Tom Bird,Jasmin Schuster,BMSC5,Taylor Rock,48.82733154,-125.1966019,2024-04-23,1.5,NW,9:48,6,2,2,8,mfra,Mesocentrotus franciscanus,Red sea urchin,3,0,,,3,,,,,,,,,,,,,,,,,,,,,,,,,,,,,,,,,,,,,,,,,,,,,
98,Tom Bird,Jasmin Schuster,BMSC5,Taylor Rock,48.82733154,-125.1966019,2024-04-23,1.5,NW,9:48,6,2,2,8,phe,Pycnopodia helianthoides,Sunflower star,1,0,,1,,,,,,,,,,,,,,,,,,,,,,,,,,,,,,,,,,,,,,,,,,,,,,
99,Tom Bird,Jasmin Schuster,BMSC25,Goby Town,48.838595,-125.135015,2024-04-23,1.5,NW,9:48,6,2,2,40,mfra,Mesocentrotus franciscanus,Red sea urchin,3,0,,1,1,1,,,,,,,,,,,,,,,,,,,,,,,,,,,,,,,,,,,,,,,,,,,,
100,Tom Bird,Jasmin Schuster,BMSC25,Goby Town,48.838595,-125.135015,2024-04-23,1.5,NW,9:48,6,2,2,40,pmi,Patiria miniata,Bat star,1,0,,,1,,,,,,,,,,,,,,,,,,,,,,,,,,,,,,,,,,,,,,,,,,,,,
101,Tom Bird,Jasmin Schuster,BMSC25,Goby Town,48.838595,-125.135015,2024-04-23,1.5,NW,9:48,6,2,2,24,mfra,Mesocentrotus franciscanus,Red sea urchin,4,0,,,3,,1,,,,,,,,,,,,,,,,,,,,,,,,,,,,,,,,,,,,,,,,,,,
102,Tom Bird,Jasmin Schuster,BMSC25,Goby Town,48.838595,-125.135015,2024-04-23,1.5,NW,9:48,6,2,2,8,mfra,Mesocentrotus franciscanus,Red sea urchin,0,0,,,,,,,,,,,,,,,,,,,,,,,,,,,,,,,,,,,,,,,,,,,,,,,,
103,Tom Bird,Jasmin Schuster,BMSC25,Goby Town,48.838595,-125.135015,2024-04-23,1.5,NW,9:48,6,2,2,8,pmi,Patiria miniata,Bat star,1,0,,,1,,,,,,,,,,,,,,,,,,,,,,,,,,,,,,,,,,,,,,,,,,,,,
104,Tom Bird,Jasmin Schuster,BMSC8,Baeria Rocks North Island Northside,48.95508194,-125.1533737,4/22/2024,1,NW,10:10,7.5,2,2,40,mfra,Mesocentrotus franciscanus,Red sea urchin,3,0,,2,1,,,,,,,,,,,,,,,,,,,,,,,,,,,,,,,,,,,,,,,,,,,,,
105,Tom Bird,Jasmin Schuster,BMSC8,Baeria Rocks North Island Northside,48.95508194,-125.1533737,4/22/2024,1,NW,10:10,7.5,2,2,40,pmi,Patiria miniata,Bat star,2,0,,2,,,,,,,,,,,,,,,,,,,,,,,,,,,,,,,,,,,,,,,,,,,,,,
106,Tom Bird,Jasmin Schuster,BMSC8,Baeria Rocks North Island Northside,48.95508194,-125.1533737,4/22/2024,1,NW,10:10,7.5,2,2,40,dim,Dermasterias imbricata,Leather star,0,0,,,,,,,,,,,,,,,,,,,,,,,,,,,,,,,,,,,,,,,,,,,,,,,,
107,Tom Bird,Jasmin Schuster,BMSC8,Baeria Rocks North Island Northside,48.95508194,-125.1533737,4/22/2024,1,NW,10:10,7.5,2,2,40,oko,Orthasterias koehleri,Rainbow star,1,0,,1,,,,,,,,,,,,,,,,,,,,,,,,,,,,,,,,,,,,,,,,,,,,,,
108,Tom Bird,Jasmin Schuster,BMSC8,Baeria Rocks North Island Northside,48.95508194,-125.1533737,4/22/2024,1,NW,10:10,7.5,2,2,24,pmi,Patiria miniata,Bat star,1,0,,,,1,,,,,,,,,,,,,,,,,,,,,,,,,,,,,,,,,,,,,,,,,,,,
109,Tom Bird,Jasmin Schuster,BMSC8,Baeria Rocks North Island Northside,48.95508194,-125.1533737,4/22/2024,1,NW,10:10,7.5,2,2,24,mfra,Mesocentrotus franciscanus,Red sea urchin,6,0,,3,3,,,,,,,,,,,,,,,,,,,,,,,,,,,,,,,,,,,,,,,,,,,,,
110,Tom Bird,Jasmin Schuster,BMSC8,Baeria Rocks North Island Northside,48.95508194,-125.1533737,4/22/2024,1,NW,10:10,7.5,2,2,8,mfra,Mesocentrotus franciscanus,Red sea urchin,8,0,1,5,2,,,,,,,,,,,,,,,,,,,,,,,,,,,,,,,,,,,,,,,,,,,,,
111,Tom Bird,Jasmin Schuster,BMSC8,Baeria Rocks North Island Northside,48.95508194,-125.1533737,4/22/2024,1,NW,10:10,7.5,2,2,8,dim,Dermasterias imbricata,Leather star,1,0,,,1,,,,,,,,,,,,,,,,,,,,,,,,,,,,,,,,,,,,,,,,,,,,,
112,Tom Bird,Jasmin Schuster,BMSC6,Baeria Rocks South Island,48.95023346,-125.1555481,4/22/2024,1.5,SW,12:43,8,2,2,40,mfra,Mesocentrotus franciscanus,Red sea urchin,10,0,,2,8,,,,,,,,,,,,,,,,,,,,,,,,,,,,,,,,,,,,,,,,,,,,,
113,Tom Bird,Jasmin Schuster,BMSC6,Baeria Rocks South Island,48.95023346,-125.1555481,4/22/2024,1.5,SW,12:43,8,2,2,40,pmi,Patiria miniata,Bat star,2,0,,1,1,,,,,,,,,,,,,,,,,,,,,,,,,,,,,,,,,,,,,,,,,,,,,
114,Tom Bird,Jasmin Schuster,BMSC6,Baeria Rocks South Island,48.95023346,-125.1555481,4/22/2024,1.5,SW,12:43,8,2,2,24,mfra,Mesocentrotus franciscanus,Red sea urchin,8,0,1,5,2,,,,,,,,,,,,,,,,,,,,,,,,,,,,,,,,,,,,,,,,,,,,,
115,Tom Bird,Jasmin Schuster,BMSC6,Baeria Rocks South Island,48.95023346,-125.1555481,4/22/2024,1.5,SW,12:43,8,2,2,24,pmi,Patiria miniata,Bat star,2,0,,1,1,,,,,,,,,,,,,,,,,,,,,,,,,,,,,,,,,,,,,,,,,,,,,
116,Tom Bird,Jasmin Schuster,BMSC6,Baeria Rocks South Island,48.95023346,-125.1555481,4/22/2024,1.5,SW,12:43,8,2,2,8,mfra,Mesocentrotus franciscanus,Red sea urchin,6,0,,1,3,2,,,,,,,,,,,,,,,,,,,,,,,,,,,,,,,,,,,,,,,,,,,,
117,Tom Bird,Jasmin Schuster,BMSC6,Baeria Rocks South Island,48.95023346,-125.1555481,4/22/2024,1.5,SW,12:43,8,2,2,8,pmi,Patiria miniata,Bat star,1,0,,,1,,,,,,,,,,,,,,,,,,,,,,,,,,,,,,,,,,,,,,,,,,,,,
118,Isabelle Cote,Claire Attridge,BMSC24,Swiss Boy,48.916073,-125.131174,4/24/2024,3,NE,13:03,5.5,2,1,48,dim,Dermasterias imbricata,Leather star,2,0,,,,,1,,1,,,,,,,,,,,,,,,,,,,,,,,,,,,,,,,,,,,,,,,,,
119,Isabelle Cote,Claire Attridge,BMSC24,Swiss Boy,48.916073,-125.131174,4/24/2024,3,NE,13:03,5.5,2,1,48,mfra,Mesocentrotus franciscanus,Red sea urchin,4,0,,,,2,,1,,1,,,,,,,,,,,,,,,,,,,,,,,,,,,,,,,,,,,,,,,,
120,Isabelle Cote,Claire Attridge,BMSC24,Swiss Boy,48.916073,-125.131174,4/24/2024,3,NE,13:03,5.5,2,1,32,mfra,Mesocentrotus franciscanus,Red sea urchin,5,0,,,,1,3,,1,,,,,,,,,,,,,,,,,,,,,,,,,,,,,,,,,,,,,,,,,
121,Isabelle Cote,Claire Attridge,BMSC24,Swiss Boy,48.916073,-125.131174,4/24/2024,3,NE,13:03,5.5,2,1,32,pmi,Patiria miniata,Bat star,2,0,,,,,1,1,,,,,,,,,,,,,,,,,,,,,,,,,,,,,,,,,,,,,,,,,,
122,Isabelle Cote,Claire Attridge,BMSC24,Swiss Boy,48.916073,-125.131174,4/24/2024,3,NE,13:03,5.5,2,1,16,pmi,Patiria miniata,Bat star,1,0,,,,,,,1,,,,,,,,,,,,,,,,,,,,,,,,,,,,,,,,,,,,,,,,,
123,Isabelle Cote,Claire Attridge,BMSC24,Swiss Boy,48.916073,-125.131174,4/24/2024,3,NE,13:03,5.5,2,1,16,poc,Pisaster ochraceus,Purple sea star,1,0,,,,1,,,,,,,,,,,,,,,,,,,,,,,,,,,,,,,,,,,,,,,,,,,,
124,Isabelle Cote,Claire Attridge,BMSC24,Swiss Boy,48.916073,-125.131174,4/24/2024,3,NE,13:03,5.5,2,1,16,mfra,Mesocentrotus franciscanus,Red sea urchin,2,0,,,,,,2,,,,,,,,,,,,,,,,,,,,,,,,,,,,,,,,,,,,,,,,,,
125,Isabelle Cote,Claire Attridge,BMSC24,Swiss Boy,48.916073,-125.131174,4/24/2024,3,NE,13:03,5.5,2,1,16,dim,Dermasterias imbricata,Leather star,1,0,,,,,,1,,,,,,,,,,,,,,,,,,,,,,,,,,,,,,,,,,,,,,,,,,
126,Em Lim,Tom Bird,BMSC26,Hosie South,48.9071,-125.037017,2024-04-24,1.5,SW,10:06,8,2,2,48,Henricia,Henricia sp.,Unidentified blood star,1,0,,,1,,,,,,,,,,,,,,,,,,,,,,,,,,,,,,,,,,,,,,,,,,,,,
127,Em Lim,Tom Bird,BMSC26,Hosie South,48.9071,-125.037017,2024-04-24,1.5,SW,10:06,8,2,2,32,dim,Dermasterias imbricata,Leather star,1,0,,,,,,,1,,,,,,,,,,,,,,,,,,,,,,,,,,,,,,,,,,,,,,,,,
128,Em Lim,Tom Bird,BMSC26,Hosie South,48.9071,-125.037017,2024-04-24,1.5,SW,10:06,8,2,2,16,phe,Pycnopodia helianthoides,Sunflower star,1,0,1,,,,,,,,,,,,,,,,,,,,,,,,,,,,,,,,,,,,,,,,,,,,,,,
129,Em Lim,Tom Bird,BMSC26,Hosie South,48.9071,-125.037017,2024-04-24,1.5,SW,10:06,8,2,2,0,nsf,No species found,No species found,1,1,,,,,,,,,,,,,,,,,,,,,,,,,,,,,,,,,,,,,,,,,,,,,,,,
130,Em Lim,Tom Bird,BMSC24,Swiss Boy,48.916073,-125.131174,2024-04-24,4,NE,13:03,10.5,2,1,48,mfra,Mesocentrotus franciscanus,Red sea urchin,3,0,,,,3,,,,,,,,,,,,,,,,,,,,,,,,,,,,,,,,,,,,,,,,,,,,
131,Em Lim,Tom Bird,BMSC24,Swiss Boy,48.916073,-125.131174,2024-04-24,4,NE,13:03,10.5,2,1,48,oko,Orthasterias koehleri,Rainbow star,1,0,,,,,1,,,,,,,,,,,,,,,,,,,,,,,,,,,,,,,,,,,,,,,,,,,
132,Em Lim,Tom Bird,BMSC24,Swiss Boy,48.916073,-125.131174,2024-04-24,4,NE,13:03,10.5,2,1,40,mfra,Mesocentrotus franciscanus,Red sea urchin,1,0,,,,,1,,,,,,,,,,,,,,,,,,,,,,,,,,,,,,,,,,,,,,,,,,,
133,Em Lim,Tom Bird,BMSC24,Swiss Boy,48.916073,-125.131174,2024-04-24,4,NE,13:03,10.5,2,1,40,dim,Dermasterias imbricata,Leather star,1,0,,,1,,,,,,,,,,,,,,,,,,,,,,,,,,,,,,,,,,,,,,,,,,,,,
134,Em Lim,Tom Bird,BMSC24,Swiss Boy,48.916073,-125.131174,2024-04-24,4,NE,13:03,10.5,2,1,32,mfra,Mesocentrotus franciscanus,Red sea urchin,4,0,,1,1,2,,,,,,,,,,,,,,,,,,,,,,,,,,,,,,,,,,,,,,,,,,,,
135,Em Lim,Tom Bird,BMSC24,Swiss Boy,48.916073,-125.131174,2024-04-24,4,NE,13:03,10.5,2,1,32,dim,Dermasterias imbricata,Leather star,1,0,,,1,,,,,,,,,,,,,,,,,,,,,,,,,,,,,,,,,,,,,,,,,,,,,
136,Em Lim,Tom Bird,BMSC24,Swiss Boy,48.916073,-125.131174,2024-04-24,4,NE,13:03,10.5,2,1,32,pmi,Patiria miniata,Bat star,1,0,,,,1,,,,,,,,,,,,,,,,,,,,,,,,,,,,,,,,,,,,,,,,,,,,
137,Em Lim,Tom Bird,BMSC24,Swiss Boy,48.916073,-125.131174,2024-04-24,4,NE,13:03,10.5,2,1,24,mfra,Mesocentrotus franciscanus,Red sea urchin,7,0,,,3,2,2,,,,,,,,,,,,,,,,,,,,,,,,,,,,,,,,,,,,,,,,,,,
138,Em Lim,Tom Bird,BMSC24,Swiss Boy,48.916073,-125.131174,2024-04-24,4,NE,13:03,10.5,2,1,24,pmi,Patiria miniata,Bat star,1,0,,,,,1,,,,,,,,,,,,,,,,,,,,,,,,,,,,,,,,,,,,,,,,,,,
139,Em Lim,Tom Bird,BMSC24,Swiss Boy,48.916073,-125.131174,2024-04-24,4,NE,13:03,10.5,2,1,16,mfra,Mesocentrotus franciscanus,Red sea urchin,5,0,,,,4,1,,,,,,,,,,,,,,,,,,,,,,,,,,,,,,,,,,,,,,,,,,,
140,Em Lim,Tom Bird,BMSC24,Swiss Boy,48.916073,-125.131174,2024-04-24,4,NE,13:03,10.5,2,1,8,mfra,Mesocentrotus franciscanus,Red sea urchin,6,0,,2,2,2,,,,,,,,,,,,,,,,,,,,,,,,,,,,,,,,,,,,,,,,,,,,
141,Em Lim,Tom Bird,BMSC24,Swiss Boy,48.916073,-125.131174,2024-04-24,4,NE,13:03,10.5,2,1,0,mfra,Mesocentrotus franciscanus,Red sea urchin,4,0,,,,2,1,1,,,,,,,,,,,,,,,,,,,,,,,,,,,,,,,,,,,,,,,,,,
142,Claire Attridge,Isabelle Cote,BMSC24,Swiss Boy,48.916073,-125.131174,2024-04-24,3,NE,13:03,5.5,2,2,40,mfra,Mesocentrotus franciscanus,Red sea urchin,5,0,,1,2,1,1,,,,,,,,,,,,,,,,,,,,,,,,,,,,,,,,,,,,,,,,,,,
143,Claire Attridge,Isabelle Cote,BMSC24,Swiss Boy,48.916073,-125.131174,2024-04-24,3,NE,13:03,5.5,2,2,40,pmi,Patiria miniata,Bat star,1,0,,,,,,1,,,,,,,,,,,,,,,,,,,,,,,,,,,,,,,,,,,,,,,,,,
144,Claire Attridge,Isabelle Cote,BMSC24,Swiss Boy,48.916073,-125.131174,2024-04-24,3,NE,13:03,5.5,2,2,40,poc,Pisaster ochraceus,Purple sea star,3,0,,,,,,1,2,,,,,,,,,,,,,,,,,,,,,,,,,,,,,,,,,,,,,,,,,
145,Claire Attridge,Isabelle Cote,BMSC24,Swiss Boy,48.916073,-125.131174,2024-04-24,3,NE,13:03,5.5,2,2,24,mfra,Mesocentrotus franciscanus,Red sea urchin,4,0,,,1,2,1,,,,,,,,,,,,,,,,,,,,,,,,,,,,,,,,,,,,,,,,,,,
146,Claire Attridge,Isabelle Cote,BMSC24,Swiss Boy,48.916073,-125.131174,2024-04-24,3,NE,13:03,5.5,2,2,24,sdr,Strongylocentrotus droebachiensis,Northern sea urchin,1,0,,1,,,,,,,,,,,,,,,,,,,,,,,,,,,,,,,,,,,,,,,,,,,,,,
147,Claire Attridge,Isabelle Cote,BMSC24,Swiss Boy,48.916073,-125.131174,2024-04-24,3,NE,13:03,5.5,2,2,24,poc,Pisaster ochraceus,Purple sea star,1,0,,,,1,,,,,,,,,,,,,,,,,,,,,,,,,,,,,,,,,,,,,,,,,,,,
148,Claire Attridge,Isabelle Cote,BMSC24,Swiss Boy,48.916073,-125.131174,2024-04-24,3,NE,13:03,5.5,2,2,8,mfra,Mesocentrotus franciscanus,Red sea urchin,4,0,,,1,1,1,1,,,,,,,,,,,,,,,,,,,,,,,,,,,,,,,,,,,,,,,,,,
149,Claire Attridge,Isabelle Cote,BMSC24,Swiss Boy,48.916073,-125.131174,2024-04-24,3,NE,13:03,5.5,2,2,0,dim,Dermasterias imbricata,Leather star,1,0,,,,1,,,,,,,,,,,,,,,,,,,,,,,,,,,,,,,,,,,,,,,,,,,,
150,Claire Attridge,Isabelle Cote,BMSC24,Swiss Boy,48.916073,-125.131174,2024-04-24,3,NE,13:03,5.5,2,2,0,mfra,Mesocentrotus franciscanus,Red sea urchin,3,0,,,,1,2,,,,,,,,,,,,,,,,,,,,,,,,,,,,,,,,,,,,,,,,,,,
151,Tom Bird,Em Lim,BMSC24,Swiss Boy,48.916073,-125.131174,4/24/2024,4,NE,13:03,10.5,2,2,40,Henricia,Henricia sp.,Unidentified blood star,1,1,,,,,,,,,,,,,,,,,,,,,,,,,,,,,,,,,,,,,,,,,,,,,,,,
152,Tom Bird,Em Lim,BMSC24,Swiss Boy,48.916073,-125.131174,4/24/2024,4,NE,13:03,10.5,2,2,8,dim,Dermasterias imbricata,Leather star,1,1,,,,,,,,,,,,,,,,,,,,,,,,,,,,,,,,,,,,,,,,,,,,,,,,
153,Isabelle Cote,Tom Bird,BMSC20,Ed King East,48.83566666,-125.214798,4/25/2024,3.5,NW,9:58,6.7,2,1,0,mfra,Mesocentrotus franciscanus,Red sea urchin,7,0,,,3,1,2,1,,,,,,,,,,,,,,,,,,,,,,,,,,,,,,,,,,,,,,,,,,
154,Isabelle Cote,Tom Bird,BMSC20,Ed King East,48.83566666,-125.214798,4/25/2024,3.5,NW,9:58,6.7,2,1,0,spu,Strongylocentrotus purpuratus,Purple sea urchin (?),1,0,,,1,,,,,,,,,,,,,,,,,,,,,,,,,,,,,,,,,,,,,,,,,,,,,
155,Isabelle Cote,Tom Bird,BMSC20,Ed King East,48.83566666,-125.214798,4/25/2024,3.5,NW,9:58,6.7,2,1,0,dim,Dermasterias imbricata,Leather star,1,0,,,,1,,,,,,,,,,,,,,,,,,,,,,,,,,,,,,,,,,,,,,,,,,,,
156,Isabelle Cote,Tom Bird,BMSC20,Ed King East,48.83566666,-125.214798,4/25/2024,3.5,NW,9:58,6.7,2,2,8,mfra,Mesocentrotus franciscanus,Red sea urchin,9,0,,,2,1,3,3,,,,,,,,,,,,,,,,,,,,,,,,,,,,,,,,,,,,,,,,,,
157,Isabelle Cote,Tom Bird,BMSC20,Ed King East,48.83566666,-125.214798,4/25/2024,3.5,NW,9:58,6.7,2,2,8,pmi,Patiria miniata,Bat star,1,0,,,,1,,,,,,,,,,,,,,,,,,,,,,,,,,,,,,,,,,,,,,,,,,,,
158,Isabelle Cote,Tom Bird,BMSC20,Ed King East,48.83566666,-125.214798,4/25/2024,3.5,NW,9:58,6.7,2,2,8,oko,Orthasterias koehleri,Rainbow star,1,0,,,1,,,,,,,,,,,,,,,,,,,,,,,,,,,,,,,,,,,,,,,,,,,,,
159,Isabelle Cote,Tom Bird,BMSC20,Ed King East,48.83566666,-125.214798,4/25/2024,3.5,NW,9:58,6.7,2,1,16,mfra,Mesocentrotus franciscanus,Red sea urchin,11,0,,,2,,1,7,1,,,,,,,,,,,,,,,,,,,,,,,,,,,,,,,,,,,,,,,,,
160,Isabelle Cote,Tom Bird,BMSC20,Ed King East,48.83566666,-125.214798,4/25/2024,3.5,NW,9:58,6.7,2,1,16,spu,Strongylocentrotus purpuratus,Purple sea urchin (?),1,0,,,1,,,,,,,,,,,,,,,,,,,,,,,,,,,,,,,,,,,,,,,,,,,,,
161,Isabelle Cote,Tom Bird,BMSC20,Ed King East,48.83566666,-125.214798,4/25/2024,3.5,NW,9:58,6.7,2,1,16,pmi,Patiria miniata,Bat star,1,0,,,,1,,,,,,,,,,,,,,,,,,,,,,,,,,,,,,,,,,,,,,,,,,,,
162,Isabelle Cote,Tom Bird,BMSC20,Ed King East,48.83566666,-125.214798,4/25/2024,3.5,NW,9:58,6.7,2,2,24,mfra,Mesocentrotus franciscanus,Red sea urchin,8,0,,,5,,1,2,,,,,,,,,,,,,,,,,,,,,,,,,,,,,,,,,,,,,,,,,,
163,Isabelle Cote,Tom Bird,BMSC20,Ed King East,48.83566666,-125.214798,4/25/2024,3.5,NW,9:58,6.7,2,2,24,spu,Strongylocentrotus purpuratus,Purple sea urchin (?),4,0,,,2,1,1,,,,,,,,,,,,,,,,,,,,,,,,,,,,,,,,,,,,,,,,,,,
164,Isabelle Cote,Tom Bird,BMSC20,Ed King East,48.83566666,-125.214798,4/25/2024,3.5,NW,9:58,6.7,2,1,32,mfra,Mesocentrotus franciscanus,Red sea urchin,9,0,,1,2,3,3,,,,,,,,,,,,,,,,,,,,,,,,,,,,,,,,,,,,,,,,,,,
165,Isabelle Cote,Tom Bird,BMSC20,Ed King East,48.83566666,-125.214798,4/25/2024,3.5,NW,9:58,6.7,2,1,32,pmi,Patiria miniata,Bat star,1,0,,,,,1,,,,,,,,,,,,,,,,,,,,,,,,,,,,,,,,,,,,,,,,,,,
166,Isabelle Cote,Tom Bird,BMSC20,Ed King East,48.83566666,-125.214798,4/25/2024,3.5,NW,9:58,6.7,2,2,40,mfra,Mesocentrotus franciscanus,Red sea urchin,16,0,,3,5,2,5,1,,,,,,,,,,,,,,,,,,,,,,,,,,,,,,,,,,,,,,,,,,
167,Isabelle Cote,Tom Bird,BMSC20,Ed King East,48.83566666,-125.214798,4/25/2024,3.5,NW,9:58,6.7,2,2,40,pmi,Patiria miniata,Bat star,2,0,,,1,1,,,,,,,,,,,,,,,,,,,,,,,,,,,,,,,,,,,,,,,,,,,,
168,Isabelle Cote,Tom Bird,BMSC20,Ed King East,48.83566666,-125.214798,4/25/2024,3.5,NW,9:58,6.7,2,2,40,spu,Strongylocentrotus purpuratus,Purple sea urchin (?),2,0,,,2,,,,,,,,,,,,,,,,,,,,,,,,,,,,,,,,,,,,,,,,,,,,,
169,Isabelle Cote,Tom Bird,BMSC20,Ed King East,48.83566666,-125.214798,4/25/2024,3.5,NW,9:58,6.7,2,1,48,oko,Orthasterias koehleri,Rainbow star,1,0,,,,,,1,,,,,,,,,,,,,,,,,,,,,,,,,,,,,,,,,,,,,,,,,,
170,Isabelle Cote,Tom Bird,BMSC20,Ed King East,48.83566666,-125.214798,4/25/2024,3.5,NW,9:58,6.7,2,1,48,mfra,Mesocentrotus franciscanus,Red sea urchin,6,0,,4,2,,,,,,,,,,,,,,,,,,,,,,,,,,,,,,,,,,,,,,,,,,,,,
171,Isabelle Cote,Tom Bird,BMSC20,Ed King East,48.83566666,-125.214798,4/25/2024,3.5,NW,9:58,6.7,2,1,48,dim,Dermasterias imbricata,Leather star,1,0,,,,,,,1,,,,,,,,,,,,,,,,,,,,,,,,,,,,,,,,,,,,,,,,,
172,Tom Bird,Isabelle Cote,BMSC1,Dodger Channel,48.82894897,-125.1975708,4/25/2024,3,NE,14:17,6.5,2,2,40,mfra,Mesocentrotus franciscanus,Red sea urchin,5,0,,,2,3,,,,,,,,,,,,,,,,,,,,,,,,,,,,,,,,,,,,,,,,,,,,
173,Tom Bird,Isabelle Cote,BMSC1,Dodger Channel,48.82894897,-125.1975708,4/25/2024,3,NE,14:17,6.5,2,2,24,mfra,Mesocentrotus franciscanus,Red sea urchin,5,0,,,1,3,1,,,,,,,,,,,,,,,,,,,,,,,,,,,,,,,,,,,,,,,,,,,
174,Tom Bird,Isabelle Cote,BMSC1,Dodger Channel,48.82894897,-125.1975708,4/25/2024,3,NE,14:17,6.5,2,2,8,mfra,Mesocentrotus franciscanus,Red sea urchin,9,0,,,2,2,2,3,,,,,,,,,,,,,,,,,,,,,,,,,,,,,,,,,,,,,,,,,,
175,Tom Bird,Isabelle Cote,BMSC1,Dodger Channel,48.82894897,-125.1975708,4/25/2024,3,NE,14:17,6.5,2,1,0,pmi,Patiria miniata,Bat star,2,0,,,1,1,,,,,,,,,,,,,,,,,,,,,,,,,,,,,,,,,,,,,,,,,,,,
176,Tom Bird,Isabelle Cote,BMSC1,Dodger Channel,48.82894897,-125.1975708,4/25/2024,3,NE,14:17,6.5,2,1,0,dim,Dermasterias imbricata,Leather star,2,0,,,1,1,,,,,,,,,,,,,,,,,,,,,,,,,,,,,,,,,,,,,,,,,,,,
177,Isabelle Cote,Tom Bird,BMSC1,Dodger Channel,48.82894897,-125.1975708,4/25/2024,3,NE,14:17,6.5,2,1,48,mfra,Mesocentrotus franciscanus,Red sea urchin,3,0,,,,1,1,1,,,,,,,,,,,,,,,,,,,,,,,,,,,,,,,,,,,,,,,,,,
178,Isabelle Cote,Tom Bird,BMSC1,Dodger Channel,48.82894897,-125.1975708,4/25/2024,3,NE,14:17,6.5,2,1,32,mfra,Mesocentrotus franciscanus,Red sea urchin,5,0,,1,2,2,,,,,,,,,,,,,,,,,,,,,,,,,,,,,,,,,,,,,,,,,,,,
179,Isabelle Cote,Tom Bird,BMSC1,Dodger Channel,48.82894897,-125.1975708,4/25/2024,3,NE,14:17,6.5,2,1,16,mfra,Mesocentrotus franciscanus,Red sea urchin,7,0,,,2,3,2,,,,,,,,,,,,,,,,,,,,,,,,,,,,,,,,,,,,,,,,,,,
180,Isabelle Cote,Tom Bird,BMSC19,Ed King SW Pyramid,48.82860184,-125.2212982,4/25/2024,3,W,12:06,8.5,2,1,0,pmi,Patiria miniata,Bat star,2,0,,,,,2,,,,,,,,,,,,,,,,,,,,,,,,,,,,,,,,,,,,,,,,,,,
181,Isabelle Cote,Tom Bird,BMSC19,Ed King SW Pyramid,48.82860184,-125.2212982,4/25/2024,3,W,12:06,8.5,2,1,0,dim,Dermasterias imbricata,Leather star,1,0,,,,,,1,,,,,,,,,,,,,,,,,,,,,,,,,,,,,,,,,,,,,,,,,,
182,Isabelle Cote,Tom Bird,BMSC19,Ed King SW Pyramid,48.82860184,-125.2212982,4/25/2024,3,W,12:06,8.5,2,1,0,mfra,Mesocentrotus franciscanus,Red sea urchin,6,0,,1,2,3,,,,,,,,,,,,,,,,,,,,,,,,,,,,,,,,,,,,,,,,,,,,
183,Isabelle Cote,Tom Bird,BMSC19,Ed King SW Pyramid,48.82860184,-125.2212982,4/25/2024,3,W,12:06,8.5,2,1,0,spu,Strongylocentrotus purpuratus,Purple sea urchin (?),1,0,,1,,,,,,,,,,,,,,,,,,,,,,,,,,,,,,,,,,,,,,,,,,,,,,
184,Isabelle Cote,Tom Bird,BMSC19,Ed King SW Pyramid,48.82860184,-125.2212982,4/25/2024,3,W,12:06,8.5,2,1,0,poc,Pisaster ochraceus,Purple sea star,1,0,,,,,,,,1,,,,,,,,,,,,,,,,,,,,,,,,,,,,,,,,,,,,,,,,
185,Isabelle Cote,Tom Bird,BMSC19,Ed King SW Pyramid,48.82860184,-125.2212982,4/25/2024,3,W,12:06,8.5,2,2,8,mfra,Mesocentrotus franciscanus,Red sea urchin,9,0,,,3,5,1,,,,,,,,,,,,,,,,,,,,,,,,,,,,,,,,,,,,,,,,,,,
186,Isabelle Cote,Tom Bird,BMSC19,Ed King SW Pyramid,48.82860184,-125.2212982,4/25/2024,3,W,12:06,8.5,2,2,8,poc,Pisaster ochraceus,Purple sea star,1,0,,,,,,,,1,,,,,,,,,,,,,,,,,,,,,,,,,,,,,,,,,,,,,,,,
187,Isabelle Cote,Tom Bird,BMSC19,Ed King SW Pyramid,48.82860184,-125.2212982,4/25/2024,3,W,12:06,8.5,2,1,16,mfra,Mesocentrotus franciscanus,Red sea urchin,4,0,,1,1,2,,,,,,,,,,,,,,,,,,,,,,,,,,,,,,,,,,,,,,,,,,,,
188,Isabelle Cote,Tom Bird,BMSC19,Ed King SW Pyramid,48.82860184,-125.2212982,4/25/2024,3,W,12:06,8.5,2,1,16,spu,Strongylocentrotus purpuratus,Purple sea urchin (?),1,0,,,,1,,,,,,,,,,,,,,,,,,,,,,,,,,,,,,,,,,,,,,,,,,,,
189,Isabelle Cote,Tom Bird,BMSC19,Ed King SW Pyramid,48.82860184,-125.2212982,4/25/2024,3,W,12:06,8.5,2,1,16,poc,Pisaster ochraceus,Purple sea star,2,0,,,,,,,,1,1,,,,,,,,,,,,,,,,,,,,,,,,,,,,,,,,,,,,,,,
190,Isabelle Cote,Tom Bird,BMSC19,Ed King SW Pyramid,48.82860184,-125.2212982,4/25/2024,3,W,12:06,8.5,2,2,24,mfra,Mesocentrotus franciscanus,Red sea urchin,10,0,,2,3,3,2,,,,,,,,,,,,,,,,,,,,,,,,,,,,,,,,,,,,,,,,,,,
191,Isabelle Cote,Tom Bird,BMSC19,Ed King SW Pyramid,48.82860184,-125.2212982,4/25/2024,3,W,12:06,8.5,2,2,24,spu,Strongylocentrotus purpuratus,Purple sea urchin (?),1,0,,,,1,,,,,,,,,,,,,,,,,,,,,,,,,,,,,,,,,,,,,,,,,,,,
192,Isabelle Cote,Tom Bird,BMSC19,Ed King SW Pyramid,48.82860184,-125.2212982,4/25/2024,3,W,12:06,8.5,2,2,24,poc,Pisaster ochraceus,Purple sea star,2,0,,,,,,,1,,1,,,,,,,,,,,,,,,,,,,,,,,,,,,,,,,,,,,,,,,
193,Isabelle Cote,Tom Bird,BMSC19,Ed King SW Pyramid,48.82860184,-125.2212982,4/25/2024,3,W,12:06,8.5,2,1,32,dim,Dermasterias imbricata,Leather star,3,0,,,,,2,1,,,,,,,,,,,,,,,,,,,,,,,,,,,,,,,,,,,,,,,,,,
194,Isabelle Cote,Tom Bird,BMSC19,Ed King SW Pyramid,48.82860184,-125.2212982,4/25/2024,3,W,12:06,8.5,2,1,32,poc,Pisaster ochraceus,Purple sea star,2,0,,,,,1,1,,,,,,,,,,,,,,,,,,,,,,,,,,,,,,,,,,,,,,,,,,
195,Isabelle Cote,Tom Bird,BMSC19,Ed King SW Pyramid,48.82860184,-125.2212982,4/25/2024,3,W,12:06,8.5,2,1,32,mfra,Mesocentrotus franciscanus,Red sea urchin,8,0,,3,2,1,,2,,,,,,,,,,,,,,,,,,,,,,,,,,,,,,,,,,,,,,,,,,
196,Isabelle Cote,Tom Bird,BMSC19,Ed King SW Pyramid,48.82860184,-125.2212982,4/25/2024,3,W,12:06,8.5,2,1,32,spu,Strongylocentrotus purpuratus,Purple sea urchin (?),1,0,,,1,,,,,,,,,,,,,,,,,,,,,,,,,,,,,,,,,,,,,,,,,,,,,
197,Isabelle Cote,Tom Bird,BMSC19,Ed King SW Pyramid,48.82860184,-125.2212982,4/25/2024,3,W,12:06,8.5,2,2,40,mfra,Mesocentrotus franciscanus,Red sea urchin,5,0,,1,4,,,,,,,,,,,,,,,,,,,,,,,,,,,,,,,,,,,,,,,,,,,,,
198,Isabelle Cote,Tom Bird,BMSC19,Ed King SW Pyramid,48.82860184,-125.2212982,4/25/2024,3,W,12:06,8.5,2,2,48,mfra,Mesocentrotus franciscanus,Red sea urchin,5,0,,1,3,1,,,,,,,,,,,,,,,,,,,,,,,,,,,,,,,,,,,,,,,,,,,,
199,Claire Attridge,Em Lim,BMSC1,Dodger Channel,48.82894897,-125.1975708,2024-04-25,3,NE,14:17,5,2,2,40,mfra,Mesocentrotus franciscanus,Red sea urchin,4,0,,,,2,2,,,,,,,,,,,,,,,,,,,,,,,,,,,,,,,,,,,,,,,,,,,
200,Claire Attridge,Em Lim,BMSC1,Dodger Channel,48.82894897,-125.1975708,2024-04-25,3,NE,14:17,5,2,2,24,mfra,Mesocentrotus franciscanus,Red sea urchin,4,0,,,,3,1,,,,,,,,,,,,,,,,,,,,,,,,,,,,,,,,,,,,,,,,,,,
201,Claire Attridge,Em Lim,BMSC1,Dodger Channel,48.82894897,-125.1975708,2024-04-25,3,NE,14:17,5,2,2,24,poc,Pisaster ochraceus,Purple sea star,1,0,,,,,,,1,,,,,,,,,,,,,,,,,,,,,,,,,,,,,,,,,,,,,,,,,
202,Claire Attridge,Em Lim,BMSC1,Dodger Channel,48.82894897,-125.1975708,2024-04-25,3,NE,14:17,5,2,2,8,mfra,Mesocentrotus franciscanus,Red sea urchin,7,0,,,,4,2,1,,,,,,,,,,,,,,,,,,,,,,,,,,,,,,,,,,,,,,,,,,
203,Claire Attridge,Em Lim,BMSC1,Dodger Channel,48.82894897,-125.1975708,2024-04-25,3,NE,14:17,5,2,1,0,mfra,Mesocentrotus franciscanus,Red sea urchin,4,0,,,,1,2,1,,,,,,,,,,,,,,,,,,,,,,,,,,,,,,,,,,,,,,,,,,
204,Em Lim,Claire Attridge,BMSC1,Dodger Channel,48.82894897,-125.1975708,2024-04-25,3,NE,14:17,5,2,1,48,mfra,Mesocentrotus franciscanus,Red sea urchin,10,0,,2,3,4,1,,,,,,,,,,,,,,,,,,,,,,,,,,,,,,,,,,,,,,,,,,,
205,Em Lim,Claire Attridge,BMSC1,Dodger Channel,48.82894897,-125.1975708,2024-04-25,3,NE,14:17,5,2,1,32,mfra,Mesocentrotus franciscanus,Red sea urchin,8,0,,,3,5,,,,,,,,,,,,,,,,,,,,,,,,,,,,,,,,,,,,,,,,,,,,
206,Em Lim,Claire Attridge,BMSC1,Dodger Channel,48.82894897,-125.1975708,2024-04-25,3,NE,14:17,5,2,1,16,mfra,Mesocentrotus franciscanus,Red sea urchin,7,0,,2,3,1,1,,,,,,,,,,,,,,,,,,,,,,,,,,,,,,,,,,,,,,,,,,,
207,Em Lim,Claire Attridge,BMSC1,Dodger Channel,48.82894897,-125.1975708,2024-04-25,3,NE,14:17,5,2,1,16,poc,Pisaster ochraceus,Purple sea star,1,0,,,,,1,,,,,,,,,,,,,,,,,,,,,,,,,,,,,,,,,,,,,,,,,,,
208,Em Lim,Claire Attridge,BMSC1,Dodger Channel,48.82894897,-125.1975708,2024-04-25,3,NE,14:17,5,2,1,16,dim,Dermasterias imbricata,Leather star,1,0,,,,,1,,,,,,,,,,,,,,,,,,,,,,,,,,,,,,,,,,,,,,,,,,,
209,Em Lim,Claire Attridge,BMSC1,Dodger Channel,48.82894897,-125.1975708,2024-04-25,3,NE,14:17,5,2,1,16,sfo,Stylasterias forreri,Velcro seastar,1,0,,,,1,,,,,,,,,,,,,,,,,,,,,,,,,,,,,,,,,,,,,,,,,,,,
210,Isabelle Cote,Tom Bird,BMSC11,Wizard Island South,48.85746765,-125.1582336,4/26/2024,1.5,SW,11:48,5,2,1,48,mfra,Mesocentrotus franciscanus,Red sea urchin,22,0,2,13,6,1,,,,,,,,,,,,,,,,,,,,,,,,,,,,,,,,,,,,,,,,,,,,
211,Isabelle Cote,Tom Bird,BMSC11,Wizard Island South,48.85746765,-125.1582336,4/26/2024,1.5,SW,11:48,5,2,1,32,mfra,Mesocentrotus franciscanus,Red sea urchin,16,0,1,13,2,,,,,,,,,,,,,,,,,,,,,,,,,,,,,,,,,,,,,,,,,,,,,
212,Isabelle Cote,Tom Bird,BMSC11,Wizard Island South,48.85746765,-125.1582336,4/26/2024,1.5,SW,11:48,5,2,1,16,mfra,Mesocentrotus franciscanus,Red sea urchin,11,0,1,6,2,2,,,,,,,,,,,,,,,,,,,,,,,,,,,,,,,,,,,,,,,,,,,,
213,Isabelle Cote,Tom Bird,BMSC12,Wizard Island North,48.858284,-125.1609192,4/26/2024,2,SW,9:29,7,2,1,48,mfra,Mesocentrotus franciscanus,Red sea urchin,9,0,,4,1,3,1,,,,,,,,,,,,,,,,,,,,,,,,,,,,,,,,,,,,,,,,,,,
214,Isabelle Cote,Tom Bird,BMSC12,Wizard Island North,48.858284,-125.1609192,4/26/2024,2,SW,9:29,7,2,1,32,mfra,Mesocentrotus franciscanus,Red sea urchin,6,0,,5,1,,,,,,,,,,,,,,,,,,,,,,,,,,,,,,,,,,,,,,,,,,,,,
215,Isabelle Cote,Tom Bird,BMSC12,Wizard Island North,48.858284,-125.1609192,4/26/2024,2,SW,9:29,7,2,1,16,mfra,Mesocentrotus franciscanus,Red sea urchin,3,0,,,,2,1,,,,,,,,,,,,,,,,,,,,,,,,,,,,,,,,,,,,,,,,,,,
216,Isabelle Cote,Tom Bird,BMSC10,Ross Islets Slug Island,48.87051773,-125.160347,4/26/2024,2,W,14:06,4.5,2,1,0,mfra,Mesocentrotus franciscanus,Red sea urchin,6,0,,,,2,3,1,,,,,,,,,,,,,,,,,,,,,,,,,,,,,,,,,,,,,,,,,,
217,Isabelle Cote,Tom Bird,BMSC10,Ross Islets Slug Island,48.87051773,-125.160347,4/26/2024,2,W,14:06,4.5,2,1,0,dim,Dermasterias imbricata,Leather star,1,0,,,,,1,,,,,,,,,,,,,,,,,,,,,,,,,,,,,,,,,,,,,,,,,,,
218,Isabelle Cote,Tom Bird,BMSC10,Ross Islets Slug Island,48.87051773,-125.160347,4/26/2024,2,W,14:06,4.5,2,2,8,mfra,Mesocentrotus franciscanus,Red sea urchin,5,0,1,,1,,,3,,,,,,,,,,,,,,,,,,,,,,,,,,,,,,,,,,,,,,,,,,
219,Isabelle Cote,Tom Bird,BMSC10,Ross Islets Slug Island,48.87051773,-125.160347,4/26/2024,2,W,14:06,4.5,2,2,8,pmi,Patiria miniata,Bat star,1,0,,,,,,1,,,,,,,,,,,,,,,,,,,,,,,,,,,,,,,,,,,,,,,,,,
220,Isabelle Cote,Tom Bird,BMSC10,Ross Islets Slug Island,48.87051773,-125.160347,4/26/2024,2,W,14:06,4.5,2,2,16,mfra,Mesocentrotus franciscanus,Red sea urchin,3,0,,,,3,,,,,,,,,,,,,,,,,,,,,,,,,,,,,,,,,,,,,,,,,,,,
221,Isabelle Cote,Tom Bird,BMSC10,Ross Islets Slug Island,48.87051773,-125.160347,4/26/2024,2,W,14:06,4.5,2,2,24,mfra,Mesocentrotus franciscanus,Red sea urchin,3,0,,,1,2,,,,,,,,,,,,,,,,,,,,,,,,,,,,,,,,,,,,,,,,,,,,
222,Isabelle Cote,Tom Bird,BMSC10,Ross Islets Slug Island,48.87051773,-125.160347,4/26/2024,2,W,14:06,4.5,2,2,32,mfra,Mesocentrotus franciscanus,Red sea urchin,5,0,,,2,2,1,,,,,,,,,,,,,,,,,,,,,,,,,,,,,,,,,,,,,,,,,,,
223,Isabelle Cote,Tom Bird,BMSC10,Ross Islets Slug Island,48.87051773,-125.160347,4/26/2024,2,W,14:06,4.5,2,2,32,pmi,Patiria miniata,Bat star,1,0,,,,,1,,,,,,,,,,,,,,,,,,,,,,,,,,,,,,,,,,,,,,,,,,,
224,Isabelle Cote,Tom Bird,BMSC10,Ross Islets Slug Island,48.87051773,-125.160347,4/26/2024,2,W,14:06,4.5,2,2,40,mfra,Mesocentrotus franciscanus,Red sea urchin,1,0,,,1,,,,,,,,,,,,,,,,,,,,,,,,,,,,,,,,,,,,,,,,,,,,,
225,Isabelle Cote,Tom Bird,BMSC10,Ross Islets Slug Island,48.87051773,-125.160347,4/26/2024,2,W,14:06,4.5,2,2,40,pmi,Patiria miniata,Bat star,1,0,,,,1,,,,,,,,,,,,,,,,,,,,,,,,,,,,,,,,,,,,,,,,,,,,
226,Isabelle Cote,Tom Bird,BMSC10,Ross Islets Slug Island,48.87051773,-125.160347,4/26/2024,2,W,14:06,4.5,2,2,48,mfra,Mesocentrotus franciscanus,Red sea urchin,2,0,,,1,1,,,,,,,,,,,,,,,,,,,,,,,,,,,,,,,,,,,,,,,,,,,,
227,Claire Attridge,Em Lim,BMSC12,Wizard Island North,48.858284,-125.1609192,4/26/2024,2.5,NE,9:29,4.5,2,2,40,mfra,Mesocentrotus franciscanus,Red sea urchin,7,0,,,2,4,1,,,,,,,,,,,,,,,,,,,,,,,,,,,,,,,,,,,,,,,,,,,
228,Claire Attridge,Em Lim,BMSC12,Wizard Island North,48.858284,-125.1609192,4/26/2024,2.5,NE,9:29,4.5,2,2,24,mfra,Mesocentrotus franciscanus,Red sea urchin,7,0,,1,,2,4,,,,,,,,,,,,,,,,,,,,,,,,,,,,,,,,,,,,,,,,,,,
229,Claire Attridge,Em Lim,BMSC12,Wizard Island North,48.858284,-125.1609192,4/26/2024,2.5,NE,9:29,4.5,2,2,8,mfra,Mesocentrotus franciscanus,Red sea urchin,7,0,1,,2,,2,2,,,,,,,,,,,,,,,,,,,,,,,,,,,,,,,,,,,,,,,,,,
230,Claire Attridge,Em Lim,BMSC12,Wizard Island North,48.858284,-125.1609192,4/26/2024,2.5,NE,9:29,4.5,2,2,0,mfra,Mesocentrotus franciscanus,Red sea urchin,8,0,,,1,4,2,1,,,,,,,,,,,,,,,,,,,,,,,,,,,,,,,,,,,,,,,,,,
231,Claire Attridge,Em Lim,BMSC11,Wizard Island South,48.85746765,-125.1582336,4/26/2024,1.5,SW,11:48,7.5,2,2,40,mfra,Mesocentrotus franciscanus,Red sea urchin,11,0,3,5,3,,,,,,,,,,,,,,,,,,,,,,,,,,,,,,,,,,,,,,,,,,,,,
232,Claire Attridge,Em Lim,BMSC11,Wizard Island South,48.85746765,-125.1582336,4/26/2024,1.5,SW,11:48,7.5,2,2,8,mfra,Mesocentrotus franciscanus,Red sea urchin,2,0,,,,2,,,,,,,,,,,,,,,,,,,,,,,,,,,,,,,,,,,,,,,,,,,,
233,Claire Attridge,Em Lim,BMSC11,Wizard Island South,48.85746765,-125.1582336,4/26/2024,1.5,SW,11:48,7.5,2,2,0,mfra,Mesocentrotus franciscanus,Red sea urchin,10,0,1,2,2,4,1,,,,,,,,,,,,,,,,,,,,,,,,,,,,,,,,,,,,,,,,,,,
234,Em Lim,Claire Attridge,BMSC12,Wizard Island North,48.858284,-125.1609192,4/26/2024,2.5,NE,9:29,4.5,2,1,48,mfra,Mesocentrotus franciscanus,Red sea urchin,10,0,,4,1,3,2,,,,,,,,,,,,,,,,,,,,,,,,,,,,,,,,,,,,,,,,,,,
235,Em Lim,Claire Attridge,BMSC12,Wizard Island North,48.858284,-125.1609192,4/26/2024,2.5,NE,9:29,4.5,2,1,48,pmi,Patiria miniata,Bat star,3,0,,,,1,1,1,,,,,,,,,,,,,,,,,,,,,,,,,,,,,,,,,,,,,,,,,,
236,Em Lim,Claire Attridge,BMSC12,Wizard Island North,48.858284,-125.1609192,4/26/2024,2.5,NE,9:29,4.5,2,1,32,mfra,Mesocentrotus franciscanus,Red sea urchin,12,0,,2,5,3,2,,,,,,,,,,,,,,,,,,,,,,,,,,,,,,,,,,,,,,,,,,,
237,Em Lim,Claire Attridge,BMSC12,Wizard Island North,48.858284,-125.1609192,4/26/2024,2.5,NE,9:29,4.5,2,1,16,mfra,Mesocentrotus franciscanus,Red sea urchin,11,0,,2,5,4,,,,,,,,,,,,,,,,,,,,,,,,,,,,,,,,,,,,,,,,,,,,
238,Em Lim,Claire Attridge,BMSC11,Wizard Island South,48.85746765,-125.1582336,4/26/2024,1.5,SW,11:48,7.5,2,1,48,mfra,Mesocentrotus franciscanus,Red sea urchin,8,0,,2,5,1,,,,,,,,,,,,,,,,,,,,,,,,,,,,,,,,,,,,,,,,,,,,
239,Em Lim,Claire Attridge,BMSC11,Wizard Island South,48.85746765,-125.1582336,4/26/2024,1.5,SW,11:48,7.5,2,1,32,mfra,Mesocentrotus franciscanus,Red sea urchin,15,0,3,10,2,,,,,,,,,,,,,,,,,,,,,,,,,,,,,,,,,,,,,,,,,,,,,
240,Em Lim,Claire Attridge,BMSC11,Wizard Island South,48.85746765,-125.1582336,4/26/2024,1.5,SW,11:48,7.5,2,1,16,mfra,Mesocentrotus franciscanus,Red sea urchin,8,0,,4,3,1,,,,,,,,,,,,,,,,,,,,,,,,,,,,,,,,,,,,,,,,,,,,
241,Tom Bird,Isabelle Cote,BMSC11,Wizard Island South,48.85746765,-125.1582336,4/26/2024,1.5,SW,11:48,5,2,2,40,mfra,Mesocentrotus franciscanus,Red sea urchin,10,0,3,5,1,1,,,,,,,,,,,,,,,,,,,,,,,,,,,,,,,,,,,,,,,,,,,,
242,Tom Bird,Isabelle Cote,BMSC11,Wizard Island South,48.85746765,-125.1582336,4/26/2024,1.5,SW,11:48,5,2,2,40,dim,Dermasterias imbricata,Leather star,2,0,,1,1,,,,,,,,,,,,,,,,,,,,,,,,,,,,,,,,,,,,,,,,,,,,,
243,Tom Bird,Isabelle Cote,BMSC11,Wizard Island South,48.85746765,-125.1582336,4/26/2024,1.5,SW,11:48,5,2,2,24,mfra,Mesocentrotus franciscanus,Red sea urchin,11,0,,2,3,1,2,1,2,,,,,,,,,,,,,,,,,,,,,,,,,,,,,,,,,,,,,,,,,
244,Tom Bird,Isabelle Cote,BMSC11,Wizard Island South,48.85746765,-125.1582336,4/26/2024,1.5,SW,11:48,5,2,2,8,mfra,Mesocentrotus franciscanus,Red sea urchin,10,0,,2,4,1,1,1,1,,,,,,,,,,,,,,,,,,,,,,,,,,,,,,,,,,,,,,,,,
245,Tom Bird,Isabelle Cote,BMSC11,Wizard Island South,48.85746765,-125.1582336,4/26/2024,1.5,SW,11:48,5,2,2,0,mfra,Mesocentrotus franciscanus,Red sea urchin,16,0,4,2,3,4,2,1,,,,,,,,,,,,,,,,,,,,,,,,,,,,,,,,,,,,,,,,,,
246,Tom Bird,Isabelle Cote,BMSC12,Wizard Island North,48.858284,-125.1609192,4/26/2024,2,SW,9:29,7,2,2,40,mfra,Mesocentrotus franciscanus,Red sea urchin,4,0,,3,1,,,,,,,,,,,,,,,,,,,,,,,,,,,,,,,,,,,,,,,,,,,,,
247,Tom Bird,Isabelle Cote,BMSC12,Wizard Island North,48.858284,-125.1609192,4/26/2024,2,SW,9:29,7,2,2,40,pmi,Patiria miniata,Bat star,1,0,,,1,,,,,,,,,,,,,,,,,,,,,,,,,,,,,,,,,,,,,,,,,,,,,
248,Tom Bird,Isabelle Cote,BMSC12,Wizard Island North,48.858284,-125.1609192,4/26/2024,2,SW,9:29,7,2,2,24,mfra,Mesocentrotus franciscanus,Red sea urchin,4,0,,4,,,,,,,,,,,,,,,,,,,,,,,,,,,,,,,,,,,,,,,,,,,,,,
249,Tom Bird,Isabelle Cote,BMSC12,Wizard Island North,48.858284,-125.1609192,4/26/2024,2,SW,9:29,7,2,2,8,mfra,Mesocentrotus franciscanus,Red sea urchin,8,0,,3,3,2,,,,,,,,,,,,,,,,,,,,,,,,,,,,,,,,,,,,,,,,,,,,
250,Tom Bird,Isabelle Cote,BMSC12,Wizard Island North,48.858284,-125.1609192,4/26/2024,2,SW,9:29,7,2,2,8,Henricia,Henricia sp.,Unidentified blood star,1,0,,1,,,,,,,,,,,,,,,,,,,,,,,,,,,,,,,,,,,,,,,,,,,,,,
251,Tom Bird,Isabelle Cote,BMSC12,Wizard Island North,48.858284,-125.1609192,4/26/2024,2,SW,9:29,7,2,2,0,mfra,Mesocentrotus franciscanus,Red sea urchin,9,0,1,6,2,,,,,,,,,,,,,,,,,,,,,,,,,,,,,,,,,,,,,,,,,,,,,
252,Valesca de Groot,Em Lim,BMSC3,Ohiat,48.85558319,-125.1837997,2024-04-29,3.5,W,12:23,6,2,2,0,mfra,Mesocentrotus franciscanus,Red sea urchin,11,0,,9,2,,,,,,,,,,,,,,,,,,,,,,,,,,,,,,,,,,,,,,,,,,,,,
253,Valesca de Groot,Em Lim,BMSC3,Ohiat,48.85558319,-125.1837997,2024-04-29,3.5,W,12:23,6,2,2,16,mfra,Mesocentrotus franciscanus,Red sea urchin,11,0,,9,2,,,,,,,,,,,,,,,,,,,,,,,,,,,,,,,,,,,,,,,,,,,,,
254,Valesca de Groot,Em Lim,BMSC3,Ohiat,48.85558319,-125.1837997,2024-04-29,3.5,W,12:23,6,2,2,16,pmi,Patiria miniata,Bat star,1,0,,,,1,,,,,,,,,,,,,,,,,,,,,,,,,,,,,,,,,,,,,,,,,,,,
255,Valesca de Groot,Em Lim,BMSC3,Ohiat,48.85558319,-125.1837997,2024-04-29,3.5,W,12:23,6,2,2,32,mfra,Mesocentrotus franciscanus,Red sea urchin,2,0,,2,,,,,,,,,,,,,,,,,,,,,,,,,,,,,,,,,,,,,,,,,,,,,,
256,Valesca de Groot,Em Lim,BMSC3,Ohiat,48.85558319,-125.1837997,2024-04-29,3.5,W,12:23,6,2,2,32,pmi,Patiria miniata,Bat star,2,0,,,,1,1,,,,,,,,,,,,,,,,,,,,,,,,,,,,,,,,,,,,,,,,,,,
257,Valesca de Groot,Em Lim,BMSC3,Ohiat,48.85558319,-125.1837997,2024-04-29,3.5,W,12:23,6,2,2,48,mfra,Mesocentrotus franciscanus,Red sea urchin,10,0,,9,1,,,,,,,,,,,,,,,,,,,,,,,,,,,,,,,,,,,,,,,,,,,,,
258,Valesca de Groot,Em Lim,BMSC3,Ohiat,48.85558319,-125.1837997,2024-04-29,3.5,W,12:23,6,2,2,48,oko,Orthasterias koehleri,Rainbow star,1,0,,,1,,,,,,,,,,,,,,,,,,,,,,,,,,,,,,,,,,,,,,,,,,,,,
259,Valesca de Groot,Em Lim,BMSC3,Ohiat,48.85558319,-125.1837997,2024-04-29,3.5,W,12:23,6,2,2,8,mfra,Mesocentrotus franciscanus,Red sea urchin,5,0,1,3,,1,,,,,,,,,,,,,,,,,,,,,,,,,,,,,,,,,,,,,,,,,,,,
260,Valesca de Groot,Em Lim,BMSC3,Ohiat,48.85558319,-125.1837997,2024-04-29,3.5,W,12:23,6,2,2,8,spu,Strongylocentrotus purpuratus,Purple sea urchin (?),1,0,,1,,,,,,,,,,,,,,,,,,,,,,,,,,,,,,,,,,,,,,,,,,,,,,
261,Valesca de Groot,Em Lim,BMSC3,Ohiat,48.85558319,-125.1837997,2024-04-29,3.5,W,12:23,6,2,2,8,oko,Orthasterias koehleri,Rainbow star,1,0,,,1,,,,,,,,,,,,,,,,,,,,,,,,,,,,,,,,,,,,,,,,,,,,,
262,Valesca de Groot,Em Lim,BMSC3,Ohiat,48.85558319,-125.1837997,2024-04-29,3.5,W,12:23,6,2,2,24,mfra,Mesocentrotus franciscanus,Red sea urchin,1,0,,,1,,,,,,,,,,,,,,,,,,,,,,,,,,,,,,,,,,,,,,,,,,,,,
263,Valesca de Groot,Em Lim,BMSC3,Ohiat,48.85558319,-125.1837997,2024-04-29,3.5,W,12:23,6,2,2,24,pmi,Patiria miniata,Bat star,2,0,,,1,1,,,,,,,,,,,,,,,,,,,,,,,,,,,,,,,,,,,,,,,,,,,,
264,Valesca de Groot,Em Lim,BMSC3,Ohiat,48.85558319,-125.1837997,2024-04-29,3.5,W,12:23,6,2,2,24,dim,Dermasterias imbricata,Leather star,1,0,,,,,,1,,,,,,,,,,,,,,,,,,,,,,,,,,,,,,,,,,,,,,,,,,
265,Valesca de Groot,Em Lim,BMSC3,Ohiat,48.85558319,-125.1837997,2024-04-29,3.5,W,12:23,6,2,2,24,oko,Orthasterias koehleri,Rainbow star,1,0,,,1,,,,,,,,,,,,,,,,,,,,,,,,,,,,,,,,,,,,,,,,,,,,,
266,Valesca de Groot,Em Lim,BMSC3,Ohiat,48.85558319,-125.1837997,2024-04-29,3.5,W,12:23,6,2,2,40,mfra,Mesocentrotus franciscanus,Red sea urchin,6,0,,4,2,,,,,,,,,,,,,,,,,,,,,,,,,,,,,,,,,,,,,,,,,,,,,
267,Valesca de Groot,Em Lim,BMSC3,Ohiat,48.85558319,-125.1837997,2024-04-29,3.5,W,12:23,6,2,2,40,pmi,Patiria miniata,Bat star,1,0,,,,,1,,,,,,,,,,,,,,,,,,,,,,,,,,,,,,,,,,,,,,,,,,,
268,Em Lim,Claire Attridge,BMSC4,Kii xin,48.81511688,-125.1753311,2024-04-29,3,NE,10:09,8.5,2,1,48,mfra,Mesocentrotus franciscanus,Red sea urchin,4,0,,1,2,1,,,,,,,,,,,,,,,,,,,,,,,,,,,,,,,,,,,,,,,,,,,,
269,Em Lim,Claire Attridge,BMSC4,Kii xin,48.81511688,-125.1753311,2024-04-29,3,NE,10:09,8.5,2,1,48,poc,Pisaster ochraceus,Purple sea star,1,0,,,1,,,,,,,,,,,,,,,,,,,,,,,,,,,,,,,,,,,,,,,,,,,,,
270,Em Lim,Claire Attridge,BMSC4,Kii xin,48.81511688,-125.1753311,2024-04-29,3,NE,10:09,8.5,2,2,40,mfra,Mesocentrotus franciscanus,Red sea urchin,3,0,,,2,1,,,,,,,,,,,,,,,,,,,,,,,,,,,,,,,,,,,,,,,,,,,,
271,Em Lim,Claire Attridge,BMSC4,Kii xin,48.81511688,-125.1753311,2024-04-29,3,NE,10:09,8.5,2,2,40,dim,Dermasterias imbricata,Leather star,2,0,,,2,,,,,,,,,,,,,,,,,,,,,,,,,,,,,,,,,,,,,,,,,,,,,
272,Em Lim,Claire Attridge,BMSC4,Kii xin,48.81511688,-125.1753311,2024-04-29,3,NE,10:09,8.5,2,1,32,mfra,Mesocentrotus franciscanus,Red sea urchin,2,0,,,1,1,,,,,,,,,,,,,,,,,,,,,,,,,,,,,,,,,,,,,,,,,,,,
273,Em Lim,Claire Attridge,BMSC4,Kii xin,48.81511688,-125.1753311,2024-04-29,3,NE,10:09,8.5,2,1,32,poc,Pisaster ochraceus,Purple sea star,1,0,,,,,,1,,,,,,,,,,,,,,,,,,,,,,,,,,,,,,,,,,,,,,,,,,
274,Em Lim,Claire Attridge,BMSC4,Kii xin,48.81511688,-125.1753311,2024-04-29,3,NE,10:09,8.5,2,1,32,henricia,Henricia sp.,Unidentified blood star,1,0,,,1,,,,,,,,,,,,,,,,,,,,,,,,,,,,,,,,,,,,,,,,,,,,,
275,Em Lim,Claire Attridge,BMSC4,Kii xin,48.81511688,-125.1753311,2024-04-29,3,NE,10:09,8.5,2,1,32,dim,Dermasterias imbricata,Leather star,1,0,,,,1,,,,,,,,,,,,,,,,,,,,,,,,,,,,,,,,,,,,,,,,,,,,
276,Em Lim,Claire Attridge,BMSC4,Kii xin,48.81511688,-125.1753311,2024-04-29,3,NE,10:09,8.5,2,2,24,mfra,Mesocentrotus franciscanus,Red sea urchin,6,0,,,1,3,2,,,,,,,,,,,,,,,,,,,,,,,,,,,,,,,,,,,,,,,,,,,
277,Em Lim,Claire Attridge,BMSC4,Kii xin,48.81511688,-125.1753311,2024-04-29,3,NE,10:09,8.5,2,2,24,pmi,Patiria miniata,Bat star,1,0,,,,1,,,,,,,,,,,,,,,,,,,,,,,,,,,,,,,,,,,,,,,,,,,,
278,Em Lim,Claire Attridge,BMSC4,Kii xin,48.81511688,-125.1753311,2024-04-29,3,NE,10:09,8.5,2,2,16,mfra,Mesocentrotus franciscanus,Red sea urchin,7,0,,,2,2,2,1,,,,,,,,,,,,,,,,,,,,,,,,,,,,,,,,,,,,,,,,,,
279,Em Lim,Claire Attridge,BMSC4,Kii xin,48.81511688,-125.1753311,2024-04-29,3,NE,10:09,8.5,2,2,8,mfra,Mesocentrotus franciscanus,Red sea urchin,4,0,,1,1,2,,,,,,,,,,,,,,,,,,,,,,,,,,,,,,,,,,,,,,,,,,,,
280,Em Lim,Claire Attridge,BMSC4,Kii xin,48.81511688,-125.1753311,2024-04-29,3,NE,10:09,8.5,2,2,8,oko,Orthasterias koehleri,Rainbow star,1,0,,,1,,,,,,,,,,,,,,,,,,,,,,,,,,,,,,,,,,,,,,,,,,,,,
281,Em Lim,Claire Attridge,BMSC4,Kii xin,48.81511688,-125.1753311,2024-04-29,3,NE,10:09,8.5,2,1,0,mfra,Mesocentrotus franciscanus,Red sea urchin,7,0,,2,4,1,,,,,,,,,,,,,,,,,,,,,,,,,,,,,,,,,,,,,,,,,,,,
282,Em Lim,Claire Attridge,BMSC4,Kii xin,48.81511688,-125.1753311,2024-04-29,3,NE,10:09,8.5,2,1,0,dim,Dermasterias imbricata,Leather star,1,0,,,,1,,,,,,,,,,,,,,,,,,,,,,,,,,,,,,,,,,,,,,,,,,,,
283,Claire Attridge,Em Lim,BMSC2,Kirby,48.85039902,-125.1987686,2024-04-29,3.5,N,14:51,4,2,2,0,mfra,Mesocentrotus franciscanus,Red sea urchin,6,0,,2,3,1,,,,,,,,,,,,,,,,,,,,,,,,,,,,,,,,,,,,,,,,,,,,
284,Claire Attridge,Em Lim,BMSC2,Kirby,48.85039902,-125.1987686,2024-04-29,3.5,N,14:51,4,2,2,8,mfra,Mesocentrotus franciscanus,Red sea urchin,6,0,,2,4,,,,,,,,,,,,,,,,,,,,,,,,,,,,,,,,,,,,,,,,,,,,,
285,Claire Attridge,Em Lim,BMSC2,Kirby,48.85039902,-125.1987686,2024-04-29,3.5,N,14:51,4,2,2,16,mfra,Mesocentrotus franciscanus,Red sea urchin,7,0,,1,4,2,,,,,,,,,,,,,,,,,,,,,,,,,,,,,,,,,,,,,,,,,,,,
286,Claire Attridge,Em Lim,BMSC2,Kirby,48.85039902,-125.1987686,2024-04-29,3.5,N,14:51,4,2,2,16,pmi,Patiria miniata,Bat star,1,0,,,,,,1,,,,,,,,,,,,,,,,,,,,,,,,,,,,,,,,,,,,,,,,,,
287,Claire Attridge,Em Lim,BMSC2,Kirby,48.85039902,-125.1987686,2024-04-29,3.5,N,14:51,4,2,2,24,pmi,Patiria miniata,Bat star,1,0,,,,,1,,,,,,,,,,,,,,,,,,,,,,,,,,,,,,,,,,,,,,,,,,,
288,Claire Attridge,Em Lim,BMSC2,Kirby,48.85039902,-125.1987686,2024-04-29,3.5,N,14:51,4,2,2,32,mfra,Mesocentrotus franciscanus,Red sea urchin,6,0,,,2,3,1,,,,,,,,,,,,,,,,,,,,,,,,,,,,,,,,,,,,,,,,,,,
289,Claire Attridge,Em Lim,BMSC2,Kirby,48.85039902,-125.1987686,2024-04-29,3.5,N,14:51,4,2,2,32,oko,Orthasterias koehleri,Rainbow star,1,0,,,,,,1,,,,,,,,,,,,,,,,,,,,,,,,,,,,,,,,,,,,,,,,,,
290,Claire Attridge,Em Lim,BMSC2,Kirby,48.85039902,-125.1987686,2024-04-29,3.5,N,14:51,4,2,2,32,dim,Dermasterias imbricata,Leather star,1,0,,,,,1,,,,,,,,,,,,,,,,,,,,,,,,,,,,,,,,,,,,,,,,,,,
291,Claire Attridge,Em Lim,BMSC2,Kirby,48.85039902,-125.1987686,2024-04-29,3.5,N,14:51,4,2,2,40,mfra,Mesocentrotus franciscanus,Red sea urchin,4,0,,,3,1,,,,,,,,,,,,,,,,,,,,,,,,,,,,,,,,,,,,,,,,,,,,
292,Claire Attridge,Em Lim,BMSC2,Kirby,48.85039902,-125.1987686,2024-04-29,3.5,N,14:51,4,2,2,48,mfra,Mesocentrotus franciscanus,Red sea urchin,4,0,,1,1,2,,,,,,,,,,,,,,,,,,,,,,,,,,,,,,,,,,,,,,,,,,,,
293,Valesca de Groot,Em Lim,BMSC21,Dixon SW,48.85205078,-125.1235657,2024-04-30,3.5,E,9:41,6.5,2,2,0,mfra,Mesocentrotus franciscanus,Red sea urchin,14,0,3,7,2,2,,,,,,,,,,,,,,,,,,,,,,,,,,,,,,,,,,,,,,,,,,,,
294,Valesca de Groot,Em Lim,BMSC21,Dixon SW,48.85205078,-125.1235657,2024-04-30,3.5,E,9:41,6.5,2,2,16,mfra,Mesocentrotus franciscanus,Red sea urchin,7,0,2,5,,,,,,,,,,,,,,,,,,,,,,,,,,,,,,,,,,,,,,,,,,,,,,
295,Valesca de Groot,Em Lim,BMSC21,Dixon SW,48.85205078,-125.1235657,2024-04-30,3.5,E,9:41,6.5,2,2,32,mfra,Mesocentrotus franciscanus,Red sea urchin,0,0,,,,,,,,,,,,,,,,,,,,,,,,,,,,,,,,,,,,,,,,,,,,,,,,
296,Valesca de Groot,Em Lim,BMSC21,Dixon SW,48.85205078,-125.1235657,2024-04-30,3.5,E,9:41,6.5,2,2,48,mfra,Mesocentrotus franciscanus,Red sea urchin,6,0,,4,2,,,,,,,,,,,,,,,,,,,,,,,,,,,,,,,,,,,,,,,,,,,,,
297,Valesca de Groot,Em Lim,BMSC21,Dixon SW,48.85205078,-125.1235657,2024-04-30,3.5,E,9:41,6.5,2,2,8,mfra,Mesocentrotus franciscanus,Red sea urchin,7,0,,4,3,,,,,,,,,,,,,,,,,,,,,,,,,,,,,,,,,,,,,,,,,,,,,
298,Valesca de Groot,Em Lim,BMSC21,Dixon SW,48.85205078,-125.1235657,2024-04-30,3.5,E,9:41,6.5,2,2,24,mfra,Mesocentrotus franciscanus,Red sea urchin,11,0,1,4,6,,,,,,,,,,,,,,,,,,,,,,,,,,,,,,,,,,,,,,,,,,,,,
299,Valesca de Groot,Em Lim,BMSC21,Dixon SW,48.85205078,-125.1235657,2024-04-30,3.5,E,9:41,6.5,2,2,24,dim,Dermasterias imbricata,Leather star,1,0,,,,1,,,,,,,,,,,,,,,,,,,,,,,,,,,,,,,,,,,,,,,,,,,,
300,Valesca de Groot,Em Lim,BMSC21,Dixon SW,48.85205078,-125.1235657,2024-04-30,3.5,E,9:41,6.5,2,2,40,mfra,Mesocentrotus franciscanus,Red sea urchin,6,0,1,3,2,,,,,,,,,,,,,,,,,,,,,,,,,,,,,,,,,,,,,,,,,,,,,
301,Claire Attridge,Em Lim,BMSC22,Dixon Inside,48.85426712,-125.1170349,2024-04-30,2,E,11:53,5.5,2,2,0,pmi,Patiria miniata,Bat star,1,0,,,,,,1,,,,,,,,,,,,,,,,,,,,,,,,,,,,,,,,,,,,,,,,,,
302,Claire Attridge,Em Lim,BMSC22,Dixon Inside,48.85426712,-125.1170349,2024-04-30,2,E,11:53,5.5,2,2,8,pmi,Patiria miniata,Bat star,1,0,,,,,,,1,,,,,,,,,,,,,,,,,,,,,,,,,,,,,,,,,,,,,,,,,
303,Claire Attridge,Em Lim,BMSC22,Dixon Inside,48.85426712,-125.1170349,2024-04-30,2,E,11:53,5.5,2,2,16,mfra,Mesocentrotus franciscanus,Red sea urchin,3,0,,,,1,1,1,,,,,,,,,,,,,,,,,,,,,,,,,,,,,,,,,,,,,,,,,,
304,Claire Attridge,Em Lim,BMSC22,Dixon Inside,48.85426712,-125.1170349,2024-04-30,2,E,11:53,5.5,2,2,24,dim,Dermasterias imbricata,Leather star,1,0,,1,,,,,,,,,,,,,,,,,,,,,,,,,,,,,,,,,,,,,,,,,,,,,,
305,Claire Attridge,Em Lim,BMSC22,Dixon Inside,48.85426712,-125.1170349,2024-04-30,2,E,11:53,5.5,2,2,32,mfra,Mesocentrotus franciscanus,Red sea urchin,4,0,,1,,1,2,,,,,,,,,,,,,,,,,,,,,,,,,,,,,,,,,,,,,,,,,,,
306,Claire Attridge,Em Lim,BMSC22,Dixon Inside,48.85426712,-125.1170349,2024-04-30,2,E,11:53,5.5,2,2,40,mfra,Mesocentrotus franciscanus,Red sea urchin,5,0,,1,3,1,,,,,,,,,,,,,,,,,,,,,,,,,,,,,,,,,,,,,,,,,,,,
307,Claire Attridge,Em Lim,BMSC22,Dixon Inside,48.85426712,-125.1170349,2024-04-30,2,E,11:53,5.5,2,2,48,mfra,Mesocentrotus franciscanus,Red sea urchin,4,0,,1,2,,1,,,,,,,,,,,,,,,,,,,,,,,,,,,,,,,,,,,,,,,,,,,
308,Claire Attridge,Em Lim,BMSC22,Dixon Inside,48.85426712,-125.1170349,2024-04-30,2,E,11:53,5.5,2,2,48,etr,Evasterias troschelii,Mottled starfish,1,0,1,,,,,,,,,,,,,,,,,,,,,,,,,,,,,,,,,,,,,,,,,,,,,,,
309,Valesca de Groot,Em Lim,BMSC13,Effingham West,48.8650322,-125.3137207,2024-05-01,3,W,14:53,3,2,2,8,mfra,Mesocentrotus franciscanus,Red sea urchin,8,0,3,2,,3,,,,,,,,,,,,,,,,,,,,,,,,,,,,,,,,,,,,,,,,,,,,
310,Valesca de Groot,Em Lim,BMSC13,Effingham West,48.8650322,-125.3137207,2024-05-01,3,W,14:53,3,2,2,8,pmi,Patiria miniata,Bat star,2,0,,,1,1,,,,,,,,,,,,,,,,,,,,,,,,,,,,,,,,,,,,,,,,,,,,
311,Valesca de Groot,Em Lim,BMSC13,Effingham West,48.8650322,-125.3137207,2024-05-01,3,W,14:53,3,2,2,24,mfra,Mesocentrotus franciscanus,Red sea urchin,12,0,3,6,1,2,,,,,,,,,,,,,,,,,,,,,,,,,,,,,,,,,,,,,,,,,,,,
312,Valesca de Groot,Em Lim,BMSC13,Effingham West,48.8650322,-125.3137207,2024-05-01,3,W,14:53,3,2,2,24,pmi,Patiria miniata,Bat star,1,0,,,,1,,,,,,,,,,,,,,,,,,,,,,,,,,,,,,,,,,,,,,,,,,,,
313,Valesca de Groot,Em Lim,BMSC13,Effingham West,48.8650322,-125.3137207,2024-05-01,3,W,14:53,3,2,2,40,mfra,Mesocentrotus franciscanus,Red sea urchin,10,0,1,3,4,2,,,,,,,,,,,,,,,,,,,,,,,,,,,,,,,,,,,,,,,,,,,,
314,Valesca de Groot,Em Lim,BMSC13,Effingham West,48.8650322,-125.3137207,2024-05-01,3,W,14:53,3,2,2,40,pmi,Patiria miniata,Bat star,6,0,,2,3,1,,,,,,,,,,,,,,,,,,,,,,,,,,,,,,,,,,,,,,,,,,,,
315,Em Lim,Jasmin Schuster,BMSC17,Wouwer Channel,48.86548233,-125.3614807,2024-05-02,2.5,NE,15:10,5.8,2,1,0,mfra,Mesocentrotus franciscanus,Red sea urchin,1,0,,,,1,,,,,,,,,,,,,,,,,,,,,,,,,,,,,,,,,,,,,,,,,,,,
316,Em Lim,Jasmin Schuster,BMSC17,Wouwer Channel,48.86548233,-125.3614807,2024-05-02,2.5,NE,15:10,5.8,2,1,0,pmi,Patiria miniata,Bat star,1,0,,,,1,,,,,,,,,,,,,,,,,,,,,,,,,,,,,,,,,,,,,,,,,,,,
317,Em Lim,Jasmin Schuster,BMSC17,Wouwer Channel,48.86548233,-125.3614807,2024-05-02,2.5,NE,15:10,5.8,2,2,8,mfra,Mesocentrotus franciscanus,Red sea urchin,1,0,,,,,1,,,,,,,,,,,,,,,,,,,,,,,,,,,,,,,,,,,,,,,,,,,
318,Em Lim,Jasmin Schuster,BMSC17,Wouwer Channel,48.86548233,-125.3614807,2024-05-02,2.5,NE,15:10,5.8,2,2,8,pmi,Patiria miniata,Bat star,1,0,,1,,,,,,,,,,,,,,,,,,,,,,,,,,,,,,,,,,,,,,,,,,,,,,
319,Em Lim,Jasmin Schuster,BMSC17,Wouwer Channel,48.86548233,-125.3614807,2024-05-02,2.5,NE,15:10,5.8,2,1,16,mfra,Mesocentrotus franciscanus,Red sea urchin,4,0,,1,1,1,1,,,,,,,,,,,,,,,,,,,,,,,,,,,,,,,,,,,,,,,,,,,
320,Em Lim,Jasmin Schuster,BMSC17,Wouwer Channel,48.86548233,-125.3614807,2024-05-02,2.5,NE,15:10,5.8,2,2,24,mfra,Mesocentrotus franciscanus,Red sea urchin,1,0,,,,,1,,,,,,,,,,,,,,,,,,,,,,,,,,,,,,,,,,,,,,,,,,,
321,Em Lim,Jasmin Schuster,BMSC17,Wouwer Channel,48.86548233,-125.3614807,2024-05-02,2.5,NE,15:10,5.8,2,1,32,mfra,Mesocentrotus franciscanus,Red sea urchin,1,0,,,,1,,,,,,,,,,,,,,,,,,,,,,,,,,,,,,,,,,,,,,,,,,,,
322,Em Lim,Jasmin Schuster,BMSC17,Wouwer Channel,48.86548233,-125.3614807,2024-05-02,2.5,NE,15:10,5.8,2,1,32,pmi,Patiria miniata,Bat star,1,0,,,,1,,,,,,,,,,,,,,,,,,,,,,,,,,,,,,,,,,,,,,,,,,,,
323,Em Lim,Jasmin Schuster,BMSC17,Wouwer Channel,48.86548233,-125.3614807,2024-05-02,2.5,NE,15:10,5.8,2,2,40,mfra,Mesocentrotus franciscanus,Red sea urchin,5,0,,,2,2,1,,,,,,,,,,,,,,,,,,,,,,,,,,,,,,,,,,,,,,,,,,,
324,Em Lim,Jasmin Schuster,BMSC17,Wouwer Channel,48.86548233,-125.3614807,2024-05-02,2.5,NE,15:10,5.8,2,1,48,mfra,Mesocentrotus franciscanus,Red sea urchin,1,0,,,,,1,,,,,,,,,,,,,,,,,,,,,,,,,,,,,,,,,,,,,,,,,,,
325,Em Lim,Valesca de Groot,BMSC13,Effingham West,48.8650322,-125.3137207,2024-05-01,3,W,14:53,3,2,2,48,mfra,Mesocentrotus franciscanus,Red sea urchin,9,0,2,2,3,1,1,,,,,,,,,,,,,,,,,,,,,,,,,,,,,,,,,,,,,,,,,,,
326,Em Lim,Valesca de Groot,BMSC13,Effingham West,48.8650322,-125.3137207,2024-05-01,3,W,14:53,3,2,2,48,oko,Orthasterias koehleri,Rainbow star,1,0,,1,,,,,,,,,,,,,,,,,,,,,,,,,,,,,,,,,,,,,,,,,,,,,,
327,Em Lim,Valesca de Groot,BMSC13,Effingham West,48.8650322,-125.3137207,2024-05-01,3,W,14:53,3,2,2,48,pmi,Patiria miniata,Bat star,1,0,,,,1,,,,,,,,,,,,,,,,,,,,,,,,,,,,,,,,,,,,,,,,,,,,
328,Em Lim,Valesca de Groot,BMSC13,Effingham West,48.8650322,-125.3137207,2024-05-01,3,W,14:53,3,2,2,32,mfra,Mesocentrotus franciscanus,Red sea urchin,11,0,2,2,3,3,1,,,,,,,,,,,,,,,,,,,,,,,,,,,,,,,,,,,,,,,,,,,
329,Em Lim,Valesca de Groot,BMSC13,Effingham West,48.8650322,-125.3137207,2024-05-01,3,W,14:53,3,2,2,32,pmi,Patiria miniata,Bat star,1,0,,,,1,,,,,,,,,,,,,,,,,,,,,,,,,,,,,,,,,,,,,,,,,,,,
330,Em Lim,Valesca de Groot,BMSC13,Effingham West,48.8650322,-125.3137207,2024-05-01,3,W,14:53,3,2,2,16,mfra,Mesocentrotus franciscanus,Red sea urchin,10,0,2,1,2,4,1,,,,,,,,,,,,,,,,,,,,,,,,,,,,,,,,,,,,,,,,,,,
331,Em Lim,Valesca de Groot,BMSC13,Effingham West,48.8650322,-125.3137207,2024-05-01,3,W,14:53,3,2,2,16,pmi,Patiria miniata,Bat star,1,0,,,,1,,,,,,,,,,,,,,,,,,,,,,,,,,,,,,,,,,,,,,,,,,,,
332,Em Lim,Valesca de Groot,BMSC13,Effingham West,48.8650322,-125.3137207,2024-05-01,3,W,14:53,3,2,2,0,mfra,Mesocentrotus franciscanus,Red sea urchin,1,0,,,,,1,,,,,,,,,,,,,,,,,,,,,,,,,,,,,,,,,,,,,,,,,,,
333,Em Lim,Valesca de Groot,BMSC13,Effingham West,48.8650322,-125.3137207,2024-05-01,3,W,14:53,3,2,2,0,pmi,Patiria miniata,Bat star,1,0,,,,,1,,,,,,,,,,,,,,,,,,,,,,,,,,,,,,,,,,,,,,,,,,,
334,Em Lim,Valesca de Groot,BMSC14,Effingham Archipelago,48.87908173,-125.2974014,2024-05-01,4,SE,9:49,6,2,1,48,mfra,Mesocentrotus franciscanus,Red sea urchin,2,0,,2,,,,,,,,,,,,,,,,,,,,,,,,,,,,,,,,,,,,,,,,,,,,,,
335,Em Lim,Valesca de Groot,BMSC14,Effingham Archipelago,48.87908173,-125.2974014,2024-05-01,4,SE,9:49,6,2,1,48,pmi,Patiria miniata,Bat star,1,0,,,,,,1,,,,,,,,,,,,,,,,,,,,,,,,,,,,,,,,,,,,,,,,,,
336,Em Lim,Valesca de Groot,BMSC14,Effingham Archipelago,48.87908173,-125.2974014,2024-05-01,4,SE,9:49,6,2,2,40,mfra,Mesocentrotus franciscanus,Red sea urchin,3,0,,1,2,,,,,,,,,,,,,,,,,,,,,,,,,,,,,,,,,,,,,,,,,,,,,
337,Em Lim,Valesca de Groot,BMSC14,Effingham Archipelago,48.87908173,-125.2974014,2024-05-01,4,SE,9:49,6,2,2,40,oko,Orthasterias koehleri,Rainbow star,1,0,,,1,,,,,,,,,,,,,,,,,,,,,,,,,,,,,,,,,,,,,,,,,,,,,
338,Em Lim,Valesca de Groot,BMSC14,Effingham Archipelago,48.87908173,-125.2974014,2024-05-01,4,SE,9:49,6,2,2,40,pmi,Patiria miniata,Bat star,1,0,,,,,,1,,,,,,,,,,,,,,,,,,,,,,,,,,,,,,,,,,,,,,,,,,
339,Em Lim,Valesca de Groot,BMSC14,Effingham Archipelago,48.87908173,-125.2974014,2024-05-01,4,SE,9:49,6,2,1,32,mfra,Mesocentrotus franciscanus,Red sea urchin,8,0,,7,1,,,,,,,,,,,,,,,,,,,,,,,,,,,,,,,,,,,,,,,,,,,,,
340,Em Lim,Valesca de Groot,BMSC14,Effingham Archipelago,48.87908173,-125.2974014,2024-05-01,4,SE,9:49,6,2,1,32,dim,Dermasterias imbricata,Leather star,2,0,,,,,1,1,,,,,,,,,,,,,,,,,,,,,,,,,,,,,,,,,,,,,,,,,,
341,Em Lim,Valesca de Groot,BMSC14,Effingham Archipelago,48.87908173,-125.2974014,2024-05-01,4,SE,9:49,6,2,2,24,mfra,Mesocentrotus franciscanus,Red sea urchin,7,0,2,3,2,,,,,,,,,,,,,,,,,,,,,,,,,,,,,,,,,,,,,,,,,,,,,
342,Em Lim,Valesca de Groot,BMSC14,Effingham Archipelago,48.87908173,-125.2974014,2024-05-01,4,SE,9:49,6,2,2,24,pmi,Patiria miniata,Bat star,1,0,,,,1,,,,,,,,,,,,,,,,,,,,,,,,,,,,,,,,,,,,,,,,,,,,
343,Em Lim,Valesca de Groot,BMSC14,Effingham Archipelago,48.87908173,-125.2974014,2024-05-01,4,SE,9:49,6,2,1,16,mfra,Mesocentrotus franciscanus,Red sea urchin,5,0,1,2,2,,,,,,,,,,,,,,,,,,,,,,,,,,,,,,,,,,,,,,,,,,,,,
344,Em Lim,Valesca de Groot,BMSC14,Effingham Archipelago,48.87908173,-125.2974014,2024-05-01,4,SE,9:49,6,2,1,16,pmi,Patiria miniata,Bat star,1,0,,,,1,,,,,,,,,,,,,,,,,,,,,,,,,,,,,,,,,,,,,,,,,,,,
345,Em Lim,Valesca de Groot,BMSC14,Effingham Archipelago,48.87908173,-125.2974014,2024-05-01,4,SE,9:49,6,2,2,8,mfra,Mesocentrotus franciscanus,Red sea urchin,6,0,,5,1,,,,,,,,,,,,,,,,,,,,,,,,,,,,,,,,,,,,,,,,,,,,,
346,Em Lim,Valesca de Groot,BMSC14,Effingham Archipelago,48.87908173,-125.2974014,2024-05-01,4,SE,9:49,6,2,2,0,mfra,Mesocentrotus franciscanus,Red sea urchin,1,0,,,1,,,,,,,,,,,,,,,,,,,,,,,,,,,,,,,,,,,,,,,,,,,,,
347,Em Lim,Valesca de Groot,BMSC14,Effingham Archipelago,48.87908173,-125.2974014,2024-05-01,4,SE,9:49,6,2,2,0,pmi,Patiria miniata,Bat star,2,0,,,1,1,,,,,,,,,,,,,,,,,,,,,,,,,,,,,,,,,,,,,,,,,,,,
348,Valesca de Groot,Em Lim,BMSC16,Faber Islets,48.89070129,-125.300499,2024-05-02,3,NW,9:50,7.5,2,2,0,mfra,Mesocentrotus franciscanus,Red sea urchin,6,0,2,3,1,,,,,,,,,,,,,,,,,,,,,,,,,,,,,,,,,,,,,,,,,,,,,
349,Valesca de Groot,Em Lim,BMSC16,Faber Islets,48.89070129,-125.300499,2024-05-02,3,NW,9:50,7.5,2,2,0,pmi,Patiria miniata,Bat star,3,0,,1,1,1,,,,,,,,,,,,,,,,,,,,,,,,,,,,,,,,,,,,,,,,,,,,
350,Valesca de Groot,Em Lim,BMSC16,Faber Islets,48.89070129,-125.300499,2024-05-02,3,NW,9:50,7.5,2,2,0,oko,Orthasterias koehleri,Rainbow star,1,0,,,,1,,,,,,,,,,,,,,,,,,,,,,,,,,,,,,,,,,,,,,,,,,,,
351,Valesca de Groot,Em Lim,BMSC16,Faber Islets,48.89070129,-125.300499,2024-05-02,3,NW,9:50,7.5,2,2,16,mfra,Mesocentrotus franciscanus,Red sea urchin,6,0,2,2,2,,,,,,,,,,,,,,,,,,,,,,,,,,,,,,,,,,,,,,,,,,,,,
352,Valesca de Groot,Em Lim,BMSC16,Faber Islets,48.89070129,-125.300499,2024-05-02,3,NW,9:50,7.5,2,2,16,pmi,Patiria miniata,Bat star,2,0,,,2,,,,,,,,,,,,,,,,,,,,,,,,,,,,,,,,,,,,,,,,,,,,,
353,Valesca de Groot,Em Lim,BMSC16,Faber Islets,48.89070129,-125.300499,2024-05-02,3,NW,9:50,7.5,2,2,16,oko,Orthasterias koehleri,Rainbow star,1,0,,,,1,,,,,,,,,,,,,,,,,,,,,,,,,,,,,,,,,,,,,,,,,,,,
354,Valesca de Groot,Em Lim,BMSC16,Faber Islets,48.89070129,-125.300499,2024-05-02,3,NW,9:50,7.5,2,2,32,mfra,Mesocentrotus franciscanus,Red sea urchin,3,0,,1,2,,,,,,,,,,,,,,,,,,,,,,,,,,,,,,,,,,,,,,,,,,,,,
355,Valesca de Groot,Em Lim,BMSC16,Faber Islets,48.89070129,-125.300499,2024-05-02,3,NW,9:50,7.5,2,2,48,mfra,Mesocentrotus franciscanus,Red sea urchin,4,0,3,1,,,,,,,,,,,,,,,,,,,,,,,,,,,,,,,,,,,,,,,,,,,,,,
356,Valesca de Groot,Em Lim,BMSC16,Faber Islets,48.89070129,-125.300499,2024-05-02,3,NW,9:50,7.5,2,2,8,pmi,Patiria miniata,Bat star,3,0,1,,1,1,,,,,,,,,,,,,,,,,,,,,,,,,,,,,,,,,,,,,,,,,,,,
357,Valesca de Groot,Em Lim,BMSC16,Faber Islets,48.89070129,-125.300499,2024-05-02,3,NW,9:50,7.5,2,2,8,mfra,Mesocentrotus franciscanus,Red sea urchin,3,0,1,2,,,,,,,,,,,,,,,,,,,,,,,,,,,,,,,,,,,,,,,,,,,,,,
358,Valesca de Groot,Em Lim,BMSC16,Faber Islets,48.89070129,-125.300499,2024-05-02,3,NW,9:50,7.5,2,2,24,mfra,Mesocentrotus franciscanus,Red sea urchin,4,0,2,1,1,,,,,,,,,,,,,,,,,,,,,,,,,,,,,,,,,,,,,,,,,,,,,
359,Valesca de Groot,Em Lim,BMSC16,Faber Islets,48.89070129,-125.300499,2024-05-02,3,NW,9:50,7.5,2,2,24,pmi,Patiria miniata,Bat star,1,0,,,1,,,,,,,,,,,,,,,,,,,,,,,,,,,,,,,,,,,,,,,,,,,,,
360,Valesca de Groot,Em Lim,BMSC16,Faber Islets,48.89070129,-125.300499,2024-05-02,3,NW,9:50,7.5,2,2,40,mfra,Mesocentrotus franciscanus,Red sea urchin,4,0,1,1,,2,,,,,,,,,,,,,,,,,,,,,,,,,,,,,,,,,,,,,,,,,,,,
361,Valesca de Groot,Em Lim,BMSC16,Faber Islets,48.89070129,-125.300499,2024-05-02,3,SW,11:39,7.5,2,2,0,mfra,Mesocentrotus franciscanus,Red sea urchin,5,0,1,3,1,,,,,,,,,,,,,,,,,,,,,,,,,,,,,,,,,,,,,,,,,,,,,
362,Valesca de Groot,Em Lim,BMSC16,Faber Islets,48.89070129,-125.300499,2024-05-02,3,SW,11:39,7.5,2,2,16,mfra,Mesocentrotus franciscanus,Red sea urchin,3,0,2,1,,,,,,,,,,,,,,,,,,,,,,,,,,,,,,,,,,,,,,,,,,,,,,
363,Valesca de Groot,Em Lim,BMSC16,Faber Islets,48.89070129,-125.300499,2024-05-02,3,SW,11:39,7.5,2,2,16,sdr,Strongylocentrotus droebachiensis,Northern sea urchin,1,0,1,,,,,,,,,,,,,,,,,,,,,,,,,,,,,,,,,,,,,,,,,,,,,,,
364,Valesca de Groot,Em Lim,BMSC16,Faber Islets,48.89070129,-125.300499,2024-05-02,3,SW,11:39,7.5,2,2,32,mfra,Mesocentrotus franciscanus,Red sea urchin,3,0,,3,,,,,,,,,,,,,,,,,,,,,,,,,,,,,,,,,,,,,,,,,,,,,,
365,Valesca de Groot,Em Lim,BMSC16,Faber Islets,48.89070129,-125.300499,2024-05-02,3,SW,11:39,7.5,2,2,40,mfra,Mesocentrotus franciscanus,Red sea urchin,3,0,2,1,,,,,,,,,,,,,,,,,,,,,,,,,,,,,,,,,,,,,,,,,,,,,,
366,Valesca de Groot,Em Lim,BMSC16,Faber Islets,48.89070129,-125.300499,2024-05-02,3,SW,11:39,7.5,2,2,40,sdr,Strongylocentrotus droebachiensis,Northern sea urchin,1,0,1,,,,,,,,,,,,,,,,,,,,,,,,,,,,,,,,,,,,,,,,,,,,,,,
367,Valesca de Groot,Em Lim,BMSC16,Faber Islets,48.89070129,-125.300499,2024-05-02,3,SW,11:39,7.5,2,2,8,sdr,Strongylocentrotus droebachiensis,Northern sea urchin,1,0,,1,,,,,,,,,,,,,,,,,,,,,,,,,,,,,,,,,,,,,,,,,,,,,,
368,Valesca de Groot,Em Lim,BMSC16,Faber Islets,48.89070129,-125.300499,2024-05-02,3,SW,11:39,7.5,2,2,8,mfra,Mesocentrotus franciscanus,Red sea urchin,2,0,,,2,,,,,,,,,,,,,,,,,,,,,,,,,,,,,,,,,,,,,,,,,,,,,
369,Valesca de Groot,Em Lim,BMSC16,Faber Islets,48.89070129,-125.300499,2024-05-02,3,SW,11:39,7.5,2,2,24,mfra,Mesocentrotus franciscanus,Red sea urchin,5,0,4,1,,,,,,,,,,,,,,,,,,,,,,,,,,,,,,,,,,,,,,,,,,,,,,
370,Valesca de Groot,Em Lim,BMSC16,Faber Islets,48.89070129,-125.300499,2024-05-02,3,SW,11:39,7.5,2,2,24,sdr,Strongylocentrotus droebachiensis,Northern sea urchin,1,0,1,,,,,,,,,,,,,,,,,,,,,,,,,,,,,,,,,,,,,,,,,,,,,,,
371,Valesca de Groot,Em Lim,BMSC16,Faber Islets,48.89070129,-125.300499,2024-05-02,3,SW,11:39,7.5,2,2,24,dim,Dermasterias imbricata,Leather star,1,0,,,,1,,,,,,,,,,,,,,,,,,,,,,,,,,,,,,,,,,,,,,,,,,,,
372,Valesca de Groot,Em Lim,BMSC16,Faber Islets,48.89070129,-125.300499,2024-05-02,3,SW,11:39,7.5,2,2,40,mfra,Mesocentrotus franciscanus,Red sea urchin,5,0,2,3,,,,,,,,,,,,,,,,,,,,,,,,,,,,,,,,,,,,,,,,,,,,,,
373,Valesca de Groot,Em Lim,BMSC16,Faber Islets,48.89070129,-125.300499,2024-05-02,3,SW,11:39,7.5,2,2,40,sdr,Strongylocentrotus droebachiensis,Northern sea urchin,2,0,1,1,,,,,,,,,,,,,,,,,,,,,,,,,,,,,,,,,,,,,,,,,,,,,,
374,Valesca de Groot,Em Lim,BMSC16,Faber Islets,48.89070129,-125.300499,2024-05-02,3,SW,11:39,7.5,2,2,40,henricia,Henricia sp.,Unidentified blood star,1,0,,,,1,,,,,,,,,,,,,,,,,,,,,,,,,,,,,,,,,,,,,,,,,,,,
375,Em Lim,Valesca de Groot,BMSC27,San Jose North Island,48.901183,-125.060433,2024-05-03,3,NW,10:25,8.5,2,1,48,mfra,Mesocentrotus franciscanus,Red sea urchin,5,0,,,5,,,,,,,,,,,,,,,,,,,,,,,,,,,,,,,,,,,,,,,,,,,,,
376,Em Lim,Valesca de Groot,BMSC27,San Jose North Island,48.901183,-125.060433,2024-05-03,3,NW,10:25,8.5,2,2,40,mfra,Mesocentrotus franciscanus,Red sea urchin,3,0,,,3,,,,,,,,,,,,,,,,,,,,,,,,,,,,,,,,,,,,,,,,,,,,,
377,Em Lim,Valesca de Groot,BMSC27,San Jose North Island,48.901183,-125.060433,2024-05-03,3,NW,10:25,8.5,2,1,32,mfra,Mesocentrotus franciscanus,Red sea urchin,2,0,,,1,1,,,,,,,,,,,,,,,,,,,,,,,,,,,,,,,,,,,,,,,,,,,,
378,Em Lim,Valesca de Groot,BMSC27,San Jose North Island,48.901183,-125.060433,2024-05-03,3,NW,10:25,8.5,2,2,24,mfra,NOT PRESENT,NOT PRESENT,2,0,,1,1,,,,,,,,,,,,,,,,,,,,,,,,,,,,,,,,,,,,,,,,,,,,,
379,Em Lim,Valesca de Groot,BMSC27,San Jose North Island,48.901183,-125.060433,2024-05-03,3,NW,10:25,8.5,2,1,16,mfra,Mesocentrotus franciscanus,Red sea urchin,4,0,,1,1,1,1,,,,,,,,,,,,,,,,,,,,,,,,,,,,,,,,,,,,,,,,,,,
380,Em Lim,Valesca de Groot,BMSC27,San Jose North Island,48.901183,-125.060433,2024-05-03,3,NW,10:25,8.5,2,2,8,mfra,Mesocentrotus franciscanus,Red sea urchin,7,0,2,2,3,,,,,,,,,,,,,,,,,,,,,,,,,,,,,,,,,,,,,,,,,,,,,
381,Em Lim,Valesca de Groot,BMSC27,San Jose North Island,48.901183,-125.060433,2024-05-03,3,NW,10:25,8.5,2,2,8,sdr,Strongylocentrotus droebachiensis,Northern sea urchin,1,0,,1,,,,,,,,,,,,,,,,,,,,,,,,,,,,,,,,,,,,,,,,,,,,,,
382,Em Lim,Valesca de Groot,BMSC27,San Jose North Island,48.901183,-125.060433,2024-05-03,3,NW,10:25,8.5,2,1,0,nsf,No species found,No species found,1,1,,,,,,,,,,,,,,,,,,,,,,,,,,,,,,,,,,,,,,,,,,,,,,,,
383,Em Lim,Valesca de Groot,BMSC23,Aguilar Point,48.837589,-125.144145,2024-05-03,2.5,NE,12:50,6.7,2,1,48,mfra,Mesocentrotus franciscanus,Red sea urchin,5,0,,1,3,1,,,,,,,,,,,,,,,,,,,,,,,,,,,,,,,,,,,,,,,,,,,,
384,Em Lim,Valesca de Groot,BMSC23,Aguilar Point,48.837589,-125.144145,2024-05-03,2.5,NE,12:50,6.7,2,1,48,pmi,Patiria miniata,Bat star,1,0,,,,1,,,,,,,,,,,,,,,,,,,,,,,,,,,,,,,,,,,,,,,,,,,,
385,Em Lim,Valesca de Groot,BMSC23,Aguilar Point,48.837589,-125.144145,2024-05-03,2.5,NE,12:50,6.7,2,1,40,mfra,Mesocentrotus franciscanus,Red sea urchin,7,0,,3,3,1,,,,,,,,,,,,,,,,,,,,,,,,,,,,,,,,,,,,,,,,,,,,
386,Em Lim,Valesca de Groot,BMSC23,Aguilar Point,48.837589,-125.144145,2024-05-03,2.5,NE,12:50,6.7,2,1,32,mfra,Mesocentrotus franciscanus,Red sea urchin,9,0,,3,6,,,,,,,,,,,,,,,,,,,,,,,,,,,,,,,,,,,,,,,,,,,,,
387,Em Lim,Valesca de Groot,BMSC23,Aguilar Point,48.837589,-125.144145,2024-05-03,2.5,NE,12:50,6.7,2,1,24,mfra,Mesocentrotus franciscanus,Red sea urchin,9,0,,3,4,2,,,,,,,,,,,,,,,,,,,,,,,,,,,,,,,,,,,,,,,,,,,,
388,Em Lim,Valesca de Groot,BMSC23,Aguilar Point,48.837589,-125.144145,2024-05-03,2.5,NE,12:50,6.7,2,1,24,pmi,Patiria miniata,Bat star,1,0,,,,,1,,,,,,,,,,,,,,,,,,,,,,,,,,,,,,,,,,,,,,,,,,,
389,Em Lim,Valesca de Groot,BMSC23,Aguilar Point,48.837589,-125.144145,2024-05-03,2.5,NE,12:50,6.7,2,1,24,dim,Dermasterias imbricata,Leather star,1,0,,,,,1,,,,,,,,,,,,,,,,,,,,,,,,,,,,,,,,,,,,,,,,,,,
390,Em Lim,Valesca de Groot,BMSC23,Aguilar Point,48.837589,-125.144145,2024-05-03,2.5,NE,12:50,6.7,2,1,16,mfra,Mesocentrotus franciscanus,Red sea urchin,5,0,,1,2,1,1,,,,,,,,,,,,,,,,,,,,,,,,,,,,,,,,,,,,,,,,,,,
391,Em Lim,Valesca de Groot,BMSC23,Aguilar Point,48.837589,-125.144145,2024-05-03,2.5,NE,12:50,6.7,2,1,8,mfra,Mesocentrotus franciscanus,Red sea urchin,6,0,,,5,1,,,,,,,,,,,,,,,,,,,,,,,,,,,,,,,,,,,,,,,,,,,,
392,Em Lim,Valesca de Groot,BMSC23,Aguilar Point,48.837589,-125.144145,2024-05-03,2.5,NE,12:50,6.7,2,1,8,pmi,Patiria miniata,Bat star,1,0,,,,,,1,,,,,,,,,,,,,,,,,,,,,,,,,,,,,,,,,,,,,,,,,,
393,Em Lim,Valesca de Groot,BMSC23,Aguilar Point,48.837589,-125.144145,2024-05-03,2.5,NE,12:50,6.7,2,1,0,mfra,Mesocentrotus franciscanus,Red sea urchin,5,0,,2,2,1,,,,,,,,,,,,,,,,,,,,,,,,,,,,,,,,,,,,,,,,,,,,
394,Em Lim,Valesca de Groot,BMSC23,Aguilar Point,48.837589,-125.144145,2024-05-03,2.5,NE,12:50,6.7,2,1,0,pmi,Patiria miniata,Bat star,1,0,,,,,1,,,,,,,,,,,,,,,,,,,,,,,,,,,,,,,,,,,,,,,,,,,
,,,,,,,,,,,,,,,,,,,,,,,,,,,,,,,,,,,,,,,,,,,,,,,,,,,,,,,,,,,,,,,,,,,
,,,,,,,,,,,,,,,,,,,,,,,,,,,,,,,,,,,,,,,,,,,,,,,,,,,,,,,,,,,,,,,,,,,
,,,,,,,,,,,,,,,,,,,,,,,,,,,,,,,,,,,,,,,,,,,,,,,,,,,,,,,,,,,,,,,,,,,
,,,,,,,,,,,,,,,,,,,,,,,,,,,,,,,,,,,,,,,,,,,,,,,,,,,,,,,,,,,,,,,,,,,
,,,,,,,,,,,,,,,,,,,,,,,,,,,,,,,,,,,,,,,,,,,,,,,,,,,,,,,,,,,,,,,,,,,
,,,,,,,,,,,,,,,,,,,,,,,,,,,,,,,,,,,,,,,,,,,,,,,,,,,,,,,,,,,,,,,,,,,
,,,,,,,,,,,,,,,,,,,,,,,,,,,,,,,,,,,,,,,,,,,,,,,,,,,,,,,,,,,,,,,,,,,
,,,,,,,,,,,,,,,,,,,,,,,,,,,,,,,,,,,,,,,,,,,,,,,,,,,,,,,,,,,,,,,,,,,
,,,,,,,,,,,,,,,,,,,,,,,,,,,,,,,,,,,,,,,,,,,,,,,,,,,,,,,,,,,,,,,,,,,
,,,,,,,,,,,,,,,,,,,,,,,,,,,,,,,,,,,,,,,,,,,,,,,,,,,,,,,,,,,,,,,,,,,
,,,,,,,,,,,,,,,,,,,,,,,,,,,,,,,,,,,,,,,,,,,,,,,,,,,,,,,,,,,,,,,,,,,
,,,,,,,,,,,,,,,,,,,,,,,,,,,,,,,,,,,,,,,,,,,,,,,,,,,,,,,,,,,,,,,,,,,
,,,,,,,,,,,,,,,,,,,,,,,,,,,,,,,,,,,,,,,,,,,,,,,,,,,,,,,,,,,,,,,,,,,
,,,,,,,,,,,,,,,,,,,,,,,,,,,,,,,,,,,,,,,,,,,,,,,,,,,,,,,,,,,,,,,,,,,
,,,,,,,,,,,,,,,,,,,,,,,,,,,,,,,,,,,,,,,,,,,,,,,,,,,,,,,,,,,,,,,,,,,
,,,,,,,,,,,,,,,,,,,,,,,,,,,,,,,,,,,,,,,,,,,,,,,,,,,,,,,,,,,,,,,,,,,
,,,,,,,,,,,,,,,,,,,,,,,,,,,,,,,,,,,,,,,,,,,,,,,,,,,,,,,,,,,,,,,,,,,
,,,,,,,,,,,,,,,,,,,,,,,,,,,,,,,,,,,,,,,,,,,,,,,,,,,,,,,,,,,,,,,,,,,
,,,,,,,,,,,,,,,,,,,,,,,,,,,,,,,,,,,,,,,,,,,,,,,,,,,,,,,,,,,,,,,,,,,
,,,,,,,,,,,,,,,,,,,,,,,,,,,,,,,,,,,,,,,,,,,,,,,,,,,,,,,,,,,,,,,,,,,
,,,,,,,,,,,,,,,,,,,,,,,,,,,,,,,,,,,,,,,,,,,,,,,,,,,,,,,,,,,,,,,,,,,
,,,,,,,,,,,,,,,,,,,,,,,,,,,,,,,,,,,,,,,,,,,,,,,,,,,,,,,,,,,,,,,,,,,
,,,,,,,,,,,,,,,,,,,,,,,,,,,,,,,,,,,,,,,,,,,,,,,,,,,,,,,,,,,,,,,,,,,
,,,,,,,,,,,,,,,,,,,,,,,,,,,,,,,,,,,,,,,,,,,,,,,,,,,,,,,,,,,,,,,,,,,
,,,,,,,,,,,,,,,,,,,,,,,,,,,,,,,,,,,,,,,,,,,,,,,,,,,,,,,,,,,,,,,,,,,
,,,,,,,,,,,,,,,,,,,,,,,,,,,,,,,,,,,,,,,,,,,,,,,,,,,,,,,,,,,,,,,,,,,
,,,,,,,,,,,,,,,,,,,,,,,,,,,,,,,,,,,,,,,,,,,,,,,,,,,,,,,,,,,,,,,,,,,
,,,,,,,,,,,,,,,,,,,,,,,,,,,,,,,,,,,,,,,,,,,,,,,,,,,,,,,,,,,,,,,,,,,
,,,,,,,,,,,,,,,,,,,,,,,,,,,,,,,,,,,,,,,,,,,,,,,,,,,,,,,,,,,,,,,,,,,
,,,,,,,,,,,,,,,,,,,,,,,,,,,,,,,,,,,,,,,,,,,,,,,,,,,,,,,,,,,,,,,,,,,
,,,,,,,,,,,,,,,,,,,,,,,,,,,,,,,,,,,,,,,,,,,,,,,,,,,,,,,,,,,,,,,,,,,
,,,,,,,,,,,,,,,,,,,,,,,,,,,,,,,,,,,,,,,,,,,,,,,,,,,,,,,,,,,,,,,,,,,
,,,,,,,,,,,,,,,,,,,,,,,,,,,,,,,,,,,,,,,,,,,,,,,,,,,,,,,,,,,,,,,,,,,
,,,,,,,,,,,,,,,,,,,,,,,,,,,,,,,,,,,,,,,,,,,,,,,,,,,,,,,,,,,,,,,,,,,
,,,,,,,,,,,,,,,,,,,,,,,,,,,,,,,,,,,,,,,,,,,,,,,,,,,,,,,,,,,,,,,,,,,
,,,,,,,,,,,,,,,,,,,,,,,,,,,,,,,,,,,,,,,,,,,,,,,,,,,,,,,,,,,,,,,,,,,
,,,,,,,,,,,,,,,,,,,,,,,,,,,,,,,,,,,,,,,,,,,,,,,,,,,,,,,,,,,,,,,,,,,
,,,,,,,,,,,,,,,,,,,,,,,,,,,,,,,,,,,,,,,,,,,,,,,,,,,,,,,,,,,,,,,,,,,
,,,,,,,,,,,,,,,,,,,,,,,,,,,,,,,,,,,,,,,,,,,,,,,,,,,,,,,,,,,,,,,,,,,
,,,,,,,,,,,,,,,,,,,,,,,,,,,,,,,,,,,,,,,,,,,,,,,,,,,,,,,,,,,,,,,,,,,
,,,,,,,,,,,,,,,,,,,,,,,,,,,,,,,,,,,,,,,,,,,,,,,,,,,,,,,,,,,,,,,,,,,
,,,,,,,,,,,,,,,,,,,,,,,,,,,,,,,,,,,,,,,,,,,,,,,,,,,,,,,,,,,,,,,,,,,
,,,,,,,,,,,,,,,,,,,,,,,,,,,,,,,,,,,,,,,,,,,,,,,,,,,,,,,,,,,,,,,,,,,
,,,,,,,,,,,,,,,,,,,,,,,,,,,,,,,,,,,,,,,,,,,,,,,,,,,,,,,,,,,,,,,,,,,
,,,,,,,,,,,,,,,,,,,,,,,,,,,,,,,,,,,,,,,,,,,,,,,,,,,,,,,,,,,,,,,,,,,
,,,,,,,,,,,,,,,,,,,,,,,,,,,,,,,,,,,,,,,,,,,,,,,,,,,,,,,,,,,,,,,,,,,
,,,,,,,,,,,,,,,,,,,,,,,,,,,,,,,,,,,,,,,,,,,,,,,,,,,,,,,,,,,,,,,,,,,
,,,,,,,,,,,,,,,,,,,,,,,,,,,,,,,,,,,,,,,,,,,,,,,,,,,,,,,,,,,,,,,,,,,
,,,,,,,,,,,,,,,,,,,,,,,,,,,,,,,,,,,,,,,,,,,,,,,,,,,,,,,,,,,,,,,,,,,
,,,,,,,,,,,,,,,,,,,,,,,,,,,,,,,,,,,,,,,,,,,,,,,,,,,,,,,,,,,,,,,,,,,
,,,,,,,,,,,,,,,,,,,,,,,,,,,,,,,,,,,,,,,,,,,,,,,,,,,,,,,,,,,,,,,,,,,
,,,,,,,,,,,,,,,,,,,,,,,,,,,,,,,,,,,,,,,,,,,,,,,,,,,,,,,,,,,,,,,,,,,
,,,,,,,,,,,,,,,,,,,,,,,,,,,,,,,,,,,,,,,,,,,,,,,,,,,,,,,,,,,,,,,,,,,
,,,,,,,,,,,,,,,,,,,,,,,,,,,,,,,,,,,,,,,,,,,,,,,,,,,,,,,,,,,,,,,,,,,
,,,,,,,,,,,,,,,,,,,,,,,,,,,,,,,,,,,,,,,,,,,,,,,,,,,,,,,,,,,,,,,,,,,
,,,,,,,,,,,,,,,,,,,,,,,,,,,,,,,,,,,,,,,,,,,,,,,,,,,,,,,,,,,,,,,,,,,
,,,,,,,,,,,,,,,,,,,,,,,,,,,,,,,,,,,,,,,,,,,,,,,,,,,,,,,,,,,,,,,,,,,
,,,,,,,,,,,,,,,,,,,,,,,,,,,,,,,,,,,,,,,,,,,,,,,,,,,,,,,,,,,,,,,,,,,
,,,,,,,,,,,,,,,,,,,,,,,,,,,,,,,,,,,,,,,,,,,,,,,,,,,,,,,,,,,,,,,,,,,
,,,,,,,,,,,,,,,,,,,,,,,,,,,,,,,,,,,,,,,,,,,,,,,,,,,,,,,,,,,,,,,,,,,
,,,,,,,,,,,,,,,,,,,,,,,,,,,,,,,,,,,,,,,,,,,,,,,,,,,,,,,,,,,,,,,,,,,
,,,,,,,,,,,,,,,,,,,,,,,,,,,,,,,,,,,,,,,,,,,,,,,,,,,,,,,,,,,,,,,,,,,
,,,,,,,,,,,,,,,,,,,,,,,,,,,,,,,,,,,,,,,,,,,,,,,,,,,,,,,,,,,,,,,,,,,
,,,,,,,,,,,,,,,,,,,,,,,,,,,,,,,,,,,,,,,,,,,,,,,,,,,,,,,,,,,,,,,,,,,
,,,,,,,,,,,,,,,,,,,,,,,,,,,,,,,,,,,,,,,,,,,,,,,,,,,,,,,,,,,,,,,,,,,
,,,,,,,,,,,,,,,,,,,,,,,,,,,,,,,,,,,,,,,,,,,,,,,,,,,,,,,,,,,,,,,,,,,
,,,,,,,,,,,,,,,,,,,,,,,,,,,,,,,,,,,,,,,,,,,,,,,,,,,,,,,,,,,,,,,,,,,
,,,,,,,,,,,,,,,,,,,,,,,,,,,,,,,,,,,,,,,,,,,,,,,,,,,,,,,,,,,,,,,,,,,
,,,,,,,,,,,,,,,,,,,,,,,,,,,,,,,,,,,,,,,,,,,,,,,,,,,,,,,,,,,,,,,,,,,
,,,,,,,,,,,,,,,,,,,,,,,,,,,,,,,,,,,,,,,,,,,,,,,,,,,,,,,,,,,,,,,,,,,
,,,,,,,,,,,,,,,,,,,,,,,,,,,,,,,,,,,,,,,,,,,,,,,,,,,,,,,,,,,,,,,,,,,
,,,,,,,,,,,,,,,,,,,,,,,,,,,,,,,,,,,,,,,,,,,,,,,,,,,,,,,,,,,,,,,,,,,
,,,,,,,,,,,,,,,,,,,,,,,,,,,,,,,,,,,,,,,,,,,,,,,,,,,,,,,,,,,,,,,,,,,
,,,,,,,,,,,,,,,,,,,,,,,,,,,,,,,,,,,,,,,,,,,,,,,,,,,,,,,,,,,,,,,,,,,
,,,,,,,,,,,,,,,,,,,,,,,,,,,,,,,,,,,,,,,,,,,,,,,,,,,,,,,,,,,,,,,,,,,
,,,,,,,,,,,,,,,,,,,,,,,,,,,,,,,,,,,,,,,,,,,,,,,,,,,,,,,,,,,,,,,,,,,
,,,,,,,,,,,,,,,,,,,,,,,,,,,,,,,,,,,,,,,,,,,,,,,,,,,,,,,,,,,,,,,,,,,
,,,,,,,,,,,,,,,,,,,,,,,,,,,,,,,,,,,,,,,,,,,,,,,,,,,,,,,,,,,,,,,,,,,
,,,,,,,,,,,,,,,,,,,,,,,,,,,,,,,,,,,,,,,,,,,,,,,,,,,,,,,,,,,,,,,,,,,
,,,,,,,,,,,,,,,,,,,,,,,,,,,,,,,,,,,,,,,,,,,,,,,,,,,,,,,,,,,,,,,,,,,
,,,,,,,,,,,,,,,,,,,,,,,,,,,,,,,,,,,,,,,,,,,,,,,,,,,,,,,,,,,,,,,,,,,
,,,,,,,,,,,,,,,,,,,,,,,,,,,,,,,,,,,,,,,,,,,,,,,,,,,,,,,,,,,,,,,,,,,
,,,,,,,,,,,,,,,,,,,,,,,,,,,,,,,,,,,,,,,,,,,,,,,,,,,,,,,,,,,,,,,,,,,
,,,,,,,,,,,,,,,,,,,,,,,,,,,,,,,,,,,,,,,,,,,,,,,,,,,,,,,,,,,,,,,,,,,
,,,,,,,,,,,,,,,,,,,,,,,,,,,,,,,,,,,,,,,,,,,,,,,,,,,,,,,,,,,,,,,,,,,
,,,,,,,,,,,,,,,,,,,,,,,,,,,,,,,,,,,,,,,,,,,,,,,,,,,,,,,,,,,,,,,,,,,
,,,,,,,,,,,,,,,,,,,,,,,,,,,,,,,,,,,,,,,,,,,,,,,,,,,,,,,,,,,,,,,,,,,
,,,,,,,,,,,,,,,,,,,,,,,,,,,,,,,,,,,,,,,,,,,,,,,,,,,,,,,,,,,,,,,,,,,
,,,,,,,,,,,,,,,,,,,,,,,,,,,,,,,,,,,,,,,,,,,,,,,,,,,,,,,,,,,,,,,,,,,
,,,,,,,,,,,,,,,,,,,,,,,,,,,,,,,,,,,,,,,,,,,,,,,,,,,,,,,,,,,,,,,,,,,
,,,,,,,,,,,,,,,,,,,,,,,,,,,,,,,,,,,,,,,,,,,,,,,,,,,,,,,,,,,,,,,,,,,
,,,,,,,,,,,,,,,,,,,,,,,,,,,,,,,,,,,,,,,,,,,,,,,,,,,,,,,,,,,,,,,,,,,
,,,,,,,,,,,,,,,,,,,,,,,,,,,,,,,,,,,,,,,,,,,,,,,,,,,,,,,,,,,,,,,,,,,
,,,,,,,,,,,,,,,,,,,,,,,,,,,,,,,,,,,,,,,,,,,,,,,,,,,,,,,,,,,,,,,,,,,
,,,,,,,,,,,,,,,,,,,,,,,,,,,,,,,,,,,,,,,,,,,,,,,,,,,,,,,,,,,,,,,,,,,
,,,,,,,,,,,,,,,,,,,,,,,,,,,,,,,,,,,,,,,,,,,,,,,,,,,,,,,,,,,,,,,,,,,
,,,,,,,,,,,,,,,,,,,,,,,,,,,,,,,,,,,,,,,,,,,,,,,,,,,,,,,,,,,,,,,,,,,
,,,,,,,,,,,,,,,,,,,,,,,,,,,,,,,,,,,,,,,,,,,,,,,,,,,,,,,,,,,,,,,,,,,
,,,,,,,,,,,,,,,,,,,,,,,,,,,,,,,,,,,,,,,,,,,,,,,,,,,,,,,,,,,,,,,,,,,
,,,,,,,,,,,,,,,,,,,,,,,,,,,,,,,,,,,,,,,,,,,,,,,,,,,,,,,,,,,,,,,,,,,
,,,,,,,,,,,,,,,,,,,,,,,,,,,,,,,,,,,,,,,,,,,,,,,,,,,,,,,,,,,,,,,,,,,
,,,,,,,,,,,,,,,,,,,,,,,,,,,,,,,,,,,,,,,,,,,,,,,,,,,,,,,,,,,,,,,,,,,
,,,,,,,,,,,,,,,,,,,,,,,,,,,,,,,,,,,,,,,,,,,,,,,,,,,,,,,,,,,,,,,,,,,
,,,,,,,,,,,,,,,,,,,,,,,,,,,,,,,,,,,,,,,,,,,,,,,,,,,,,,,,,,,,,,,,,,,
,,,,,,,,,,,,,,,,,,,,,,,,,,,,,,,,,,,,,,,,,,,,,,,,,,,,,,,,,,,,,,,,,,,
,,,,,,,,,,,,,,,,,,,,,,,,,,,,,,,,,,,,,,,,,,,,,,,,,,,,,,,,,,,,,,,,,,,
,,,,,,,,,,,,,,,,,,,,,,,,,,,,,,,,,,,,,,,,,,,,,,,,,,,,,,,,,,,,,,,,,,,
,,,,,,,,,,,,,,,,,,,,,,,,,,,,,,,,,,,,,,,,,,,,,,,,,,,,,,,,,,,,,,,,,,,
,,,,,,,,,,,,,,,,,,,,,,,,,,,,,,,,,,,,,,,,,,,,,,,,,,,,,,,,,,,,,,,,,,,
,,,,,,,,,,,,,,,,,,,,,,,,,,,,,,,,,,,,,,,,,,,,,,,,,,,,,,,,,,,,,,,,,,,
,,,,,,,,,,,,,,,,,,,,,,,,,,,,,,,,,,,,,,,,,,,,,,,,,,,,,,,,,,,,,,,,,,,
,,,,,,,,,,,,,,,,,,,,,,,,,,,,,,,,,,,,,,,,,,,,,,,,,,,,,,,,,,,,,,,,,,,
,,,,,,,,,,,,,,,,,,,,,,,,,,,,,,,,,,,,,,,,,,,,,,,,,,,,,,,,,,,,,,,,,,,
,,,,,,,,,,,,,,,,,,,,,,,,,,,,,,,,,,,,,,,,,,,,,,,,,,,,,,,,,,,,,,,,,,,
,,,,,,,,,,,,,,,,,,,,,,,,,,,,,,,,,,,,,,,,,,,,,,,,,,,,,,,,,,,,,,,,,,,
,,,,,,,,,,,,,,,,,,,,,,,,,,,,,,,,,,,,,,,,,,,,,,,,,,,,,,,,,,,,,,,,,,,
,,,,,,,,,,,,,,,,,,,,,,,,,,,,,,,,,,,,,,,,,,,,,,,,,,,,,,,,,,,,,,,,,,,
,,,,,,,,,,,,,,,,,,,,,,,,,,,,,,,,,,,,,,,,,,,,,,,,,,,,,,,,,,,,,,,,,,,
,,,,,,,,,,,,,,,,,,,,,,,,,,,,,,,,,,,,,,,,,,,,,,,,,,,,,,,,,,,,,,,,,,,
,,,,,,,,,,,,,,,,,,,,,,,,,,,,,,,,,,,,,,,,,,,,,,,,,,,,,,,,,,,,,,,,,,,
,,,,,,,,,,,,,,,,,,,,,,,,,,,,,,,,,,,,,,,,,,,,,,,,,,,,,,,,,,,,,,,,,,,
,,,,,,,,,,,,,,,,,,,,,,,,,,,,,,,,,,,,,,,,,,,,,,,,,,,,,,,,,,,,,,,,,,,
,,,,,,,,,,,,,,,,,,,,,,,,,,,,,,,,,,,,,,,,,,,,,,,,,,,,,,,,,,,,,,,,,,,
,,,,,,,,,,,,,,,,,,,,,,,,,,,,,,,,,,,,,,,,,,,,,,,,,,,,,,,,,,,,,,,,,,,
,,,,,,,,,,,,,,,,,,,,,,,,,,,,,,,,,,,,,,,,,,,,,,,,,,,,,,,,,,,,,,,,,,,
,,,,,,,,,,,,,,,,,,,,,,,,,,,,,,,,,,,,,,,,,,,,,,,,,,,,,,,,,,,,,,,,,,,
,,,,,,,,,,,,,,,,,,,,,,,,,,,,,,,,,,,,,,,,,,,,,,,,,,,,,,,,,,,,,,,,,,,
,,,,,,,,,,,,,,,,,,,,,,,,,,,,,,,,,,,,,,,,,,,,,,,,,,,,,,,,,,,,,,,,,,,
,,,,,,,,,,,,,,,,,,,,,,,,,,,,,,,,,,,,,,,,,,,,,,,,,,,,,,,,,,,,,,,,,,,
,,,,,,,,,,,,,,,,,,,,,,,,,,,,,,,,,,,,,,,,,,,,,,,,,,,,,,,,,,,,,,,,,,,
,,,,,,,,,,,,,,,,,,,,,,,,,,,,,,,,,,,,,,,,,,,,,,,,,,,,,,,,,,,,,,,,,,,
,,,,,,,,,,,,,,,,,,,,,,,,,,,,,,,,,,,,,,,,,,,,,,,,,,,,,,,,,,,,,,,,,,,
,,,,,,,,,,,,,,,,,,,,,,,,,,,,,,,,,,,,,,,,,,,,,,,,,,,,,,,,,,,,,,,,,,,
,,,,,,,,,,,,,,,,,,,,,,,,,,,,,,,,,,,,,,,,,,,,,,,,,,,,,,,,,,,,,,,,,,,
,,,,,,,,,,,,,,,,,,,,,,,,,,,,,,,,,,,,,,,,,,,,,,,,,,,,,,,,,,,,,,,,,,,
,,,,,,,,,,,,,,,,,,,,,,,,,,,,,,,,,,,,,,,,,,,,,,,,,,,,,,,,,,,,,,,,,,,
,,,,,,,,,,,,,,,,,,,,,,,,,,,,,,,,,,,,,,,,,,,,,,,,,,,,,,,,,,,,,,,,,,,
,,,,,,,,,,,,,,,,,,,,,,,,,,,,,,,,,,,,,,,,,,,,,,,,,,,,,,,,,,,,,,,,,,,
,,,,,,,,,,,,,,,,,,,,,,,,,,,,,,,,,,,,,,,,,,,,,,,,,,,,,,,,,,,,,,,,,,,
,,,,,,,,,,,,,,,,,,,,,,,,,,,,,,,,,,,,,,,,,,,,,,,,,,,,,,,,,,,,,,,,,,,
,,,,,,,,,,,,,,,,,,,,,,,,,,,,,,,,,,,,,,,,,,,,,,,,,,,,,,,,,,,,,,,,,,,
,,,,,,,,,,,,,,,,,,,,,,,,,,,,,,,,,,,,,,,,,,,,,,,,,,,,,,,,,,,,,,,,,,,
,,,,,,,,,,,,,,,,,,,,,,,,,,,,,,,,,,,,,,,,,,,,,,,,,,,,,,,,,,,,,,,,,,,
,,,,,,,,,,,,,,,,,,,,,,,,,,,,,,,,,,,,,,,,,,,,,,,,,,,,,,,,,,,,,,,,,,,
,,,,,,,,,,,,,,,,,,,,,,,,,,,,,,,,,,,,,,,,,,,,,,,,,,,,,,,,,,,,,,,,,,,
,,,,,,,,,,,,,,,,,,,,,,,,,,,,,,,,,,,,,,,,,,,,,,,,,,,,,,,,,,,,,,,,,,,
,,,,,,,,,,,,,,,,,,,,,,,,,,,,,,,,,,,,,,,,,,,,,,,,,,,,,,,,,,,,,,,,,,,
,,,,,,,,,,,,,,,,,,,,,,,,,,,,,,,,,,,,,,,,,,,,,,,,,,,,,,,,,,,,,,,,,,,
,,,,,,,,,,,,,,,,,,,,,,,,,,,,,,,,,,,,,,,,,,,,,,,,,,,,,,,,,,,,,,,,,,,
,,,,,,,,,,,,,,,,,,,,,,,,,,,,,,,,,,,,,,,,,,,,,,,,,,,,,,,,,,,,,,,,,,,
,,,,,,,,,,,,,,,,,,,,,,,,,,,,,,,,,,,,,,,,,,,,,,,,,,,,,,,,,,,,,,,,,,,
,,,,,,,,,,,,,,,,,,,,,,,,,,,,,,,,,,,,,,,,,,,,,,,,,,,,,,,,,,,,,,,,,,,
,,,,,,,,,,,,,,,,,,,,,,,,,,,,,,,,,,,,,,,,,,,,,,,,,,,,,,,,,,,,,,,,,,,
,,,,,,,,,,,,,,,,,,,,,,,,,,,,,,,,,,,,,,,,,,,,,,,,,,,,,,,,,,,,,,,,,,,
,,,,,,,,,,,,,,,,,,,,,,,,,,,,,,,,,,,,,,,,,,,,,,,,,,,,,,,,,,,,,,,,,,,
,,,,,,,,,,,,,,,,,,,,,,,,,,,,,,,,,,,,,,,,,,,,,,,,,,,,,,,,,,,,,,,,,,,
,,,,,,,,,,,,,,,,,,,,,,,,,,,,,,,,,,,,,,,,,,,,,,,,,,,,,,,,,,,,,,,,,,,
,,,,,,,,,,,,,,,,,,,,,,,,,,,,,,,,,,,,,,,,,,,,,,,,,,,,,,,,,,,,,,,,,,,
,,,,,,,,,,,,,,,,,,,,,,,,,,,,,,,,,,,,,,,,,,,,,,,,,,,,,,,,,,,,,,,,,,,
,,,,,,,,,,,,,,,,,,,,,,,,,,,,,,,,,,,,,,,,,,,,,,,,,,,,,,,,,,,,,,,,,,,
,,,,,,,,,,,,,,,,,,,,,,,,,,,,,,,,,,,,,,,,,,,,,,,,,,,,,,,,,,,,,,,,,,,
,,,,,,,,,,,,,,,,,,,,,,,,,,,,,,,,,,,,,,,,,,,,,,,,,,,,,,,,,,,,,,,,,,,
,,,,,,,,,,,,,,,,,,,,,,,,,,,,,,,,,,,,,,,,,,,,,,,,,,,,,,,,,,,,,,,,,,,
,,,,,,,,,,,,,,,,,,,,,,,,,,,,,,,,,,,,,,,,,,,,,,,,,,,,,,,,,,,,,,,,,,,
,,,,,,,,,,,,,,,,,,,,,,,,,,,,,,,,,,,,,,,,,,,,,,,,,,,,,,,,,,,,,,,,,,,
,,,,,,,,,,,,,,,,,,,,,,,,,,,,,,,,,,,,,,,,,,,,,,,,,,,,,,,,,,,,,,,,,,,
,,,,,,,,,,,,,,,,,,,,,,,,,,,,,,,,,,,,,,,,,,,,,,,,,,,,,,,,,,,,,,,,,,,
,,,,,,,,,,,,,,,,,,,,,,,,,,,,,,,,,,,,,,,,,,,,,,,,,,,,,,,,,,,,,,,,,,,
,,,,,,,,,,,,,,,,,,,,,,,,,,,,,,,,,,,,,,,,,,,,,,,,,,,,,,,,,,,,,,,,,,,
,,,,,,,,,,,,,,,,,,,,,,,,,,,,,,,,,,,,,,,,,,,,,,,,,,,,,,,,,,,,,,,,,,,
,,,,,,,,,,,,,,,,,,,,,,,,,,,,,,,,,,,,,,,,,,,,,,,,,,,,,,,,,,,,,,,,,,,
,,,,,,,,,,,,,,,,,,,,,,,,,,,,,,,,,,,,,,,,,,,,,,,,,,,,,,,,,,,,,,,,,,,
,,,,,,,,,,,,,,,,,,,,,,,,,,,,,,,,,,,,,,,,,,,,,,,,,,,,,,,,,,,,,,,,,,,
,,,,,,,,,,,,,,,,,,,,,,,,,,,,,,,,,,,,,,,,,,,,,,,,,,,,,,,,,,,,,,,,,,,
,,,,,,,,,,,,,,,,,,,,,,,,,,,,,,,,,,,,,,,,,,,,,,,,,,,,,,,,,,,,,,,,,,,
,,,,,,,,,,,,,,,,,,,,,,,,,,,,,,,,,,,,,,,,,,,,,,,,,,,,,,,,,,,,,,,,,,,
,,,,,,,,,,,,,,,,,,,,,,,,,,,,,,,,,,,,,,,,,,,,,,,,,,,,,,,,,,,,,,,,,,,
,,,,,,,,,,,,,,,,,,,,,,,,,,,,,,,,,,,,,,,,,,,,,,,,,,,,,,,,,,,,,,,,,,,
,,,,,,,,,,,,,,,,,,,,,,,,,,,,,,,,,,,,,,,,,,,,,,,,,,,,,,,,,,,,,,,,,,,
,,,,,,,,,,,,,,,,,,,,,,,,,,,,,,,,,,,,,,,,,,,,,,,,,,,,,,,,,,,,,,,,,,,
,,,,,,,,,,,,,,,,,,,,,,,,,,,,,,,,,,,,,,,,,,,,,,,,,,,,,,,,,,,,,,,,,,,
,,,,,,,,,,,,,,,,,,,,,,,,,,,,,,,,,,,,,,,,,,,,,,,,,,,,,,,,,,,,,,,,,,,
,,,,,,,,,,,,,,,,,,,,,,,,,,,,,,,,,,,,,,,,,,,,,,,,,,,,,,,,,,,,,,,,,,,
,,,,,,,,,,,,,,,,,,,,,,,,,,,,,,,,,,,,,,,,,,,,,,,,,,,,,,,,,,,,,,,,,,,
,,,,,,,,,,,,,,,,,,,,,,,,,,,,,,,,,,,,,,,,,,,,,,,,,,,,,,,,,,,,,,,,,,,
,,,,,,,,,,,,,,,,,,,,,,,,,,,,,,,,,,,,,,,,,,,,,,,,,,,,,,,,,,,,,,,,,,,
,,,,,,,,,,,,,,,,,,,,,,,,,,,,,,,,,,,,,,,,,,,,,,,,,,,,,,,,,,,,,,,,,,,
,,,,,,,,,,,,,,,,,,,,,,,,,,,,,,,,,,,,,,,,,,,,,,,,,,,,,,,,,,,,,,,,,,,
,,,,,,,,,,,,,,,,,,,,,,,,,,,,,,,,,,,,,,,,,,,,,,,,,,,,,,,,,,,,,,,,,,,
,,,,,,,,,,,,,,,,,,,,,,,,,,,,,,,,,,,,,,,,,,,,,,,,,,,,,,,,,,,,,,,,,,,
,,,,,,,,,,,,,,,,,,,,,,,,,,,,,,,,,,,,,,,,,,,,,,,,,,,,,,,,,,,,,,,,,,,
,,,,,,,,,,,,,,,,,,,,,,,,,,,,,,,,,,,,,,,,,,,,,,,,,,,,,,,,,,,,,,,,,,,
,,,,,,,,,,,,,,,,,,,,,,,,,,,,,,,,,,,,,,,,,,,,,,,,,,,,,,,,,,,,,,,,,,,
,,,,,,,,,,,,,,,,,,,,,,,,,,,,,,,,,,,,,,,,,,,,,,,,,,,,,,,,,,,,,,,,,,,
,,,,,,,,,,,,,,,,,,,,,,,,,,,,,,,,,,,,,,,,,,,,,,,,,,,,,,,,,,,,,,,,,,,
,,,,,,,,,,,,,,,,,,,,,,,,,,,,,,,,,,,,,,,,,,,,,,,,,,,,,,,,,,,,,,,,,,,
,,,,,,,,,,,,,,,,,,,,,,,,,,,,,,,,,,,,,,,,,,,,,,,,,,,,,,,,,,,,,,,,,,,
,,,,,,,,,,,,,,,,,,,,,,,,,,,,,,,,,,,,,,,,,,,,,,,,,,,,,,,,,,,,,,,,,,,
,,,,,,,,,,,,,,,,,,,,,,,,,,,,,,,,,,,,,,,,,,,,,,,,,,,,,,,,,,,,,,,,,,,
,,,,,,,,,,,,,,,,,,,,,,,,,,,,,,,,,,,,,,,,,,,,,,,,,,,,,,,,,,,,,,,,,,,
,,,,,,,,,,,,,,,,,,,,,,,,,,,,,,,,,,,,,,,,,,,,,,,,,,,,,,,,,,,,,,,,,,,
,,,,,,,,,,,,,,,,,,,,,,,,,,,,,,,,,,,,,,,,,,,,,,,,,,,,,,,,,,,,,,,,,,,
,,,,,,,,,,,,,,,,,,,,,,,,,,,,,,,,,,,,,,,,,,,,,,,,,,,,,,,,,,,,,,,,,,,
,,,,,,,,,,,,,,,,,,,,,,,,,,,,,,,,,,,,,,,,,,,,,,,,,,,,,,,,,,,,,,,,,,,
,,,,,,,,,,,,,,,,,,,,,,,,,,,,,,,,,,,,,,,,,,,,,,,,,,,,,,,,,,,,,,,,,,,
,,,,,,,,,,,,,,,,,,,,,,,,,,,,,,,,,,,,,,,,,,,,,,,,,,,,,,,,,,,,,,,,,,,
,,,,,,,,,,,,,,,,,,,,,,,,,,,,,,,,,,,,,,,,,,,,,,,,,,,,,,,,,,,,,,,,,,,
,,,,,,,,,,,,,,,,,,,,,,,,,,,,,,,,,,,,,,,,,,,,,,,,,,,,,,,,,,,,,,,,,,,
,,,,,,,,,,,,,,,,,,,,,,,,,,,,,,,,,,,,,,,,,,,,,,,,,,,,,,,,,,,,,,,,,,,
,,,,,,,,,,,,,,,,,,,,,,,,,,,,,,,,,,,,,,,,,,,,,,,,,,,,,,,,,,,,,,,,,,,
,,,,,,,,,,,,,,,,,,,,,,,,,,,,,,,,,,,,,,,,,,,,,,,,,,,,,,,,,,,,,,,,,,,
,,,,,,,,,,,,,,,,,,,,,,,,,,,,,,,,,,,,,,,,,,,,,,,,,,,,,,,,,,,,,,,,,,,
,,,,,,,,,,,,,,,,,,,,,,,,,,,,,,,,,,,,,,,,,,,,,,,,,,,,,,,,,,,,,,,,,,,
,,,,,,,,,,,,,,,,,,,,,,,,,,,,,,,,,,,,,,,,,,,,,,,,,,,,,,,,,,,,,,,,,,,
,,,,,,,,,,,,,,,,,,,,,,,,,,,,,,,,,,,,,,,,,,,,,,,,,,,,,,,,,,,,,,,,,,,
,,,,,,,,,,,,,,,,,,,,,,,,,,,,,,,,,,,,,,,,,,,,,,,,,,,,,,,,,,,,,,,,,,,
,,,,,,,,,,,,,,,,,,,,,,,,,,,,,,,,,,,,,,,,,,,,,,,,,,,,,,,,,,,,,,,,,,,
,,,,,,,,,,,,,,,,,,,,,,,,,,,,,,,,,,,,,,,,,,,,,,,,,,,,,,,,,,,,,,,,,,,
,,,,,,,,,,,,,,,,,,,,,,,,,,,,,,,,,,,,,,,,,,,,,,,,,,,,,,,,,,,,,,,,,,,
,,,,,,,,,,,,,,,,,,,,,,,,,,,,,,,,,,,,,,,,,,,,,,,,,,,,,,,,,,,,,,,,,,,
,,,,,,,,,,,,,,,,,,,,,,,,,,,,,,,,,,,,,,,,,,,,,,,,,,,,,,,,,,,,,,,,,,,
,,,,,,,,,,,,,,,,,,,,,,,,,,,,,,,,,,,,,,,,,,,,,,,,,,,,,,,,,,,,,,,,,,,
,,,,,,,,,,,,,,,,,,,,,,,,,,,,,,,,,,,,,,,,,,,,,,,,,,,,,,,,,,,,,,,,,,,
,,,,,,,,,,,,,,,,,,,,,,,,,,,,,,,,,,,,,,,,,,,,,,,,,,,,,,,,,,,,,,,,,,,
,,,,,,,,,,,,,,,,,,,,,,,,,,,,,,,,,,,,,,,,,,,,,,,,,,,,,,,,,,,,,,,,,,,
,,,,,,,,,,,,,,,,,,,,,,,,,,,,,,,,,,,,,,,,,,,,,,,,,,,,,,,,,,,,,,,,,,,
,,,,,,,,,,,,,,,,,,,,,,,,,,,,,,,,,,,,,,,,,,,,,,,,,,,,,,,,,,,,,,,,,,,
,,,,,,,,,,,,,,,,,,,,,,,,,,,,,,,,,,,,,,,,,,,,,,,,,,,,,,,,,,,,,,,,,,,
,,,,,,,,,,,,,,,,,,,,,,,,,,,,,,,,,,,,,,,,,,,,,,,,,,,,,,,,,,,,,,,,,,,
,,,,,,,,,,,,,,,,,,,,,,,,,,,,,,,,,,,,,,,,,,,,,,,,,,,,,,,,,,,,,,,,,,,
,,,,,,,,,,,,,,,,,,,,,,,,,,,,,,,,,,,,,,,,,,,,,,,,,,,,,,,,,,,,,,,,,,,
,,,,,,,,,,,,,,,,,,,,,,,,,,,,,,,,,,,,,,,,,,,,,,,,,,,,,,,,,,,,,,,,,,,
,,,,,,,,,,,,,,,,,,,,,,,,,,,,,,,,,,,,,,,,,,,,,,,,,,,,,,,,,,,,,,,,,,,
,,,,,,,,,,,,,,,,,,,,,,,,,,,,,,,,,,,,,,,,,,,,,,,,,,,,,,,,,,,,,,,,,,,
,,,,,,,,,,,,,,,,,,,,,,,,,,,,,,,,,,,,,,,,,,,,,,,,,,,,,,,,,,,,,,,,,,,
,,,,,,,,,,,,,,,,,,,,,,,,,,,,,,,,,,,,,,,,,,,,,,,,,,,,,,,,,,,,,,,,,,,
,,,,,,,,,,,,,,,,,,,,,,,,,,,,,,,,,,,,,,,,,,,,,,,,,,,,,,,,,,,,,,,,,,,
,,,,,,,,,,,,,,,,,,,,,,,,,,,,,,,,,,,,,,,,,,,,,,,,,,,,,,,,,,,,,,,,,,,
,,,,,,,,,,,,,,,,,,,,,,,,,,,,,,,,,,,,,,,,,,,,,,,,,,,,,,,,,,,,,,,,,,,
,,,,,,,,,,,,,,,,,,,,,,,,,,,,,,,,,,,,,,,,,,,,,,,,,,,,,,,,,,,,,,,,,,,
,,,,,,,,,,,,,,,,,,,,,,,,,,,,,,,,,,,,,,,,,,,,,,,,,,,,,,,,,,,,,,,,,,,
,,,,,,,,,,,,,,,,,,,,,,,,,,,,,,,,,,,,,,,,,,,,,,,,,,,,,,,,,,,,,,,,,,,
,,,,,,,,,,,,,,,,,,,,,,,,,,,,,,,,,,,,,,,,,,,,,,,,,,,,,,,,,,,,,,,,,,,
,,,,,,,,,,,,,,,,,,,,,,,,,,,,,,,,,,,,,,,,,,,,,,,,,,,,,,,,,,,,,,,,,,,
,,,,,,,,,,,,,,,,,,,,,,,,,,,,,,,,,,,,,,,,,,,,,,,,,,,,,,,,,,,,,,,,,,,
,,,,,,,,,,,,,,,,,,,,,,,,,,,,,,,,,,,,,,,,,,,,,,,,,,,,,,,,,,,,,,,,,,,
,,,,,,,,,,,,,,,,,,,,,,,,,,,,,,,,,,,,,,,,,,,,,,,,,,,,,,,,,,,,,,,,,,,
,,,,,,,,,,,,,,,,,,,,,,,,,,,,,,,,,,,,,,,,,,,,,,,,,,,,,,,,,,,,,,,,,,,
,,,,,,,,,,,,,,,,,,,,,,,,,,,,,,,,,,,,,,,,,,,,,,,,,,,,,,,,,,,,,,,,,,,
,,,,,,,,,,,,,,,,,,,,,,,,,,,,,,,,,,,,,,,,,,,,,,,,,,,,,,,,,,,,,,,,,,,
,,,,,,,,,,,,,,,,,,,,,,,,,,,,,,,,,,,,,,,,,,,,,,,,,,,,,,,,,,,,,,,,,,,
,,,,,,,,,,,,,,,,,,,,,,,,,,,,,,,,,,,,,,,,,,,,,,,,,,,,,,,,,,,,,,,,,,,
,,,,,,,,,,,,,,,,,,,,,,,,,,,,,,,,,,,,,,,,,,,,,,,,,,,,,,,,,,,,,,,,,,,
,,,,,,,,,,,,,,,,,,,,,,,,,,,,,,,,,,,,,,,,,,,,,,,,,,,,,,,,,,,,,,,,,,,
,,,,,,,,,,,,,,,,,,,,,,,,,,,,,,,,,,,,,,,,,,,,,,,,,,,,,,,,,,,,,,,,,,,
,,,,,,,,,,,,,,,,,,,,,,,,,,,,,,,,,,,,,,,,,,,,,,,,,,,,,,,,,,,,,,,,,,,
,,,,,,,,,,,,,,,,,,,,,,,,,,,,,,,,,,,,,,,,,,,,,,,,,,,,,,,,,,,,,,,,,,,
,,,,,,,,,,,,,,,,,,,,,,,,,,,,,,,,,,,,,,,,,,,,,,,,,,,,,,,,,,,,,,,,,,,
,,,,,,,,,,,,,,,,,,,,,,,,,,,,,,,,,,,,,,,,,,,,,,,,,,,,,,,,,,,,,,,,,,,
,,,,,,,,,,,,,,,,,,,,,,,,,,,,,,,,,,,,,,,,,,,,,,,,,,,,,,,,,,,,,,,,,,,
,,,,,,,,,,,,,,,,,,,,,,,,,,,,,,,,,,,,,,,,,,,,,,,,,,,,,,,,,,,,,,,,,,,
,,,,,,,,,,,,,,,,,,,,,,,,,,,,,,,,,,,,,,,,,,,,,,,,,,,,,,,,,,,,,,,,,,,
,,,,,,,,,,,,,,,,,,,,,,,,,,,,,,,,,,,,,,,,,,,,,,,,,,,,,,,,,,,,,,,,,,,
,,,,,,,,,,,,,,,,,,,,,,,,,,,,,,,,,,,,,,,,,,,,,,,,,,,,,,,,,,,,,,,,,,,
,,,,,,,,,,,,,,,,,,,,,,,,,,,,,,,,,,,,,,,,,,,,,,,,,,,,,,,,,,,,,,,,,,,
,,,,,,,,,,,,,,,,,,,,,,,,,,,,,,,,,,,,,,,,,,,,,,,,,,,,,,,,,,,,,,,,,,,
,,,,,,,,,,,,,,,,,,,,,,,,,,,,,,,,,,,,,,,,,,,,,,,,,,,,,,,,,,,,,,,,,,,
,,,,,,,,,,,,,,,,,,,,,,,,,,,,,,,,,,,,,,,,,,,,,,,,,,,,,,,,,,,,,,,,,,,
,,,,,,,,,,,,,,,,,,,,,,,,,,,,,,,,,,,,,,,,,,,,,,,,,,,,,,,,,,,,,,,,,,,
,,,,,,,,,,,,,,,,,,,,,,,,,,,,,,,,,,,,,,,,,,,,,,,,,,,,,,,,,,,,,,,,,,,
,,,,,,,,,,,,,,,,,,,,,,,,,,,,,,,,,,,,,,,,,,,,,,,,,,,,,,,,,,,,,,,,,,,
,,,,,,,,,,,,,,,,,,,,,,,,,,,,,,,,,,,,,,,,,,,,,,,,,,,,,,,,,,,,,,,,,,,
,,,,,,,,,,,,,,,,,,,,,,,,,,,,,,,,,,,,,,,,,,,,,,,,,,,,,,,,,,,,,,,,,,,
,,,,,,,,,,,,,,,,,,,,,,,,,,,,,,,,,,,,,,,,,,,,,,,,,,,,,,,,,,,,,,,,,,,
,,,,,,,,,,,,,,,,,,,,,,,,,,,,,,,,,,,,,,,,,,,,,,,,,,,,,,,,,,,,,,,,,,,
,,,,,,,,,,,,,,,,,,,,,,,,,,,,,,,,,,,,,,,,,,,,,,,,,,,,,,,,,,,,,,,,,,,
,,,,,,,,,,,,,,,,,,,,,,,,,,,,,,,,,,,,,,,,,,,,,,,,,,,,,,,,,,,,,,,,,,,
,,,,,,,,,,,,,,,,,,,,,,,,,,,,,,,,,,,,,,,,,,,,,,,,,,,,,,,,,,,,,,,,,,,
,,,,,,,,,,,,,,,,,,,,,,,,,,,,,,,,,,,,,,,,,,,,,,,,,,,,,,,,,,,,,,,,,,,
,,,,,,,,,,,,,,,,,,,,,,,,,,,,,,,,,,,,,,,,,,,,,,,,,,,,,,,,,,,,,,,,,,,
,,,,,,,,,,,,,,,,,,,,,,,,,,,,,,,,,,,,,,,,,,,,,,,,,,,,,,,,,,,,,,,,,,,
,,,,,,,,,,,,,,,,,,,,,,,,,,,,,,,,,,,,,,,,,,,,,,,,,,,,,,,,,,,,,,,,,,,
,,,,,,,,,,,,,,,,,,,,,,,,,,,,,,,,,,,,,,,,,,,,,,,,,,,,,,,,,,,,,,,,,,,
,,,,,,,,,,,,,,,,,,,,,,,,,,,,,,,,,,,,,,,,,,,,,,,,,,,,,,,,,,,,,,,,,,,
,,,,,,,,,,,,,,,,,,,,,,,,,,,,,,,,,,,,,,,,,,,,,,,,,,,,,,,,,,,,,,,,,,,
,,,,,,,,,,,,,,,,,,,,,,,,,,,,,,,,,,,,,,,,,,,,,,,,,,,,,,,,,,,,,,,,,,,
,,,,,,,,,,,,,,,,,,,,,,,,,,,,,,,,,,,,,,,,,,,,,,,,,,,,,,,,,,,,,,,,,,,
,,,,,,,,,,,,,,,,,,,,,,,,,,,,,,,,,,,,,,,,,,,,,,,,,,,,,,,,,,,,,,,,,,,
,,,,,,,,,,,,,,,,,,,,,,,,,,,,,,,,,,,,,,,,,,,,,,,,,,,,,,,,,,,,,,,,,,,
,,,,,,,,,,,,,,,,,,,,,,,,,,,,,,,,,,,,,,,,,,,,,,,,,,,,,,,,,,,,,,,,,,,
,,,,,,,,,,,,,,,,,,,,,,,,,,,,,,,,,,,,,,,,,,,,,,,,,,,,,,,,,,,,,,,,,,,
,,,,,,,,,,,,,,,,,,,,,,,,,,,,,,,,,,,,,,,,,,,,,,,,,,,,,,,,,,,,,,,,,,,
,,,,,,,,,,,,,,,,,,,,,,,,,,,,,,,,,,,,,,,,,,,,,,,,,,,,,,,,,,,,,,,,,,,
,,,,,,,,,,,,,,,,,,,,,,,,,,,,,,,,,,,,,,,,,,,,,,,,,,,,,,,,,,,,,,,,,,,
,,,,,,,,,,,,,,,,,,,,,,,,,,,,,,,,,,,,,,,,,,,,,,,,,,,,,,,,,,,,,,,,,,,
,,,,,,,,,,,,,,,,,,,,,,,,,,,,,,,,,,,,,,,,,,,,,,,,,,,,,,,,,,,,,,,,,,,
,,,,,,,,,,,,,,,,,,,,,,,,,,,,,,,,,,,,,,,,,,,,,,,,,,,,,,,,,,,,,,,,,,,
,,,,,,,,,,,,,,,,,,,,,,,,,,,,,,,,,,,,,,,,,,,,,,,,,,,,,,,,,,,,,,,,,,,
,,,,,,,,,,,,,,,,,,,,,,,,,,,,,,,,,,,,,,,,,,,,,,,,,,,,,,,,,,,,,,,,,,,
,,,,,,,,,,,,,,,,,,,,,,,,,,,,,,,,,,,,,,,,,,,,,,,,,,,,,,,,,,,,,,,,,,,
,,,,,,,,,,,,,,,,,,,,,,,,,,,,,,,,,,,,,,,,,,,,,,,,,,,,,,,,,,,,,,,,,,,
,,,,,,,,,,,,,,,,,,,,,,,,,,,,,,,,,,,,,,,,,,,,,,,,,,,,,,,,,,,,,,,,,,,
,,,,,,,,,,,,,,,,,,,,,,,,,,,,,,,,,,,,,,,,,,,,,,,,,,,,,,,,,,,,,,,,,,,
,,,,,,,,,,,,,,,,,,,,,,,,,,,,,,,,,,,,,,,,,,,,,,,,,,,,,,,,,,,,,,,,,,,
,,,,,,,,,,,,,,,,,,,,,,,,,,,,,,,,,,,,,,,,,,,,,,,,,,,,,,,,,,,,,,,,,,,
,,,,,,,,,,,,,,,,,,,,,,,,,,,,,,,,,,,,,,,,,,,,,,,,,,,,,,,,,,,,,,,,,,,
,,,,,,,,,,,,,,,,,,,,,,,,,,,,,,,,,,,,,,,,,,,,,,,,,,,,,,,,,,,,,,,,,,,
,,,,,,,,,,,,,,,,,,,,,,,,,,,,,,,,,,,,,,,,,,,,,,,,,,,,,,,,,,,,,,,,,,,
,,,,,,,,,,,,,,,,,,,,,,,,,,,,,,,,,,,,,,,,,,,,,,,,,,,,,,,,,,,,,,,,,,,
,,,,,,,,,,,,,,,,,,,,,,,,,,,,,,,,,,,,,,,,,,,,,,,,,,,,,,,,,,,,,,,,,,,
,,,,,,,,,,,,,,,,,,,,,,,,,,,,,,,,,,,,,,,,,,,,,,,,,,,,,,,,,,,,,,,,,,,
,,,,,,,,,,,,,,,,,,,,,,,,,,,,,,,,,,,,,,,,,,,,,,,,,,,,,,,,,,,,,,,,,,,
,,,,,,,,,,,,,,,,,,,,,,,,,,,,,,,,,,,,,,,,,,,,,,,,,,,,,,,,,,,,,,,,,,,
,,,,,,,,,,,,,,,,,,,,,,,,,,,,,,,,,,,,,,,,,,,,,,,,,,,,,,,,,,,,,,,,,,,
,,,,,,,,,,,,,,,,,,,,,,,,,,,,,,,,,,,,,,,,,,,,,,,,,,,,,,,,,,,,,,,,,,,
,,,,,,,,,,,,,,,,,,,,,,,,,,,,,,,,,,,,,,,,,,,,,,,,,,,,,,,,,,,,,,,,,,,
,,,,,,,,,,,,,,,,,,,,,,,,,,,,,,,,,,,,,,,,,,,,,,,,,,,,,,,,,,,,,,,,,,,
,,,,,,,,,,,,,,,,,,,,,,,,,,,,,,,,,,,,,,,,,,,,,,,,,,,,,,,,,,,,,,,,,,,
,,,,,,,,,,,,,,,,,,,,,,,,,,,,,,,,,,,,,,,,,,,,,,,,,,,,,,,,,,,,,,,,,,,
,,,,,,,,,,,,,,,,,,,,,,,,,,,,,,,,,,,,,,,,,,,,,,,,,,,,,,,,,,,,,,,,,,,
,,,,,,,,,,,,,,,,,,,,,,,,,,,,,,,,,,,,,,,,,,,,,,,,,,,,,,,,,,,,,,,,,,,
,,,,,,,,,,,,,,,,,,,,,,,,,,,,,,,,,,,,,,,,,,,,,,,,,,,,,,,,,,,,,,,,,,,
,,,,,,,,,,,,,,,,,,,,,,,,,,,,,,,,,,,,,,,,,,,,,,,,,,,,,,,,,,,,,,,,,,,
,,,,,,,,,,,,,,,,,,,,,,,,,,,,,,,,,,,,,,,,,,,,,,,,,,,,,,,,,,,,,,,,,,,
,,,,,,,,,,,,,,,,,,,,,,,,,,,,,,,,,,,,,,,,,,,,,,,,,,,,,,,,,,,,,,,,,,,
,,,,,,,,,,,,,,,,,,,,,,,,,,,,,,,,,,,,,,,,,,,,,,,,,,,,,,,,,,,,,,,,,,,
,,,,,,,,,,,,,,,,,,,,,,,,,,,,,,,,,,,,,,,,,,,,,,,,,,,,,,,,,,,,,,,,,,,
,,,,,,,,,,,,,,,,,,,,,,,,,,,,,,,,,,,,,,,,,,,,,,,,,,,,,,,,,,,,,,,,,,,
,,,,,,,,,,,,,,,,,,,,,,,,,,,,,,,,,,,,,,,,,,,,,,,,,,,,,,,,,,,,,,,,,,,
,,,,,,,,,,,,,,,,,,,,,,,,,,,,,,,,,,,,,,,,,,,,,,,,,,,,,,,,,,,,,,,,,,,
,,,,,,,,,,,,,,,,,,,,,,,,,,,,,,,,,,,,,,,,,,,,,,,,,,,,,,,,,,,,,,,,,,,
,,,,,,,,,,,,,,,,,,,,,,,,,,,,,,,,,,,,,,,,,,,,,,,,,,,,,,,,,,,,,,,,,,,
,,,,,,,,,,,,,,,,,,,,,,,,,,,,,,,,,,,,,,,,,,,,,,,,,,,,,,,,,,,,,,,,,,,
,,,,,,,,,,,,,,,,,,,,,,,,,,,,,,,,,,,,,,,,,,,,,,,,,,,,,,,,,,,,,,,,,,,
,,,,,,,,,,,,,,,,,,,,,,,,,,,,,,,,,,,,,,,,,,,,,,,,,,,,,,,,,,,,,,,,,,,
,,,,,,,,,,,,,,,,,,,,,,,,,,,,,,,,,,,,,,,,,,,,,,,,,,,,,,,,,,,,,,,,,,,
,,,,,,,,,,,,,,,,,,,,,,,,,,,,,,,,,,,,,,,,,,,,,,,,,,,,,,,,,,,,,,,,,,,
,,,,,,,,,,,,,,,,,,,,,,,,,,,,,,,,,,,,,,,,,,,,,,,,,,,,,,,,,,,,,,,,,,,
,,,,,,,,,,,,,,,,,,,,,,,,,,,,,,,,,,,,,,,,,,,,,,,,,,,,,,,,,,,,,,,,,,,
,,,,,,,,,,,,,,,,,,,,,,,,,,,,,,,,,,,,,,,,,,,,,,,,,,,,,,,,,,,,,,,,,,,
,,,,,,,,,,,,,,,,,,,,,,,,,,,,,,,,,,,,,,,,,,,,,,,,,,,,,,,,,,,,,,,,,,,
,,,,,,,,,,,,,,,,,,,,,,,,,,,,,,,,,,,,,,,,,,,,,,,,,,,,,,,,,,,,,,,,,,,
,,,,,,,,,,,,,,,,,,,,,,,,,,,,,,,,,,,,,,,,,,,,,,,,,,,,,,,,,,,,,,,,,,,
,,,,,,,,,,,,,,,,,,,,,,,,,,,,,,,,,,,,,,,,,,,,,,,,,,,,,,,,,,,,,,,,,,,
,,,,,,,,,,,,,,,,,,,,,,,,,,,,,,,,,,,,,,,,,,,,,,,,,,,,,,,,,,,,,,,,,,,
,,,,,,,,,,,,,,,,,,,,,,,,,,,,,,,,,,,,,,,,,,,,,,,,,,,,,,,,,,,,,,,,,,,
,,,,,,,,,,,,,,,,,,,,,,,,,,,,,,,,,,,,,,,,,,,,,,,,,,,,,,,,,,,,,,,,,,,
,,,,,,,,,,,,,,,,,,,,,,,,,,,,,,,,,,,,,,,,,,,,,,,,,,,,,,,,,,,,,,,,,,,
,,,,,,,,,,,,,,,,,,,,,,,,,,,,,,,,,,,,,,,,,,,,,,,,,,,,,,,,,,,,,,,,,,,
,,,,,,,,,,,,,,,,,,,,,,,,,,,,,,,,,,,,,,,,,,,,,,,,,,,,,,,,,,,,,,,,,,,
,,,,,,,,,,,,,,,,,,,,,,,,,,,,,,,,,,,,,,,,,,,,,,,,,,,,,,,,,,,,,,,,,,,
,,,,,,,,,,,,,,,,,,,,,,,,,,,,,,,,,,,,,,,,,,,,,,,,,,,,,,,,,,,,,,,,,,,
,,,,,,,,,,,,,,,,,,,,,,,,,,,,,,,,,,,,,,,,,,,,,,,,,,,,,,,,,,,,,,,,,,,
,,,,,,,,,,,,,,,,,,,,,,,,,,,,,,,,,,,,,,,,,,,,,,,,,,,,,,,,,,,,,,,,,,,
,,,,,,,,,,,,,,,,,,,,,,,,,,,,,,,,,,,,,,,,,,,,,,,,,,,,,,,,,,,,,,,,,,,
,,,,,,,,,,,,,,,,,,,,,,,,,,,,,,,,,,,,,,,,,,,,,,,,,,,,,,,,,,,,,,,,,,,
,,,,,,,,,,,,,,,,,,,,,,,,,,,,,,,,,,,,,,,,,,,,,,,,,,,,,,,,,,,,,,,,,,,
,,,,,,,,,,,,,,,,,,,,,,,,,,,,,,,,,,,,,,,,,,,,,,,,,,,,,,,,,,,,,,,,,,,
,,,,,,,,,,,,,,,,,,,,,,,,,,,,,,,,,,,,,,,,,,,,,,,,,,,,,,,,,,,,,,,,,,,
,,,,,,,,,,,,,,,,,,,,,,,,,,,,,,,,,,,,,,,,,,,,,,,,,,,,,,,,,,,,,,,,,,,
,,,,,,,,,,,,,,,,,,,,,,,,,,,,,,,,,,,,,,,,,,,,,,,,,,,,,,,,,,,,,,,,,,,
,,,,,,,,,,,,,,,,,,,,,,,,,,,,,,,,,,,,,,,,,,,,,,,,,,,,,,,,,,,,,,,,,,,
,,,,,,,,,,,,,,,,,,,,,,,,,,,,,,,,,,,,,,,,,,,,,,,,,,,,,,,,,,,,,,,,,,,
,,,,,,,,,,,,,,,,,,,,,,,,,,,,,,,,,,,,,,,,,,,,,,,,,,,,,,,,,,,,,,,,,,,
,,,,,,,,,,,,,,,,,,,,,,,,,,,,,,,,,,,,,,,,,,,,,,,,,,,,,,,,,,,,,,,,,,,
,,,,,,,,,,,,,,,,,,,,,,,,,,,,,,,,,,,,,,,,,,,,,,,,,,,,,,,,,,,,,,,,,,,
,,,,,,,,,,,,,,,,,,,,,,,,,,,,,,,,,,,,,,,,,,,,,,,,,,,,,,,,,,,,,,,,,,,
,,,,,,,,,,,,,,,,,,,,,,,,,,,,,,,,,,,,,,,,,,,,,,,,,,,,,,,,,,,,,,,,,,,
,,,,,,,,,,,,,,,,,,,,,,,,,,,,,,,,,,,,,,,,,,,,,,,,,,,,,,,,,,,,,,,,,,,
,,,,,,,,,,,,,,,,,,,,,,,,,,,,,,,,,,,,,,,,,,,,,,,,,,,,,,,,,,,,,,,,,,,
,,,,,,,,,,,,,,,,,,,,,,,,,,,,,,,,,,,,,,,,,,,,,,,,,,,,,,,,,,,,,,,,,,,
,,,,,,,,,,,,,,,,,,,,,,,,,,,,,,,,,,,,,,,,,,,,,,,,,,,,,,,,,,,,,,,,,,,
,,,,,,,,,,,,,,,,,,,,,,,,,,,,,,,,,,,,,,,,,,,,,,,,,,,,,,,,,,,,,,,,,,,
,,,,,,,,,,,,,,,,,,,,,,,,,,,,,,,,,,,,,,,,,,,,,,,,,,,,,,,,,,,,,,,,,,,
,,,,,,,,,,,,,,,,,,,,,,,,,,,,,,,,,,,,,,,,,,,,,,,,,,,,,,,,,,,,,,,,,,,
,,,,,,,,,,,,,,,,,,,,,,,,,,,,,,,,,,,,,,,,,,,,,,,,,,,,,,,,,,,,,,,,,,,
,,,,,,,,,,,,,,,,,,,,,,,,,,,,,,,,,,,,,,,,,,,,,,,,,,,,,,,,,,,,,,,,,,,
,,,,,,,,,,,,,,,,,,,,,,,,,,,,,,,,,,,,,,,,,,,,,,,,,,,,,,,,,,,,,,,,,,,
,,,,,,,,,,,,,,,,,,,,,,,,,,,,,,,,,,,,,,,,,,,,,,,,,,,,,,,,,,,,,,,,,,,
,,,,,,,,,,,,,,,,,,,,,,,,,,,,,,,,,,,,,,,,,,,,,,,,,,,,,,,,,,,,,,,,,,,
,,,,,,,,,,,,,,,,,,,,,,,,,,,,,,,,,,,,,,,,,,,,,,,,,,,,,,,,,,,,,,,,,,,
,,,,,,,,,,,,,,,,,,,,,,,,,,,,,,,,,,,,,,,,,,,,,,,,,,,,,,,,,,,,,,,,,,,
,,,,,,,,,,,,,,,,,,,,,,,,,,,,,,,,,,,,,,,,,,,,,,,,,,,,,,,,,,,,,,,,,,,
,,,,,,,,,,,,,,,,,,,,,,,,,,,,,,,,,,,,,,,,,,,,,,,,,,,,,,,,,,,,,,,,,,,
,,,,,,,,,,,,,,,,,,,,,,,,,,,,,,,,,,,,,,,,,,,,,,,,,,,,,,,,,,,,,,,,,,,
,,,,,,,,,,,,,,,,,,,,,,,,,,,,,,,,,,,,,,,,,,,,,,,,,,,,,,,,,,,,,,,,,,,
,,,,,,,,,,,,,,,,,,,,,,,,,,,,,,,,,,,,,,,,,,,,,,,,,,,,,,,,,,,,,,,,,,,
,,,,,,,,,,,,,,,,,,,,,,,,,,,,,,,,,,,,,,,,,,,,,,,,,,,,,,,,,,,,,,,,,,,
,,,,,,,,,,,,,,,,,,,,,,,,,,,,,,,,,,,,,,,,,,,,,,,,,,,,,,,,,,,,,,,,,,,
,,,,,,,,,,,,,,,,,,,,,,,,,,,,,,,,,,,,,,,,,,,,,,,,,,,,,,,,,,,,,,,,,,,
,,,,,,,,,,,,,,,,,,,,,,,,,,,,,,,,,,,,,,,,,,,,,,,,,,,,,,,,,,,,,,,,,,,
,,,,,,,,,,,,,,,,,,,,,,,,,,,,,,,,,,,,,,,,,,,,,,,,,,,,,,,,,,,,,,,,,,,
,,,,,,,,,,,,,,,,,,,,,,,,,,,,,,,,,,,,,,,,,,,,,,,,,,,,,,,,,,,,,,,,,,,
,,,,,,,,,,,,,,,,,,,,,,,,,,,,,,,,,,,,,,,,,,,,,,,,,,,,,,,,,,,,,,,,,,,
,,,,,,,,,,,,,,,,,,,,,,,,,,,,,,,,,,,,,,,,,,,,,,,,,,,,,,,,,,,,,,,,,,,
,,,,,,,,,,,,,,,,,,,,,,,,,,,,,,,,,,,,,,,,,,,,,,,,,,,,,,,,,,,,,,,,,,,
,,,,,,,,,,,,,,,,,,,,,,,,,,,,,,,,,,,,,,,,,,,,,,,,,,,,,,,,,,,,,,,,,,,
,,,,,,,,,,,,,,,,,,,,,,,,,,,,,,,,,,,,,,,,,,,,,,,,,,,,,,,,,,,,,,,,,,,
,,,,,,,,,,,,,,,,,,,,,,,,,,,,,,,,,,,,,,,,,,,,,,,,,,,,,,,,,,,,,,,,,,,
,,,,,,,,,,,,,,,,,,,,,,,,,,,,,,,,,,,,,,,,,,,,,,,,,,,,,,,,,,,,,,,,,,,
,,,,,,,,,,,,,,,,,,,,,,,,,,,,,,,,,,,,,,,,,,,,,,,,,,,,,,,,,,,,,,,,,,,
,,,,,,,,,,,,,,,,,,,,,,,,,,,,,,,,,,,,,,,,,,,,,,,,,,,,,,,,,,,,,,,,,,,
,,,,,,,,,,,,,,,,,,,,,,,,,,,,,,,,,,,,,,,,,,,,,,,,,,,,,,,,,,,,,,,,,,,
,,,,,,,,,,,,,,,,,,,,,,,,,,,,,,,,,,,,,,,,,,,,,,,,,,,,,,,,,,,,,,,,,,,
,,,,,,,,,,,,,,,,,,,,,,,,,,,,,,,,,,,,,,,,,,,,,,,,,,,,,,,,,,,,,,,,,,,
,,,,,,,,,,,,,,,,,,,,,,,,,,,,,,,,,,,,,,,,,,,,,,,,,,,,,,,,,,,,,,,,,,,
,,,,,,,,,,,,,,,,,,,,,,,,,,,,,,,,,,,,,,,,,,,,,,,,,,,,,,,,,,,,,,,,,,,
,,,,,,,,,,,,,,,,,,,,,,,,,,,,,,,,,,,,,,,,,,,,,,,,,,,,,,,,,,,,,,,,,,,
,,,,,,,,,,,,,,,,,,,,,,,,,,,,,,,,,,,,,,,,,,,,,,,,,,,,,,,,,,,,,,,,,,,
,,,,,,,,,,,,,,,,,,,,,,,,,,,,,,,,,,,,,,,,,,,,,,,,,,,,,,,,,,,,,,,,,,,
,,,,,,,,,,,,,,,,,,,,,,,,,,,,,,,,,,,,,,,,,,,,,,,,,,,,,,,,,,,,,,,,,,,
,,,,,,,,,,,,,,,,,,,,,,,,,,,,,,,,,,,,,,,,,,,,,,,,,,,,,,,,,,,,,,,,,,,
,,,,,,,,,,,,,,,,,,,,,,,,,,,,,,,,,,,,,,,,,,,,,,,,,,,,,,,,,,,,,,,,,,,
,,,,,,,,,,,,,,,,,,,,,,,,,,,,,,,,,,,,,,,,,,,,,,,,,,,,,,,,,,,,,,,,,,,
,,,,,,,,,,,,,,,,,,,,,,,,,,,,,,,,,,,,,,,,,,,,,,,,,,,,,,,,,,,,,,,,,,,
,,,,,,,,,,,,,,,,,,,,,,,,,,,,,,,,,,,,,,,,,,,,,,,,,,,,,,,,,,,,,,,,,,,
,,,,,,,,,,,,,,,,,,,,,,,,,,,,,,,,,,,,,,,,,,,,,,,,,,,,,,,,,,,,,,,,,,,
,,,,,,,,,,,,,,,,,,,,,,,,,,,,,,,,,,,,,,,,,,,,,,,,,,,,,,,,,,,,,,,,,,,
,,,,,,,,,,,,,,,,,,,,,,,,,,,,,,,,,,,,,,,,,,,,,,,,,,,,,,,,,,,,,,,,,,,
,,,,,,,,,,,,,,,,,,,,,,,,,,,,,,,,,,,,,,,,,,,,,,,,,,,,,,,,,,,,,,,,,,,
,,,,,,,,,,,,,,,,,,,,,,,,,,,,,,,,,,,,,,,,,,,,,,,,,,,,,,,,,,,,,,,,,,,
,,,,,,,,,,,,,,,,,,,,,,,,,,,,,,,,,,,,,,,,,,,,,,,,,,,,,,,,,,,,,,,,,,,
,,,,,,,,,,,,,,,,,,,,,,,,,,,,,,,,,,,,,,,,,,,,,,,,,,,,,,,,,,,,,,,,,,,
,,,,,,,,,,,,,,,,,,,,,,,,,,,,,,,,,,,,,,,,,,,,,,,,,,,,,,,,,,,,,,,,,,,
,,,,,,,,,,,,,,,,,,,,,,,,,,,,,,,,,,,,,,,,,,,,,,,,,,,,,,,,,,,,,,,,,,,
,,,,,,,,,,,,,,,,,,,,,,,,,,,,,,,,,,,,,,,,,,,,,,,,,,,,,,,,,,,,,,,,,,,
,,,,,,,,,,,,,,,,,,,,,,,,,,,,,,,,,,,,,,,,,,,,,,,,,,,,,,,,,,,,,,,,,,,
,,,,,,,,,,,,,,,,,,,,,,,,,,,,,,,,,,,,,,,,,,,,,,,,,,,,,,,,,,,,,,,,,,,
,,,,,,,,,,,,,,,,,,,,,,,,,,,,,,,,,,,,,,,,,,,,,,,,,,,,,,,,,,,,,,,,,,,
,,,,,,,,,,,,,,,,,,,,,,,,,,,,,,,,,,,,,,,,,,,,,,,,,,,,,,,,,,,,,,,,,,,
,,,,,,,,,,,,,,,,,,,,,,,,,,,,,,,,,,,,,,,,,,,,,,,,,,,,,,,,,,,,,,,,,,,
,,,,,,,,,,,,,,,,,,,,,,,,,,,,,,,,,,,,,,,,,,,,,,,,,,,,,,,,,,,,,,,,,,,
,,,,,,,,,,,,,,,,,,,,,,,,,,,,,,,,,,,,,,,,,,,,,,,,,,,,,,,,,,,,,,,,,,,
,,,,,,,,,,,,,,,,,,,,,,,,,,,,,,,,,,,,,,,,,,,,,,,,,,,,,,,,,,,,,,,,,,,
,,,,,,,,,,,,,,,,,,,,,,,,,,,,,,,,,,,,,,,,,,,,,,,,,,,,,,,,,,,,,,,,,,,
,,,,,,,,,,,,,,,,,,,,,,,,,,,,,,,,,,,,,,,,,,,,,,,,,,,,,,,,,,,,,,,,,,,
,,,,,,,,,,,,,,,,,,,,,,,,,,,,,,,,,,,,,,,,,,,,,,,,,,,,,,,,,,,,,,,,,,,
,,,,,,,,,,,,,,,,,,,,,,,,,,,,,,,,,,,,,,,,,,,,,,,,,,,,,,,,,,,,,,,,,,,
,,,,,,,,,,,,,,,,,,,,,,,,,,,,,,,,,,,,,,,,,,,,,,,,,,,,,,,,,,,,,,,,,,,
,,,,,,,,,,,,,,,,,,,,,,,,,,,,,,,,,,,,,,,,,,,,,,,,,,,,,,,,,,,,,,,,,,,
,,,,,,,,,,,,,,,,,,,,,,,,,,,,,,,,,,,,,,,,,,,,,,,,,,,,,,,,,,,,,,,,,,,
,,,,,,,,,,,,,,,,,,,,,,,,,,,,,,,,,,,,,,,,,,,,,,,,,,,,,,,,,,,,,,,,,,,
,,,,,,,,,,,,,,,,,,,,,,,,,,,,,,,,,,,,,,,,,,,,,,,,,,,,,,,,,,,,,,,,,,,
,,,,,,,,,,,,,,,,,,,,,,,,,,,,,,,,,,,,,,,,,,,,,,,,,,,,,,,,,,,,,,,,,,,
,,,,,,,,,,,,,,,,,,,,,,,,,,,,,,,,,,,,,,,,,,,,,,,,,,,,,,,,,,,,,,,,,,,
,,,,,,,,,,,,,,,,,,,,,,,,,,,,,,,,,,,,,,,,,,,,,,,,,,,,,,,,,,,,,,,,,,,
,,,,,,,,,,,,,,,,,,,,,,,,,,,,,,,,,,,,,,,,,,,,,,,,,,,,,,,,,,,,,,,,,,,
,,,,,,,,,,,,,,,,,,,,,,,,,,,,,,,,,,,,,,,,,,,,,,,,,,,,,,,,,,,,,,,,,,,
,,,,,,,,,,,,,,,,,,,,,,,,,,,,,,,,,,,,,,,,,,,,,,,,,,,,,,,,,,,,,,,,,,,
,,,,,,,,,,,,,,,,,,,,,,,,,,,,,,,,,,,,,,,,,,,,,,,,,,,,,,,,,,,,,,,,,,,
,,,,,,,,,,,,,,,,,,,,,,,,,,,,,,,,,,,,,,,,,,,,,,,,,,,,,,,,,,,,,,,,,,,
,,,,,,,,,,,,,,,,,,,,,,,,,,,,,,,,,,,,,,,,,,,,,,,,,,,,,,,,,,,,,,,,,,,
,,,,,,,,,,,,,,,,,,,,,,,,,,,,,,,,,,,,,,,,,,,,,,,,,,,,,,,,,,,,,,,,,,,
,,,,,,,,,,,,,,,,,,,,,,,,,,,,,,,,,,,,,,,,,,,,,,,,,,,,,,,,,,,,,,,,,,,
,,,,,,,,,,,,,,,,,,,,,,,,,,,,,,,,,,,,,,,,,,,,,,,,,,,,,,,,,,,,,,,,,,,
,,,,,,,,,,,,,,,,,,,,,,,,,,,,,,,,,,,,,,,,,,,,,,,,,,,,,,,,,,,,,,,,,,,
,,,,,,,,,,,,,,,,,,,,,,,,,,,,,,,,,,,,,,,,,,,,,,,,,,,,,,,,,,,,,,,,,,,
,,,,,,,,,,,,,,,,,,,,,,,,,,,,,,,,,,,,,,,,,,,,,,,,,,,,,,,,,,,,,,,,,,,
,,,,,,,,,,,,,,,,,,,,,,,,,,,,,,,,,,,,,,,,,,,,,,,,,,,,,,,,,,,,,,,,,,,
,,,,,,,,,,,,,,,,,,,,,,,,,,,,,,,,,,,,,,,,,,,,,,,,,,,,,,,,,,,,,,,,,,,
,,,,,,,,,,,,,,,,,,,,,,,,,,,,,,,,,,,,,,,,,,,,,,,,,,,,,,,,,,,,,,,,,,,
,,,,,,,,,,,,,,,,,,,,,,,,,,,,,,,,,,,,,,,,,,,,,,,,,,,,,,,,,,,,,,,,,,,
,,,,,,,,,,,,,,,,,,,,,,,,,,,,,,,,,,,,,,,,,,,,,,,,,,,,,,,,,,,,,,,,,,,
,,,,,,,,,,,,,,,,,,,,,,,,,,,,,,,,,,,,,,,,,,,,,,,,,,,,,,,,,,,,,,,,,,,
,,,,,,,,,,,,,,,,,,,,,,,,,,,,,,,,,,,,,,,,,,,,,,,,,,,,,,,,,,,,,,,,,,,
,,,,,,,,,,,,,,,,,,,,,,,,,,,,,,,,,,,,,,,,,,,,,,,,,,,,,,,,,,,,,,,,,,,
,,,,,,,,,,,,,,,,,,,,,,,,,,,,,,,,,,,,,,,,,,,,,,,,,,,,,,,,,,,,,,,,,,,
,,,,,,,,,,,,,,,,,,,,,,,,,,,,,,,,,,,,,,,,,,,,,,,,,,,,,,,,,,,,,,,,,,,
,,,,,,,,,,,,,,,,,,,,,,,,,,,,,,,,,,,,,,,,,,,,,,,,,,,,,,,,,,,,,,,,,,,
,,,,,,,,,,,,,,,,,,,,,,,,,,,,,,,,,,,,,,,,,,,,,,,,,,,,,,,,,,,,,,,,,,,
,,,,,,,,,,,,,,,,,,,,,,,,,,,,,,,,,,,,,,,,,,,,,,,,,,,,,,,,,,,,,,,,,,,
,,,,,,,,,,,,,,,,,,,,,,,,,,,,,,,,,,,,,,,,,,,,,,,,,,,,,,,,,,,,,,,,,,,
,,,,,,,,,,,,,,,,,,,,,,,,,,,,,,,,,,,,,,,,,,,,,,,,,,,,,,,,,,,,,,,,,,,
,,,,,,,,,,,,,,,,,,,,,,,,,,,,,,,,,,,,,,,,,,,,,,,,,,,,,,,,,,,,,,,,,,,
,,,,,,,,,,,,,,,,,,,,,,,,,,,,,,,,,,,,,,,,,,,,,,,,,,,,,,,,,,,,,,,,,,,
,,,,,,,,,,,,,,,,,,,,,,,,,,,,,,,,,,,,,,,,,,,,,,,,,,,,,,,,,,,,,,,,,,,
,,,,,,,,,,,,,,,,,,,,,,,,,,,,,,,,,,,,,,,,,,,,,,,,,,,,,,,,,,,,,,,,,,,
,,,,,,,,,,,,,,,,,,,,,,,,,,,,,,,,,,,,,,,,,,,,,,,,,,,,,,,,,,,,,,,,,,,
,,,,,,,,,,,,,,,,,,,,,,,,,,,,,,,,,,,,,,,,,,,,,,,,,,,,,,,,,,,,,,,,,,,
,,,,,,,,,,,,,,,,,,,,,,,,,,,,,,,,,,,,,,,,,,,,,,,,,,,,,,,,,,,,,,,,,,,
,,,,,,,,,,,,,,,,,,,,,,,,,,,,,,,,,,,,,,,,,,,,,,,,,,,,,,,,,,,,,,,,,,,
,,,,,,,,,,,,,,,,,,,,,,,,,,,,,,,,,,,,,,,,,,,,,,,,,,,,,,,,,,,,,,,,,,,
,,,,,,,,,,,,,,,,,,,,,,,,,,,,,,,,,,,,,,,,,,,,,,,,,,,,,,,,,,,,,,,,,,,
,,,,,,,,,,,,,,,,,,,,,,,,,,,,,,,,,,,,,,,,,,,,,,,,,,,,,,,,,,,,,,,,,,,
,,,,,,,,,,,,,,,,,,,,,,,,,,,,,,,,,,,,,,,,,,,,,,,,,,,,,,,,,,,,,,,,,,,
,,,,,,,,,,,,,,,,,,,,,,,,,,,,,,,,,,,,,,,,,,,,,,,,,,,,,,,,,,,,,,,,,,,
,,,,,,,,,,,,,,,,,,,,,,,,,,,,,,,,,,,,,,,,,,,,,,,,,,,,,,,,,,,,,,,,,,,
,,,,,,,,,,,,,,,,,,,,,,,,,,,,,,,,,,,,,,,,,,,,,,,,,,,,,,,,,,,,,,,,,,,
,,,,,,,,,,,,,,,,,,,,,,,,,,,,,,,,,,,,,,,,,,,,,,,,,,,,,,,,,,,,,,,,,,,
,,,,,,,,,,,,,,,,,,,,,,,,,,,,,,,,,,,,,,,,,,,,,,,,,,,,,,,,,,,,,,,,,,,
,,,,,,,,,,,,,,,,,,,,,,,,,,,,,,,,,,,,,,,,,,,,,,,,,,,,,,,,,,,,,,,,,,,
,,,,,,,,,,,,,,,,,,,,,,,,,,,,,,,,,,,,,,,,,,,,,,,,,,,,,,,,,,,,,,,,,,,
,,,,,,,,,,,,,,,,,,,,,,,,,,,,,,,,,,,,,,,,,,,,,,,,,,,,,,,,,,,,,,,,,,,
,,,,,,,,,,,,,,,,,,,,,,,,,,,,,,,,,,,,,,,,,,,,,,,,,,,,,,,,,,,,,,,,,,,
,,,,,,,,,,,,,,,,,,,,,,,,,,,,,,,,,,,,,,,,,,,,,,,,,,,,,,,,,,,,,,,,,,,
,,,,,,,,,,,,,,,,,,,,,,,,,,,,,,,,,,,,,,,,,,,,,,,,,,,,,,,,,,,,,,,,,,,
,,,,,,,,,,,,,,,,,,,,,,,,,,,,,,,,,,,,,,,,,,,,,,,,,,,,,,,,,,,,,,,,,,,
,,,,,,,,,,,,,,,,,,,,,,,,,,,,,,,,,,,,,,,,,,,,,,,,,,,,,,,,,,,,,,,,,,,
,,,,,,,,,,,,,,,,,,,,,,,,,,,,,,,,,,,,,,,,,,,,,,,,,,,,,,,,,,,,,,,,,,,
,,,,,,,,,,,,,,,,,,,,,,,,,,,,,,,,,,,,,,,,,,,,,,,,,,,,,,,,,,,,,,,,,,,
,,,,,,,,,,,,,,,,,,,,,,,,,,,,,,,,,,,,,,,,,,,,,,,,,,,,,,,,,,,,,,,,,,,
,,,,,,,,,,,,,,,,,,,,,,,,,,,,,,,,,,,,,,,,,,,,,,,,,,,,,,,,,,,,,,,,,,,
,,,,,,,,,,,,,,,,,,,,,,,,,,,,,,,,,,,,,,,,,,,,,,,,,,,,,,,,,,,,,,,,,,,
,,,,,,,,,,,,,,,,,,,,,,,,,,,,,,,,,,,,,,,,,,,,,,,,,,,,,,,,,,,,,,,,,,,
,,,,,,,,,,,,,,,,,,,,,,,,,,,,,,,,,,,,,,,,,,,,,,,,,,,,,,,,,,,,,,,,,,,
,,,,,,,,,,,,,,,,,,,,,,,,,,,,,,,,,,,,,,,,,,,,,,,,,,,,,,,,,,,,,,,,,,,
,,,,,,,,,,,,,,,,,,,,,,,,,,,,,,,,,,,,,,,,,,,,,,,,,,,,,,,,,,,,,,,,,,,
,,,,,,,,,,,,,,,,,,,,,,,,,,,,,,,,,,,,,,,,,,,,,,,,,,,,,,,,,,,,,,,,,,,
,,,,,,,,,,,,,,,,,,,,,,,,,,,,,,,,,,,,,,,,,,,,,,,,,,,,,,,,,,,,,,,,,,,
,,,,,,,,,,,,,,,,,,,,,,,,,,,,,,,,,,,,,,,,,,,,,,,,,,,,,,,,,,,,,,,,,,,
,,,,,,,,,,,,,,,,,,,,,,,,,,,,,,,,,,,,,,,,,,,,,,,,,,,,,,,,,,,,,,,,,,,
,,,,,,,,,,,,,,,,,,,,,,,,,,,,,,,,,,,,,,,,,,,,,,,,,,,,,,,,,,,,,,,,,,,
,,,,,,,,,,,,,,,,,,,,,,,,,,,,,,,,,,,,,,,,,,,,,,,,,,,,,,,,,,,,,,,,,,,
,,,,,,,,,,,,,,,,,,,,,,,,,,,,,,,,,,,,,,,,,,,,,,,,,,,,,,,,,,,,,,,,,,,
,,,,,,,,,,,,,,,,,,,,,,,,,,,,,,,,,,,,,,,,,,,,,,,,,,,,,,,,,,,,,,,,,,,
,,,,,,,,,,,,,,,,,,,,,,,,,,,,,,,,,,,,,,,,,,,,,,,,,,,,,,,,,,,,,,,,,,,
,,,,,,,,,,,,,,,,,,,,,,,,,,,,,,,,,,,,,,,,,,,,,,,,,,,,,,,,,,,,,,,,,,,
,,,,,,,,,,,,,,,,,,,,,,,,,,,,,,,,,,,,,,,,,,,,,,,,,,,,,,,,,,,,,,,,,,,
,,,,,,,,,,,,,,,,,,,,,,,,,,,,,,,,,,,,,,,,,,,,,,,,,,,,,,,,,,,,,,,,,,,
,,,,,,,,,,,,,,,,,,,,,,,,,,,,,,,,,,,,,,,,,,,,,,,,,,,,,,,,,,,,,,,,,,,
,,,,,,,,,,,,,,,,,,,,,,,,,,,,,,,,,,,,,,,,,,,,,,,,,,,,,,,,,,,,,,,,,,,
,,,,,,,,,,,,,,,,,,,,,,,,,,,,,,,,,,,,,,,,,,,,,,,,,,,,,,,,,,,,,,,,,,,
,,,,,,,,,,,,,,,,,,,,,,,,,,,,,,,,,,,,,,,,,,,,,,,,,,,,,,,,,,,,,,,,,,,
,,,,,,,,,,,,,,,,,,,,,,,,,,,,,,,,,,,,,,,,,,,,,,,,,,,,,,,,,,,,,,,,,,,
,,,,,,,,,,,,,,,,,,,,,,,,,,,,,,,,,,,,,,,,,,,,,,,,,,,,,,,,,,,,,,,,,,,
,,,,,,,,,,,,,,,,,,,,,,,,,,,,,,,,,,,,,,,,,,,,,,,,,,,,,,,,,,,,,,,,,,,
,,,,,,,,,,,,,,,,,,,,,,,,,,,,,,,,,,,,,,,,,,,,,,,,,,,,,,,,,,,,,,,,,,,
,,,,,,,,,,,,,,,,,,,,,,,,,,,,,,,,,,,,,,,,,,,,,,,,,,,,,,,,,,,,,,,,,,,
,,,,,,,,,,,,,,,,,,,,,,,,,,,,,,,,,,,,,,,,,,,,,,,,,,,,,,,,,,,,,,,,,,,
,,,,,,,,,,,,,,,,,,,,,,,,,,,,,,,,,,,,,,,,,,,,,,,,,,,,,,,,,,,,,,,,,,,
,,,,,,,,,,,,,,,,,,,,,,,,,,,,,,,,,,,,,,,,,,,,,,,,,,,,,,,,,,,,,,,,,,,
,,,,,,,,,,,,,,,,,,,,,,,,,,,,,,,,,,,,,,,,,,,,,,,,,,,,,,,,,,,,,,,,,,,
,,,,,,,,,,,,,,,,,,,,,,,,,,,,,,,,,,,,,,,,,,,,,,,,,,,,,,,,,,,,,,,,,,,
,,,,,,,,,,,,,,,,,,,,,,,,,,,,,,,,,,,,,,,,,,,,,,,,,,,,,,,,,,,,,,,,,,,
,,,,,,,,,,,,,,,,,,,,,,,,,,,,,,,,,,,,,,,,,,,,,,,,,,,,,,,,,,,,,,,,,,,
,,,,,,,,,,,,,,,,,,,,,,,,,,,,,,,,,,,,,,,,,,,,,,,,,,,,,,,,,,,,,,,,,,,
,,,,,,,,,,,,,,,,,,,,,,,,,,,,,,,,,,,,,,,,,,,,,,,,,,,,,,,,,,,,,,,,,,,
,,,,,,,,,,,,,,,,,,,,,,,,,,,,,,,,,,,,,,,,,,,,,,,,,,,,,,,,,,,,,,,,,,,
,,,,,,,,,,,,,,,,,,,,,,,,,,,,,,,,,,,,,,,,,,,,,,,,,,,,,,,,,,,,,,,,,,,
,,,,,,,,,,,,,,,,,,,,,,,,,,,,,,,,,,,,,,,,,,,,,,,,,,,,,,,,,,,,,,,,,,,
,,,,,,,,,,,,,,,,,,,,,,,,,,,,,,,,,,,,,,,,,,,,,,,,,,,,,,,,,,,,,,,,,,,
,,,,,,,,,,,,,,,,,,,,,,,,,,,,,,,,,,,,,,,,,,,,,,,,,,,,,,,,,,,,,,,,,,,
,,,,,,,,,,,,,,,,,,,,,,,,,,,,,,,,,,,,,,,,,,,,,,,,,,,,,,,,,,,,,,,,,,,
,,,,,,,,,,,,,,,,,,,,,,,,,,,,,,,,,,,,,,,,,,,,,,,,,,,,,,,,,,,,,,,,,,,
,,,,,,,,,,,,,,,,,,,,,,,,,,,,,,,,,,,,,,,,,,,,,,,,,,,,,,,,,,,,,,,,,,,
,,,,,,,,,,,,,,,,,,,,,,,,,,,,,,,,,,,,,,,,,,,,,,,,,,,,,,,,,,,,,,,,,,,
,,,,,,,,,,,,,,,,,,,,,,,,,,,,,,,,,,,,,,,,,,,,,,,,,,,,,,,,,,,,,,,,,,,
,,,,,,,,,,,,,,,,,,,,,,,,,,,,,,,,,,,,,,,,,,,,,,,,,,,,,,,,,,,,,,,,,,,
,,,,,,,,,,,,,,,,,,,,,,,,,,,,,,,,,,,,,,,,,,,,,,,,,,,,,,,,,,,,,,,,,,,
,,,,,,,,,,,,,,,,,,,,,,,,,,,,,,,,,,,,,,,,,,,,,,,,,,,,,,,,,,,,,,,,,,,
,,,,,,,,,,,,,,,,,,,,,,,,,,,,,,,,,,,,,,,,,,,,,,,,,,,,,,,,,,,,,,,,,,,
,,,,,,,,,,,,,,,,,,,,,,,,,,,,,,,,,,,,,,,,,,,,,,,,,,,,,,,,,,,,,,,,,,,
,,,,,,,,,,,,,,,,,,,,,,,,,,,,,,,,,,,,,,,,,,,,,,,,,,,,,,,,,,,,,,,,,,,
,,,,,,,,,,,,,,,,,,,,,,,,,,,,,,,,,,,,,,,,,,,,,,,,,,,,,,,,,,,,,,,,,,,
,,,,,,,,,,,,,,,,,,,,,,,,,,,,,,,,,,,,,,,,,,,,,,,,,,,,,,,,,,,,,,,,,,,
,,,,,,,,,,,,,,,,,,,,,,,,,,,,,,,,,,,,,,,,,,,,,,,,,,,,,,,,,,,,,,,,,,,
,,,,,,,,,,,,,,,,,,,,,,,,,,,,,,,,,,,,,,,,,,,,,,,,,,,,,,,,,,,,,,,,,,,
,,,,,,,,,,,,,,,,,,,,,,,,,,,,,,,,,,,,,,,,,,,,,,,,,,,,,,,,,,,,,,,,,,,
,,,,,,,,,,,,,,,,,,,,,,,,,,,,,,,,,,,,,,,,,,,,,,,,,,,,,,,,,,,,,,,,,,,
,,,,,,,,,,,,,,,,,,,,,,,,,,,,,,,,,,,,,,,,,,,,,,,,,,,,,,,,,,,,,,,,,,,
,,,,,,,,,,,,,,,,,,,,,,,,,,,,,,,,,,,,,,,,,,,,,,,,,,,,,,,,,,,,,,,,,,,
,,,,,,,,,,,,,,,,,,,,,,,,,,,,,,,,,,,,,,,,,,,,,,,,,,,,,,,,,,,,,,,,,,,
,,,,,,,,,,,,,,,,,,,,,,,,,,,,,,,,,,,,,,,,,,,,,,,,,,,,,,,,,,,,,,,,,,,
,,,,,,,,,,,,,,,,,,,,,,,,,,,,,,,,,,,,,,,,,,,,,,,,,,,,,,,,,,,,,,,,,,,
,,,,,,,,,,,,,,,,,,,,,,,,,,,,,,,,,,,,,,,,,,,,,,,,,,,,,,,,,,,,,,,,,,,
,,,,,,,,,,,,,,,,,,,,,,,,,,,,,,,,,,,,,,,,,,,,,,,,,,,,,,,,,,,,,,,,,,,
,,,,,,,,,,,,,,,,,,,,,,,,,,,,,,,,,,,,,,,,,,,,,,,,,,,,,,,,,,,,,,,,,,,
,,,,,,,,,,,,,,,,,,,,,,,,,,,,,,,,,,,,,,,,,,,,,,,,,,,,,,,,,,,,,,,,,,,
,,,,,,,,,,,,,,,,,,,,,,,,,,,,,,,,,,,,,,,,,,,,,,,,,,,,,,,,,,,,,,,,,,,
,,,,,,,,,,,,,,,,,,,,,,,,,,,,,,,,,,,,,,,,,,,,,,,,,,,,,,,,,,,,,,,,,,,
,,,,,,,,,,,,,,,,,,,,,,,,,,,,,,,,,,,,,,,,,,,,,,,,,,,,,,,,,,,,,,,,,,,
,,,,,,,,,,,,,,,,,,,,,,,,,,,,,,,,,,,,,,,,,,,,,,,,,,,,,,,,,,,,,,,,,,,
,,,,,,,,,,,,,,,,,,,,,,,,,,,,,,,,,,,,,,,,,,,,,,,,,,,,,,,,,,,,,,,,,,,
,,,,,,,,,,,,,,,,,,,,,,,,,,,,,,,,,,,,,,,,,,,,,,,,,,,,,,,,,,,,,,,,,,,
,,,,,,,,,,,,,,,,,,,,,,,,,,,,,,,,,,,,,,,,,,,,,,,,,,,,,,,,,,,,,,,,,,,
,,,,,,,,,,,,,,,,,,,,,,,,,,,,,,,,,,,,,,,,,,,,,,,,,,,,,,,,,,,,,,,,,,,
,,,,,,,,,,,,,,,,,,,,,,,,,,,,,,,,,,,,,,,,,,,,,,,,,,,,,,,,,,,,,,,,,,,
,,,,,,,,,,,,,,,,,,,,,,,,,,,,,,,,,,,,,,,,,,,,,,,,,,,,,,,,,,,,,,,,,,,
,,,,,,,,,,,,,,,,,,,,,,,,,,,,,,,,,,,,,,,,,,,,,,,,,,,,,,,,,,,,,,,,,,,
,,,,,,,,,,,,,,,,,,,,,,,,,,,,,,,,,,,,,,,,,,,,,,,,,,,,,,,,,,,,,,,,,,,
,,,,,,,,,,,,,,,,,,,,,,,,,,,,,,,,,,,,,,,,,,,,,,,,,,,,,,,,,,,,,,,,,,,
,,,,,,,,,,,,,,,,,,,,,,,,,,,,,,,,,,,,,,,,,,,,,,,,,,,,,,,,,,,,,,,,,,,
,,,,,,,,,,,,,,,,,,,,,,,,,,,,,,,,,,,,,,,,,,,,,,,,,,,,,,,,,,,,,,,,,,,
,,,,,,,,,,,,,,,,,,,,,,,,,,,,,,,,,,,,,,,,,,,,,,,,,,,,,,,,,,,,,,,,,,,
,,,,,,,,,,,,,,,,,,,,,,,,,,,,,,,,,,,,,,,,,,,,,,,,,,,,,,,,,,,,,,,,,,,
,,,,,,,,,,,,,,,,,,,,,,,,,,,,,,,,,,,,,,,,,,,,,,,,,,,,,,,,,,,,,,,,,,,
,,,,,,,,,,,,,,,,,,,,,,,,,,,,,,,,,,,,,,,,,,,,,,,,,,,,,,,,,,,,,,,,,,,
,,,,,,,,,,,,,,,,,,,,,,,,,,,,,,,,,,,,,,,,,,,,,,,,,,,,,,,,,,,,,,,,,,,
,,,,,,,,,,,,,,,,,,,,,,,,,,,,,,,,,,,,,,,,,,,,,,,,,,,,,,,,,,,,,,,,,,,
,,,,,,,,,,,,,,,,,,,,,,,,,,,,,,,,,,,,,,,,,,,,,,,,,,,,,,,,,,,,,,,,,,,
,,,,,,,,,,,,,,,,,,,,,,,,,,,,,,,,,,,,,,,,,,,,,,,,,,,,,,,,,,,,,,,,,,,
,,,,,,,,,,,,,,,,,,,,,,,,,,,,,,,,,,,,,,,,,,,,,,,,,,,,,,,,,,,,,,,,,,,
,,,,,,,,,,,,,,,,,,,,,,,,,,,,,,,,,,,,,,,,,,,,,,,,,,,,,,,,,,,,,,,,,,,
,,,,,,,,,,,,,,,,,,,,,,,,,,,,,,,,,,,,,,,,,,,,,,,,,,,,,,,,,,,,,,,,,,,
,,,,,,,,,,,,,,,,,,,,,,,,,,,,,,,,,,,,,,,,,,,,,,,,,,,,,,,,,,,,,,,,,,,
,,,,,,,,,,,,,,,,,,,,,,,,,,,,,,,,,,,,,,,,,,,,,,,,,,,,,,,,,,,,,,,,,,,
,,,,,,,,,,,,,,,,,,,,,,,,,,,,,,,,,,,,,,,,,,,,,,,,,,,,,,,,,,,,,,,,,,,
,,,,,,,,,,,,,,,,,,,,,,,,,,,,,,,,,,,,,,,,,,,,,,,,,,,,,,,,,,,,,,,,,,,
,,,,,,,,,,,,,,,,,,,,,,,,,,,,,,,,,,,,,,,,,,,,,,,,,,,,,,,,,,,,,,,,,,,
,,,,,,,,,,,,,,,,,,,,,,,,,,,,,,,,,,,,,,,,,,,,,,,,,,,,,,,,,,,,,,,,,,,
,,,,,,,,,,,,,,,,,,,,,,,,,,,,,,,,,,,,,,,,,,,,,,,,,,,,,,,,,,,,,,,,,,,
,,,,,,,,,,,,,,,,,,,,,,,,,,,,,,,,,,,,,,,,,,,,,,,,,,,,,,,,,,,,,,,,,,,
,,,,,,,,,,,,,,,,,,,,,,,,,,,,,,,,,,,,,,,,,,,,,,,,,,,,,,,,,,,,,,,,,,,
,,,,,,,,,,,,,,,,,,,,,,,,,,,,,,,,,,,,,,,,,,,,,,,,,,,,,,,,,,,,,,,,,,,
,,,,,,,,,,,,,,,,,,,,,,,,,,,,,,,,,,,,,,,,,,,,,,,,,,,,,,,,,,,,,,,,,,,
,,,,,,,,,,,,,,,,,,,,,,,,,,,,,,,,,,,,,,,,,,,,,,,,,,,,,,,,,,,,,,,,,,,
,,,,,,,,,,,,,,,,,,,,,,,,,,,,,,,,,,,,,,,,,,,,,,,,,,,,,,,,,,,,,,,,,,,
,,,,,,,,,,,,,,,,,,,,,,,,,,,,,,,,,,,,,,,,,,,,,,,,,,,,,,,,,,,,,,,,,,,
,,,,,,,,,,,,,,,,,,,,,,,,,,,,,,,,,,,,,,,,,,,,,,,,,,,,,,,,,,,,,,,,,,,
,,,,,,,,,,,,,,,,,,,,,,,,,,,,,,,,,,,,,,,,,,,,,,,,,,,,,,,,,,,,,,,,,,,
,,,,,,,,,,,,,,,,,,,,,,,,,,,,,,,,,,,,,,,,,,,,,,,,,,,,,,,,,,,,,,,,,,,
,,,,,,,,,,,,,,,,,,,,,,,,,,,,,,,,,,,,,,,,,,,,,,,,,,,,,,,,,,,,,,,,,,,
,,,,,,,,,,,,,,,,,,,,,,,,,,,,,,,,,,,,,,,,,,,,,,,,,,,,,,,,,,,,,,,,,,,
,,,,,,,,,,,,,,,,,,,,,,,,,,,,,,,,,,,,,,,,,,,,,,,,,,,,,,,,,,,,,,,,,,,
,,,,,,,,,,,,,,,,,,,,,,,,,,,,,,,,,,,,,,,,,,,,,,,,,,,,,,,,,,,,,,,,,,,
,,,,,,,,,,,,,,,,,,,,,,,,,,,,,,,,,,,,,,,,,,,,,,,,,,,,,,,,,,,,,,,,,,,
,,,,,,,,,,,,,,,,,,,,,,,,,,,,,,,,,,,,,,,,,,,,,,,,,,,,,,,,,,,,,,,,,,,
,,,,,,,,,,,,,,,,,,,,,,,,,,,,,,,,,,,,,,,,,,,,,,,,,,,,,,,,,,,,,,,,,,,
,,,,,,,,,,,,,,,,,,,,,,,,,,,,,,,,,,,,,,,,,,,,,,,,,,,,,,,,,,,,,,,,,,,
,,,,,,,,,,,,,,,,,,,,,,,,,,,,,,,,,,,,,,,,,,,,,,,,,,,,,,,,,,,,,,,,,,,
,,,,,,,,,,,,,,,,,,,,,,,,,,,,,,,,,,,,,,,,,,,,,,,,,,,,,,,,,,,,,,,,,,,
,,,,,,,,,,,,,,,,,,,,,,,,,,,,,,,,,,,,,,,,,,,,,,,,,,,,,,,,,,,,,,,,,,,
,,,,,,,,,,,,,,,,,,,,,,,,,,,,,,,,,,,,,,,,,,,,,,,,,,,,,,,,,,,,,,,,,,,
,,,,,,,,,,,,,,,,,,,,,,,,,,,,,,,,,,,,,,,,,,,,,,,,,,,,,,,,,,,,,,,,,,,
,,,,,,,,,,,,,,,,,,,,,,,,,,,,,,,,,,,,,,,,,,,,,,,,,,,,,,,,,,,,,,,,,,,
,,,,,,,,,,,,,,,,,,,,,,,,,,,,,,,,,,,,,,,,,,,,,,,,,,,,,,,,,,,,,,,,,,,
,,,,,,,,,,,,,,,,,,,,,,,,,,,,,,,,,,,,,,,,,,,,,,,,,,,,,,,,,,,,,,,,,,,
,,,,,,,,,,,,,,,,,,,,,,,,,,,,,,,,,,,,,,,,,,,,,,,,,,,,,,,,,,,,,,,,,,,
,,,,,,,,,,,,,,,,,,,,,,,,,,,,,,,,,,,,,,,,,,,,,,,,,,,,,,,,,,,,,,,,,,,
,,,,,,,,,,,,,,,,,,,,,,,,,,,,,,,,,,,,,,,,,,,,,,,,,,,,,,,,,,,,,,,,,,,
,,,,,,,,,,,,,,,,,,,,,,,,,,,,,,,,,,,,,,,,,,,,,,,,,,,,,,,,,,,,,,,,,,,
,,,,,,,,,,,,,,,,,,,,,,,,,,,,,,,,,,,,,,,,,,,,,,,,,,,,,,,,,,,,,,,,,,,
,,,,,,,,,,,,,,,,,,,,,,,,,,,,,,,,,,,,,,,,,,,,,,,,,,,,,,,,,,,,,,,,,,,
,,,,,,,,,,,,,,,,,,,,,,,,,,,,,,,,,,,,,,,,,,,,,,,,,,,,,,,,,,,,,,,,,,,
,,,,,,,,,,,,,,,,,,,,,,,,,,,,,,,,,,,,,,,,,,,,,,,,,,,,,,,,,,,,,,,,,,,
,,,,,,,,,,,,,,,,,,,,,,,,,,,,,,,,,,,,,,,,,,,,,,,,,,,,,,,,,,,,,,,,,,,
,,,,,,,,,,,,,,,,,,,,,,,,,,,,,,,,,,,,,,,,,,,,,,,,,,,,,,,,,,,,,,,,,,,
,,,,,,,,,,,,,,,,,,,,,,,,,,,,,,,,,,,,,,,,,,,,,,,,,,,,,,,,,,,,,,,,,,,
,,,,,,,,,,,,,,,,,,,,,,,,,,,,,,,,,,,,,,,,,,,,,,,,,,,,,,,,,,,,,,,,,,,
,,,,,,,,,,,,,,,,,,,,,,,,,,,,,,,,,,,,,,,,,,,,,,,,,,,,,,,,,,,,,,,,,,,
,,,,,,,,,,,,,,,,,,,,,,,,,,,,,,,,,,,,,,,,,,,,,,,,,,,,,,,,,,,,,,,,,,,
,,,,,,,,,,,,,,,,,,,,,,,,,,,,,,,,,,,,,,,,,,,,,,,,,,,,,,,,,,,,,,,,,,,
,,,,,,,,,,,,,,,,,,,,,,,,,,,,,,,,,,,,,,,,,,,,,,,,,,,,,,,,,,,,,,,,,,,
,,,,,,,,,,,,,,,,,,,,,,,,,,,,,,,,,,,,,,,,,,,,,,,,,,,,,,,,,,,,,,,,,,,
,,,,,,,,,,,,,,,,,,,,,,,,,,,,,,,,,,,,,,,,,,,,,,,,,,,,,,,,,,,,,,,,,,,
,,,,,,,,,,,,,,,,,,,,,,,,,,,,,,,,,,,,,,,,,,,,,,,,,,,,,,,,,,,,,,,,,,,
,,,,,,,,,,,,,,,,,,,,,,,,,,,,,,,,,,,,,,,,,,,,,,,,,,,,,,,,,,,,,,,,,,,
,,,,,,,,,,,,,,,,,,,,,,,,,,,,,,,,,,,,,,,,,,,,,,,,,,,,,,,,,,,,,,,,,,,
,,,,,,,,,,,,,,,,,,,,,,,,,,,,,,,,,,,,,,,,,,,,,,,,,,,,,,,,,,,,,,,,,,,
,,,,,,,,,,,,,,,,,,,,,,,,,,,,,,,,,,,,,,,,,,,,,,,,,,,,,,,,,,,,,,,,,,,
,,,,,,,,,,,,,,,,,,,,,,,,,,,,,,,,,,,,,,,,,,,,,,,,,,,,,,,,,,,,,,,,,,,
,,,,,,,,,,,,,,,,,,,,,,,,,,,,,,,,,,,,,,,,,,,,,,,,,,,,,,,,,,,,,,,,,,,
,,,,,,,,,,,,,,,,,,,,,,,,,,,,,,,,,,,,,,,,,,,,,,,,,,,,,,,,,,,,,,,,,,,
,,,,,,,,,,,,,,,,,,,,,,,,,,,,,,,,,,,,,,,,,,,,,,,,,,,,,,,,,,,,,,,,,,,
,,,,,,,,,,,,,,,,,,,,,,,,,,,,,,,,,,,,,,,,,,,,,,,,,,,,,,,,,,,,,,,,,,,
,,,,,,,,,,,,,,,,,,,,,,,,,,,,,,,,,,,,,,,,,,,,,,,,,,,,,,,,,,,,,,,,,,,
,,,,,,,,,,,,,,,,,,,,,,,,,,,,,,,,,,,,,,,,,,,,,,,,,,,,,,,,,,,,,,,,,,,
,,,,,,,,,,,,,,,,,,,,,,,,,,,,,,,,,,,,,,,,,,,,,,,,,,,,,,,,,,,,,,,,,,,
,,,,,,,,,,,,,,,,,,,,,,,,,,,,,,,,,,,,,,,,,,,,,,,,,,,,,,,,,,,,,,,,,,,
,,,,,,,,,,,,,,,,,,,,,,,,,,,,,,,,,,,,,,,,,,,,,,,,,,,,,,,,,,,,,,,,,,,
,,,,,,,,,,,,,,,,,,,,,,,,,,,,,,,,,,,,,,,,,,,,,,,,,,,,,,,,,,,,,,,,,,,
,,,,,,,,,,,,,,,,,,,,,,,,,,,,,,,,,,,,,,,,,,,,,,,,,,,,,,,,,,,,,,,,,,,
,,,,,,,,,,,,,,,,,,,,,,,,,,,,,,,,,,,,,,,,,,,,,,,,,,,,,,,,,,,,,,,,,,,
,,,,,,,,,,,,,,,,,,,,,,,,,,,,,,,,,,,,,,,,,,,,,,,,,,,,,,,,,,,,,,,,,,,
,,,,,,,,,,,,,,,,,,,,,,,,,,,,,,,,,,,,,,,,,,,,,,,,,,,,,,,,,,,,,,,,,,,
,,,,,,,,,,,,,,,,,,,,,,,,,,,,,,,,,,,,,,,,,,,,,,,,,,,,,,,,,,,,,,,,,,,
,,,,,,,,,,,,,,,,,,,,,,,,,,,,,,,,,,,,,,,,,,,,,,,,,,,,,,,,,,,,,,,,,,,
,,,,,,,,,,,,,,,,,,,,,,,,,,,,,,,,,,,,,,,,,,,,,,,,,,,,,,,,,,,,,,,,,,,
,,,,,,,,,,,,,,,,,,,,,,,,,,,,,,,,,,,,,,,,,,,,,,,,,,,,,,,,,,,,,,,,,,,
,,,,,,,,,,,,,,,,,,,,,,,,,,,,,,,,,,,,,,,,,,,,,,,,,,,,,,,,,,,,,,,,,,,
,,,,,,,,,,,,,,,,,,,,,,,,,,,,,,,,,,,,,,,,,,,,,,,,,,,,,,,,,,,,,,,,,,,
,,,,,,,,,,,,,,,,,,,,,,,,,,,,,,,,,,,,,,,,,,,,,,,,,,,,,,,,,,,,,,,,,,,
,,,,,,,,,,,,,,,,,,,,,,,,,,,,,,,,,,,,,,,,,,,,,,,,,,,,,,,,,,,,,,,,,,,
,,,,,,,,,,,,,,,,,,,,,,,,,,,,,,,,,,,,,,,,,,,,,,,,,,,,,,,,,,,,,,,,,,,
,,,,,,,,,,,,,,,,,,,,,,,,,,,,,,,,,,,,,,,,,,,,,,,,,,,,,,,,,,,,,,,,,,,
,,,,,,,,,,,,,,,,,,,,,,,,,,,,,,,,,,,,,,,,,,,,,,,,,,,,,,,,,,,,,,,,,,,
,,,,,,,,,,,,,,,,,,,,,,,,,,,,,,,,,,,,,,,,,,,,,,,,,,,,,,,,,,,,,,,,,,,
,,,,,,,,,,,,,,,,,,,,,,,,,,,,,,,,,,,,,,,,,,,,,,,,,,,,,,,,,,,,,,,,,,,
,,,,,,,,,,,,,,,,,,,,,,,,,,,,,,,,,,,,,,,,,,,,,,,,,,,,,,,,,,,,,,,,,,,
,,,,,,,,,,,,,,,,,,,,,,,,,,,,,,,,,,,,,,,,,,,,,,,,,,,,,,,,,,,,,,,,,,,
,,,,,,,,,,,,,,,,,,,,,,,,,,,,,,,,,,,,,,,,,,,,,,,,,,,,,,,,,,,,,,,,,,,
,,,,,,,,,,,,,,,,,,,,,,,,,,,,,,,,,,,,,,,,,,,,,,,,,,,,,,,,,,,,,,,,,,,
,,,,,,,,,,,,,,,,,,,,,,,,,,,,,,,,,,,,,,,,,,,,,,,,,,,,,,,,,,,,,,,,,,,
,,,,,,,,,,,,,,,,,,,,,,,,,,,,,,,,,,,,,,,,,,,,,,,,,,,,,,,,,,,,,,,,,,,
,,,,,,,,,,,,,,,,,,,,,,,,,,,,,,,,,,,,,,,,,,,,,,,,,,,,,,,,,,,,,,,,,,,
,,,,,,,,,,,,,,,,,,,,,,,,,,,,,,,,,,,,,,,,,,,,,,,,,,,,,,,,,,,,,,,,,,,
,,,,,,,,,,,,,,,,,,,,,,,,,,,,,,,,,,,,,,,,,,,,,,,,,,,,,,,,,,,,,,,,,,,
,,,,,,,,,,,,,,,,,,,,,,,,,,,,,,,,,,,,,,,,,,,,,,,,,,,,,,,,,,,,,,,,,,,
,,,,,,,,,,,,,,,,,,,,,,,,,,,,,,,,,,,,,,,,,,,,,,,,,,,,,,,,,,,,,,,,,,,
,,,,,,,,,,,,,,,,,,,,,,,,,,,,,,,,,,,,,,,,,,,,,,,,,,,,,,,,,,,,,,,,,,,
,,,,,,,,,,,,,,,,,,,,,,,,,,,,,,,,,,,,,,,,,,,,,,,,,,,,,,,,,,,,,,,,,,,
,,,,,,,,,,,,,,,,,,,,,,,,,,,,,,,,,,,,,,,,,,,,,,,,,,,,,,,,,,,,,,,,,,,
,,,,,,,,,,,,,,,,,,,,,,,,,,,,,,,,,,,,,,,,,,,,,,,,,,,,,,,,,,,,,,,,,,,
,,,,,,,,,,,,,,,,,,,,,,,,,,,,,,,,,,,,,,,,,,,,,,,,,,,,,,,,,,,,,,,,,,,
,,,,,,,,,,,,,,,,,,,,,,,,,,,,,,,,,,,,,,,,,,,,,,,,,,,,,,,,,,,,,,,,,,,
,,,,,,,,,,,,,,,,,,,,,,,,,,,,,,,,,,,,,,,,,,,,,,,,,,,,,,,,,,,,,,,,,,,
,,,,,,,,,,,,,,,,,,,,,,,,,,,,,,,,,,,,,,,,,,,,,,,,,,,,,,,,,,,,,,,,,,,
,,,,,,,,,,,,,,,,,,,,,,,,,,,,,,,,,,,,,,,,,,,,,,,,,,,,,,,,,,,,,,,,,,,
,,,,,,,,,,,,,,,,,,,,,,,,,,,,,,,,,,,,,,,,,,,,,,,,,,,,,,,,,,,,,,,,,,,
,,,,,,,,,,,,,,,,,,,,,,,,,,,,,,,,,,,,,,,,,,,,,,,,,,,,,,,,,,,,,,,,,,,
,,,,,,,,,,,,,,,,,,,,,,,,,,,,,,,,,,,,,,,,,,,,,,,,,,,,,,,,,,,,,,,,,,,
,,,,,,,,,,,,,,,,,,,,,,,,,,,,,,,,,,,,,,,,,,,,,,,,,,,,,,,,,,,,,,,,,,,
,,,,,,,,,,,,,,,,,,,,,,,,,,,,,,,,,,,,,,,,,,,,,,,,,,,,,,,,,,,,,,,,,,,
,,,,,,,,,,,,,,,,,,,,,,,,,,,,,,,,,,,,,,,,,,,,,,,,,,,,,,,,,,,,,,,,,,,
,,,,,,,,,,,,,,,,,,,,,,,,,,,,,,,,,,,,,,,,,,,,,,,,,,,,,,,,,,,,,,,,,,,
,,,,,,,,,,,,,,,,,,,,,,,,,,,,,,,,,,,,,,,,,,,,,,,,,,,,,,,,,,,,,,,,,,,
,,,,,,,,,,,,,,,,,,,,,,,,,,,,,,,,,,,,,,,,,,,,,,,,,,,,,,,,,,,,,,,,,,,
,,,,,,,,,,,,,,,,,,,,,,,,,,,,,,,,,,,,,,,,,,,,,,,,,,,,,,,,,,,,,,,,,,,
,,,,,,,,,,,,,,,,,,,,,,,,,,,,,,,,,,,,,,,,,,,,,,,,,,,,,,,,,,,,,,,,,,,
,,,,,,,,,,,,,,,,,,,,,,,,,,,,,,,,,,,,,,,,,,,,,,,,,,,,,,,,,,,,,,,,,,,
,,,,,,,,,,,,,,,,,,,,,,,,,,,,,,,,,,,,,,,,,,,,,,,,,,,,,,,,,,,,,,,,,,,
,,,,,,,,,,,,,,,,,,,,,,,,,,,,,,,,,,,,,,,,,,,,,,,,,,,,,,,,,,,,,,,,,,,
,,,,,,,,,,,,,,,,,,,,,,,,,,,,,,,,,,,,,,,,,,,,,,,,,,,,,,,,,,,,,,,,,,,
,,,,,,,,,,,,,,,,,,,,,,,,,,,,,,,,,,,,,,,,,,,,,,,,,,,,,,,,,,,,,,,,,,,
,,,,,,,,,,,,,,,,,,,,,,,,,,,,,,,,,,,,,,,,,,,,,,,,,,,,,,,,,,,,,,,,,,,
,,,,,,,,,,,,,,,,,,,,,,,,,,,,,,,,,,,,,,,,,,,,,,,,,,,,,,,,,,,,,,,,,,,
,,,,,,,,,,,,,,,,,,,,,,,,,,,,,,,,,,,,,,,,,,,,,,,,,,,,,,,,,,,,,,,,,,,
,,,,,,,,,,,,,,,,,,,,,,,,,,,,,,,,,,,,,,,,,,,,,,,,,,,,,,,,,,,,,,,,,,,
,,,,,,,,,,,,,,,,,,,,,,,,,,,,,,,,,,,,,,,,,,,,,,,,,,,,,,,,,,,,,,,,,,,
,,,,,,,,,,,,,,,,,,,,,,,,,,,,,,,,,,,,,,,,,,,,,,,,,,,,,,,,,,,,,,,,,,,
,,,,,,,,,,,,,,,,,,,,,,,,,,,,,,,,,,,,,,,,,,,,,,,,,,,,,,,,,,,,,,,,,,,
,,,,,,,,,,,,,,,,,,,,,,,,,,,,,,,,,,,,,,,,,,,,,,,,,,,,,,,,,,,,,,,,,,,
,,,,,,,,,,,,,,,,,,,,,,,,,,,,,,,,,,,,,,,,,,,,,,,,,,,,,,,,,,,,,,,,,,,
,,,,,,,,,,,,,,,,,,,,,,,,,,,,,,,,,,,,,,,,,,,,,,,,,,,,,,,,,,,,,,,,,,,
,,,,,,,,,,,,,,,,,,,,,,,,,,,,,,,,,,,,,,,,,,,,,,,,,,,,,,,,,,,,,,,,,,,
,,,,,,,,,,,,,,,,,,,,,,,,,,,,,,,,,,,,,,,,,,,,,,,,,,,,,,,,,,,,,,,,,,,
,,,,,,,,,,,,,,,,,,,,,,,,,,,,,,,,,,,,,,,,,,,,,,,,,,,,,,,,,,,,,,,,,,,
,,,,,,,,,,,,,,,,,,,,,,,,,,,,,,,,,,,,,,,,,,,,,,,,,,,,,,,,,,,,,,,,,,,
,,,,,,,,,,,,,,,,,,,,,,,,,,,,,,,,,,,,,,,,,,,,,,,,,,,,,,,,,,,,,,,,,,,
,,,,,,,,,,,,,,,,,,,,,,,,,,,,,,,,,,,,,,,,,,,,,,,,,,,,,,,,,,,,,,,,,,,
,,,,,,,,,,,,,,,,,,,,,,,,,,,,,,,,,,,,,,,,,,,,,,,,,,,,,,,,,,,,,,,,,,,
,,,,,,,,,,,,,,,,,,,,,,,,,,,,,,,,,,,,,,,,,,,,,,,,,,,,,,,,,,,,,,,,,,,
,,,,,,,,,,,,,,,,,,,,,,,,,,,,,,,,,,,,,,,,,,,,,,,,,,,,,,,,,,,,,,,,,,,
,,,,,,,,,,,,,,,,,,,,,,,,,,,,,,,,,,,,,,,,,,,,,,,,,,,,,,,,,,,,,,,,,,,
,,,,,,,,,,,,,,,,,,,,,,,,,,,,,,,,,,,,,,,,,,,,,,,,,,,,,,,,,,,,,,,,,,,
,,,,,,,,,,,,,,,,,,,,,,,,,,,,,,,,,,,,,,,,,,,,,,,,,,,,,,,,,,,,,,,,,,,
,,,,,,,,,,,,,,,,,,,,,,,,,,,,,,,,,,,,,,,,,,,,,,,,,,,,,,,,,,,,,,,,,,,
,,,,,,,,,,,,,,,,,,,,,,,,,,,,,,,,,,,,,,,,,,,,,,,,,,,,,,,,,,,,,,,,,,,
,,,,,,,,,,,,,,,,,,,,,,,,,,,,,,,,,,,,,,,,,,,,,,,,,,,,,,,,,,,,,,,,,,,
,,,,,,,,,,,,,,,,,,,,,,,,,,,,,,,,,,,,,,,,,,,,,,,,,,,,,,,,,,,,,,,,,,,
,,,,,,,,,,,,,,,,,,,,,,,,,,,,,,,,,,,,,,,,,,,,,,,,,,,,,,,,,,,,,,,,,,,
,,,,,,,,,,,,,,,,,,,,,,,,,,,,,,,,,,,,,,,,,,,,,,,,,,,,,,,,,,,,,,,,,,,
,,,,,,,,,,,,,,,,,,,,,,,,,,,,,,,,,,,,,,,,,,,,,,,,,,,,,,,,,,,,,,,,,,,
,,,,,,,,,,,,,,,,,,,,,,,,,,,,,,,,,,,,,,,,,,,,,,,,,,,,,,,,,,,,,,,,,,,
,,,,,,,,,,,,,,,,,,,,,,,,,,,,,,,,,,,,,,,,,,,,,,,,,,,,,,,,,,,,,,,,,,,
,,,,,,,,,,,,,,,,,,,,,,,,,,,,,,,,,,,,,,,,,,,,,,,,,,,,,,,,,,,,,,,,,,,
,,,,,,,,,,,,,,,,,,,,,,,,,,,,,,,,,,,,,,,,,,,,,,,,,,,,,,,,,,,,,,,,,,,
,,,,,,,,,,,,,,,,,,,,,,,,,,,,,,,,,,,,,,,,,,,,,,,,,,,,,,,,,,,,,,,,,,,
,,,,,,,,,,,,,,,,,,,,,,,,,,,,,,,,,,,,,,,,,,,,,,,,,,,,,,,,,,,,,,,,,,,
,,,,,,,,,,,,,,,,,,,,,,,,,,,,,,,,,,,,,,,,,,,,,,,,,,,,,,,,,,,,,,,,,,,
,,,,,,,,,,,,,,,,,,,,,,,,,,,,,,,,,,,,,,,,,,,,,,,,,,,,,,,,,,,,,,,,,,,
,,,,,,,,,,,,,,,,,,,,,,,,,,,,,,,,,,,,,,,,,,,,,,,,,,,,,,,,,,,,,,,,,,,
,,,,,,,,,,,,,,,,,,,,,,,,,,,,,,,,,,,,,,,,,,,,,,,,,,,,,,,,,,,,,,,,,,,
,,,,,,,,,,,,,,,,,,,,,,,,,,,,,,,,,,,,,,,,,,,,,,,,,,,,,,,,,,,,,,,,,,,
,,,,,,,,,,,,,,,,,,,,,,,,,,,,,,,,,,,,,,,,,,,,,,,,,,,,,,,,,,,,,,,,,,,
,,,,,,,,,,,,,,,,,,,,,,,,,,,,,,,,,,,,,,,,,,,,,,,,,,,,,,,,,,,,,,,,,,,
,,,,,,,,,,,,,,,,,,,,,,,,,,,,,,,,,,,,,,,,,,,,,,,,,,,,,,,,,,,,,,,,,,,
,,,,,,,,,,,,,,,,,,,,,,,,,,,,,,,,,,,,,,,,,,,,,,,,,,,,,,,,,,,,,,,,,,,
,,,,,,,,,,,,,,,,,,,,,,,,,,,,,,,,,,,,,,,,,,,,,,,,,,,,,,,,,,,,,,,,,,,
,,,,,,,,,,,,,,,,,,,,,,,,,,,,,,,,,,,,,,,,,,,,,,,,,,,,,,,,,,,,,,,,,,,
,,,,,,,,,,,,,,,,,,,,,,,,,,,,,,,,,,,,,,,,,,,,,,,,,,,,,,,,,,,,,,,,,,,
,,,,,,,,,,,,,,,,,,,,,,,,,,,,,,,,,,,,,,,,,,,,,,,,,,,,,,,,,,,,,,,,,,,
,,,,,,,,,,,,,,,,,,,,,,,,,,,,,,,,,,,,,,,,,,,,,,,,,,,,,,,,,,,,,,,,,,,
,,,,,,,,,,,,,,,,,,,,,,,,,,,,,,,,,,,,,,,,,,,,,,,,,,,,,,,,,,,,,,,,,,,
,,,,,,,,,,,,,,,,,,,,,,,,,,,,,,,,,,,,,,,,,,,,,,,,,,,,,,,,,,,,,,,,,,,
,,,,,,,,,,,,,,,,,,,,,,,,,,,,,,,,,,,,,,,,,,,,,,,,,,,,,,,,,,,,,,,,,,,
,,,,,,,,,,,,,,,,,,,,,,,,,,,,,,,,,,,,,,,,,,,,,,,,,,,,,,,,,,,,,,,,,,,
,,,,,,,,,,,,,,,,,,,,,,,,,,,,,,,,,,,,,,,,,,,,,,,,,,,,,,,,,,,,,,,,,,,
,,,,,,,,,,,,,,,,,,,,,,,,,,,,,,,,,,,,,,,,,,,,,,,,,,,,,,,,,,,,,,,,,,,
,,,,,,,,,,,,,,,,,,,,,,,,,,,,,,,,,,,,,,,,,,,,,,,,,,,,,,,,,,,,,,,,,,,
,,,,,,,,,,,,,,,,,,,,,,,,,,,,,,,,,,,,,,,,,,,,,,,,,,,,,,,,,,,,,,,,,,,
,,,,,,,,,,,,,,,,,,,,,,,,,,,,,,,,,,,,,,,,,,,,,,,,,,,,,,,,,,,,,,,,,,,
,,,,,,,,,,,,,,,,,,,,,,,,,,,,,,,,,,,,,,,,,,,,,,,,,,,,,,,,,,,,,,,,,,,
,,,,,,,,,,,,,,,,,,,,,,,,,,,,,,,,,,,,,,,,,,,,,,,,,,,,,,,,,,,,,,,,,,,
,,,,,,,,,,,,,,,,,,,,,,,,,,,,,,,,,,,,,,,,,,,,,,,,,,,,,,,,,,,,,,,,,,,
,,,,,,,,,,,,,,,,,,,,,,,,,,,,,,,,,,,,,,,,,,,,,,,,,,,,,,,,,,,,,,,,,,,
,,,,,,,,,,,,,,,,,,,,,,,,,,,,,,,,,,,,,,,,,,,,,,,,,,,,,,,,,,,,,,,,,,,
,,,,,,,,,,,,,,,,,,,,,,,,,,,,,,,,,,,,,,,,,,,,,,,,,,,,,,,,,,,,,,,,,,,
,,,,,,,,,,,,,,,,,,,,,,,,,,,,,,,,,,,,,,,,,,,,,,,,,,,,,,,,,,,,,,,,,,,
,,,,,,,,,,,,,,,,,,,,,,,,,,,,,,,,,,,,,,,,,,,,,,,,,,,,,,,,,,,,,,,,,,,
,,,,,,,,,,,,,,,,,,,,,,,,,,,,,,,,,,,,,,,,,,,,,,,,,,,,,,,,,,,,,,,,,,,
,,,,,,,,,,,,,,,,,,,,,,,,,,,,,,,,,,,,,,,,,,,,,,,,,,,,,,,,,,,,,,,,,,,
,,,,,,,,,,,,,,,,,,,,,,,,,,,,,,,,,,,,,,,,,,,,,,,,,,,,,,,,,,,,,,,,,,,
,,,,,,,,,,,,,,,,,,,,,,,,,,,,,,,,,,,,,,,,,,,,,,,,,,,,,,,,,,,,,,,,,,,
,,,,,,,,,,,,,,,,,,,,,,,,,,,,,,,,,,,,,,,,,,,,,,,,,,,,,,,,,,,,,,,,,,,
,,,,,,,,,,,,,,,,,,,,,,,,,,,,,,,,,,,,,,,,,,,,,,,,,,,,,,,,,,,,,,,,,,,
,,,,,,,,,,,,,,,,,,,,,,,,,,,,,,,,,,,,,,,,,,,,,,,,,,,,,,,,,,,,,,,,,,,
,,,,,,,,,,,,,,,,,,,,,,,,,,,,,,,,,,,,,,,,,,,,,,,,,,,,,,,,,,,,,,,,,,,
,,,,,,,,,,,,,,,,,,,,,,,,,,,,,,,,,,,,,,,,,,,,,,,,,,,,,,,,,,,,,,,,,,,
,,,,,,,,,,,,,,,,,,,,,,,,,,,,,,,,,,,,,,,,,,,,,,,,,,,,,,,,,,,,,,,,,,,
,,,,,,,,,,,,,,,,,,,,,,,,,,,,,,,,,,,,,,,,,,,,,,,,,,,,,,,,,,,,,,,,,,,
,,,,,,,,,,,,,,,,,,,,,,,,,,,,,,,,,,,,,,,,,,,,,,,,,,,,,,,,,,,,,,,,,,,
,,,,,,,,,,,,,,,,,,,,,,,,,,,,,,,,,,,,,,,,,,,,,,,,,,,,,,,,,,,,,,,,,,,
,,,,,,,,,,,,,,,,,,,,,,,,,,,,,,,,,,,,,,,,,,,,,,,,,,,,,,,,,,,,,,,,,,,
,,,,,,,,,,,,,,,,,,,,,,,,,,,,,,,,,,,,,,,,,,,,,,,,,,,,,,,,,,,,,,,,,,,
,,,,,,,,,,,,,,,,,,,,,,,,,,,,,,,,,,,,,,,,,,,,,,,,,,,,,,,,,,,,,,,,,,,
,,,,,,,,,,,,,,,,,,,,,,,,,,,,,,,,,,,,,,,,,,,,,,,,,,,,,,,,,,,,,,,,,,,
,,,,,,,,,,,,,,,,,,,,,,,,,,,,,,,,,,,,,,,,,,,,,,,,,,,,,,,,,,,,,,,,,,,
,,,,,,,,,,,,,,,,,,,,,,,,,,,,,,,,,,,,,,,,,,,,,,,,,,,,,,,,,,,,,,,,,,,
,,,,,,,,,,,,,,,,,,,,,,,,,,,,,,,,,,,,,,,,,,,,,,,,,,,,,,,,,,,,,,,,,,,
,,,,,,,,,,,,,,,,,,,,,,,,,,,,,,,,,,,,,,,,,,,,,,,,,,,,,,,,,,,,,,,,,,,
,,,,,,,,,,,,,,,,,,,,,,,,,,,,,,,,,,,,,,,,,,,,,,,,,,,,,,,,,,,,,,,,,,,
,,,,,,,,,,,,,,,,,,,,,,,,,,,,,,,,,,,,,,,,,,,,,,,,,,,,,,,,,,,,,,,,,,,
,,,,,,,,,,,,,,,,,,,,,,,,,,,,,,,,,,,,,,,,,,,,,,,,,,,,,,,,,,,,,,,,,,,
,,,,,,,,,,,,,,,,,,,,,,,,,,,,,,,,,,,,,,,,,,,,,,,,,,,,,,,,,,,,,,,,,,,
,,,,,,,,,,,,,,,,,,,,,,,,,,,,,,,,,,,,,,,,,,,,,,,,,,,,,,,,,,,,,,,,,,,
,,,,,,,,,,,,,,,,,,,,,,,,,,,,,,,,,,,,,,,,,,,,,,,,,,,,,,,,,,,,,,,,,,,
,,,,,,,,,,,,,,,,,,,,,,,,,,,,,,,,,,,,,,,,,,,,,,,,,,,,,,,,,,,,,,,,,,,
,,,,,,,,,,,,,,,,,,,,,,,,,,,,,,,,,,,,,,,,,,,,,,,,,,,,,,,,,,,,,,,,,,,
,,,,,,,,,,,,,,,,,,,,,,,,,,,,,,,,,,,,,,,,,,,,,,,,,,,,,,,,,,,,,,,,,,,
,,,,,,,,,,,,,,,,,,,,,,,,,,,,,,,,,,,,,,,,,,,,,,,,,,,,,,,,,,,,,,,,,,,
,,,,,,,,,,,,,,,,,,,,,,,,,,,,,,,,,,,,,,,,,,,,,,,,,,,,,,,,,,,,,,,,,,,
,,,,,,,,,,,,,,,,,,,,,,,,,,,,,,,,,,,,,,,,,,,,,,,,,,,,,,,,,,,,,,,,,,,
,,,,,,,,,,,,,,,,,,,,,,,,,,,,,,,,,,,,,,,,,,,,,,,,,,,,,,,,,,,,,,,,,,,
,,,,,,,,,,,,,,,,,,,,,,,,,,,,,,,,,,,,,,,,,,,,,,,,,,,,,,,,,,,,,,,,,,,
,,,,,,,,,,,,,,,,,,,,,,,,,,,,,,,,,,,,,,,,,,,,,,,,,,,,,,,,,,,,,,,,,,,
,,,,,,,,,,,,,,,,,,,,,,,,,,,,,,,,,,,,,,,,,,,,,,,,,,,,,,,,,,,,,,,,,,,
,,,,,,,,,,,,,,,,,,,,,,,,,,,,,,,,,,,,,,,,,,,,,,,,,,,,,,,,,,,,,,,,,,,
,,,,,,,,,,,,,,,,,,,,,,,,,,,,,,,,,,,,,,,,,,,,,,,,,,,,,,,,,,,,,,,,,,,
,,,,,,,,,,,,,,,,,,,,,,,,,,,,,,,,,,,,,,,,,,,,,,,,,,,,,,,,,,,,,,,,,,,
,,,,,,,,,,,,,,,,,,,,,,,,,,,,,,,,,,,,,,,,,,,,,,,,,,,,,,,,,,,,,,,,,,,
,,,,,,,,,,,,,,,,,,,,,,,,,,,,,,,,,,,,,,,,,,,,,,,,,,,,,,,,,,,,,,,,,,,
,,,,,,,,,,,,,,,,,,,,,,,,,,,,,,,,,,,,,,,,,,,,,,,,,,,,,,,,,,,,,,,,,,,
,,,,,,,,,,,,,,,,,,,,,,,,,,,,,,,,,,,,,,,,,,,,,,,,,,,,,,,,,,,,,,,,,,,
,,,,,,,,,,,,,,,,,,,,,,,,,,,,,,,,,,,,,,,,,,,,,,,,,,,,,,,,,,,,,,,,,,,
,,,,,,,,,,,,,,,,,,,,,,,,,,,,,,,,,,,,,,,,,,,,,,,,,,,,,,,,,,,,,,,,,,,
,,,,,,,,,,,,,,,,,,,,,,,,,,,,,,,,,,,,,,,,,,,,,,,,,,,,,,,,,,,,,,,,,,,
,,,,,,,,,,,,,,,,,,,,,,,,,,,,,,,,,,,,,,,,,,,,,,,,,,,,,,,,,,,,,,,,,,,
,,,,,,,,,,,,,,,,,,,,,,,,,,,,,,,,,,,,,,,,,,,,,,,,,,,,,,,,,,,,,,,,,,,
,,,,,,,,,,,,,,,,,,,,,,,,,,,,,,,,,,,,,,,,,,,,,,,,,,,,,,,,,,,,,,,,,,,
,,,,,,,,,,,,,,,,,,,,,,,,,,,,,,,,,,,,,,,,,,,,,,,,,,,,,,,,,,,,,,,,,,,
,,,,,,,,,,,,,,,,,,,,,,,,,,,,,,,,,,,,,,,,,,,,,,,,,,,,,,,,,,,,,,,,,,,
,,,,,,,,,,,,,,,,,,,,,,,,,,,,,,,,,,,,,,,,,,,,,,,,,,,,,,,,,,,,,,,,,,,
,,,,,,,,,,,,,,,,,,,,,,,,,,,,,,,,,,,,,,,,,,,,,,,,,,,,,,,,,,,,,,,,,,,
,,,,,,,,,,,,,,,,,,,,,,,,,,,,,,,,,,,,,,,,,,,,,,,,,,,,,,,,,,,,,,,,,,,
,,,,,,,,,,,,,,,,,,,,,,,,,,,,,,,,,,,,,,,,,,,,,,,,,,,,,,,,,,,,,,,,,,,
,,,,,,,,,,,,,,,,,,,,,,,,,,,,,,,,,,,,,,,,,,,,,,,,,,,,,,,,,,,,,,,,,,,
,,,,,,,,,,,,,,,,,,,,,,,,,,,,,,,,,,,,,,,,,,,,,,,,,,,,,,,,,,,,,,,,,,,
,,,,,,,,,,,,,,,,,,,,,,,,,,,,,,,,,,,,,,,,,,,,,,,,,,,,,,,,,,,,,,,,,,,
,,,,,,,,,,,,,,,,,,,,,,,,,,,,,,,,,,,,,,,,,,,,,,,,,,,,,,,,,,,,,,,,,,,
,,,,,,,,,,,,,,,,,,,,,,,,,,,,,,,,,,,,,,,,,,,,,,,,,,,,,,,,,,,,,,,,,,,
,,,,,,,,,,,,,,,,,,,,,,,,,,,,,,,,,,,,,,,,,,,,,,,,,,,,,,,,,,,,,,,,,,,
,,,,,,,,,,,,,,,,,,,,,,,,,,,,,,,,,,,,,,,,,,,,,,,,,,,,,,,,,,,,,,,,,,,
,,,,,,,,,,,,,,,,,,,,,,,,,,,,,,,,,,,,,,,,,,,,,,,,,,,,,,,,,,,,,,,,,,,
,,,,,,,,,,,,,,,,,,,,,,,,,,,,,,,,,,,,,,,,,,,,,,,,,,,,,,,,,,,,,,,,,,,
,,,,,,,,,,,,,,,,,,,,,,,,,,,,,,,,,,,,,,,,,,,,,,,,,,,,,,,,,,,,,,,,,,,
,,,,,,,,,,,,,,,,,,,,,,,,,,,,,,,,,,,,,,,,,,,,,,,,,,,,,,,,,,,,,,,,,,,
,,,,,,,,,,,,,,,,,,,,,,,,,,,,,,,,,,,,,,,,,,,,,,,,,,,,,,,,,,,,,,,,,,,
,,,,,,,,,,,,,,,,,,,,,,,,,,,,,,,,,,,,,,,,,,,,,,,,,,,,,,,,,,,,,,,,,,,
,,,,,,,,,,,,,,,,,,,,,,,,,,,,,,,,,,,,,,,,,,,,,,,,,,,,,,,,,,,,,,,,,,,
,,,,,,,,,,,,,,,,,,,,,,,,,,,,,,,,,,,,,,,,,,,,,,,,,,,,,,,,,,,,,,,,,,,
,,,,,,,,,,,,,,,,,,,,,,,,,,,,,,,,,,,,,,,,,,,,,,,,,,,,,,,,,,,,,,,,,,,
,,,,,,,,,,,,,,,,,,,,,,,,,,,,,,,,,,,,,,,,,,,,,,,,,,,,,,,,,,,,,,,,,,,
,,,,,,,,,,,,,,,,,,,,,,,,,,,,,,,,,,,,,,,,,,,,,,,,,,,,,,,,,,,,,,,,,,,
,,,,,,,,,,,,,,,,,,,,,,,,,,,,,,,,,,,,,,,,,,,,,,,,,,,,,,,,,,,,,,,,,,,
,,,,,,,,,,,,,,,,,,,,,,,,,,,,,,,,,,,,,,,,,,,,,,,,,,,,,,,,,,,,,,,,,,,
,,,,,,,,,,,,,,,,,,,,,,,,,,,,,,,,,,,,,,,,,,,,,,,,,,,,,,,,,,,,,,,,,,,
,,,,,,,,,,,,,,,,,,,,,,,,,,,,,,,,,,,,,,,,,,,,,,,,,,,,,,,,,,,,,,,,,,,
,,,,,,,,,,,,,,,,,,,,,,,,,,,,,,,,,,,,,,,,,,,,,,,,,,,,,,,,,,,,,,,,,,,
,,,,,,,,,,,,,,,,,,,,,,,,,,,,,,,,,,,,,,,,,,,,,,,,,,,,,,,,,,,,,,,,,,,
,,,,,,,,,,,,,,,,,,,,,,,,,,,,,,,,,,,,,,,,,,,,,,,,,,,,,,,,,,,,,,,,,,,
,,,,,,,,,,,,,,,,,,,,,,,,,,,,,,,,,,,,,,,,,,,,,,,,,,,,,,,,,,,,,,,,,,,
,,,,,,,,,,,,,,,,,,,,,,,,,,,,,,,,,,,,,,,,,,,,,,,,,,,,,,,,,,,,,,,,,,,
,,,,,,,,,,,,,,,,,,,,,,,,,,,,,,,,,,,,,,,,,,,,,,,,,,,,,,,,,,,,,,,,,,,
,,,,,,,,,,,,,,,,,,,,,,,,,,,,,,,,,,,,,,,,,,,,,,,,,,,,,,,,,,,,,,,,,,,
,,,,,,,,,,,,,,,,,,,,,,,,,,,,,,,,,,,,,,,,,,,,,,,,,,,,,,,,,,,,,,,,,,,
,,,,,,,,,,,,,,,,,,,,,,,,,,,,,,,,,,,,,,,,,,,,,,,,,,,,,,,,,,,,,,,,,,,
,,,,,,,,,,,,,,,,,,,,,,,,,,,,,,,,,,,,,,,,,,,,,,,,,,,,,,,,,,,,,,,,,,,
,,,,,,,,,,,,,,,,,,,,,,,,,,,,,,,,,,,,,,,,,,,,,,,,,,,,,,,,,,,,,,,,,,,
,,,,,,,,,,,,,,,,,,,,,,,,,,,,,,,,,,,,,,,,,,,,,,,,,,,,,,,,,,,,,,,,,,,
,,,,,,,,,,,,,,,,,,,,,,,,,,,,,,,,,,,,,,,,,,,,,,,,,,,,,,,,,,,,,,,,,,,
,,,,,,,,,,,,,,,,,,,,,,,,,,,,,,,,,,,,,,,,,,,,,,,,,,,,,,,,,,,,,,,,,,,
,,,,,,,,,,,,,,,,,,,,,,,,,,,,,,,,,,,,,,,,,,,,,,,,,,,,,,,,,,,,,,,,,,,
,,,,,,,,,,,,,,,,,,,,,,,,,,,,,,,,,,,,,,,,,,,,,,,,,,,,,,,,,,,,,,,,,,,
,,,,,,,,,,,,,,,,,,,,,,,,,,,,,,,,,,,,,,,,,,,,,,,,,,,,,,,,,,,,,,,,,,,
,,,,,,,,,,,,,,,,,,,,,,,,,,,,,,,,,,,,,,,,,,,,,,,,,,,,,,,,,,,,,,,,,,,
,,,,,,,,,,,,,,,,,,,,,,,,,,,,,,,,,,,,,,,,,,,,,,,,,,,,,,,,,,,,,,,,,,,
,,,,,,,,,,,,,,,,,,,,,,,,,,,,,,,,,,,,,,,,,,,,,,,,,,,,,,,,,,,,,,,,,,,
,,,,,,,,,,,,,,,,,,,,,,,,,,,,,,,,,,,,,,,,,,,,,,,,,,,,,,,,,,,,,,,,,,,
,,,,,,,,,,,,,,,,,,,,,,,,,,,,,,,,,,,,,,,,,,,,,,,,,,,,,,,,,,,,,,,,,,,
,,,,,,,,,,,,,,,,,,,,,,,,,,,,,,,,,,,,,,,,,,,,,,,,,,,,,,,,,,,,,,,,,,,
,,,,,,,,,,,,,,,,,,,,,,,,,,,,,,,,,,,,,,,,,,,,,,,,,,,,,,,,,,,,,,,,,,,
,,,,,,,,,,,,,,,,,,,,,,,,,,,,,,,,,,,,,,,,,,,,,,,,,,,,,,,,,,,,,,,,,,,
,,,,,,,,,,,,,,,,,,,,,,,,,,,,,,,,,,,,,,,,,,,,,,,,,,,,,,,,,,,,,,,,,,,
,,,,,,,,,,,,,,,,,,,,,,,,,,,,,,,,,,,,,,,,,,,,,,,,,,,,,,,,,,,,,,,,,,,
,,,,,,,,,,,,,,,,,,,,,,,,,,,,,,,,,,,,,,,,,,,,,,,,,,,,,,,,,,,,,,,,,,,
,,,,,,,,,,,,,,,,,,,,,,,,,,,,,,,,,,,,,,,,,,,,,,,,,,,,,,,,,,,,,,,,,,,
,,,,,,,,,,,,,,,,,,,,,,,,,,,,,,,,,,,,,,,,,,,,,,,,,,,,,,,,,,,,,,,,,,,
,,,,,,,,,,,,,,,,,,,,,,,,,,,,,,,,,,,,,,,,,,,,,,,,,,,,,,,,,,,,,,,,,,,
,,,,,,,,,,,,,,,,,,,,,,,,,,,,,,,,,,,,,,,,,,,,,,,,,,,,,,,,,,,,,,,,,,,
,,,,,,,,,,,,,,,,,,,,,,,,,,,,,,,,,,,,,,,,,,,,,,,,,,,,,,,,,,,,,,,,,,,
,,,,,,,,,,,,,,,,,,,,,,,,,,,,,,,,,,,,,,,,,,,,,,,,,,,,,,,,,,,,,,,,,,,
,,,,,,,,,,,,,,,,,,,,,,,,,,,,,,,,,,,,,,,,,,,,,,,,,,,,,,,,,,,,,,,,,,,