# data_column_name,cf_standard_name,long_name,imos_vocabulary_name,unit_name,unit_short_name
# abundance,number_concentration_of_biological_taxon_in_sea_water,taxonomic level abundance,Abundance of biota,,
# area,,state/territory where the survey was conducted,,,
# avg_rugosity,,average roughness of the floor surface,,,
# biomass,,estimated biomass,,Grams,g
# block,,number of the block ,,,
# category,,sub-class of the annotation schema,,,
# class,biological_taxon_name,identification of the biotic elements to the scientific classification group,Biotic taxonomic identification,,
# common_class_name,,common name of the taxonomic rank,,,
# common_family_name,,common name of the taxonomic rank,,,
# common_name,,common name of the taxonomic rank,,,
# common_phylum_name,,common name of the taxonomic rank,,,
# country,,country where the survey was conducted,,,
# currents,,currents index,,,
# depth,depth,,Depth below surface of the water body,Metres,m                                                                                                             
# direction,,compass direction,True bearing,,
# ecoregion,,ecological region where the survey was conducted,,,
# family,biological_taxon_name,identification of the biotic elements to the scientific classification group,Biotic taxonomic identification,,
# frequency,,rarity index frequency of the species,,,
# genus,biological_taxon_name,identification of the biotic elements to the scientific classification group,Biotic taxonomic identification,,
# has pqs catalogued in db,,survey has Photos Quadrats catalogued in database,,,
# has pq scores in db,,survey has Photo Quadrat scores in database,,,
# has rugosity scores in db,,survey has rugosity scores in database,,,
# hour,time,local time of sample collection,,,
# latest surveydate for site,,latest survey date at the site,,,
# latitude,latitude,,Latitude north,Degrees,deg                                                                                                           
# lat_zone,,latitudinal zone (eg. tropical/temperate/polar),,,
# location,,city/council where the survey was conducted,,,
# longitude,longitude,,Longitude east,Degrees,deg                                                                                                           
# major_category,,class of the annotation schema,,,
# max_length,,maximum length of the species,,Centimetres,cm
# max_rugosity,,maximum roughness of the floor surface,,,
# method,,identifier for method applied to collect the observation,,,
# methods,,list of methods applied to collect the survey observations,,,
# mpa,,Marine Protected Area,,,
# num_points,,number of points associated to the observed item,,,
# old_site_codes,,previous codes of the site, now updated to [site_code],,,
# order,biological_taxon_name,identification of the biotic elements to the scientific classification group,Biotic taxonomic identification,,
# percent_cover,,percentage of the surface covered by the observed item,,Percent,%                                                                                                             
# phylum,biological_taxon_name,identification of the biotic elements to the scientific classification group,Biotic taxonomic identification,,
# pq_zip_url,,url for the Photo Quadrat zip file,,,
# program,,acronym identifying the program(s) - RLS or ATRC,,,
# programs,,acronym identifying the program(s) - RLS or ATRC,,,
# province,,ecological province where the survey was collected,,,
# quadrat,,Quadrat number,,,
# range,,rarity index range of the species,,Kilometres,km
# realm,,realm where the survey was conducted,,,
# recorded_species_name,biological_taxon_name,identification of the biotic elements to the scientific classification group,Biotic taxonomic identification,,
# relief,,relief index,,,
# reporting_name,,reporting name for the observed species,,,
# resolution,,annotation schema,,,
# site_code,,code for the survey site,,,
# site_name,,name of the survey site,,,
# size_class,,size class,,Centimetres,cm
# slope,,slope index,,,
# species_id,,species identifier,,,
# species_name,biological_taxon_name,identification of the biotic elements to the scientific classification group,Biotic taxonomic identification,,
# superseded_ids,,species identifier of the superseded species,,,
# superseded_names,,name of the superseded species,,,
# surface,,type of substrate,,,
# survey_date,,local date,,Date,yyyy-mm-dd
# survey_id,,survey identification number,,,
# survey_latitude,latitude,,Latitude north,Degrees,deg                                                                                                           
# survey_longitude,longitude,,Longitude east,Degrees,deg                                                                                                           
# survey_notes,,additional notes about the survey,,,
# taxon,biological_taxon_name,identification of the biotic elements to the scientific classification group,Biotic taxonomic identification,,
# total,,total number of observations,,,
# total_points,,total number of point counted in the Quadrat,,,
# visibility,,the distance in water at which something can be seen,,Metres,m                                                                                                             
# wave_exposure,,wave exposure index,,,

FID,survey_id,country,area,ecoregion,realm,location,site_code,site_name,latitude,longitude,survey_date,depth,program,visibility,hour,survey_latitude,survey_longitude,method,block,phylum,class,order,family,species_name,reporting_name,size_class,total,biomass,geom
ep_m0_off_transect_sighting_public_data.fid-54e28aac_191fc0042f2_7f28,923400136,Canada,British Columbia,"Oregon, Washington, Vancouver Coast and Shelf",Temperate Northern Pacific,Vancouver Island,BMSC8,Baeria Rocks North Island Northside,48.96,-125.15,2021-04-29,9,RLS,6,15:20:00,,,0,0,Chordata,Actinopterygii,Scorpaeniformes,Cottidae,Scorpaenichthys marmoratus,Scorpaenichthys marmoratus,62.5,1,2332.172,POINT (-125.1500015258789 48.959999084472656)
ep_m0_off_transect_sighting_public_data.fid-54e28aac_191fc0042f2_7f29,923400136,Canada,British Columbia,"Oregon, Washington, Vancouver Coast and Shelf",Temperate Northern Pacific,Vancouver Island,BMSC8,Baeria Rocks North Island Northside,48.96,-125.15,2021-04-29,9,RLS,6,15:20:00,,,0,0,Chordata,Actinopterygii,Scorpaeniformes,Hexagrammidae,Hexagrammos stelleri,Hexagrammos stelleri,15,1,64.071,POINT (-125.1500015258789 48.959999084472656)
ep_m0_off_transect_sighting_public_data.fid-54e28aac_191fc0042f2_7f2a,923400137,Canada,British Columbia,"Oregon, Washington, Vancouver Coast and Shelf",Temperate Northern Pacific,Vancouver Island,BMSC7,Baeria Rocks North Island Southside,48.95,-125.15,2021-04-29,5,RLS,6,13:10:00,,,0,0,Arthropoda,Malacostraca,Decapoda,Epialtidae,Scyra acutifrons,Scyra acutifrons,0,1,,POINT (-125.1500015258789 48.95000076293945)
ep_m0_off_transect_sighting_public_data.fid-54e28aac_191fc0042f2_7f2b,923400137,Canada,British Columbia,"Oregon, Washington, Vancouver Coast and Shelf",Temperate Northern Pacific,Vancouver Island,BMSC7,Baeria Rocks North Island Southside,48.95,-125.15,2021-04-29,5,RLS,6,13:10:00,,,0,0,Chordata,Actinopterygii,Gasterosteiformes,Aulorhynchidae,Aulorhynchus flavidus,Aulorhynchus flavidus,12.5,30,389.0884,POINT (-125.1500015258789 48.95000076293945)
ep_m0_off_transect_sighting_public_data.fid-54e28aac_191fc0042f2_7f2c,923400137,Canada,British Columbia,"Oregon, Washington, Vancouver Coast and Shelf",Temperate Northern Pacific,Vancouver Island,BMSC7,Baeria Rocks North Island Southside,48.95,-125.15,2021-04-29,5,RLS,6,13:10:00,,,0,0,Echinodermata,Asteroidea,Forcipulatida,Asteriidae,Evasterias troschelii,Evasterias troschelii,0,1,,POINT (-125.1500015258789 48.95000076293945)
ep_m0_off_transect_sighting_public_data.fid-54e28aac_191fc0042f2_7f2d,923400137,Canada,British Columbia,"Oregon, Washington, Vancouver Coast and Shelf",Temperate Northern Pacific,Vancouver Island,BMSC7,Baeria Rocks North Island Southside,48.95,-125.15,2021-04-29,5,RLS,6,13:10:00,,,0,0,Echinodermata,Asteroidea,Forcipulatida,Pycnopodiidae,Pycnopodia helianthoides,Pycnopodia helianthoides,5,1,,POINT (-125.1500015258789 48.95000076293945)
ep_m0_off_transect_sighting_public_data.fid-54e28aac_191fc0042f2_7f2e,923400154,Canada,British Columbia,"Oregon, Washington, Vancouver Coast and Shelf",Temperate Northern Pacific,Vancouver Island,BMSC6,Baeria Rocks South Island,48.95,-125.16,2021-04-29,7,RLS,8,10:30:00,,,0,0,Chordata,Actinopteri,Perciformes,Sebastidae,Sebastes emphaeus,Sebastes emphaeus,12.5,2,100.3761,POINT (-125.16000366210938 48.95000076293945)
ep_m0_off_transect_sighting_public_data.fid-54e28aac_191fc0042f2_7f2f,923400154,Canada,British Columbia,"Oregon, Washington, Vancouver Coast and Shelf",Temperate Northern Pacific,Vancouver Island,BMSC6,Baeria Rocks South Island,48.95,-125.16,2021-04-29,7,RLS,8,10:30:00,,,0,0,Chordata,Actinopterygii,Perciformes,Anarhichadidae,Anarrhichthys ocellatus,Anarrhichthys ocellatus,62.5,1,1507.1172,POINT (-125.16000366210938 48.95000076293945)
ep_m0_off_transect_sighting_public_data.fid-54e28aac_191fc0042f2_7f30,923400154,Canada,British Columbia,"Oregon, Washington, Vancouver Coast and Shelf",Temperate Northern Pacific,Vancouver Island,BMSC6,Baeria Rocks South Island,48.95,-125.16,2021-04-29,7,RLS,8,10:30:00,,,0,0,Chordata,Actinopterygii,Perciformes,Hexagrammidae,Hexagrammos decagrammus,Hexagrammos decagrammus,20,1,150.0203,POINT (-125.16000366210938 48.95000076293945)
ep_m0_off_transect_sighting_public_data.fid-54e28aac_191fc0042f2_7f31,923400154,Canada,British Columbia,"Oregon, Washington, Vancouver Coast and Shelf",Temperate Northern Pacific,Vancouver Island,BMSC6,Baeria Rocks South Island,48.95,-125.16,2021-04-29,7,RLS,8,10:30:00,,,0,0,Chordata,Actinopterygii,Scorpaeniformes,Cottidae,Scorpaenichthys marmoratus,Scorpaenichthys marmoratus,40,1,572.0118,POINT (-125.16000366210938 48.95000076293945)
ep_m0_off_transect_sighting_public_data.fid-54e28aac_191fc0042f2_7f32,923400154,Canada,British Columbia,"Oregon, Washington, Vancouver Coast and Shelf",Temperate Northern Pacific,Vancouver Island,BMSC6,Baeria Rocks South Island,48.95,-125.16,2021-04-29,7,RLS,8,10:30:00,,,0,0,Chordata,Actinopterygii,Scorpaeniformes,Hexagrammidae,Ophiodon elongatus,Ophiodon elongatus,75,1,2133.8857,POINT (-125.16000366210938 48.95000076293945)
ep_m0_off_transect_sighting_public_data.fid-54e28aac_191fc0042f2_7f33,923400154,Canada,British Columbia,"Oregon, Washington, Vancouver Coast and Shelf",Temperate Northern Pacific,Vancouver Island,BMSC6,Baeria Rocks South Island,48.95,-125.16,2021-04-29,7,RLS,8,10:30:00,,,0,0,Chordata,Actinopterygii,Scorpaeniformes,Hexagrammidae,Ophiodon elongatus,Ophiodon elongatus,100,1,5247.5923,POINT (-125.16000366210938 48.95000076293945)
ep_m0_off_transect_sighting_public_data.fid-54e28aac_191fc0042f2_7f34,923400154,Canada,British Columbia,"Oregon, Washington, Vancouver Coast and Shelf",Temperate Northern Pacific,Vancouver Island,BMSC6,Baeria Rocks South Island,48.95,-125.16,2021-04-29,7,RLS,8,10:30:00,,,0,0,Chordata,Actinopterygii,Scorpaeniformes,Sebastidae,Sebastes nebulosus,Sebastes nebulosus,20,2,325.4514,POINT (-125.16000366210938 48.95000076293945)
ep_m0_off_transect_sighting_public_data.fid-54e28aac_191fc0042f2_7f35,923400154,Canada,British Columbia,"Oregon, Washington, Vancouver Coast and Shelf",Temperate Northern Pacific,Vancouver Island,BMSC6,Baeria Rocks South Island,48.95,-125.16,2021-04-29,7,RLS,8,10:30:00,,,0,0,Chordata,Mammalia,Carnivora,Otariidae,Eumetopias jubatus,Eumetopias jubatus,150,1,,POINT (-125.16000366210938 48.95000076293945)
ep_m0_off_transect_sighting_public_data.fid-54e28aac_191fc0042f2_7f36,923401186,Canada,British Columbia,"Oregon, Washington, Vancouver Coast and Shelf",Temperate Northern Pacific,Vancouver Island,BMSC8,Baeria Rocks North Island Northside,48.96,-125.15,2022-04-28,6,RLS,3,14:25:00,,,0,0,Chordata,Mammalia,Carnivora,Otariidae,Zalophus californianus,Zalophus californianus,0,1,,POINT (-125.1500015258789 48.959999084472656)
ep_m0_off_transect_sighting_public_data.fid-54e28aac_191fc0042f2_7f37,923401186,Canada,British Columbia,"Oregon, Washington, Vancouver Coast and Shelf",Temperate Northern Pacific,Vancouver Island,BMSC8,Baeria Rocks North Island Northside,48.96,-125.15,2022-04-28,6,RLS,3,14:25:00,,,0,0,Chordata,Actinopterygii,Perciformes,Hexagrammidae,Hexagrammos decagrammus,Hexagrammos decagrammus,30,1,344.0053,POINT (-125.1500015258789 48.959999084472656)
ep_m0_off_transect_sighting_public_data.fid-54e28aac_191fc0042f2_7f38,923401186,Canada,British Columbia,"Oregon, Washington, Vancouver Coast and Shelf",Temperate Northern Pacific,Vancouver Island,BMSC8,Baeria Rocks North Island Northside,48.96,-125.15,2022-04-28,6,RLS,3,14:25:00,,,0,0,Chordata,Actinopterygii,Perciformes,Hexagrammidae,Hexagrammos decagrammus,Hexagrammos decagrammus,40,2,1238.191,POINT (-125.1500015258789 48.959999084472656)
ep_m0_off_transect_sighting_public_data.fid-54e28aac_191fc0042f2_7f39,923401186,Canada,British Columbia,"Oregon, Washington, Vancouver Coast and Shelf",Temperate Northern Pacific,Vancouver Island,BMSC8,Baeria Rocks North Island Northside,48.96,-125.15,2022-04-28,6,RLS,3,14:25:00,,,0,0,Chordata,Actinopterygii,Scorpaeniformes,Hexagrammidae,Hexagrammos stelleri,Hexagrammos stelleri,15,1,64.071,POINT (-125.1500015258789 48.959999084472656)
ep_m0_off_transect_sighting_public_data.fid-54e28aac_191fc0042f2_7f3a,923401187,Canada,British Columbia,"Oregon, Washington, Vancouver Coast and Shelf",Temperate Northern Pacific,Vancouver Island,BMSC6,Baeria Rocks South Island,48.95,-125.16,2022-04-28,9,RLS,2,12:30:00,,,0,1,Chordata,Actinopterygii,Scorpaeniformes,Hexagrammidae,Ophiodon elongatus,Ophiodon elongatus,100,1,5247.5923,POINT (-125.16000366210938 48.95000076293945)
ep_m0_off_transect_sighting_public_data.fid-54e28aac_191fc0042f2_7f3b,923401187,Canada,British Columbia,"Oregon, Washington, Vancouver Coast and Shelf",Temperate Northern Pacific,Vancouver Island,BMSC6,Baeria Rocks South Island,48.95,-125.16,2022-04-28,9,RLS,2,12:30:00,,,0,1,Chordata,Actinopterygii,Scorpaeniformes,Sebastidae,Sebastes caurinus,Sebastes caurinus,75,1,4630.12,POINT (-125.16000366210938 48.95000076293945)
ep_m0_off_transect_sighting_public_data.fid-54e28aac_191fc0042f2_7f3c,923401187,Canada,British Columbia,"Oregon, Washington, Vancouver Coast and Shelf",Temperate Northern Pacific,Vancouver Island,BMSC6,Baeria Rocks South Island,48.95,-125.16,2022-04-28,9,RLS,2,12:30:00,,,0,1,Echinodermata,Asteroidea,Forcipulatida,Asteriidae,Orthasterias koehleri,Orthasterias koehleri,0,1,,POINT (-125.16000366210938 48.95000076293945)
ep_m0_off_transect_sighting_public_data.fid-54e28aac_191fc0042f2_7f3d,923401198,Canada,British Columbia,"Oregon, Washington, Vancouver Coast and Shelf",Temperate Northern Pacific,Vancouver Island,BMSC6,Baeria Rocks South Island,48.95,-125.16,2022-04-28,6.5,RLS,2,10:40:00,,,0,0,Chordata,Actinopterygii,Scorpaeniformes,Hexagrammidae,Oxylebius pictus,Oxylebius pictus,12.5,1,42.2005,POINT (-125.16000366210938 48.95000076293945)
ep_m0_off_transect_sighting_public_data.fid-54e28aac_191fc0042f2_7f3e,923401198,Canada,British Columbia,"Oregon, Washington, Vancouver Coast and Shelf",Temperate Northern Pacific,Vancouver Island,BMSC6,Baeria Rocks South Island,48.95,-125.16,2022-04-28,6.5,RLS,2,10:40:00,,,0,0,Chordata,Mammalia,Carnivora,Mustelidae,Enhydra lutris,Enhydra lutris,0,1,,POINT (-125.16000366210938 48.95000076293945)
ep_m0_off_transect_sighting_public_data.fid-54e28aac_191fc0042f2_7f3f,923401198,Canada,British Columbia,"Oregon, Washington, Vancouver Coast and Shelf",Temperate Northern Pacific,Vancouver Island,BMSC6,Baeria Rocks South Island,48.95,-125.16,2022-04-28,6.5,RLS,2,10:40:00,,,0,0,Chordata,Mammalia,Carnivora,Otariidae,Zalophus californianus,Zalophus californianus,0,4,,POINT (-125.16000366210938 48.95000076293945)
ep_m0_off_transect_sighting_public_data.fid-54e28aac_191fc0042f2_7f40,923402219,Canada,British Columbia,"Oregon, Washington, Vancouver Coast and Shelf",Temperate Northern Pacific,Vancouver Island,BMSC6,Baeria Rocks South Island,48.95,-125.16,2023-05-17,5.5,RLS,5,10:20:00,,,0,1,Chordata,Actinopterygii,Perciformes,Embiotocidae,Embiotoca lateralis,Embiotoca lateralis,15,2,240.9639,POINT (-125.16000366210938 48.95000076293945)
ep_m0_off_transect_sighting_public_data.fid-54e28aac_191fc0042f2_7f41,923402226,Canada,British Columbia,"Oregon, Washington, Vancouver Coast and Shelf",Temperate Northern Pacific,Vancouver Island,BMSC8,Baeria Rocks North Island Northside,48.96,-125.15,2023-05-17,9,RLS,5,13:02:00,,,0,0,Chordata,Actinopterygii,Pleuronectiformes,Pleuronectidae,Pleuronichthys coenosus,Pleuronichthys coenosus,0,1,,POINT (-125.1500015258789 48.959999084472656)
ep_m0_off_transect_sighting_public_data.fid-54e28aac_191fc0042f2_7f42,923402226,Canada,British Columbia,"Oregon, Washington, Vancouver Coast and Shelf",Temperate Northern Pacific,Vancouver Island,BMSC8,Baeria Rocks North Island Northside,48.96,-125.15,2023-05-17,9,RLS,5,13:02:00,,,0,0,Chordata,Actinopterygii,Scorpaeniformes,Hexagrammidae,Ophiodon elongatus,Ophiodon elongatus,0,1,,POINT (-125.1500015258789 48.959999084472656)
ep_m0_off_transect_sighting_public_data.fid-54e28aac_191fc0042f2_7f43,923402226,Canada,British Columbia,"Oregon, Washington, Vancouver Coast and Shelf",Temperate Northern Pacific,Vancouver Island,BMSC8,Baeria Rocks North Island Northside,48.96,-125.15,2023-05-17,9,RLS,5,13:02:00,,,0,1,Chordata,Actinopterygii,Perciformes,Hexagrammidae,Hexagrammos decagrammus,Hexagrammos decagrammus,12.5,1,37.9668,POINT (-125.1500015258789 48.959999084472656)
ep_m0_off_transect_sighting_public_data.fid-54e28aac_191fc0042f2_7f44,923402226,Canada,British Columbia,"Oregon, Washington, Vancouver Coast and Shelf",Temperate Northern Pacific,Vancouver Island,BMSC8,Baeria Rocks North Island Northside,48.96,-125.15,2023-05-17,9,RLS,5,13:02:00,,,0,1,Chordata,Actinopterygii,Scorpaeniformes,Hexagrammidae,Ophiodon elongatus,Ophiodon elongatus,35,1,231.3251,POINT (-125.1500015258789 48.959999084472656)
ep_m0_off_transect_sighting_public_data.fid-54e28aac_191fc0042f2_7f45,923402240,Canada,British Columbia,"Oregon, Washington, Vancouver Coast and Shelf",Temperate Northern Pacific,Vancouver Island,BMSC6,Baeria Rocks South Island,48.95,-125.16,2023-05-17,10,RLS,5,10:25:00,,,0,0,Chordata,Actinopterygii,Scorpaeniformes,Hexagrammidae,Ophiodon elongatus,Ophiodon elongatus,62.5,1,1202.7167,POINT (-125.16000366210938 48.95000076293945)
ep_m0_off_transect_sighting_public_data.fid-54e28aac_191fc0042f2_7f46,923402240,Canada,British Columbia,"Oregon, Washington, Vancouver Coast and Shelf",Temperate Northern Pacific,Vancouver Island,BMSC6,Baeria Rocks South Island,48.95,-125.16,2023-05-17,10,RLS,5,10:25:00,,,0,0,Chordata,Actinopterygii,Scorpaeniformes,Sebastidae,Sebastes maliger,Sebastes maliger,30,1,369.1905,POINT (-125.16000366210938 48.95000076293945)
ep_m0_off_transect_sighting_public_data.fid-54e28aac_191fc0042f2_7f47,923402240,Canada,British Columbia,"Oregon, Washington, Vancouver Coast and Shelf",Temperate Northern Pacific,Vancouver Island,BMSC6,Baeria Rocks South Island,48.95,-125.16,2023-05-17,10,RLS,5,10:25:00,,,0,0,Chordata,Actinopterygii,Scorpaeniformes,Sebastidae,Sebastes nebulosus,Sebastes nebulosus,25,1,250.4119,POINT (-125.16000366210938 48.95000076293945)
ep_m0_off_transect_sighting_public_data.fid-54e28aac_191fc0042f2_7f48,923402240,Canada,British Columbia,"Oregon, Washington, Vancouver Coast and Shelf",Temperate Northern Pacific,Vancouver Island,BMSC6,Baeria Rocks South Island,48.95,-125.16,2023-05-17,10,RLS,5,10:25:00,,,0,1,Chordata,Actinopterygii,Scorpaeniformes,Hexagrammidae,Ophiodon elongatus,Ophiodon elongatus,50,1,599.5206,POINT (-125.16000366210938 48.95000076293945)
ep_m0_off_transect_sighting_public_data.fid-54e28aac_191fc0042f2_7f49,923402240,Canada,British Columbia,"Oregon, Washington, Vancouver Coast and Shelf",Temperate Northern Pacific,Vancouver Island,BMSC6,Baeria Rocks South Island,48.95,-125.16,2023-05-17,10,RLS,5,10:25:00,,,0,1,Chordata,Actinopterygii,Scorpaeniformes,Hexagrammidae,Oxylebius pictus,Oxylebius pictus,12.5,1,42.2005,POINT (-125.16000366210938 48.95000076293945)
ep_m0_off_transect_sighting_public_data.fid-54e28aac_191fc0042f2_7f4a,923402240,Canada,British Columbia,"Oregon, Washington, Vancouver Coast and Shelf",Temperate Northern Pacific,Vancouver Island,BMSC6,Baeria Rocks South Island,48.95,-125.16,2023-05-17,10,RLS,5,10:25:00,,,0,1,Chordata,Actinopterygii,Scorpaeniformes,Sebastidae,Sebastes melanops,Sebastes melanops,15,1,73.4918,POINT (-125.16000366210938 48.95000076293945)
ep_m0_off_transect_sighting_public_data.fid-54e28aac_191fc0042f2_7f4b,923400147,Canada,British Columbia,"Oregon, Washington, Vancouver Coast and Shelf",Temperate Northern Pacific,Vancouver Island,BMSC21,Dixon SW,48.85,-125.12,2021-05-20,5,RLS,0,10:40:00,,,0,0,Echinodermata,Asteroidea,Spinulosida,Echinasteridae,Henricia leviuscula,Henricia leviuscula,0,1,,POINT (-125.12000274658203 48.849998474121094)
ep_m0_off_transect_sighting_public_data.fid-54e28aac_191fc0042f2_7f4c,923400147,Canada,British Columbia,"Oregon, Washington, Vancouver Coast and Shelf",Temperate Northern Pacific,Vancouver Island,BMSC21,Dixon SW,48.85,-125.12,2021-05-20,5,RLS,0,10:40:00,,,0,1,Chordata,Actinopteri,Perciformes,Hexagrammidae,Hexagrammos spp.,Hexagrammos ,5,1,,POINT (-125.12000274658203 48.849998474121094)
ep_m0_off_transect_sighting_public_data.fid-54e28aac_191fc0042f2_7f4d,923400147,Canada,British Columbia,"Oregon, Washington, Vancouver Coast and Shelf",Temperate Northern Pacific,Vancouver Island,BMSC21,Dixon SW,48.85,-125.12,2021-05-20,5,RLS,0,10:40:00,,,0,1,Chordata,Actinopterygii,Scorpaeniformes,Sebastidae,Sebastes melanops,Sebastes melanops,10,1,21.0804,POINT (-125.12000274658203 48.849998474121094)
ep_m0_off_transect_sighting_public_data.fid-54e28aac_191fc0042f2_7f4e,923400147,Canada,British Columbia,"Oregon, Washington, Vancouver Coast and Shelf",Temperate Northern Pacific,Vancouver Island,BMSC21,Dixon SW,48.85,-125.12,2021-05-20,5,RLS,0,10:40:00,,,0,2,Mollusca,Gastropoda,Nudibranchia,Discodorididae,Diaulula odonoghuei,Diaulula odonoghuei,0,1,,POINT (-125.12000274658203 48.849998474121094)
ep_m0_off_transect_sighting_public_data.fid-54e28aac_191fc0042f2_7f4f,923400147,Canada,British Columbia,"Oregon, Washington, Vancouver Coast and Shelf",Temperate Northern Pacific,Vancouver Island,BMSC21,Dixon SW,48.85,-125.12,2021-05-20,5,RLS,0,10:40:00,,,0,2,Mollusca,Gastropoda,Nudibranchia,Discodorididae,Montereina nobilis,Montereina nobilis,0,2,,POINT (-125.12000274658203 48.849998474121094)
ep_m0_off_transect_sighting_public_data.fid-54e28aac_191fc0042f2_7f50,923400150,Canada,British Columbia,"Oregon, Washington, Vancouver Coast and Shelf",Temperate Northern Pacific,Vancouver Island,BMSC22,Dixon Inside,48.85,-125.12,2021-05-20,6.5,RLS,1,12:55:00,,,0,0,Chordata,Actinopterygii,Scorpaeniformes,Hexagrammidae,Ophiodon elongatus,Ophiodon elongatus,0,2,,POINT (-125.12000274658203 48.849998474121094)
ep_m0_off_transect_sighting_public_data.fid-54e28aac_191fc0042f2_7f51,923400150,Canada,British Columbia,"Oregon, Washington, Vancouver Coast and Shelf",Temperate Northern Pacific,Vancouver Island,BMSC22,Dixon Inside,48.85,-125.12,2021-05-20,6.5,RLS,1,12:55:00,,,0,0,Echinodermata,Asteroidea,Spinulosida,Echinasteridae,Henricia leviuscula,Henricia leviuscula,0,1,,POINT (-125.12000274658203 48.849998474121094)
ep_m0_off_transect_sighting_public_data.fid-54e28aac_191fc0042f2_7f52,923400150,Canada,British Columbia,"Oregon, Washington, Vancouver Coast and Shelf",Temperate Northern Pacific,Vancouver Island,BMSC22,Dixon Inside,48.85,-125.12,2021-05-20,6.5,RLS,1,12:55:00,,,0,0,Echinodermata,Asteroidea,Valvatida,Goniasteridae,Mediaster aequalis,Mediaster aequalis,0,1,,POINT (-125.12000274658203 48.849998474121094)
ep_m0_off_transect_sighting_public_data.fid-54e28aac_191fc0042f2_7f53,923400150,Canada,British Columbia,"Oregon, Washington, Vancouver Coast and Shelf",Temperate Northern Pacific,Vancouver Island,BMSC22,Dixon Inside,48.85,-125.12,2021-05-20,6.5,RLS,1,12:55:00,,,0,0,Mollusca,Gastropoda,Nudibranchia,Dironidae,Dirona albolineata,Dirona albolineata,0,1,,POINT (-125.12000274658203 48.849998474121094)
ep_m0_off_transect_sighting_public_data.fid-54e28aac_191fc0042f2_7f54,923400150,Canada,British Columbia,"Oregon, Washington, Vancouver Coast and Shelf",Temperate Northern Pacific,Vancouver Island,BMSC22,Dixon Inside,48.85,-125.12,2021-05-20,6.5,RLS,1,12:55:00,,,0,0,Mollusca,Gastropoda,Nudibranchia,Dorididae,Doris odhneri,Doris odhneri,0,1,,POINT (-125.12000274658203 48.849998474121094)
ep_m0_off_transect_sighting_public_data.fid-54e28aac_191fc0042f2_7f55,923400150,Canada,British Columbia,"Oregon, Washington, Vancouver Coast and Shelf",Temperate Northern Pacific,Vancouver Island,BMSC22,Dixon Inside,48.85,-125.12,2021-05-20,6.5,RLS,1,12:55:00,,,0,0,Mollusca,Gastropoda,Vetigastropoda,Haliotidae,Haliotis kamtschatkana,Haliotis kamtschatkana,0,2,,POINT (-125.12000274658203 48.849998474121094)
ep_m0_off_transect_sighting_public_data.fid-54e28aac_191fc0042f2_7f56,923400150,Canada,British Columbia,"Oregon, Washington, Vancouver Coast and Shelf",Temperate Northern Pacific,Vancouver Island,BMSC22,Dixon Inside,48.85,-125.12,2021-05-20,6.5,RLS,1,12:55:00,,,0,2,Chordata,Actinopterygii,Scorpaeniformes,Sebastidae,Sebastes caurinus,Sebastes caurinus,10,1,21.0804,POINT (-125.12000274658203 48.849998474121094)
ep_m0_off_transect_sighting_public_data.fid-54e28aac_191fc0042f2_7f57,923400150,Canada,British Columbia,"Oregon, Washington, Vancouver Coast and Shelf",Temperate Northern Pacific,Vancouver Island,BMSC22,Dixon Inside,48.85,-125.12,2021-05-20,6.5,RLS,1,12:55:00,,,0,2,Chordata,Actinopterygii,Scorpaeniformes,Sebastidae,Sebastes caurinus,Sebastes caurinus,12.5,1,41.9142,POINT (-125.12000274658203 48.849998474121094)
ep_m0_off_transect_sighting_public_data.fid-54e28aac_191fc0042f2_7f58,923401197,Canada,British Columbia,"Oregon, Washington, Vancouver Coast and Shelf",Temperate Northern Pacific,Vancouver Island,BMSC21,Dixon SW,48.85,-125.12,2022-04-25,4.5,RLS,2,12:30:00,,,0,1,Arthropoda,Malacostraca,Decapoda,Cancridae,Cancer productus,Cancer productus,0,1,,POINT (-125.12000274658203 48.849998474121094)
ep_m0_off_transect_sighting_public_data.fid-54e28aac_191fc0042f2_7f59,923401197,Canada,British Columbia,"Oregon, Washington, Vancouver Coast and Shelf",Temperate Northern Pacific,Vancouver Island,BMSC21,Dixon SW,48.85,-125.12,2022-04-25,4.5,RLS,2,12:30:00,,,0,1,Chordata,Actinopterygii,Scorpaeniformes,Hexagrammidae,Oxylebius pictus,Oxylebius pictus,0,1,,POINT (-125.12000274658203 48.849998474121094)
ep_m0_off_transect_sighting_public_data.fid-54e28aac_191fc0042f2_7f5a,923401197,Canada,British Columbia,"Oregon, Washington, Vancouver Coast and Shelf",Temperate Northern Pacific,Vancouver Island,BMSC21,Dixon SW,48.85,-125.12,2022-04-25,4.5,RLS,2,12:30:00,,,0,1,Echinodermata,Asteroidea,Forcipulatida,Pycnopodiidae,Pycnopodia helianthoides,Pycnopodia helianthoides,10,1,,POINT (-125.12000274658203 48.849998474121094)
ep_m0_off_transect_sighting_public_data.fid-54e28aac_191fc0042f2_7f5b,923401201,Canada,British Columbia,"Oregon, Washington, Vancouver Coast and Shelf",Temperate Northern Pacific,Vancouver Island,BMSC22,Dixon Inside,48.85,-125.12,2022-04-25,8.3,RLS,2,10:50:00,,,0,0,Mollusca,Gastropoda,Nudibranchia,Discodorididae,Diaulula sandiegensis,Diaulula sandiegensis,0,1,,POINT (-125.12000274658203 48.849998474121094)
ep_m0_off_transect_sighting_public_data.fid-54e28aac_191fc0042f2_7f5c,923401201,Canada,British Columbia,"Oregon, Washington, Vancouver Coast and Shelf",Temperate Northern Pacific,Vancouver Island,BMSC22,Dixon Inside,48.85,-125.12,2022-04-25,8.3,RLS,2,10:50:00,,,0,0,Echinodermata,Echinoidea,Camarodonta,Strongylocentrotidae,Strongylocentrotus droebachiensis,Strongylocentrotus droebachiensis,0,1,,POINT (-125.12000274658203 48.849998474121094)
ep_m0_off_transect_sighting_public_data.fid-54e28aac_191fc0042f2_7f5d,923401201,Canada,British Columbia,"Oregon, Washington, Vancouver Coast and Shelf",Temperate Northern Pacific,Vancouver Island,BMSC22,Dixon Inside,48.85,-125.12,2022-04-25,8.3,RLS,2,10:50:00,,,0,1,Chordata,Actinopterygii,Perciformes,Hexagrammidae,Hexagrammos decagrammus,Hexagrammos decagrammus,30,1,344.0053,POINT (-125.12000274658203 48.849998474121094)
ep_m0_off_transect_sighting_public_data.fid-54e28aac_191fc0042f2_7f5e,923401201,Canada,British Columbia,"Oregon, Washington, Vancouver Coast and Shelf",Temperate Northern Pacific,Vancouver Island,BMSC22,Dixon Inside,48.85,-125.12,2022-04-25,8.3,RLS,2,10:50:00,,,0,1,Chordata,Actinopterygii,Scorpaeniformes,Sebastidae,Sebastes caurinus,Sebastes caurinus,10,1,21.0804,POINT (-125.12000274658203 48.849998474121094)
ep_m0_off_transect_sighting_public_data.fid-54e28aac_191fc0042f2_7f5f,923402245,Canada,British Columbia,"Oregon, Washington, Vancouver Coast and Shelf",Temperate Northern Pacific,Vancouver Island,BMSC22,Dixon Inside,48.85,-125.12,2023-05-08,5.5,RLS,3,10:14:00,,,0,1,Chordata,Actinopterygii,Scorpaeniformes,Hexagrammidae,Oxylebius pictus,Oxylebius pictus,10,1,21.4147,POINT (-125.12000274658203 48.849998474121094)
ep_m0_off_transect_sighting_public_data.fid-54e28aac_191fc0042f2_7f60,923402245,Canada,British Columbia,"Oregon, Washington, Vancouver Coast and Shelf",Temperate Northern Pacific,Vancouver Island,BMSC22,Dixon Inside,48.85,-125.12,2023-05-08,5.5,RLS,3,10:14:00,,,0,1,Chordata,Actinopterygii,Scorpaeniformes,Hexagrammidae,Oxylebius pictus,Oxylebius pictus,12.5,1,42.2005,POINT (-125.12000274658203 48.849998474121094)
ep_m0_off_transect_sighting_public_data.fid-54e28aac_191fc0042f2_7f61,923402245,Canada,British Columbia,"Oregon, Washington, Vancouver Coast and Shelf",Temperate Northern Pacific,Vancouver Island,BMSC22,Dixon Inside,48.85,-125.12,2023-05-08,5.5,RLS,3,10:14:00,,,0,1,Chordata,Actinopterygii,Scorpaeniformes,Hexagrammidae,Oxylebius pictus,Oxylebius pictus,15,1,73.4563,POINT (-125.12000274658203 48.849998474121094)
ep_m0_off_transect_sighting_public_data.fid-54e28aac_191fc0042f2_7f62,923402245,Canada,British Columbia,"Oregon, Washington, Vancouver Coast and Shelf",Temperate Northern Pacific,Vancouver Island,BMSC22,Dixon Inside,48.85,-125.12,2023-05-08,5.5,RLS,3,10:14:00,,,0,1,Chordata,Actinopterygii,Scorpaeniformes,Sebastidae,Sebastes caurinus,Sebastes caurinus,12.5,1,41.9142,POINT (-125.12000274658203 48.849998474121094)
ep_m0_off_transect_sighting_public_data.fid-54e28aac_191fc0042f2_7f63,923402245,Canada,British Columbia,"Oregon, Washington, Vancouver Coast and Shelf",Temperate Northern Pacific,Vancouver Island,BMSC22,Dixon Inside,48.85,-125.12,2023-05-08,5.5,RLS,3,10:14:00,,,0,1,Chordata,Actinopterygii,Scorpaeniformes,Sebastidae,Sebastes caurinus,Sebastes caurinus,15,1,73.4918,POINT (-125.12000274658203 48.849998474121094)
ep_m0_off_transect_sighting_public_data.fid-54e28aac_191fc0042f2_7f64,923402245,Canada,British Columbia,"Oregon, Washington, Vancouver Coast and Shelf",Temperate Northern Pacific,Vancouver Island,BMSC22,Dixon Inside,48.85,-125.12,2023-05-08,5.5,RLS,3,10:14:00,,,0,1,Chordata,Actinopterygii,Scorpaeniformes,Sebastidae,Sebastes maliger,Sebastes maliger,10,1,21.0804,POINT (-125.12000274658203 48.849998474121094)
ep_m0_off_transect_sighting_public_data.fid-54e28aac_191fc0042f2_7f65,923402245,Canada,British Columbia,"Oregon, Washington, Vancouver Coast and Shelf",Temperate Northern Pacific,Vancouver Island,BMSC22,Dixon Inside,48.85,-125.12,2023-05-08,5.5,RLS,3,10:14:00,,,0,2,Chordata,Actinopterygii,Perciformes,Hexagrammidae,Hexagrammos decagrammus,Hexagrammos decagrammus,10,1,18.9254,POINT (-125.12000274658203 48.849998474121094)
ep_m0_off_transect_sighting_public_data.fid-54e28aac_191fc0042f2_7f66,923402248,Canada,British Columbia,"Oregon, Washington, Vancouver Coast and Shelf",Temperate Northern Pacific,Vancouver Island,BMSC21,Dixon SW,48.85,-125.12,2023-05-08,6,RLS,2,13:00:00,,,0,2,Mollusca,Gastropoda,Nudibranchia,Dorididae,Doris odhneri,Doris odhneri,0,1,,POINT (-125.12000274658203 48.849998474121094)
ep_m0_off_transect_sighting_public_data.fid-54e28aac_191fc0042f2_7f67,923402248,Canada,British Columbia,"Oregon, Washington, Vancouver Coast and Shelf",Temperate Northern Pacific,Vancouver Island,BMSC21,Dixon SW,48.85,-125.12,2023-05-08,6,RLS,2,13:00:00,,,0,2,Mollusca,Gastropoda,Nudibranchia,Tritoniidae,Tritonia festiva,Tritonia festiva,0,1,,POINT (-125.12000274658203 48.849998474121094)
ep_m0_off_transect_sighting_public_data.fid-54e28aac_191fc0042f2_7f68,923402248,Canada,British Columbia,"Oregon, Washington, Vancouver Coast and Shelf",Temperate Northern Pacific,Vancouver Island,BMSC21,Dixon SW,48.85,-125.12,2023-05-08,6,RLS,2,13:00:00,,,0,0,Chordata,Actinopterygii,Scorpaeniformes,Hexagrammidae,Hexagrammos stelleri,Hexagrammos stelleri,20,1,144.8254,POINT (-125.12000274658203 48.849998474121094)
ep_m0_off_transect_sighting_public_data.fid-54e28aac_191fc0042f2_7f69,923402248,Canada,British Columbia,"Oregon, Washington, Vancouver Coast and Shelf",Temperate Northern Pacific,Vancouver Island,BMSC21,Dixon SW,48.85,-125.12,2023-05-08,6,RLS,2,13:00:00,,,0,0,Echinodermata,Asteroidea,Forcipulatida,Pycnopodiidae,Pycnopodia helianthoides,Pycnopodia helianthoides,15,1,,POINT (-125.12000274658203 48.849998474121094)
ep_m0_off_transect_sighting_public_data.fid-54e28aac_191fc0042f2_7f6a,923402248,Canada,British Columbia,"Oregon, Washington, Vancouver Coast and Shelf",Temperate Northern Pacific,Vancouver Island,BMSC21,Dixon SW,48.85,-125.12,2023-05-08,6,RLS,2,13:00:00,,,0,1,Chordata,Actinopterygii,Scorpaeniformes,Hexagrammidae,Oxylebius pictus,Oxylebius pictus,10,1,21.4147,POINT (-125.12000274658203 48.849998474121094)
ep_m0_off_transect_sighting_public_data.fid-54e28aac_191fc0042f2_7f6b,923402248,Canada,British Columbia,"Oregon, Washington, Vancouver Coast and Shelf",Temperate Northern Pacific,Vancouver Island,BMSC21,Dixon SW,48.85,-125.12,2023-05-08,6,RLS,2,13:00:00,,,0,1,Chordata,Actinopterygii,Scorpaeniformes,Hexagrammidae,Oxylebius pictus,Oxylebius pictus,12.5,1,42.2005,POINT (-125.12000274658203 48.849998474121094)
ep_m0_off_transect_sighting_public_data.fid-54e28aac_191fc0042f2_7f6c,923402377,Canada,British Columbia,"Oregon, Washington, Vancouver Coast and Shelf",Temperate Northern Pacific,Vancouver Island,BMKC1,Dixon Bay 2,48.85,-125.12,2023-05-29,6,RLS,2,07:40:00,,,0,1,Arthropoda,Malacostraca,Decapoda,Cancridae,Cancer productus,Cancer productus,0,1,,POINT (-125.12000274658203 48.849998474121094)
ep_m0_off_transect_sighting_public_data.fid-54e28aac_191fc0042f2_7f6d,923402377,Canada,British Columbia,"Oregon, Washington, Vancouver Coast and Shelf",Temperate Northern Pacific,Vancouver Island,BMKC1,Dixon Bay 2,48.85,-125.12,2023-05-29,6,RLS,2,07:40:00,,,0,1,Chordata,Actinopterygii,Gasterosteiformes,Aulorhynchidae,Aulorhynchus flavidus,Aulorhynchus flavidus,5,8,5.841,POINT (-125.12000274658203 48.849998474121094)
ep_m0_off_transect_sighting_public_data.fid-54e28aac_191fc0042f2_7f6e,923402377,Canada,British Columbia,"Oregon, Washington, Vancouver Coast and Shelf",Temperate Northern Pacific,Vancouver Island,BMKC1,Dixon Bay 2,48.85,-125.12,2023-05-29,6,RLS,2,07:40:00,,,0,1,Chordata,Actinopterygii,Perciformes,Hexagrammidae,Hexagrammos decagrammus,Hexagrammos decagrammus,5,1,2.1769,POINT (-125.12000274658203 48.849998474121094)
ep_m0_off_transect_sighting_public_data.fid-54e28aac_191fc0042f2_7f6f,923402377,Canada,British Columbia,"Oregon, Washington, Vancouver Coast and Shelf",Temperate Northern Pacific,Vancouver Island,BMKC1,Dixon Bay 2,48.85,-125.12,2023-05-29,6,RLS,2,07:40:00,,,0,1,Chordata,Actinopterygii,Scorpaeniformes,Sebastidae,Sebastes caurinus,Sebastes caurinus,5,2,4.9858,POINT (-125.12000274658203 48.849998474121094)
ep_m0_off_transect_sighting_public_data.fid-54e28aac_191fc0042f2_7f70,923402377,Canada,British Columbia,"Oregon, Washington, Vancouver Coast and Shelf",Temperate Northern Pacific,Vancouver Island,BMKC1,Dixon Bay 2,48.85,-125.12,2023-05-29,6,RLS,2,07:40:00,,,0,1,Chordata,Actinopterygii,Scorpaeniformes,Sebastidae,Sebastes caurinus,Sebastes caurinus,7.5,1,8.6909,POINT (-125.12000274658203 48.849998474121094)
ep_m0_off_transect_sighting_public_data.fid-54e28aac_191fc0042f2_7f71,923402377,Canada,British Columbia,"Oregon, Washington, Vancouver Coast and Shelf",Temperate Northern Pacific,Vancouver Island,BMKC1,Dixon Bay 2,48.85,-125.12,2023-05-29,6,RLS,2,07:40:00,,,0,1,Chordata,Actinopterygii,Scorpaeniformes,Sebastidae,Sebastes caurinus,Sebastes caurinus,10,1,21.0804,POINT (-125.12000274658203 48.849998474121094)
ep_m0_off_transect_sighting_public_data.fid-54e28aac_191fc0042f2_7f72,923402377,Canada,British Columbia,"Oregon, Washington, Vancouver Coast and Shelf",Temperate Northern Pacific,Vancouver Island,BMKC1,Dixon Bay 2,48.85,-125.12,2023-05-29,6,RLS,2,07:40:00,,,0,2,Chordata,Actinopterygii,Gasterosteiformes,Aulorhynchidae,Aulorhynchus flavidus,Aulorhynchus flavidus,2.5,2,0.1656,POINT (-125.12000274658203 48.849998474121094)
ep_m0_off_transect_sighting_public_data.fid-54e28aac_191fc0042f2_7f73,923402377,Canada,British Columbia,"Oregon, Washington, Vancouver Coast and Shelf",Temperate Northern Pacific,Vancouver Island,BMKC1,Dixon Bay 2,48.85,-125.12,2023-05-29,6,RLS,2,07:40:00,,,0,2,Chordata,Actinopterygii,Gasterosteiformes,Aulorhynchidae,Aulorhynchus flavidus,Aulorhynchus flavidus,5,6,4.3807,POINT (-125.12000274658203 48.849998474121094)
ep_m0_off_transect_sighting_public_data.fid-54e28aac_191fc0042f2_7f74,923402377,Canada,British Columbia,"Oregon, Washington, Vancouver Coast and Shelf",Temperate Northern Pacific,Vancouver Island,BMKC1,Dixon Bay 2,48.85,-125.12,2023-05-29,6,RLS,2,07:40:00,,,0,2,Chordata,Actinopterygii,Gasterosteiformes,Aulorhynchidae,Aulorhynchus flavidus,Aulorhynchus flavidus,7.5,7,18.2566,POINT (-125.12000274658203 48.849998474121094)
ep_m0_off_transect_sighting_public_data.fid-54e28aac_191fc0042f2_7f75,923402377,Canada,British Columbia,"Oregon, Washington, Vancouver Coast and Shelf",Temperate Northern Pacific,Vancouver Island,BMKC1,Dixon Bay 2,48.85,-125.12,2023-05-29,6,RLS,2,07:40:00,,,0,2,Chordata,Actinopterygii,Perciformes,Embiotocidae,Brachyistius frenatus,Brachyistius frenatus,5,1,3.1302,POINT (-125.12000274658203 48.849998474121094)
ep_m0_off_transect_sighting_public_data.fid-54e28aac_191fc0042f2_7f76,923402377,Canada,British Columbia,"Oregon, Washington, Vancouver Coast and Shelf",Temperate Northern Pacific,Vancouver Island,BMKC1,Dixon Bay 2,48.85,-125.12,2023-05-29,6,RLS,2,07:40:00,,,0,2,Chordata,Actinopterygii,Perciformes,Hexagrammidae,Hexagrammos decagrammus,Hexagrammos decagrammus,2.5,2,0.5008,POINT (-125.12000274658203 48.849998474121094)
ep_m0_off_transect_sighting_public_data.fid-54e28aac_191fc0042f2_7f77,923402377,Canada,British Columbia,"Oregon, Washington, Vancouver Coast and Shelf",Temperate Northern Pacific,Vancouver Island,BMKC1,Dixon Bay 2,48.85,-125.12,2023-05-29,6,RLS,2,07:40:00,,,0,2,Chordata,Actinopterygii,Perciformes,Hexagrammidae,Hexagrammos decagrammus,Hexagrammos decagrammus,7.5,1,7.7132,POINT (-125.12000274658203 48.849998474121094)
ep_m0_off_transect_sighting_public_data.fid-54e28aac_191fc0042f2_7f78,923402377,Canada,British Columbia,"Oregon, Washington, Vancouver Coast and Shelf",Temperate Northern Pacific,Vancouver Island,BMKC1,Dixon Bay 2,48.85,-125.12,2023-05-29,6,RLS,2,07:40:00,,,0,2,,,,,Debris - Zero,,0,1,,POINT (-125.12000274658203 48.849998474121094)
ep_m0_off_transect_sighting_public_data.fid-54e28aac_191fc0042f2_7f79,923400138,Canada,British Columbia,"Oregon, Washington, Vancouver Coast and Shelf",Temperate Northern Pacific,Vancouver Island,BMSC3,Ohiat,48.86,-125.18,2021-04-27,5.5,RLS,5,12:39:00,,,0,0,Arthropoda,Malacostraca,Decapoda,Epialtidae,Scyra acutifrons,Scyra acutifrons,0,1,,POINT (-125.18000030517578 48.86000061035156)
ep_m0_off_transect_sighting_public_data.fid-54e28aac_191fc0042f2_7f7a,923400138,Canada,British Columbia,"Oregon, Washington, Vancouver Coast and Shelf",Temperate Northern Pacific,Vancouver Island,BMSC3,Ohiat,48.86,-125.18,2021-04-27,5.5,RLS,5,12:39:00,,,0,0,Chordata,Actinopterygii,Perciformes,Embiotocidae,Cymatogaster aggregata,Cymatogaster aggregata,12.5,40,2778.7825,POINT (-125.18000030517578 48.86000061035156)
ep_m0_off_transect_sighting_public_data.fid-54e28aac_191fc0042f2_7f7b,923400138,Canada,British Columbia,"Oregon, Washington, Vancouver Coast and Shelf",Temperate Northern Pacific,Vancouver Island,BMSC3,Ohiat,48.86,-125.18,2021-04-27,5.5,RLS,5,12:39:00,,,0,0,Echinodermata,Asteroidea,Forcipulatida,Asteriidae,Stylasterias forreri,Stylasterias forreri,0,1,,POINT (-125.18000030517578 48.86000061035156)
ep_m0_off_transect_sighting_public_data.fid-54e28aac_191fc0042f2_7f7c,923400138,Canada,British Columbia,"Oregon, Washington, Vancouver Coast and Shelf",Temperate Northern Pacific,Vancouver Island,BMSC3,Ohiat,48.86,-125.18,2021-04-27,5.5,RLS,5,12:39:00,,,0,0,Mollusca,Gastropoda,Nudibranchia,Facelinidae,Hermissenda crassicornis,Hermissenda crassicornis,0,4,,POINT (-125.18000030517578 48.86000061035156)
ep_m0_off_transect_sighting_public_data.fid-54e28aac_191fc0042f2_7f7d,923401188,Canada,British Columbia,"Oregon, Washington, Vancouver Coast and Shelf",Temperate Northern Pacific,Vancouver Island,BMSC3,Ohiat,48.86,-125.18,2022-05-05,6.5,RLS,3,13:45:00,,,0,0,Chordata,Actinopterygii,Scorpaeniformes,Hexagrammidae,Oxylebius pictus,Oxylebius pictus,0,1,,POINT (-125.18000030517578 48.86000061035156)
ep_m0_off_transect_sighting_public_data.fid-54e28aac_191fc0042f2_7f7e,923401188,Canada,British Columbia,"Oregon, Washington, Vancouver Coast and Shelf",Temperate Northern Pacific,Vancouver Island,BMSC3,Ohiat,48.86,-125.18,2022-05-05,6.5,RLS,3,13:45:00,,,0,0,Chordata,Actinopterygii,Perciformes,Embiotocidae,Embiotoca lateralis,Embiotoca lateralis,12.5,1,69.4696,POINT (-125.18000030517578 48.86000061035156)
ep_m0_off_transect_sighting_public_data.fid-54e28aac_191fc0042f2_7f7f,923401188,Canada,British Columbia,"Oregon, Washington, Vancouver Coast and Shelf",Temperate Northern Pacific,Vancouver Island,BMSC3,Ohiat,48.86,-125.18,2022-05-05,6.5,RLS,3,13:45:00,,,0,0,Chordata,Actinopterygii,Scorpaeniformes,Hexagrammidae,Ophiodon elongatus,Ophiodon elongatus,35,1,231.3251,POINT (-125.18000030517578 48.86000061035156)
ep_m0_off_transect_sighting_public_data.fid-54e28aac_191fc0042f2_7f80,923401188,Canada,British Columbia,"Oregon, Washington, Vancouver Coast and Shelf",Temperate Northern Pacific,Vancouver Island,BMSC3,Ohiat,48.86,-125.18,2022-05-05,6.5,RLS,3,13:45:00,,,0,0,Chordata,Actinopterygii,Scorpaeniformes,Sebastidae,Sebastes nebulosus,Sebastes nebulosus,0,1,,POINT (-125.18000030517578 48.86000061035156)
ep_m0_off_transect_sighting_public_data.fid-54e28aac_191fc0042f2_7f81,923401188,Canada,British Columbia,"Oregon, Washington, Vancouver Coast and Shelf",Temperate Northern Pacific,Vancouver Island,BMSC3,Ohiat,48.86,-125.18,2022-05-05,6.5,RLS,3,13:45:00,,,0,1,Arthropoda,Malacostraca,Decapoda,,Paguroidea spp.,Decapoda spp.,0,8,,POINT (-125.18000030517578 48.86000061035156)
ep_m0_off_transect_sighting_public_data.fid-54e28aac_191fc0042f2_7f82,923401188,Canada,British Columbia,"Oregon, Washington, Vancouver Coast and Shelf",Temperate Northern Pacific,Vancouver Island,BMSC3,Ohiat,48.86,-125.18,2022-05-05,6.5,RLS,3,13:45:00,,,0,1,Chordata,Actinopteri,Perciformes,Cottidae,Oligocottus maculosus,Oligocottus maculosus,2.5,1,0.2205,POINT (-125.18000030517578 48.86000061035156)
ep_m0_off_transect_sighting_public_data.fid-54e28aac_191fc0042f2_7f83,923401188,Canada,British Columbia,"Oregon, Washington, Vancouver Coast and Shelf",Temperate Northern Pacific,Vancouver Island,BMSC3,Ohiat,48.86,-125.18,2022-05-05,6.5,RLS,3,13:45:00,,,0,1,Chordata,Actinopterygii,Perciformes,Hexagrammidae,Hexagrammos decagrammus,Hexagrammos decagrammus,40,1,619.0955,POINT (-125.18000030517578 48.86000061035156)
ep_m0_off_transect_sighting_public_data.fid-54e28aac_191fc0042f2_7f84,923401188,Canada,British Columbia,"Oregon, Washington, Vancouver Coast and Shelf",Temperate Northern Pacific,Vancouver Island,BMSC3,Ohiat,48.86,-125.18,2022-05-05,6.5,RLS,3,13:45:00,,,0,1,Chordata,Actinopterygii,Scorpaeniformes,Hexagrammidae,Oxylebius pictus,Oxylebius pictus,15,1,73.4563,POINT (-125.18000030517578 48.86000061035156)
ep_m0_off_transect_sighting_public_data.fid-54e28aac_191fc0042f2_7f85,923401188,Canada,British Columbia,"Oregon, Washington, Vancouver Coast and Shelf",Temperate Northern Pacific,Vancouver Island,BMSC3,Ohiat,48.86,-125.18,2022-05-05,6.5,RLS,3,13:45:00,,,0,1,Echinodermata,Asteroidea,Forcipulatida,Asteriidae,Evasterias troschelii,Evasterias troschelii,0,2,,POINT (-125.18000030517578 48.86000061035156)
ep_m0_off_transect_sighting_public_data.fid-54e28aac_191fc0042f2_7f86,923401188,Canada,British Columbia,"Oregon, Washington, Vancouver Coast and Shelf",Temperate Northern Pacific,Vancouver Island,BMSC3,Ohiat,48.86,-125.18,2022-05-05,6.5,RLS,3,13:45:00,,,0,1,Mollusca,Bivalvia,Pectinida,Pectinidae,Chlamys hastata,Chlamys hastata,0,1,,POINT (-125.18000030517578 48.86000061035156)
ep_m0_off_transect_sighting_public_data.fid-54e28aac_191fc0042f2_7f87,923401188,Canada,British Columbia,"Oregon, Washington, Vancouver Coast and Shelf",Temperate Northern Pacific,Vancouver Island,BMSC3,Ohiat,48.86,-125.18,2022-05-05,6.5,RLS,3,13:45:00,,,0,1,Mollusca,Gastropoda,Nudibranchia,Facelinidae,Hermissenda crassicornis,Hermissenda crassicornis,0,2,,POINT (-125.18000030517578 48.86000061035156)
ep_m0_off_transect_sighting_public_data.fid-54e28aac_191fc0042f2_7f88,923401188,Canada,British Columbia,"Oregon, Washington, Vancouver Coast and Shelf",Temperate Northern Pacific,Vancouver Island,BMSC3,Ohiat,48.86,-125.18,2022-05-05,6.5,RLS,3,13:45:00,,,0,1,Mollusca,Gastropoda,Nudibranchia,Onchidorididae,Acanthodoris hudsoni,Acanthodoris hudsoni,0,2,,POINT (-125.18000030517578 48.86000061035156)
ep_m0_off_transect_sighting_public_data.fid-54e28aac_191fc0042f2_7f89,923402236,Canada,British Columbia,"Oregon, Washington, Vancouver Coast and Shelf",Temperate Northern Pacific,Vancouver Island,BMSC3,Ohiat,48.86,-125.18,2023-05-12,7.5,RLS,1,12:40:00,,,0,2,Chordata,Actinopterygii,Scorpaeniformes,Sebastidae,Sebastes nebulosus,Sebastes nebulosus,25,1,250.4119,POINT (-125.18000030517578 48.86000061035156)
ep_m0_off_transect_sighting_public_data.fid-54e28aac_191fc0042f2_7f8a,923402236,Canada,British Columbia,"Oregon, Washington, Vancouver Coast and Shelf",Temperate Northern Pacific,Vancouver Island,BMSC3,Ohiat,48.86,-125.18,2023-05-12,7.5,RLS,1,12:40:00,,,0,0,Chordata,Actinopterygii,Scorpaeniformes,Sebastidae,Sebastes melanops,Sebastes melanops,15,1,73.4918,POINT (-125.18000030517578 48.86000061035156)
ep_m0_off_transect_sighting_public_data.fid-54e28aac_191fc0042f2_7f8b,923402236,Canada,British Columbia,"Oregon, Washington, Vancouver Coast and Shelf",Temperate Northern Pacific,Vancouver Island,BMSC3,Ohiat,48.86,-125.18,2023-05-12,7.5,RLS,1,12:40:00,,,0,0,Chordata,Actinopterygii,Scorpaeniformes,Sebastidae,Sebastes melanops,Sebastes melanops,20,2,325.4514,POINT (-125.18000030517578 48.86000061035156)
ep_m0_off_transect_sighting_public_data.fid-54e28aac_191fc0042f2_7f8c,923402236,Canada,British Columbia,"Oregon, Washington, Vancouver Coast and Shelf",Temperate Northern Pacific,Vancouver Island,BMSC3,Ohiat,48.86,-125.18,2023-05-12,7.5,RLS,1,12:40:00,,,0,1,Chordata,Actinopterygii,Scorpaeniformes,Sebastidae,Sebastes nebulosus,Sebastes nebulosus,15,1,73.4918,POINT (-125.18000030517578 48.86000061035156)
ep_m0_off_transect_sighting_public_data.fid-54e28aac_191fc0042f2_7f8d,923402236,Canada,British Columbia,"Oregon, Washington, Vancouver Coast and Shelf",Temperate Northern Pacific,Vancouver Island,BMSC3,Ohiat,48.86,-125.18,2023-05-12,7.5,RLS,1,12:40:00,,,0,1,Chordata,Actinopterygii,Scorpaeniformes,Sebastidae,Sebastes nebulosus,Sebastes nebulosus,20,1,162.7257,POINT (-125.18000030517578 48.86000061035156)
ep_m0_off_transect_sighting_public_data.fid-54e28aac_191fc0042f2_7f8e,923400142,Canada,British Columbia,"Oregon, Washington, Vancouver Coast and Shelf",Temperate Northern Pacific,Vancouver Island,BMSC11,Wizard Island South,48.86,-125.16,2021-05-03,5.5,RLS,7,10:30:00,,,0,0,Chordata,Actinopterygii,Scorpaeniformes,Hexagrammidae,Ophiodon elongatus,Ophiodon elongatus,20,1,71.8042,POINT (-125.16000366210938 48.86000061035156)
ep_m0_off_transect_sighting_public_data.fid-54e28aac_191fc0042f2_7f8f,923400142,Canada,British Columbia,"Oregon, Washington, Vancouver Coast and Shelf",Temperate Northern Pacific,Vancouver Island,BMSC11,Wizard Island South,48.86,-125.16,2021-05-03,5.5,RLS,7,10:30:00,,,0,0,Mollusca,Gastropoda,Littorinimorpha,Naticidae,Neverita lewisii,Neverita lewisii,0,1,,POINT (-125.16000366210938 48.86000061035156)
ep_m0_off_transect_sighting_public_data.fid-54e28aac_191fc0042f2_7f90,923400142,Canada,British Columbia,"Oregon, Washington, Vancouver Coast and Shelf",Temperate Northern Pacific,Vancouver Island,BMSC11,Wizard Island South,48.86,-125.16,2021-05-03,5.5,RLS,7,10:30:00,,,0,0,Mollusca,Gastropoda,Nudibranchia,Dendronotidae,Dendronotus iris,Dendronotus iris,0,2,,POINT (-125.16000366210938 48.86000061035156)
ep_m0_off_transect_sighting_public_data.fid-54e28aac_191fc0042f2_7f91,923400155,Canada,British Columbia,"Oregon, Washington, Vancouver Coast and Shelf",Temperate Northern Pacific,Vancouver Island,BMSC12,Wizard Island North,48.86,-125.16,2021-05-03,5.5,RLS,6,12:20:00,,,0,0,Chordata,Actinopterygii,Scorpaeniformes,Cottidae,Hemilepidotus hemilepidotus,Hemilepidotus hemilepidotus,0,1,,POINT (-125.16000366210938 48.86000061035156)
ep_m0_off_transect_sighting_public_data.fid-54e28aac_191fc0042f2_7f92,923400155,Canada,British Columbia,"Oregon, Washington, Vancouver Coast and Shelf",Temperate Northern Pacific,Vancouver Island,BMSC12,Wizard Island North,48.86,-125.16,2021-05-03,5.5,RLS,6,12:20:00,,,0,0,Chordata,Actinopterygii,Scorpaeniformes,Hexagrammidae,Ophiodon elongatus,Ophiodon elongatus,0,1,,POINT (-125.16000366210938 48.86000061035156)
ep_m0_off_transect_sighting_public_data.fid-54e28aac_191fc0042f2_7f93,923400155,Canada,British Columbia,"Oregon, Washington, Vancouver Coast and Shelf",Temperate Northern Pacific,Vancouver Island,BMSC12,Wizard Island North,48.86,-125.16,2021-05-03,5.5,RLS,6,12:20:00,,,0,2,Chordata,Actinopterygii,Scorpaeniformes,Cottidae,Cottidae spp.,Cottid spp.,2.5,1,0.2376,POINT (-125.16000366210938 48.86000061035156)
ep_m0_off_transect_sighting_public_data.fid-54e28aac_191fc0042f2_7f94,923400155,Canada,British Columbia,"Oregon, Washington, Vancouver Coast and Shelf",Temperate Northern Pacific,Vancouver Island,BMSC12,Wizard Island North,48.86,-125.16,2021-05-03,5.5,RLS,6,12:20:00,,,0,2,Chordata,Actinopterygii,Scorpaeniformes,Cottidae,Cottidae spp.,Cottid spp.,7.5,1,6.4152,POINT (-125.16000366210938 48.86000061035156)
ep_m0_off_transect_sighting_public_data.fid-54e28aac_191fc0042f2_7f95,923401181,Canada,British Columbia,"Oregon, Washington, Vancouver Coast and Shelf",Temperate Northern Pacific,Vancouver Island,BMSC11,Wizard Island South,48.86,-125.16,2022-05-03,8.5,RLS,3,09:50:00,,,0,0,Chordata,Actinopterygii,Perciformes,Anarhichadidae,Anarrhichthys ocellatus,Anarrhichthys ocellatus,30,2,399.7047,POINT (-125.16000366210938 48.86000061035156)
ep_m0_off_transect_sighting_public_data.fid-54e28aac_191fc0042f2_7f96,923401181,Canada,British Columbia,"Oregon, Washington, Vancouver Coast and Shelf",Temperate Northern Pacific,Vancouver Island,BMSC11,Wizard Island South,48.86,-125.16,2022-05-03,8.5,RLS,3,09:50:00,,,0,0,Chordata,Actinopterygii,Perciformes,Anarhichadidae,Anarrhichthys ocellatus,Anarrhichthys ocellatus,35,1,282.3144,POINT (-125.16000366210938 48.86000061035156)
ep_m0_off_transect_sighting_public_data.fid-54e28aac_191fc0042f2_7f97,923401181,Canada,British Columbia,"Oregon, Washington, Vancouver Coast and Shelf",Temperate Northern Pacific,Vancouver Island,BMSC11,Wizard Island South,48.86,-125.16,2022-05-03,8.5,RLS,3,09:50:00,,,0,0,Mollusca,Gastropoda,Nudibranchia,Tritoniidae,Tritonia festiva,Tritonia festiva,0,1,,POINT (-125.16000366210938 48.86000061035156)
ep_m0_off_transect_sighting_public_data.fid-54e28aac_191fc0042f2_7f98,923401181,Canada,British Columbia,"Oregon, Washington, Vancouver Coast and Shelf",Temperate Northern Pacific,Vancouver Island,BMSC11,Wizard Island South,48.86,-125.16,2022-05-03,8.5,RLS,3,09:50:00,,,0,0,Mollusca,Gastropoda,Nudibranchia,Dorididae,Doris montereyensis,Doris montereyensis,0,2,,POINT (-125.16000366210938 48.86000061035156)
ep_m0_off_transect_sighting_public_data.fid-54e28aac_191fc0042f2_7f99,923401181,Canada,British Columbia,"Oregon, Washington, Vancouver Coast and Shelf",Temperate Northern Pacific,Vancouver Island,BMSC11,Wizard Island South,48.86,-125.16,2022-05-03,8.5,RLS,3,09:50:00,,,0,2,Echinodermata,Asteroidea,Forcipulatida,Asteriidae,Evasterias troschelii,Evasterias troschelii,0,3,,POINT (-125.16000366210938 48.86000061035156)
ep_m0_off_transect_sighting_public_data.fid-54e28aac_191fc0042f2_7f9a,923401181,Canada,British Columbia,"Oregon, Washington, Vancouver Coast and Shelf",Temperate Northern Pacific,Vancouver Island,BMSC11,Wizard Island South,48.86,-125.16,2022-05-03,8.5,RLS,3,09:50:00,,,0,2,Echinodermata,Asteroidea,Forcipulatida,Asteriidae,Orthasterias koehleri,Orthasterias koehleri,0,16,,POINT (-125.16000366210938 48.86000061035156)
ep_m0_off_transect_sighting_public_data.fid-54e28aac_191fc0042f2_7f9b,923401181,Canada,British Columbia,"Oregon, Washington, Vancouver Coast and Shelf",Temperate Northern Pacific,Vancouver Island,BMSC11,Wizard Island South,48.86,-125.16,2022-05-03,8.5,RLS,3,09:50:00,,,0,2,Echinodermata,Echinoidea,Camarodonta,Strongylocentrotidae,Mesocentrotus franciscanus,Mesocentrotus franciscanus,0,100,,POINT (-125.16000366210938 48.86000061035156)
ep_m0_off_transect_sighting_public_data.fid-54e28aac_191fc0042f2_7f9c,923401181,Canada,British Columbia,"Oregon, Washington, Vancouver Coast and Shelf",Temperate Northern Pacific,Vancouver Island,BMSC11,Wizard Island South,48.86,-125.16,2022-05-03,8.5,RLS,3,09:50:00,,,0,2,Mollusca,Bivalvia,Ostreoida,Pectinidae,Crassadoma gigantea,Crassadoma gigantea,12.5,4,,POINT (-125.16000366210938 48.86000061035156)
ep_m0_off_transect_sighting_public_data.fid-54e28aac_191fc0042f2_7f9d,923401181,Canada,British Columbia,"Oregon, Washington, Vancouver Coast and Shelf",Temperate Northern Pacific,Vancouver Island,BMSC11,Wizard Island South,48.86,-125.16,2022-05-03,8.5,RLS,3,09:50:00,,,0,2,Mollusca,Gastropoda,Neogastropoda,Muricidae,Ceratostoma foliatum,Ceratostoma foliatum,0,4,,POINT (-125.16000366210938 48.86000061035156)
ep_m0_off_transect_sighting_public_data.fid-54e28aac_191fc0042f2_7f9e,923401181,Canada,British Columbia,"Oregon, Washington, Vancouver Coast and Shelf",Temperate Northern Pacific,Vancouver Island,BMSC11,Wizard Island South,48.86,-125.16,2022-05-03,8.5,RLS,3,09:50:00,,,0,2,Mollusca,Gastropoda,Nudibranchia,Polyceridae,Polycera tricolor,Polycera tricolor,0,1,,POINT (-125.16000366210938 48.86000061035156)
ep_m0_off_transect_sighting_public_data.fid-54e28aac_191fc0042f2_7f9f,923401185,Canada,British Columbia,"Oregon, Washington, Vancouver Coast and Shelf",Temperate Northern Pacific,Vancouver Island,BMSC12,Wizard Island North,48.86,-125.16,2022-05-03,9,RLS,3,12:50:00,,,0,0,Arthropoda,Malacostraca,Decapoda,Lithodidae,Lopholithodes mandtii,Lopholithodes mandtii,0,4,,POINT (-125.16000366210938 48.86000061035156)
ep_m0_off_transect_sighting_public_data.fid-54e28aac_191fc0042f2_7fa0,923401185,Canada,British Columbia,"Oregon, Washington, Vancouver Coast and Shelf",Temperate Northern Pacific,Vancouver Island,BMSC12,Wizard Island North,48.86,-125.16,2022-05-03,9,RLS,3,12:50:00,,,0,0,Mollusca,Gastropoda,Littorinimorpha,Naticidae,Neverita lewisii,Neverita lewisii,0,1,,POINT (-125.16000366210938 48.86000061035156)
ep_m0_off_transect_sighting_public_data.fid-54e28aac_191fc0042f2_7fa1,923401190,Canada,British Columbia,"Oregon, Washington, Vancouver Coast and Shelf",Temperate Northern Pacific,Vancouver Island,BMSC11,Wizard Island South,48.86,-125.16,2022-05-03,4,RLS,3,09:59:00,,,0,2,Echinodermata,Echinoidea,Camarodonta,Strongylocentrotidae,Strongylocentrotus purpuratus,Strongylocentrotus purpuratus,0,1,,POINT (-125.16000366210938 48.86000061035156)
ep_m0_off_transect_sighting_public_data.fid-54e28aac_191fc0042f2_7fa2,923401190,Canada,British Columbia,"Oregon, Washington, Vancouver Coast and Shelf",Temperate Northern Pacific,Vancouver Island,BMSC11,Wizard Island South,48.86,-125.16,2022-05-03,4,RLS,3,09:59:00,,,0,2,Mollusca,Gastropoda,Nudibranchia,Polyceridae,Polycera tricolor,Polycera tricolor,0,1,,POINT (-125.16000366210938 48.86000061035156)
ep_m0_off_transect_sighting_public_data.fid-54e28aac_191fc0042f2_7fa3,923401195,Canada,British Columbia,"Oregon, Washington, Vancouver Coast and Shelf",Temperate Northern Pacific,Vancouver Island,BMSC12,Wizard Island North,48.86,-125.16,2022-05-03,5,RLS,3,12:15:00,,,0,2,Chordata,Actinopterygii,Scorpaeniformes,Hexagrammidae,Oxylebius pictus,Oxylebius pictus,12.5,1,42.2005,POINT (-125.16000366210938 48.86000061035156)
ep_m0_off_transect_sighting_public_data.fid-54e28aac_191fc0042f2_7fa4,923401195,Canada,British Columbia,"Oregon, Washington, Vancouver Coast and Shelf",Temperate Northern Pacific,Vancouver Island,BMSC12,Wizard Island North,48.86,-125.16,2022-05-03,5,RLS,3,12:15:00,,,0,2,Chordata,Actinopterygii,Scorpaeniformes,Sebastidae,Sebastes caurinus,Sebastes caurinus,15,1,73.4918,POINT (-125.16000366210938 48.86000061035156)
ep_m0_off_transect_sighting_public_data.fid-54e28aac_191fc0042f2_7fa5,923401195,Canada,British Columbia,"Oregon, Washington, Vancouver Coast and Shelf",Temperate Northern Pacific,Vancouver Island,BMSC12,Wizard Island North,48.86,-125.16,2022-05-03,5,RLS,3,12:15:00,,,0,1,Chordata,Actinopterygii,Scorpaeniformes,Hexagrammidae,Oxylebius pictus,Oxylebius pictus,12.5,1,42.2005,POINT (-125.16000366210938 48.86000061035156)
ep_m0_off_transect_sighting_public_data.fid-54e28aac_191fc0042f2_7fa6,923402220,Canada,British Columbia,"Oregon, Washington, Vancouver Coast and Shelf",Temperate Northern Pacific,Vancouver Island,BMSC12,Wizard Island North,48.86,-125.16,2023-05-16,9,RLS,2,12:50:00,,,0,1,Echinodermata,Asteroidea,Forcipulatida,Pycnopodiidae,Pycnopodia helianthoides,Pycnopodia helianthoides,5,1,,POINT (-125.16000366210938 48.86000061035156)
ep_m0_off_transect_sighting_public_data.fid-54e28aac_191fc0042f2_7fa7,923402220,Canada,British Columbia,"Oregon, Washington, Vancouver Coast and Shelf",Temperate Northern Pacific,Vancouver Island,BMSC12,Wizard Island North,48.86,-125.16,2023-05-16,9,RLS,2,12:50:00,,,0,1,Mollusca,Gastropoda,Nudibranchia,Tritoniidae,Tritonia festiva,Tritonia festiva,0,1,,POINT (-125.16000366210938 48.86000061035156)
ep_m0_off_transect_sighting_public_data.fid-54e28aac_191fc0042f2_7fa8,923402234,Canada,British Columbia,"Oregon, Washington, Vancouver Coast and Shelf",Temperate Northern Pacific,Vancouver Island,BMSC12,Wizard Island North,48.86,-125.16,2023-05-16,6.5,RLS,1,12:54:00,,,0,1,Chordata,Actinopterygii,Scorpaeniformes,Hexagrammidae,Ophiodon elongatus,Ophiodon elongatus,25,1,111.1169,POINT (-125.16000366210938 48.86000061035156)
ep_m0_off_transect_sighting_public_data.fid-54e28aac_191fc0042f2_7fa9,923402241,Canada,British Columbia,"Oregon, Washington, Vancouver Coast and Shelf",Temperate Northern Pacific,Vancouver Island,BMSC11,Wizard Island South,48.86,-125.16,2023-05-16,7.5,RLS,2,10:07:00,,,0,0,Chordata,Actinopterygii,Scorpaeniformes,Sebastidae,Sebastes caurinus,Sebastes caurinus,15,1,73.4918,POINT (-125.16000366210938 48.86000061035156)
ep_m0_off_transect_sighting_public_data.fid-54e28aac_191fc0042f2_7faa,923402241,Canada,British Columbia,"Oregon, Washington, Vancouver Coast and Shelf",Temperate Northern Pacific,Vancouver Island,BMSC11,Wizard Island South,48.86,-125.16,2023-05-16,7.5,RLS,2,10:07:00,,,0,0,Chordata,Actinopterygii,Scorpaeniformes,Sebastidae,Sebastes maliger,Sebastes maliger,15,1,73.4918,POINT (-125.16000366210938 48.86000061035156)
ep_m0_off_transect_sighting_public_data.fid-54e28aac_191fc0042f2_7fab,923402241,Canada,British Columbia,"Oregon, Washington, Vancouver Coast and Shelf",Temperate Northern Pacific,Vancouver Island,BMSC11,Wizard Island South,48.86,-125.16,2023-05-16,7.5,RLS,2,10:07:00,,,0,0,Echinodermata,Asteroidea,Valvatida,Solasteridae,Solaster stimpsoni,Solaster stimpsoni,15,1,,POINT (-125.16000366210938 48.86000061035156)
ep_m0_off_transect_sighting_public_data.fid-54e28aac_191fc0042f2_7fac,923402241,Canada,British Columbia,"Oregon, Washington, Vancouver Coast and Shelf",Temperate Northern Pacific,Vancouver Island,BMSC11,Wizard Island South,48.86,-125.16,2023-05-16,7.5,RLS,2,10:07:00,,,0,1,Chordata,Actinopterygii,Scorpaeniformes,Sebastidae,Sebastes caurinus,Sebastes caurinus,15,1,73.4918,POINT (-125.16000366210938 48.86000061035156)
ep_m0_off_transect_sighting_public_data.fid-54e28aac_191fc0042f2_7fad,923402241,Canada,British Columbia,"Oregon, Washington, Vancouver Coast and Shelf",Temperate Northern Pacific,Vancouver Island,BMSC11,Wizard Island South,48.86,-125.16,2023-05-16,7.5,RLS,2,10:07:00,,,0,1,Mollusca,Gastropoda,Nudibranchia,Tritoniidae,Tritonia festiva,Tritonia festiva,0,1,,POINT (-125.16000366210938 48.86000061035156)
ep_m0_off_transect_sighting_public_data.fid-54e28aac_191fc0042f2_7fae,923402242,Canada,British Columbia,"Oregon, Washington, Vancouver Coast and Shelf",Temperate Northern Pacific,Vancouver Island,BMSC11,Wizard Island South,48.86,-125.16,2023-05-16,5.5,RLS,1,10:12:00,,,0,1,Echinodermata,Asteroidea,Velatida,Pterasteridae,Pteraster tesselatus,Pteraster tesselatus,0,1,,POINT (-125.16000366210938 48.86000061035156)
ep_m0_off_transect_sighting_public_data.fid-54e28aac_191fc0042f2_7faf,923402242,Canada,British Columbia,"Oregon, Washington, Vancouver Coast and Shelf",Temperate Northern Pacific,Vancouver Island,BMSC11,Wizard Island South,48.86,-125.16,2023-05-16,5.5,RLS,1,10:12:00,,,0,2,Chordata,Mammalia,Carnivora,Phocidae,Phoca vitulina,Phoca vitulina,137.5,3,,POINT (-125.16000366210938 48.86000061035156)
ep_m0_off_transect_sighting_public_data.fid-54e28aac_191fc0042f2_7fb0,923402380,Canada,British Columbia,"Oregon, Washington, Vancouver Coast and Shelf",Temperate Northern Pacific,Vancouver Island,KCCA19,Wizard Island North Kelp,48.86,-125.16,2023-06-08,5.5,RLS,1,10:30:00,,,0,1,Chordata,Actinopterygii,Pleuronectiformes,Pleuronectidae,Pleuronichthys coenosus,Pleuronichthys coenosus,15,1,99.6256,POINT (-125.16000366210938 48.86000061035156)
ep_m0_off_transect_sighting_public_data.fid-54e28aac_191fc0042f2_7fb1,923402380,Canada,British Columbia,"Oregon, Washington, Vancouver Coast and Shelf",Temperate Northern Pacific,Vancouver Island,KCCA19,Wizard Island North Kelp,48.86,-125.16,2023-06-08,5.5,RLS,1,10:30:00,,,0,2,Chordata,Actinopterygii,Perciformes,Hexagrammidae,Hexagrammos decagrammus,Hexagrammos decagrammus,7.5,1,7.7132,POINT (-125.16000366210938 48.86000061035156)
ep_m0_off_transect_sighting_public_data.fid-54e28aac_191fc0042f2_7fb2,923402380,Canada,British Columbia,"Oregon, Washington, Vancouver Coast and Shelf",Temperate Northern Pacific,Vancouver Island,KCCA19,Wizard Island North Kelp,48.86,-125.16,2023-06-08,5.5,RLS,1,10:30:00,,,0,2,,,,,Debris - Zero,,0,1,,POINT (-125.16000366210938 48.86000061035156)
ep_m0_off_transect_sighting_public_data.fid-54e28aac_191fc0042f2_7fb3,923400140,Canada,British Columbia,"Oregon, Washington, Vancouver Coast and Shelf",Temperate Northern Pacific,Vancouver Island,BMSC20,Ed King East,48.84,-125.21,2021-05-06,7,RLS,2,12:20:00,,,0,0,Echinodermata,Echinoidea,Camarodonta,Strongylocentrotidae,Strongylocentrotus purpuratus,Strongylocentrotus purpuratus,0,2,,POINT (-125.20999908447266 48.84000015258789)
ep_m0_off_transect_sighting_public_data.fid-54e28aac_191fc0042f2_7fb4,923400140,Canada,British Columbia,"Oregon, Washington, Vancouver Coast and Shelf",Temperate Northern Pacific,Vancouver Island,BMSC20,Ed King East,48.84,-125.21,2021-05-06,7,RLS,2,12:20:00,,,0,2,Chordata,Actinopteri,Perciformes,Hexagrammidae,Hexagrammos spp.,Hexagrammos ,2.5,1,,POINT (-125.20999908447266 48.84000015258789)
ep_m0_off_transect_sighting_public_data.fid-54e28aac_191fc0042f2_7fb5,923400140,Canada,British Columbia,"Oregon, Washington, Vancouver Coast and Shelf",Temperate Northern Pacific,Vancouver Island,BMSC20,Ed King East,48.84,-125.21,2021-05-06,7,RLS,2,12:20:00,,,0,2,Chordata,Actinopterygii,Scorpaeniformes,Sebastidae,Sebastes spp.,Sebastes spp.,7.5,1,10.3518,POINT (-125.20999908447266 48.84000015258789)
ep_m0_off_transect_sighting_public_data.fid-54e28aac_191fc0042f2_7fb6,923400140,Canada,British Columbia,"Oregon, Washington, Vancouver Coast and Shelf",Temperate Northern Pacific,Vancouver Island,BMSC20,Ed King East,48.84,-125.21,2021-05-06,7,RLS,2,12:20:00,,,0,2,Chordata,Actinopterygii,Scorpaeniformes,Sebastidae,Sebastes spp.,Sebastes spp.,10,1,24.5376,POINT (-125.20999908447266 48.84000015258789)
ep_m0_off_transect_sighting_public_data.fid-54e28aac_191fc0042f2_7fb7,923400140,Canada,British Columbia,"Oregon, Washington, Vancouver Coast and Shelf",Temperate Northern Pacific,Vancouver Island,BMSC20,Ed King East,48.84,-125.21,2021-05-06,7,RLS,2,12:20:00,,,0,0,Chordata,Actinopterygii,Perciformes,Embiotocidae,Rhacochilus vacca,Rhacochilus vacca,25,1,400.8354,POINT (-125.20999908447266 48.84000015258789)
ep_m0_off_transect_sighting_public_data.fid-54e28aac_191fc0042f2_7fb8,923400140,Canada,British Columbia,"Oregon, Washington, Vancouver Coast and Shelf",Temperate Northern Pacific,Vancouver Island,BMSC20,Ed King East,48.84,-125.21,2021-05-06,7,RLS,2,12:20:00,,,0,0,Chordata,Actinopterygii,Perciformes,Hexagrammidae,Hexagrammos decagrammus,Hexagrammos decagrammus,15,1,67.0579,POINT (-125.20999908447266 48.84000015258789)
ep_m0_off_transect_sighting_public_data.fid-54e28aac_191fc0042f2_7fb9,923400140,Canada,British Columbia,"Oregon, Washington, Vancouver Coast and Shelf",Temperate Northern Pacific,Vancouver Island,BMSC20,Ed King East,48.84,-125.21,2021-05-06,7,RLS,2,12:20:00,,,0,0,Chordata,Actinopterygii,Scorpaeniformes,Hexagrammidae,Oxylebius pictus,Oxylebius pictus,12.5,1,42.2005,POINT (-125.20999908447266 48.84000015258789)
ep_m0_off_transect_sighting_public_data.fid-54e28aac_191fc0042f2_7fba,923400140,Canada,British Columbia,"Oregon, Washington, Vancouver Coast and Shelf",Temperate Northern Pacific,Vancouver Island,BMSC20,Ed King East,48.84,-125.21,2021-05-06,7,RLS,2,12:20:00,,,0,0,Chordata,Actinopterygii,Scorpaeniformes,Sebastidae,Sebastes melanops,Sebastes melanops,20,1,162.7257,POINT (-125.20999908447266 48.84000015258789)
ep_m0_off_transect_sighting_public_data.fid-54e28aac_191fc0042f2_7fbb,923400140,Canada,British Columbia,"Oregon, Washington, Vancouver Coast and Shelf",Temperate Northern Pacific,Vancouver Island,BMSC20,Ed King East,48.84,-125.21,2021-05-06,7,RLS,2,12:20:00,,,0,1,Chordata,Actinopteri,Perciformes,Hexagrammidae,Hexagrammos spp.,Hexagrammos ,2.5,1,,POINT (-125.20999908447266 48.84000015258789)
ep_m0_off_transect_sighting_public_data.fid-54e28aac_191fc0042f2_7fbc,923400157,Canada,British Columbia,"Oregon, Washington, Vancouver Coast and Shelf",Temperate Northern Pacific,Vancouver Island,BMSC19,Ed King SW Pyramid,48.83,-125.22,2021-05-06,8,RLS,2,10:40:00,,,0,0,Arthropoda,Malacostraca,Decapoda,Cancridae,Cancer productus,Cancer productus,0,1,,POINT (-125.22000122070312 48.83000183105469)
ep_m0_off_transect_sighting_public_data.fid-54e28aac_191fc0042f2_7fbd,923400157,Canada,British Columbia,"Oregon, Washington, Vancouver Coast and Shelf",Temperate Northern Pacific,Vancouver Island,BMSC19,Ed King SW Pyramid,48.83,-125.22,2021-05-06,8,RLS,2,10:40:00,,,0,0,Arthropoda,Malacostraca,Decapoda,Cancridae,Glebocarcinus oregonensis,Glebocarcinus oregonensis,0,1,,POINT (-125.22000122070312 48.83000183105469)
ep_m0_off_transect_sighting_public_data.fid-54e28aac_191fc0042f2_7fbe,923400157,Canada,British Columbia,"Oregon, Washington, Vancouver Coast and Shelf",Temperate Northern Pacific,Vancouver Island,BMSC19,Ed King SW Pyramid,48.83,-125.22,2021-05-06,8,RLS,2,10:40:00,,,0,0,Mollusca,Gastropoda,Nudibranchia,Discodorididae,Diaulula sandiegensis,Diaulula sandiegensis,0,1,,POINT (-125.22000122070312 48.83000183105469)
ep_m0_off_transect_sighting_public_data.fid-54e28aac_191fc0042f2_7fbf,923400157,Canada,British Columbia,"Oregon, Washington, Vancouver Coast and Shelf",Temperate Northern Pacific,Vancouver Island,BMSC19,Ed King SW Pyramid,48.83,-125.22,2021-05-06,8,RLS,2,10:40:00,,,0,0,Chordata,Actinopterygii,Scorpaeniformes,Sebastidae,Sebastes caurinus,Sebastes caurinus,20,1,162.7257,POINT (-125.22000122070312 48.83000183105469)
ep_m0_off_transect_sighting_public_data.fid-54e28aac_191fc0042f2_7fc0,923401194,Canada,British Columbia,"Oregon, Washington, Vancouver Coast and Shelf",Temperate Northern Pacific,Vancouver Island,BMSC19,Ed King SW Pyramid,48.83,-125.22,2022-04-29,8,RLS,3,09:45:00,,,0,0,Chordata,Actinopterygii,Perciformes,Hexagrammidae,Hexagrammos decagrammus,Hexagrammos decagrammus,30,1,344.0053,POINT (-125.22000122070312 48.83000183105469)
ep_m0_off_transect_sighting_public_data.fid-54e28aac_191fc0042f2_7fc1,923401194,Canada,British Columbia,"Oregon, Washington, Vancouver Coast and Shelf",Temperate Northern Pacific,Vancouver Island,BMSC19,Ed King SW Pyramid,48.83,-125.22,2022-04-29,8,RLS,3,09:45:00,,,0,0,Chordata,Actinopterygii,Perciformes,Hexagrammidae,Hexagrammos decagrammus,Hexagrammos decagrammus,35,1,483.3065,POINT (-125.22000122070312 48.83000183105469)
ep_m0_off_transect_sighting_public_data.fid-54e28aac_191fc0042f2_7fc2,923401194,Canada,British Columbia,"Oregon, Washington, Vancouver Coast and Shelf",Temperate Northern Pacific,Vancouver Island,BMSC19,Ed King SW Pyramid,48.83,-125.22,2022-04-29,8,RLS,3,09:45:00,,,0,0,Chordata,Actinopterygii,Perciformes,Hexagrammidae,Hexagrammos decagrammus,Hexagrammos decagrammus,40,1,619.0955,POINT (-125.22000122070312 48.83000183105469)
ep_m0_off_transect_sighting_public_data.fid-54e28aac_191fc0042f2_7fc3,923401194,Canada,British Columbia,"Oregon, Washington, Vancouver Coast and Shelf",Temperate Northern Pacific,Vancouver Island,BMSC19,Ed King SW Pyramid,48.83,-125.22,2022-04-29,8,RLS,3,09:45:00,,,0,0,Chordata,Actinopterygii,Scorpaeniformes,Sebastidae,Sebastes melanops,Sebastes melanops,10,2,42.1607,POINT (-125.22000122070312 48.83000183105469)
ep_m0_off_transect_sighting_public_data.fid-54e28aac_191fc0042f2_7fc4,923401194,Canada,British Columbia,"Oregon, Washington, Vancouver Coast and Shelf",Temperate Northern Pacific,Vancouver Island,BMSC19,Ed King SW Pyramid,48.83,-125.22,2022-04-29,8,RLS,3,09:45:00,,,0,0,Chordata,Actinopterygii,Scorpaeniformes,Sebastidae,Sebastes melanops,Sebastes melanops,12.5,2,83.8284,POINT (-125.22000122070312 48.83000183105469)
ep_m0_off_transect_sighting_public_data.fid-54e28aac_191fc0042f2_7fc5,923401194,Canada,British Columbia,"Oregon, Washington, Vancouver Coast and Shelf",Temperate Northern Pacific,Vancouver Island,BMSC19,Ed King SW Pyramid,48.83,-125.22,2022-04-29,8,RLS,3,09:45:00,,,0,0,Chordata,Actinopterygii,Scorpaeniformes,Sebastidae,Sebastes melanops,Sebastes melanops,15,1,73.4918,POINT (-125.22000122070312 48.83000183105469)
ep_m0_off_transect_sighting_public_data.fid-54e28aac_191fc0042f2_7fc6,923401194,Canada,British Columbia,"Oregon, Washington, Vancouver Coast and Shelf",Temperate Northern Pacific,Vancouver Island,BMSC19,Ed King SW Pyramid,48.83,-125.22,2022-04-29,8,RLS,3,09:45:00,,,0,0,Echinodermata,Echinoidea,Camarodonta,Strongylocentrotidae,Strongylocentrotus droebachiensis,Strongylocentrotus droebachiensis,0,1,,POINT (-125.22000122070312 48.83000183105469)
ep_m0_off_transect_sighting_public_data.fid-54e28aac_191fc0042f2_7fc7,923401194,Canada,British Columbia,"Oregon, Washington, Vancouver Coast and Shelf",Temperate Northern Pacific,Vancouver Island,BMSC19,Ed King SW Pyramid,48.83,-125.22,2022-04-29,8,RLS,3,09:45:00,,,0,0,Mollusca,Gastropoda,Nudibranchia,Discodorididae,Diaulula sandiegensis,Diaulula sandiegensis,0,1,,POINT (-125.22000122070312 48.83000183105469)
ep_m0_off_transect_sighting_public_data.fid-54e28aac_191fc0042f2_7fc8,923401194,Canada,British Columbia,"Oregon, Washington, Vancouver Coast and Shelf",Temperate Northern Pacific,Vancouver Island,BMSC19,Ed King SW Pyramid,48.83,-125.22,2022-04-29,8,RLS,3,09:45:00,,,0,0,Mollusca,Gastropoda,Nudibranchia,Dorididae,Doris odhneri,Doris odhneri,0,1,,POINT (-125.22000122070312 48.83000183105469)
ep_m0_off_transect_sighting_public_data.fid-54e28aac_191fc0042f2_7fc9,923401200,Canada,British Columbia,"Oregon, Washington, Vancouver Coast and Shelf",Temperate Northern Pacific,Vancouver Island,BMSC20,Ed King East,48.84,-125.21,2022-04-29,6.5,RLS,4,11:30:00,,,0,0,Arthropoda,Malacostraca,Decapoda,Epialtidae,Pugettia producta,Pugettia producta,0,1,,POINT (-125.20999908447266 48.84000015258789)
ep_m0_off_transect_sighting_public_data.fid-54e28aac_191fc0042f2_7fca,923401200,Canada,British Columbia,"Oregon, Washington, Vancouver Coast and Shelf",Temperate Northern Pacific,Vancouver Island,BMSC20,Ed King East,48.84,-125.21,2022-04-29,6.5,RLS,4,11:30:00,,,0,0,Chordata,Actinopterygii,Scorpaeniformes,Sebastidae,Sebastes caurinus,Sebastes caurinus,15,1,73.4918,POINT (-125.20999908447266 48.84000015258789)
ep_m0_off_transect_sighting_public_data.fid-54e28aac_191fc0042f2_7fcb,923401200,Canada,British Columbia,"Oregon, Washington, Vancouver Coast and Shelf",Temperate Northern Pacific,Vancouver Island,BMSC20,Ed King East,48.84,-125.21,2022-04-29,6.5,RLS,4,11:30:00,,,0,0,Chordata,Actinopterygii,Scorpaeniformes,Sebastidae,Sebastes nebulosus,Sebastes nebulosus,20,1,162.7257,POINT (-125.20999908447266 48.84000015258789)
ep_m0_off_transect_sighting_public_data.fid-54e28aac_191fc0042f2_7fcc,923401200,Canada,British Columbia,"Oregon, Washington, Vancouver Coast and Shelf",Temperate Northern Pacific,Vancouver Island,BMSC20,Ed King East,48.84,-125.21,2022-04-29,6.5,RLS,4,11:30:00,,,0,0,Mollusca,Gastropoda,Nudibranchia,Dorididae,Doris odhneri,Doris odhneri,0,1,,POINT (-125.20999908447266 48.84000015258789)
ep_m0_off_transect_sighting_public_data.fid-54e28aac_191fc0042f2_7fcd,923401200,Canada,British Columbia,"Oregon, Washington, Vancouver Coast and Shelf",Temperate Northern Pacific,Vancouver Island,BMSC20,Ed King East,48.84,-125.21,2022-04-29,6.5,RLS,4,11:30:00,,,0,2,Chordata,Actinopterygii,Perciformes,Hexagrammidae,Hexagrammos decagrammus,Hexagrammos decagrammus,15,1,67.0579,POINT (-125.20999908447266 48.84000015258789)
ep_m0_off_transect_sighting_public_data.fid-54e28aac_191fc0042f2_7fce,923401200,Canada,British Columbia,"Oregon, Washington, Vancouver Coast and Shelf",Temperate Northern Pacific,Vancouver Island,BMSC20,Ed King East,48.84,-125.21,2022-04-29,6.5,RLS,4,11:30:00,,,0,0,Arthropoda,Malacostraca,Decapoda,Cancridae,Cancer productus,Cancer productus,0,1,,POINT (-125.20999908447266 48.84000015258789)
ep_m0_off_transect_sighting_public_data.fid-54e28aac_191fc0042f2_7fcf,923401200,Canada,British Columbia,"Oregon, Washington, Vancouver Coast and Shelf",Temperate Northern Pacific,Vancouver Island,BMSC20,Ed King East,48.84,-125.21,2022-04-29,6.5,RLS,4,11:30:00,,,0,0,Mollusca,Gastropoda,Nudibranchia,Polyceridae,Triopha modesta,Triopha modesta,0,1,,POINT (-125.20999908447266 48.84000015258789)
ep_m0_off_transect_sighting_public_data.fid-54e28aac_191fc0042f2_7fd0,923401200,Canada,British Columbia,"Oregon, Washington, Vancouver Coast and Shelf",Temperate Northern Pacific,Vancouver Island,BMSC20,Ed King East,48.84,-125.21,2022-04-29,6.5,RLS,4,11:30:00,,,0,0,Mollusca,Polyplacophora,Ischnochitonida,Mopaliidae,Cryptochiton stelleri,Cryptochiton stelleri,0,1,,POINT (-125.20999908447266 48.84000015258789)
ep_m0_off_transect_sighting_public_data.fid-54e28aac_191fc0042f2_7fd1,923401200,Canada,British Columbia,"Oregon, Washington, Vancouver Coast and Shelf",Temperate Northern Pacific,Vancouver Island,BMSC20,Ed King East,48.84,-125.21,2022-04-29,6.5,RLS,4,11:30:00,,,0,1,Chordata,Actinopterygii,Scorpaeniformes,Hexagrammidae,Oxylebius pictus,Oxylebius pictus,12.5,1,42.2005,POINT (-125.20999908447266 48.84000015258789)
ep_m0_off_transect_sighting_public_data.fid-54e28aac_191fc0042f2_7fd2,923401200,Canada,British Columbia,"Oregon, Washington, Vancouver Coast and Shelf",Temperate Northern Pacific,Vancouver Island,BMSC20,Ed King East,48.84,-125.21,2022-04-29,6.5,RLS,4,11:30:00,,,0,1,Chordata,Actinopterygii,Scorpaeniformes,Sebastidae,Sebastes caurinus,Sebastes caurinus,15,1,73.4918,POINT (-125.20999908447266 48.84000015258789)
ep_m0_off_transect_sighting_public_data.fid-54e28aac_191fc0042f2_7fd3,923401200,Canada,British Columbia,"Oregon, Washington, Vancouver Coast and Shelf",Temperate Northern Pacific,Vancouver Island,BMSC20,Ed King East,48.84,-125.21,2022-04-29,6.5,RLS,4,11:30:00,,,0,1,Chordata,Actinopterygii,Scorpaeniformes,Sebastidae,Sebastes melanops,Sebastes melanops,10,1,21.0804,POINT (-125.20999908447266 48.84000015258789)
ep_m0_off_transect_sighting_public_data.fid-54e28aac_191fc0042f2_7fd4,923402231,Canada,British Columbia,"Oregon, Washington, Vancouver Coast and Shelf",Temperate Northern Pacific,Vancouver Island,BMSC19,Ed King SW Pyramid,48.83,-125.22,2023-05-10,6.5,RLS,2,10:15:00,,,0,0,Echinodermata,Asteroidea,Forcipulatida,Asteriidae,Evasterias troschelii,Evasterias troschelii,0,1,,POINT (-125.22000122070312 48.83000183105469)
ep_m0_off_transect_sighting_public_data.fid-54e28aac_191fc0042f2_7fd5,923402231,Canada,British Columbia,"Oregon, Washington, Vancouver Coast and Shelf",Temperate Northern Pacific,Vancouver Island,BMSC19,Ed King SW Pyramid,48.83,-125.22,2023-05-10,6.5,RLS,2,10:15:00,,,0,0,Chordata,Actinopterygii,Scorpaeniformes,Cottidae,Jordania zonope,Jordania zonope,5,1,1.9303,POINT (-125.22000122070312 48.83000183105469)
ep_m0_off_transect_sighting_public_data.fid-54e28aac_191fc0042f2_7fd6,923402231,Canada,British Columbia,"Oregon, Washington, Vancouver Coast and Shelf",Temperate Northern Pacific,Vancouver Island,BMSC19,Ed King SW Pyramid,48.83,-125.22,2023-05-10,6.5,RLS,2,10:15:00,,,0,0,Chordata,Actinopterygii,Scorpaeniformes,Sebastidae,Sebastes melanops,Sebastes melanops,15,5,367.4593,POINT (-125.22000122070312 48.83000183105469)
ep_m0_off_transect_sighting_public_data.fid-54e28aac_191fc0042f2_7fd7,923402231,Canada,British Columbia,"Oregon, Washington, Vancouver Coast and Shelf",Temperate Northern Pacific,Vancouver Island,BMSC19,Ed King SW Pyramid,48.83,-125.22,2023-05-10,6.5,RLS,2,10:15:00,,,0,0,Chordata,Actinopterygii,Scorpaeniformes,Sebastidae,Sebastes melanops,Sebastes melanops,20,10,1627.257,POINT (-125.22000122070312 48.83000183105469)
ep_m0_off_transect_sighting_public_data.fid-54e28aac_191fc0042f2_7fd8,923402231,Canada,British Columbia,"Oregon, Washington, Vancouver Coast and Shelf",Temperate Northern Pacific,Vancouver Island,BMSC19,Ed King SW Pyramid,48.83,-125.22,2023-05-10,6.5,RLS,2,10:15:00,,,0,0,Chordata,Actinopterygii,Scorpaeniformes,Sebastidae,Sebastes melanops,Sebastes melanops,25,3,751.2358,POINT (-125.22000122070312 48.83000183105469)
ep_m0_off_transect_sighting_public_data.fid-54e28aac_191fc0042f2_7fd9,923402232,Canada,British Columbia,"Oregon, Washington, Vancouver Coast and Shelf",Temperate Northern Pacific,Vancouver Island,BMSC20,Ed King East,48.84,-125.21,2023-05-10,6.5,RLS,3,12:35:00,,,0,0,Echinodermata,Echinoidea,Camarodonta,Strongylocentrotidae,Strongylocentrotus droebachiensis,Strongylocentrotus droebachiensis,0,1,,POINT (-125.20999908447266 48.84000015258789)
ep_m0_off_transect_sighting_public_data.fid-54e28aac_191fc0042f2_7fda,923402232,Canada,British Columbia,"Oregon, Washington, Vancouver Coast and Shelf",Temperate Northern Pacific,Vancouver Island,BMSC20,Ed King East,48.84,-125.21,2023-05-10,6.5,RLS,3,12:35:00,,,0,2,Chordata,Actinopterygii,Perciformes,Hexagrammidae,Hexagrammos decagrammus,Hexagrammos decagrammus,30,1,344.0053,POINT (-125.20999908447266 48.84000015258789)
ep_m0_off_transect_sighting_public_data.fid-54e28aac_191fc0042f2_7fdb,923402232,Canada,British Columbia,"Oregon, Washington, Vancouver Coast and Shelf",Temperate Northern Pacific,Vancouver Island,BMSC20,Ed King East,48.84,-125.21,2023-05-10,6.5,RLS,3,12:35:00,,,0,2,Chordata,Actinopterygii,Scorpaeniformes,Sebastidae,Sebastes melanops,Sebastes melanops,20,1,162.7257,POINT (-125.20999908447266 48.84000015258789)
ep_m0_off_transect_sighting_public_data.fid-54e28aac_191fc0042f2_7fdc,923402232,Canada,British Columbia,"Oregon, Washington, Vancouver Coast and Shelf",Temperate Northern Pacific,Vancouver Island,BMSC20,Ed King East,48.84,-125.21,2023-05-10,6.5,RLS,3,12:35:00,,,0,2,Chordata,Actinopterygii,Scorpaeniformes,Sebastidae,Sebastes nebulosus,Sebastes nebulosus,20,1,162.7257,POINT (-125.20999908447266 48.84000015258789)
ep_m0_off_transect_sighting_public_data.fid-54e28aac_191fc0042f2_7fdd,923402232,Canada,British Columbia,"Oregon, Washington, Vancouver Coast and Shelf",Temperate Northern Pacific,Vancouver Island,BMSC20,Ed King East,48.84,-125.21,2023-05-10,6.5,RLS,3,12:35:00,,,0,2,Echinodermata,Asteroidea,Spinulosida,Echinasteridae,Henricia spp.,Henricia spp.,0,1,,POINT (-125.20999908447266 48.84000015258789)
ep_m0_off_transect_sighting_public_data.fid-54e28aac_191fc0042f2_7fde,923402379,Canada,British Columbia,"Oregon, Washington, Vancouver Coast and Shelf",Temperate Northern Pacific,Vancouver Island,BMSC33,Ed King East Inside,48.84,-125.21,2023-06-06,2,RLS,2,10:20:00,,,0,2,,,,,Debris - Zero,,0,1,,POINT (-125.20999908447266 48.84000015258789)
ep_m0_off_transect_sighting_public_data.fid-54e28aac_191fc0042f2_7fdf,923400141,Canada,British Columbia,"Oregon, Washington, Vancouver Coast and Shelf",Temperate Northern Pacific,Vancouver Island,BMSC10,Ross Islets Slug Island,48.87,-125.16,2021-04-30,4,RLS,4,12:50:00,,,0,0,Chordata,Actinopterygii,Perciformes,Embiotocidae,Rhacochilus vacca,Rhacochilus vacca,7.5,6,89.1174,POINT (-125.16000366210938 48.869998931884766)
ep_m0_off_transect_sighting_public_data.fid-54e28aac_191fc0042f2_7fe0,923400141,Canada,British Columbia,"Oregon, Washington, Vancouver Coast and Shelf",Temperate Northern Pacific,Vancouver Island,BMSC10,Ross Islets Slug Island,48.87,-125.16,2021-04-30,4,RLS,4,12:50:00,,,0,0,Chordata,Actinopterygii,Scorpaeniformes,Hexagrammidae,Hexagrammos stelleri,Hexagrammos stelleri,10,1,17.7915,POINT (-125.16000366210938 48.869998931884766)
ep_m0_off_transect_sighting_public_data.fid-54e28aac_191fc0042f2_7fe1,923400141,Canada,British Columbia,"Oregon, Washington, Vancouver Coast and Shelf",Temperate Northern Pacific,Vancouver Island,BMSC10,Ross Islets Slug Island,48.87,-125.16,2021-04-30,4,RLS,4,12:50:00,,,0,0,Chordata,Actinopterygii,Scorpaeniformes,Hexagrammidae,Oxylebius pictus,Oxylebius pictus,15,1,73.4563,POINT (-125.16000366210938 48.869998931884766)
ep_m0_off_transect_sighting_public_data.fid-54e28aac_191fc0042f2_7fe2,923400141,Canada,British Columbia,"Oregon, Washington, Vancouver Coast and Shelf",Temperate Northern Pacific,Vancouver Island,BMSC10,Ross Islets Slug Island,48.87,-125.16,2021-04-30,4,RLS,4,12:50:00,,,0,0,Chordata,Actinopterygii,Scorpaeniformes,Sebastidae,Sebastes caurinus,Sebastes caurinus,15,1,73.4918,POINT (-125.16000366210938 48.869998931884766)
ep_m0_off_transect_sighting_public_data.fid-54e28aac_191fc0042f2_7fe3,923400141,Canada,British Columbia,"Oregon, Washington, Vancouver Coast and Shelf",Temperate Northern Pacific,Vancouver Island,BMSC10,Ross Islets Slug Island,48.87,-125.16,2021-04-30,4,RLS,4,12:50:00,,,0,0,Chordata,Actinopterygii,Scorpaeniformes,Sebastidae,Sebastes maliger,Sebastes maliger,15,1,73.4918,POINT (-125.16000366210938 48.869998931884766)
ep_m0_off_transect_sighting_public_data.fid-54e28aac_191fc0042f2_7fe4,923400141,Canada,British Columbia,"Oregon, Washington, Vancouver Coast and Shelf",Temperate Northern Pacific,Vancouver Island,BMSC10,Ross Islets Slug Island,48.87,-125.16,2021-04-30,4,RLS,4,12:50:00,,,0,0,Echinodermata,Asteroidea,Forcipulatida,Pycnopodiidae,Pycnopodia helianthoides,Pycnopodia helianthoides,10,1,,POINT (-125.16000366210938 48.869998931884766)
ep_m0_off_transect_sighting_public_data.fid-54e28aac_191fc0042f2_7fe5,923401199,Canada,British Columbia,"Oregon, Washington, Vancouver Coast and Shelf",Temperate Northern Pacific,Vancouver Island,BMSC10,Ross Islets Slug Island,48.87,-125.16,2022-05-05,5,RLS,2,11:10:00,,,0,0,Mollusca,Cephalopoda,Octopoda,Octopodidae,Octopus rubescens,Octopus rubescens,0,1,,POINT (-125.16000366210938 48.869998931884766)
ep_m0_off_transect_sighting_public_data.fid-54e28aac_191fc0042f2_7fe6,923401199,Canada,British Columbia,"Oregon, Washington, Vancouver Coast and Shelf",Temperate Northern Pacific,Vancouver Island,BMSC10,Ross Islets Slug Island,48.87,-125.16,2022-05-05,5,RLS,2,11:10:00,,,0,2,Chordata,Actinopterygii,Perciformes,Gobiidae,Rhinogobiops nicholsii,Rhinogobiops nicholsii,7.5,4,31.0813,POINT (-125.16000366210938 48.869998931884766)
ep_m0_off_transect_sighting_public_data.fid-54e28aac_191fc0042f2_7fe7,923401199,Canada,British Columbia,"Oregon, Washington, Vancouver Coast and Shelf",Temperate Northern Pacific,Vancouver Island,BMSC10,Ross Islets Slug Island,48.87,-125.16,2022-05-05,5,RLS,2,11:10:00,,,0,2,Chordata,Actinopterygii,Scorpaeniformes,Hexagrammidae,Hexagrammos stelleri,Hexagrammos stelleri,12.5,1,36.0121,POINT (-125.16000366210938 48.869998931884766)
ep_m0_off_transect_sighting_public_data.fid-54e28aac_191fc0042f2_7fe8,923401199,Canada,British Columbia,"Oregon, Washington, Vancouver Coast and Shelf",Temperate Northern Pacific,Vancouver Island,BMSC10,Ross Islets Slug Island,48.87,-125.16,2022-05-05,5,RLS,2,11:10:00,,,0,2,Chordata,Actinopterygii,Scorpaeniformes,Hexagrammidae,Oxylebius pictus,Oxylebius pictus,12.5,1,42.2005,POINT (-125.16000366210938 48.869998931884766)
ep_m0_off_transect_sighting_public_data.fid-54e28aac_191fc0042f2_7fe9,923401199,Canada,British Columbia,"Oregon, Washington, Vancouver Coast and Shelf",Temperate Northern Pacific,Vancouver Island,BMSC10,Ross Islets Slug Island,48.87,-125.16,2022-05-05,5,RLS,2,11:10:00,,,0,2,Chordata,Actinopterygii,Scorpaeniformes,Sebastidae,Sebastes caurinus,Sebastes caurinus,5,4,9.9716,POINT (-125.16000366210938 48.869998931884766)
ep_m0_off_transect_sighting_public_data.fid-54e28aac_191fc0042f2_7fea,923401199,Canada,British Columbia,"Oregon, Washington, Vancouver Coast and Shelf",Temperate Northern Pacific,Vancouver Island,BMSC10,Ross Islets Slug Island,48.87,-125.16,2022-05-05,5,RLS,2,11:10:00,,,0,2,Chordata,Actinopterygii,Scorpaeniformes,Sebastidae,Sebastes caurinus,Sebastes caurinus,7.5,1,8.6909,POINT (-125.16000366210938 48.869998931884766)
ep_m0_off_transect_sighting_public_data.fid-54e28aac_191fc0042f2_7feb,923401199,Canada,British Columbia,"Oregon, Washington, Vancouver Coast and Shelf",Temperate Northern Pacific,Vancouver Island,BMSC10,Ross Islets Slug Island,48.87,-125.16,2022-05-05,5,RLS,2,11:10:00,,,0,2,Chordata,Actinopterygii,Scorpaeniformes,Sebastidae,Sebastes caurinus,Sebastes caurinus,12.5,1,41.9142,POINT (-125.16000366210938 48.869998931884766)
ep_m0_off_transect_sighting_public_data.fid-54e28aac_191fc0042f2_7fec,923401199,Canada,British Columbia,"Oregon, Washington, Vancouver Coast and Shelf",Temperate Northern Pacific,Vancouver Island,BMSC10,Ross Islets Slug Island,48.87,-125.16,2022-05-05,5,RLS,2,11:10:00,,,0,2,Chordata,Actinopterygii,Scorpaeniformes,Sebastidae,Sebastes maliger,Sebastes maliger,15,1,73.4918,POINT (-125.16000366210938 48.869998931884766)
ep_m0_off_transect_sighting_public_data.fid-54e28aac_191fc0042f2_7fed,923401199,Canada,British Columbia,"Oregon, Washington, Vancouver Coast and Shelf",Temperate Northern Pacific,Vancouver Island,BMSC10,Ross Islets Slug Island,48.87,-125.16,2022-05-05,5,RLS,2,11:10:00,,,0,2,Mollusca,Gastropoda,Nudibranchia,Discodorididae,Montereina nobilis,Montereina nobilis,0,1,,POINT (-125.16000366210938 48.869998931884766)
ep_m0_off_transect_sighting_public_data.fid-54e28aac_191fc0042f2_7fee,923401199,Canada,British Columbia,"Oregon, Washington, Vancouver Coast and Shelf",Temperate Northern Pacific,Vancouver Island,BMSC10,Ross Islets Slug Island,48.87,-125.16,2022-05-05,5,RLS,2,11:10:00,,,0,2,Mollusca,Gastropoda,Nudibranchia,Dorididae,Doris odhneri,Doris odhneri,0,1,,POINT (-125.16000366210938 48.869998931884766)
ep_m0_off_transect_sighting_public_data.fid-54e28aac_191fc0042f2_7fef,923401199,Canada,British Columbia,"Oregon, Washington, Vancouver Coast and Shelf",Temperate Northern Pacific,Vancouver Island,BMSC10,Ross Islets Slug Island,48.87,-125.16,2022-05-05,5,RLS,2,11:10:00,,,0,1,Arthropoda,Malacostraca,Decapoda,Epialtidae,Pugettia producta,Pugettia producta,0,1,,POINT (-125.16000366210938 48.869998931884766)
ep_m0_off_transect_sighting_public_data.fid-54e28aac_191fc0042f2_7ff0,923401199,Canada,British Columbia,"Oregon, Washington, Vancouver Coast and Shelf",Temperate Northern Pacific,Vancouver Island,BMSC10,Ross Islets Slug Island,48.87,-125.16,2022-05-05,5,RLS,2,11:10:00,,,0,1,Chordata,Actinopterygii,Perciformes,Hexagrammidae,Hexagrammos decagrammus,Hexagrammos decagrammus,12.5,2,75.9337,POINT (-125.16000366210938 48.869998931884766)
ep_m0_off_transect_sighting_public_data.fid-54e28aac_191fc0042f2_7ff1,923401199,Canada,British Columbia,"Oregon, Washington, Vancouver Coast and Shelf",Temperate Northern Pacific,Vancouver Island,BMSC10,Ross Islets Slug Island,48.87,-125.16,2022-05-05,5,RLS,2,11:10:00,,,0,1,Chordata,Actinopterygii,Perciformes,Hexagrammidae,Hexagrammos decagrammus,Hexagrammos decagrammus,15,1,67.0579,POINT (-125.16000366210938 48.869998931884766)
ep_m0_off_transect_sighting_public_data.fid-54e28aac_191fc0042f2_7ff2,923401199,Canada,British Columbia,"Oregon, Washington, Vancouver Coast and Shelf",Temperate Northern Pacific,Vancouver Island,BMSC10,Ross Islets Slug Island,48.87,-125.16,2022-05-05,5,RLS,2,11:10:00,,,0,1,Chordata,Actinopterygii,Scorpaeniformes,Sebastidae,Sebastes caurinus,Sebastes caurinus,5,1,2.4929,POINT (-125.16000366210938 48.869998931884766)
ep_m0_off_transect_sighting_public_data.fid-54e28aac_191fc0042f2_7ff3,923401199,Canada,British Columbia,"Oregon, Washington, Vancouver Coast and Shelf",Temperate Northern Pacific,Vancouver Island,BMSC10,Ross Islets Slug Island,48.87,-125.16,2022-05-05,5,RLS,2,11:10:00,,,0,1,Chordata,Actinopterygii,Scorpaeniformes,Sebastidae,Sebastes caurinus,Sebastes caurinus,12.5,1,41.9142,POINT (-125.16000366210938 48.869998931884766)
ep_m0_off_transect_sighting_public_data.fid-54e28aac_191fc0042f2_7ff4,923401199,Canada,British Columbia,"Oregon, Washington, Vancouver Coast and Shelf",Temperate Northern Pacific,Vancouver Island,BMSC10,Ross Islets Slug Island,48.87,-125.16,2022-05-05,5,RLS,2,11:10:00,,,0,1,Chordata,Actinopterygii,Scorpaeniformes,Sebastidae,Sebastes caurinus,Sebastes caurinus,25,1,250.4119,POINT (-125.16000366210938 48.869998931884766)
ep_m0_off_transect_sighting_public_data.fid-54e28aac_191fc0042f2_7ff5,923401199,Canada,British Columbia,"Oregon, Washington, Vancouver Coast and Shelf",Temperate Northern Pacific,Vancouver Island,BMSC10,Ross Islets Slug Island,48.87,-125.16,2022-05-05,5,RLS,2,11:10:00,,,0,1,Chordata,Actinopterygii,Scorpaeniformes,Sebastidae,Sebastes maliger,Sebastes maliger,15,2,146.9837,POINT (-125.16000366210938 48.869998931884766)
ep_m0_off_transect_sighting_public_data.fid-54e28aac_191fc0042f2_7ff6,923401199,Canada,British Columbia,"Oregon, Washington, Vancouver Coast and Shelf",Temperate Northern Pacific,Vancouver Island,BMSC10,Ross Islets Slug Island,48.87,-125.16,2022-05-05,5,RLS,2,11:10:00,,,0,1,Chordata,Actinopterygii,Scorpaeniformes,Sebastidae,Sebastes melanops,Sebastes melanops,12.5,1,41.9142,POINT (-125.16000366210938 48.869998931884766)
ep_m0_off_transect_sighting_public_data.fid-54e28aac_191fc0042f2_7ff7,923401199,Canada,British Columbia,"Oregon, Washington, Vancouver Coast and Shelf",Temperate Northern Pacific,Vancouver Island,BMSC10,Ross Islets Slug Island,48.87,-125.16,2022-05-05,5,RLS,2,11:10:00,,,0,1,Chordata,Actinopterygii,Scorpaeniformes,Sebastidae,Sebastes melanops,Sebastes melanops,15,2,146.9837,POINT (-125.16000366210938 48.869998931884766)
ep_m0_off_transect_sighting_public_data.fid-54e28aac_191fc0042f2_7ff8,923401199,Canada,British Columbia,"Oregon, Washington, Vancouver Coast and Shelf",Temperate Northern Pacific,Vancouver Island,BMSC10,Ross Islets Slug Island,48.87,-125.16,2022-05-05,5,RLS,2,11:10:00,,,0,1,Chordata,Actinopterygii,Scorpaeniformes,Sebastidae,Sebastes spp.,Sebastes spp.,12.5,1,47.925,POINT (-125.16000366210938 48.869998931884766)
ep_m0_off_transect_sighting_public_data.fid-54e28aac_191fc0042f2_7ff9,923401199,Canada,British Columbia,"Oregon, Washington, Vancouver Coast and Shelf",Temperate Northern Pacific,Vancouver Island,BMSC10,Ross Islets Slug Island,48.87,-125.16,2022-05-05,5,RLS,2,11:10:00,,,0,1,Chordata,Actinopterygii,Scorpaeniformes,Sebastidae,Sebastes spp.,Sebastes spp.,15,3,248.4432,POINT (-125.16000366210938 48.869998931884766)
ep_m0_off_transect_sighting_public_data.fid-54e28aac_191fc0042f2_7ffa,923401199,Canada,British Columbia,"Oregon, Washington, Vancouver Coast and Shelf",Temperate Northern Pacific,Vancouver Island,BMSC10,Ross Islets Slug Island,48.87,-125.16,2022-05-05,5,RLS,2,11:10:00,,,0,1,Echinodermata,Asteroidea,Forcipulatida,Asteriidae,Pisaster brevispinus,Pisaster brevispinus,0,1,,POINT (-125.16000366210938 48.869998931884766)
ep_m0_off_transect_sighting_public_data.fid-54e28aac_191fc0042f2_7ffb,923401199,Canada,British Columbia,"Oregon, Washington, Vancouver Coast and Shelf",Temperate Northern Pacific,Vancouver Island,BMSC10,Ross Islets Slug Island,48.87,-125.16,2022-05-05,5,RLS,2,11:10:00,,,0,1,Echinodermata,Asteroidea,Forcipulatida,Pycnopodiidae,Pycnopodia helianthoides,Pycnopodia helianthoides,0,1,,POINT (-125.16000366210938 48.869998931884766)
ep_m0_off_transect_sighting_public_data.fid-54e28aac_191fc0042f2_7ffc,923402228,Canada,British Columbia,"Oregon, Washington, Vancouver Coast and Shelf",Temperate Northern Pacific,Vancouver Island,BMSC10,Ross Islets Slug Island,48.87,-125.16,2023-05-09,4,RLS,2,10:23:00,,,0,0,Mollusca,Gastropoda,Nudibranchia,Dorididae,Doris odhneri,Doris odhneri,0,1,,POINT (-125.16000366210938 48.869998931884766)
ep_m0_off_transect_sighting_public_data.fid-54e28aac_191fc0042f2_7ffd,923402228,Canada,British Columbia,"Oregon, Washington, Vancouver Coast and Shelf",Temperate Northern Pacific,Vancouver Island,BMSC10,Ross Islets Slug Island,48.87,-125.16,2023-05-09,4,RLS,2,10:23:00,,,0,2,Chordata,Actinopterygii,Scorpaeniformes,Sebastidae,Sebastes caurinus,Sebastes caurinus,12.5,1,41.9142,POINT (-125.16000366210938 48.869998931884766)
ep_m0_off_transect_sighting_public_data.fid-54e28aac_191fc0042f2_7ffe,923402228,Canada,British Columbia,"Oregon, Washington, Vancouver Coast and Shelf",Temperate Northern Pacific,Vancouver Island,BMSC10,Ross Islets Slug Island,48.87,-125.16,2023-05-09,4,RLS,2,10:23:00,,,0,2,Chordata,Actinopterygii,Scorpaeniformes,Sebastidae,Sebastes maliger,Sebastes maliger,7.5,1,8.6909,POINT (-125.16000366210938 48.869998931884766)
ep_m0_off_transect_sighting_public_data.fid-54e28aac_191fc324609_-8000,923402228,Canada,British Columbia,"Oregon, Washington, Vancouver Coast and Shelf",Temperate Northern Pacific,Vancouver Island,BMSC10,Ross Islets Slug Island,48.87,-125.16,2023-05-09,4,RLS,2,10:23:00,,,0,0,Chordata,Actinopterygii,Scorpaeniformes,Cottidae,Myoxocephalus spp.,Myoxocephalus spp.,10,1,,POINT (-125.16000366210938 48.869998931884766)
ep_m0_off_transect_sighting_public_data.fid-54e28aac_191fc324609_-7fff,923402228,Canada,British Columbia,"Oregon, Washington, Vancouver Coast and Shelf",Temperate Northern Pacific,Vancouver Island,BMSC10,Ross Islets Slug Island,48.87,-125.16,2023-05-09,4,RLS,2,10:23:00,,,0,0,Echinodermata,Asteroidea,Forcipulatida,Asteriidae,Pisaster brevispinus,Pisaster brevispinus,40,1,,POINT (-125.16000366210938 48.869998931884766)
ep_m0_off_transect_sighting_public_data.fid-54e28aac_191fc324609_-7ffe,923402228,Canada,British Columbia,"Oregon, Washington, Vancouver Coast and Shelf",Temperate Northern Pacific,Vancouver Island,BMSC10,Ross Islets Slug Island,48.87,-125.16,2023-05-09,4,RLS,2,10:23:00,,,0,1,Echinodermata,Asteroidea,Forcipulatida,Pycnopodiidae,Pycnopodia helianthoides,Pycnopodia helianthoides,5,8,,POINT (-125.16000366210938 48.869998931884766)
ep_m0_off_transect_sighting_public_data.fid-54e28aac_191fc324609_-7ffd,923402372,Canada,British Columbia,"Oregon, Washington, Vancouver Coast and Shelf",Temperate Northern Pacific,Vancouver Island,KCCA11,Ross Islets 2,48.87,-125.16,2023-06-12,3.5,RLS,2,10:30:00,,,0,2,Chordata,Actinopterygii,Perciformes,Hexagrammidae,Hexagrammos decagrammus,Hexagrammos decagrammus,7.5,3,23.1397,POINT (-125.16000366210938 48.869998931884766)
ep_m0_off_transect_sighting_public_data.fid-54e28aac_191fc324609_-7ffc,923402372,Canada,British Columbia,"Oregon, Washington, Vancouver Coast and Shelf",Temperate Northern Pacific,Vancouver Island,KCCA11,Ross Islets 2,48.87,-125.16,2023-06-12,3.5,RLS,2,10:30:00,,,0,2,Chordata,Actinopterygii,Perciformes,Hexagrammidae,Hexagrammos decagrammus,Hexagrammos decagrammus,10,1,18.9254,POINT (-125.16000366210938 48.869998931884766)
ep_m0_off_transect_sighting_public_data.fid-54e28aac_191fc324609_-7ffb,923402372,Canada,British Columbia,"Oregon, Washington, Vancouver Coast and Shelf",Temperate Northern Pacific,Vancouver Island,KCCA11,Ross Islets 2,48.87,-125.16,2023-06-12,3.5,RLS,2,10:30:00,,,0,2,Chordata,Actinopterygii,Perciformes,Hexagrammidae,Hexagrammos decagrammus,Hexagrammos decagrammus,15,1,67.0579,POINT (-125.16000366210938 48.869998931884766)
ep_m0_off_transect_sighting_public_data.fid-54e28aac_191fc324609_-7ffa,923402372,Canada,British Columbia,"Oregon, Washington, Vancouver Coast and Shelf",Temperate Northern Pacific,Vancouver Island,KCCA11,Ross Islets 2,48.87,-125.16,2023-06-12,3.5,RLS,2,10:30:00,,,0,1,Chordata,Actinopterygii,Perciformes,Hexagrammidae,Hexagrammos decagrammus,Hexagrammos decagrammus,5,2,4.3537,POINT (-125.16000366210938 48.869998931884766)
ep_m0_off_transect_sighting_public_data.fid-54e28aac_191fc324609_-7ff9,923402372,Canada,British Columbia,"Oregon, Washington, Vancouver Coast and Shelf",Temperate Northern Pacific,Vancouver Island,KCCA11,Ross Islets 2,48.87,-125.16,2023-06-12,3.5,RLS,2,10:30:00,,,0,1,,,,,Debris - Zero,,0,1,,POINT (-125.16000366210938 48.869998931884766)
ep_m0_off_transect_sighting_public_data.fid-54e28aac_191fc324609_-7ff8,923402378,Canada,British Columbia,"Oregon, Washington, Vancouver Coast and Shelf",Temperate Northern Pacific,Vancouver Island,BMSC10,Ross Islets Slug Island,48.87,-125.16,2023-06-14,2.7,RLS,4,10:14:00,48.87,-125.16,0,2,Chordata,Actinopterygii,Scorpaeniformes,Sebastidae,Sebastes flavidus,Sebastes flavidus,12.5,1,41.9142,POINT (-125.16 48.87)
ep_m0_off_transect_sighting_public_data.fid-54e28aac_191fc324609_-7ff7,923402378,Canada,British Columbia,"Oregon, Washington, Vancouver Coast and Shelf",Temperate Northern Pacific,Vancouver Island,BMSC10,Ross Islets Slug Island,48.87,-125.16,2023-06-14,2.7,RLS,4,10:14:00,48.87,-125.16,0,2,Chordata,Actinopterygii,Scorpaeniformes,Sebastidae,Sebastes nebulosus,Sebastes nebulosus,15,1,73.4918,POINT (-125.16 48.87)
ep_m0_off_transect_sighting_public_data.fid-54e28aac_191fc324609_-7ff6,923402378,Canada,British Columbia,"Oregon, Washington, Vancouver Coast and Shelf",Temperate Northern Pacific,Vancouver Island,BMSC10,Ross Islets Slug Island,48.87,-125.16,2023-06-14,2.7,RLS,4,10:14:00,48.87,-125.16,0,2,,,,,Debris - Zero,,0,1,,POINT (-125.16 48.87)
ep_m0_off_transect_sighting_public_data.fid-54e28aac_191fc324609_-7ff5,923402378,Canada,British Columbia,"Oregon, Washington, Vancouver Coast and Shelf",Temperate Northern Pacific,Vancouver Island,BMSC10,Ross Islets Slug Island,48.87,-125.16,2023-06-14,2.7,RLS,4,10:14:00,48.87,-125.16,0,1,,,,,Debris - Zero,,0,1,,POINT (-125.16 48.87)
ep_m0_off_transect_sighting_public_data.fid-54e28aac_191fc324609_-7ff4,923400148,Canada,British Columbia,"Oregon, Washington, Vancouver Coast and Shelf",Temperate Northern Pacific,Vancouver Island,BMSC14,Effingham Archipelago,48.88,-125.3,2021-05-04,6,RLS,4,13:00:00,,,0,1,Chordata,Actinopteri,Perciformes,Cottidae,Enophrys bison,Enophrys bison,0,1,,POINT (-125.30000305175781 48.880001068115234)
ep_m0_off_transect_sighting_public_data.fid-54e28aac_191fc324609_-7ff3,923400148,Canada,British Columbia,"Oregon, Washington, Vancouver Coast and Shelf",Temperate Northern Pacific,Vancouver Island,BMSC14,Effingham Archipelago,48.88,-125.3,2021-05-04,6,RLS,4,13:00:00,,,0,1,Chordata,Actinopterygii,Scorpaeniformes,Hexagrammidae,Ophiodon elongatus,Ophiodon elongatus,30,1,164.6513,POINT (-125.30000305175781 48.880001068115234)
ep_m0_off_transect_sighting_public_data.fid-54e28aac_191fc324609_-7ff2,923400148,Canada,British Columbia,"Oregon, Washington, Vancouver Coast and Shelf",Temperate Northern Pacific,Vancouver Island,BMSC14,Effingham Archipelago,48.88,-125.3,2021-05-04,6,RLS,4,13:00:00,,,0,1,Chordata,Actinopterygii,Scorpaeniformes,Hexagrammidae,Ophiodon elongatus,Ophiodon elongatus,35,2,462.6502,POINT (-125.30000305175781 48.880001068115234)
ep_m0_off_transect_sighting_public_data.fid-54e28aac_191fc324609_-7ff1,923400148,Canada,British Columbia,"Oregon, Washington, Vancouver Coast and Shelf",Temperate Northern Pacific,Vancouver Island,BMSC14,Effingham Archipelago,48.88,-125.3,2021-05-04,6,RLS,4,13:00:00,,,0,1,Chordata,Actinopterygii,Scorpaeniformes,Sebastidae,Sebastes caurinus,Sebastes caurinus,12.5,4,167.6567,POINT (-125.30000305175781 48.880001068115234)
ep_m0_off_transect_sighting_public_data.fid-54e28aac_191fc324609_-7ff0,923400148,Canada,British Columbia,"Oregon, Washington, Vancouver Coast and Shelf",Temperate Northern Pacific,Vancouver Island,BMSC14,Effingham Archipelago,48.88,-125.3,2021-05-04,6,RLS,4,13:00:00,,,0,1,Chordata,Actinopterygii,Scorpaeniformes,Sebastidae,Sebastes melanops,Sebastes melanops,0,1,,POINT (-125.30000305175781 48.880001068115234)
ep_m0_off_transect_sighting_public_data.fid-54e28aac_191fc324609_-7fef,923400148,Canada,British Columbia,"Oregon, Washington, Vancouver Coast and Shelf",Temperate Northern Pacific,Vancouver Island,BMSC14,Effingham Archipelago,48.88,-125.3,2021-05-04,6,RLS,4,13:00:00,,,0,1,Mollusca,Gastropoda,Nudibranchia,Onchidorididae,Acanthodoris hudsoni,Acanthodoris hudsoni,0,1,,POINT (-125.30000305175781 48.880001068115234)
ep_m0_off_transect_sighting_public_data.fid-54e28aac_191fc324609_-7fee,923400148,Canada,British Columbia,"Oregon, Washington, Vancouver Coast and Shelf",Temperate Northern Pacific,Vancouver Island,BMSC14,Effingham Archipelago,48.88,-125.3,2021-05-04,6,RLS,4,13:00:00,,,0,1,,,,,Debris - Wood,,0,1,,POINT (-125.30000305175781 48.880001068115234)
ep_m0_off_transect_sighting_public_data.fid-54e28aac_191fc324609_-7fed,923400148,Canada,British Columbia,"Oregon, Washington, Vancouver Coast and Shelf",Temperate Northern Pacific,Vancouver Island,BMSC14,Effingham Archipelago,48.88,-125.3,2021-05-04,6,RLS,4,13:00:00,,,0,2,Arthropoda,Malacostraca,Decapoda,Lithodidae,Cryptolithodes sitchensis,Cryptolithodes sitchensis,0,1,,POINT (-125.30000305175781 48.880001068115234)
ep_m0_off_transect_sighting_public_data.fid-54e28aac_191fc324609_-7fec,923400148,Canada,British Columbia,"Oregon, Washington, Vancouver Coast and Shelf",Temperate Northern Pacific,Vancouver Island,BMSC14,Effingham Archipelago,48.88,-125.3,2021-05-04,6,RLS,4,13:00:00,,,0,2,Chordata,Actinopterygii,Scorpaeniformes,Hexagrammidae,Ophiodon elongatus,Ophiodon elongatus,50,1,599.5206,POINT (-125.30000305175781 48.880001068115234)
ep_m0_off_transect_sighting_public_data.fid-54e28aac_191fc324609_-7feb,923400148,Canada,British Columbia,"Oregon, Washington, Vancouver Coast and Shelf",Temperate Northern Pacific,Vancouver Island,BMSC14,Effingham Archipelago,48.88,-125.3,2021-05-04,6,RLS,4,13:00:00,,,0,2,Chordata,Actinopterygii,Scorpaeniformes,Sebastidae,Sebastes caurinus,Sebastes caurinus,30,1,369.1905,POINT (-125.30000305175781 48.880001068115234)
ep_m0_off_transect_sighting_public_data.fid-54e28aac_191fc324609_-7fea,923400148,Canada,British Columbia,"Oregon, Washington, Vancouver Coast and Shelf",Temperate Northern Pacific,Vancouver Island,BMSC14,Effingham Archipelago,48.88,-125.3,2021-05-04,6,RLS,4,13:00:00,,,0,2,Echinodermata,Echinoidea,Camarodonta,Strongylocentrotidae,Strongylocentrotus purpuratus,Strongylocentrotus purpuratus,0,1,,POINT (-125.30000305175781 48.880001068115234)
ep_m0_off_transect_sighting_public_data.fid-54e28aac_191fc324609_-7fe9,923401180,Canada,British Columbia,"Oregon, Washington, Vancouver Coast and Shelf",Temperate Northern Pacific,Vancouver Island,BMSC14,Effingham Archipelago,48.88,-125.3,2022-04-26,7,RLS,2,14:10:00,,,0,0,Mollusca,Gastropoda,Nudibranchia,Dorididae,Doris odhneri,Doris odhneri,0,1,,POINT (-125.30000305175781 48.880001068115234)
ep_m0_off_transect_sighting_public_data.fid-54e28aac_191fc324609_-7fe8,923401180,Canada,British Columbia,"Oregon, Washington, Vancouver Coast and Shelf",Temperate Northern Pacific,Vancouver Island,BMSC14,Effingham Archipelago,48.88,-125.3,2022-04-26,7,RLS,2,14:10:00,,,0,0,Chordata,Actinopterygii,Perciformes,Hexagrammidae,Hexagrammos decagrammus,Hexagrammos decagrammus,30,1,344.0053,POINT (-125.30000305175781 48.880001068115234)
ep_m0_off_transect_sighting_public_data.fid-54e28aac_191fc324609_-7fe7,923401180,Canada,British Columbia,"Oregon, Washington, Vancouver Coast and Shelf",Temperate Northern Pacific,Vancouver Island,BMSC14,Effingham Archipelago,48.88,-125.3,2022-04-26,7,RLS,2,14:10:00,,,0,0,Chordata,Actinopterygii,Perciformes,Hexagrammidae,Hexagrammos decagrammus,Hexagrammos decagrammus,35,1,483.3065,POINT (-125.30000305175781 48.880001068115234)
ep_m0_off_transect_sighting_public_data.fid-54e28aac_191fc324609_-7fe6,923401180,Canada,British Columbia,"Oregon, Washington, Vancouver Coast and Shelf",Temperate Northern Pacific,Vancouver Island,BMSC14,Effingham Archipelago,48.88,-125.3,2022-04-26,7,RLS,2,14:10:00,,,0,0,Mollusca,Gastropoda,Nudibranchia,Cadlinidae,Cadlina luteomarginata,Cadlina luteomarginata,0,1,,POINT (-125.30000305175781 48.880001068115234)
ep_m0_off_transect_sighting_public_data.fid-54e28aac_191fc324609_-7fe5,923401180,Canada,British Columbia,"Oregon, Washington, Vancouver Coast and Shelf",Temperate Northern Pacific,Vancouver Island,BMSC14,Effingham Archipelago,48.88,-125.3,2022-04-26,7,RLS,2,14:10:00,,,0,0,Mollusca,Gastropoda,Nudibranchia,Dorididae,Doris odhneri,Doris odhneri,0,2,,POINT (-125.30000305175781 48.880001068115234)
ep_m0_off_transect_sighting_public_data.fid-54e28aac_191fc324609_-7fe4,923402375,Canada,British Columbia,"Oregon, Washington, Vancouver Coast and Shelf",Temperate Northern Pacific,Vancouver Island,KCCA20,Nanat Bay,48.88,-125.08,2023-05-30,5.5,RLS,3,09:23:00,,,0,1,,,,,Debris - Zero,,0,1,,POINT (-125.08000183105469 48.880001068115234)
ep_m0_off_transect_sighting_public_data.fid-54e28aac_191fc324609_-7fe3,923402375,Canada,British Columbia,"Oregon, Washington, Vancouver Coast and Shelf",Temperate Northern Pacific,Vancouver Island,KCCA20,Nanat Bay,48.88,-125.08,2023-05-30,5.5,RLS,3,09:23:00,,,0,2,Chordata,Actinopterygii,Perciformes,Hexagrammidae,Hexagrammos decagrammus,Hexagrammos decagrammus,10,1,18.9254,POINT (-125.08000183105469 48.880001068115234)
ep_m0_off_transect_sighting_public_data.fid-54e28aac_191fc324609_-7fe2,923402375,Canada,British Columbia,"Oregon, Washington, Vancouver Coast and Shelf",Temperate Northern Pacific,Vancouver Island,KCCA20,Nanat Bay,48.88,-125.08,2023-05-30,5.5,RLS,3,09:23:00,,,0,2,,,,,Debris - Zero,,0,1,,POINT (-125.08000183105469 48.880001068115234)
ep_m0_off_transect_sighting_public_data.fid-54e28aac_191fc324609_-7fe1,923402376,Canada,British Columbia,"Oregon, Washington, Vancouver Coast and Shelf",Temperate Northern Pacific,Vancouver Island,BMSC32,Less Dangerous Bay,48.88,-125.09,2023-06-13,3.2,RLS,3,08:56:00,,,0,1,,,,,Debris - Zero,,0,1,,POINT (-125.08999633789062 48.880001068115234)
ep_m0_off_transect_sighting_public_data.fid-54e28aac_191fc324609_-7fe0,923402376,Canada,British Columbia,"Oregon, Washington, Vancouver Coast and Shelf",Temperate Northern Pacific,Vancouver Island,BMSC32,Less Dangerous Bay,48.88,-125.09,2023-06-13,3.2,RLS,3,08:56:00,,,0,2,,,,,Debris - Zero,,0,1,,POINT (-125.08999633789062 48.880001068115234)
ep_m0_off_transect_sighting_public_data.fid-54e28aac_191fc324609_-7fdf,923400152,Canada,British Columbia,"Oregon, Washington, Vancouver Coast and Shelf",Temperate Northern Pacific,Vancouver Island,BMSC16,Faber Islets,48.89,-125.3,2021-05-05,6,RLS,3,10:35:00,,,0,1,Chordata,Actinopteri,Perciformes,Cottidae,Enophrys bison,Enophrys bison,25,1,229.8789,POINT (-125.30000305175781 48.88999938964844)
ep_m0_off_transect_sighting_public_data.fid-54e28aac_191fc324609_-7fde,923400152,Canada,British Columbia,"Oregon, Washington, Vancouver Coast and Shelf",Temperate Northern Pacific,Vancouver Island,BMSC16,Faber Islets,48.89,-125.3,2021-05-05,6,RLS,3,10:35:00,,,0,1,Chordata,Actinopterygii,Scorpaeniformes,Cottidae,Hemilepidotus hemilepidotus,Hemilepidotus hemilepidotus,12.5,2,69.5338,POINT (-125.30000305175781 48.88999938964844)
ep_m0_off_transect_sighting_public_data.fid-54e28aac_191fc324609_-7fdd,923400152,Canada,British Columbia,"Oregon, Washington, Vancouver Coast and Shelf",Temperate Northern Pacific,Vancouver Island,BMSC16,Faber Islets,48.89,-125.3,2021-05-05,6,RLS,3,10:35:00,,,0,1,Chordata,Actinopterygii,Scorpaeniformes,Cottidae,Hemilepidotus hemilepidotus,Hemilepidotus hemilepidotus,20,1,137.9826,POINT (-125.30000305175781 48.88999938964844)
ep_m0_off_transect_sighting_public_data.fid-54e28aac_191fc324609_-7fdc,923400152,Canada,British Columbia,"Oregon, Washington, Vancouver Coast and Shelf",Temperate Northern Pacific,Vancouver Island,BMSC16,Faber Islets,48.89,-125.3,2021-05-05,6,RLS,3,10:35:00,,,0,1,Chordata,Actinopterygii,Scorpaeniformes,Cottidae,Hemilepidotus hemilepidotus,Hemilepidotus hemilepidotus,25,1,213.8268,POINT (-125.30000305175781 48.88999938964844)
ep_m0_off_transect_sighting_public_data.fid-54e28aac_191fc324609_-7fdb,923400152,Canada,British Columbia,"Oregon, Washington, Vancouver Coast and Shelf",Temperate Northern Pacific,Vancouver Island,BMSC16,Faber Islets,48.89,-125.3,2021-05-05,6,RLS,3,10:35:00,,,0,1,Chordata,Actinopterygii,Scorpaeniformes,Hexagrammidae,Ophiodon elongatus,Ophiodon elongatus,62.5,1,1202.7167,POINT (-125.30000305175781 48.88999938964844)
ep_m0_off_transect_sighting_public_data.fid-54e28aac_191fc324609_-7fda,923400152,Canada,British Columbia,"Oregon, Washington, Vancouver Coast and Shelf",Temperate Northern Pacific,Vancouver Island,BMSC16,Faber Islets,48.89,-125.3,2021-05-05,6,RLS,3,10:35:00,,,0,1,Chordata,Actinopterygii,Scorpaeniformes,Hexagrammidae,Oxylebius pictus,Oxylebius pictus,12.5,1,42.2005,POINT (-125.30000305175781 48.88999938964844)
ep_m0_off_transect_sighting_public_data.fid-54e28aac_191fc324609_-7fd9,923400152,Canada,British Columbia,"Oregon, Washington, Vancouver Coast and Shelf",Temperate Northern Pacific,Vancouver Island,BMSC16,Faber Islets,48.89,-125.3,2021-05-05,6,RLS,3,10:35:00,,,0,1,Chordata,Actinopterygii,Scorpaeniformes,Sebastidae,Sebastes melanops,Sebastes melanops,15,1,73.4918,POINT (-125.30000305175781 48.88999938964844)
ep_m0_off_transect_sighting_public_data.fid-54e28aac_191fc324609_-7fd8,923400152,Canada,British Columbia,"Oregon, Washington, Vancouver Coast and Shelf",Temperate Northern Pacific,Vancouver Island,BMSC16,Faber Islets,48.89,-125.3,2021-05-05,6,RLS,3,10:35:00,,,0,1,Chordata,Teleostei,Scorpaeniformes,Hemitripteridae,Nautichthys oculofasciatus,Nautichthys oculofasciatus,15,1,36.6351,POINT (-125.30000305175781 48.88999938964844)
ep_m0_off_transect_sighting_public_data.fid-54e28aac_191fc324609_-7fd7,923401184,Canada,British Columbia,"Oregon, Washington, Vancouver Coast and Shelf",Temperate Northern Pacific,Vancouver Island,BMSC16,Faber Islets,48.89,-125.3,2022-04-27,5.5,RLS,2,12:40:00,,,0,0,Chordata,Actinopterygii,Scorpaeniformes,Hexagrammidae,Oxylebius pictus,Oxylebius pictus,7.5,1,8.931,POINT (-125.30000305175781 48.88999938964844)
ep_m0_off_transect_sighting_public_data.fid-54e28aac_191fc324609_-7fd6,923401184,Canada,British Columbia,"Oregon, Washington, Vancouver Coast and Shelf",Temperate Northern Pacific,Vancouver Island,BMSC16,Faber Islets,48.89,-125.3,2022-04-27,5.5,RLS,2,12:40:00,,,0,0,Chordata,Actinopterygii,Scorpaeniformes,Sebastidae,Sebastes caurinus,Sebastes caurinus,15,1,73.4918,POINT (-125.30000305175781 48.88999938964844)
ep_m0_off_transect_sighting_public_data.fid-54e28aac_191fc324609_-7fd5,923401184,Canada,British Columbia,"Oregon, Washington, Vancouver Coast and Shelf",Temperate Northern Pacific,Vancouver Island,BMSC16,Faber Islets,48.89,-125.3,2022-04-27,5.5,RLS,2,12:40:00,,,0,0,Chordata,Actinopterygii,Scorpaeniformes,Sebastidae,Sebastes melanops,Sebastes melanops,12.5,1,41.9142,POINT (-125.30000305175781 48.88999938964844)
ep_m0_off_transect_sighting_public_data.fid-54e28aac_191fc324609_-7fd4,923401184,Canada,British Columbia,"Oregon, Washington, Vancouver Coast and Shelf",Temperate Northern Pacific,Vancouver Island,BMSC16,Faber Islets,48.89,-125.3,2022-04-27,5.5,RLS,2,12:40:00,,,0,0,Echinodermata,Asteroidea,Forcipulatida,Pycnopodiidae,Pycnopodia helianthoides,Pycnopodia helianthoides,7.5,1,,POINT (-125.30000305175781 48.88999938964844)
ep_m0_off_transect_sighting_public_data.fid-54e28aac_191fc324609_-7fd3,923401184,Canada,British Columbia,"Oregon, Washington, Vancouver Coast and Shelf",Temperate Northern Pacific,Vancouver Island,BMSC16,Faber Islets,48.89,-125.3,2022-04-27,5.5,RLS,2,12:40:00,,,0,0,Chordata,Actinopterygii,Perciformes,Hexagrammidae,Hexagrammos decagrammus,Hexagrammos decagrammus,30,1,344.0053,POINT (-125.30000305175781 48.88999938964844)
ep_m0_off_transect_sighting_public_data.fid-54e28aac_191fc324609_-7fd2,923401184,Canada,British Columbia,"Oregon, Washington, Vancouver Coast and Shelf",Temperate Northern Pacific,Vancouver Island,BMSC16,Faber Islets,48.89,-125.3,2022-04-27,5.5,RLS,2,12:40:00,,,0,0,Chordata,Actinopterygii,Perciformes,Hexagrammidae,Hexagrammos decagrammus,Hexagrammos decagrammus,40,1,619.0955,POINT (-125.30000305175781 48.88999938964844)
ep_m0_off_transect_sighting_public_data.fid-54e28aac_191fc324609_-7fd1,923401184,Canada,British Columbia,"Oregon, Washington, Vancouver Coast and Shelf",Temperate Northern Pacific,Vancouver Island,BMSC16,Faber Islets,48.89,-125.3,2022-04-27,5.5,RLS,2,12:40:00,,,0,0,Chordata,Actinopterygii,Perciformes,Hexagrammidae,Hexagrammos decagrammus,Hexagrammos decagrammus,50,1,1252.5757,POINT (-125.30000305175781 48.88999938964844)
ep_m0_off_transect_sighting_public_data.fid-54e28aac_191fc324609_-7fd0,923402374,Canada,British Columbia,"Oregon, Washington, Vancouver Coast and Shelf",Temperate Northern Pacific,Vancouver Island,KCCA23,Flemming 114,48.89,-125.11,2023-05-28,10,RLS,1,10:15:00,,,0,1,Arthropoda,Malacostraca,Decapoda,Epialtidae,Pugettia producta,Pugettia producta,0,1,,POINT (-125.11000061035156 48.88999938964844)
ep_m0_off_transect_sighting_public_data.fid-54e28aac_191fc324609_-7fcf,923402374,Canada,British Columbia,"Oregon, Washington, Vancouver Coast and Shelf",Temperate Northern Pacific,Vancouver Island,KCCA23,Flemming 114,48.89,-125.11,2023-05-28,10,RLS,1,10:15:00,,,0,1,Chordata,Actinopterygii,Perciformes,Hexagrammidae,Hexagrammos decagrammus,Hexagrammos decagrammus,25,1,232.1561,POINT (-125.11000061035156 48.88999938964844)
ep_m0_off_transect_sighting_public_data.fid-54e28aac_191fc324609_-7fce,923402374,Canada,British Columbia,"Oregon, Washington, Vancouver Coast and Shelf",Temperate Northern Pacific,Vancouver Island,KCCA23,Flemming 114,48.89,-125.11,2023-05-28,10,RLS,1,10:15:00,,,0,1,Chordata,Actinopterygii,Scorpaeniformes,Sebastidae,Sebastes caurinus,Sebastes caurinus,7.5,1,8.6909,POINT (-125.11000061035156 48.88999938964844)
ep_m0_off_transect_sighting_public_data.fid-54e28aac_191fc324609_-7fcd,923402374,Canada,British Columbia,"Oregon, Washington, Vancouver Coast and Shelf",Temperate Northern Pacific,Vancouver Island,KCCA23,Flemming 114,48.89,-125.11,2023-05-28,10,RLS,1,10:15:00,,,0,1,Chordata,Actinopterygii,Scorpaeniformes,Sebastidae,Sebastes caurinus,Sebastes caurinus,10,1,21.0804,POINT (-125.11000061035156 48.88999938964844)
ep_m0_off_transect_sighting_public_data.fid-54e28aac_191fc324609_-7fcc,923402374,Canada,British Columbia,"Oregon, Washington, Vancouver Coast and Shelf",Temperate Northern Pacific,Vancouver Island,KCCA23,Flemming 114,48.89,-125.11,2023-05-28,10,RLS,1,10:15:00,,,0,1,,,,,Debris - Zero,,0,1,,POINT (-125.11000061035156 48.88999938964844)
ep_m0_off_transect_sighting_public_data.fid-54e28aac_191fc324609_-7fcb,923402374,Canada,British Columbia,"Oregon, Washington, Vancouver Coast and Shelf",Temperate Northern Pacific,Vancouver Island,KCCA23,Flemming 114,48.89,-125.11,2023-05-28,10,RLS,1,10:15:00,,,0,2,,,,,Debris - Zero,,0,1,,POINT (-125.11000061035156 48.88999938964844)
ep_m0_off_transect_sighting_public_data.fid-54e28aac_191fc324609_-7fca,923400142,Canada,British Columbia,"Oregon, Washington, Vancouver Coast and Shelf",Temperate Northern Pacific,Vancouver Island,BMSC11,Wizard Island South,48.86,-125.16,2021-05-03,5.5,RLS,7,10:30:00,,,0,0,Chordata,Actinopterygii,Perciformes,Hexagrammidae,Hexagrammos decagrammus,Hexagrammos decagrammus,35,1,483.3065,POINT (-125.16000366210938 48.86000061035156)
ep_m0_off_transect_sighting_public_data.fid-54e28aac_191fc324609_-7fc9,923400142,Canada,British Columbia,"Oregon, Washington, Vancouver Coast and Shelf",Temperate Northern Pacific,Vancouver Island,BMSC11,Wizard Island South,48.86,-125.16,2021-05-03,5.5,RLS,7,10:30:00,,,0,0,Chordata,Actinopterygii,Scorpaeniformes,Hexagrammidae,Oxylebius pictus,Oxylebius pictus,12.5,1,42.2005,POINT (-125.16000366210938 48.86000061035156)
ep_m0_off_transect_sighting_public_data.fid-54e28aac_191fc324609_-7fc8,923400142,Canada,British Columbia,"Oregon, Washington, Vancouver Coast and Shelf",Temperate Northern Pacific,Vancouver Island,BMSC11,Wizard Island South,48.86,-125.16,2021-05-03,5.5,RLS,7,10:30:00,,,0,0,Chordata,Mammalia,Carnivora,Phocidae,Phoca vitulina,Phoca vitulina,0,2,,POINT (-125.16000366210938 48.86000061035156)
ep_m0_off_transect_sighting_public_data.fid-54e28aac_191fc324609_-7fc7,923400142,Canada,British Columbia,"Oregon, Washington, Vancouver Coast and Shelf",Temperate Northern Pacific,Vancouver Island,BMSC11,Wizard Island South,48.86,-125.16,2021-05-03,5.5,RLS,7,10:30:00,,,0,0,Mollusca,Gastropoda,Nudibranchia,Discodorididae,Montereina nobilis,Montereina nobilis,0,1,,POINT (-125.16000366210938 48.86000061035156)
ep_m0_off_transect_sighting_public_data.fid-54e28aac_191fc324609_-7fc6,923400155,Canada,British Columbia,"Oregon, Washington, Vancouver Coast and Shelf",Temperate Northern Pacific,Vancouver Island,BMSC12,Wizard Island North,48.86,-125.16,2021-05-03,5.5,RLS,6,12:20:00,,,0,0,Chordata,Actinopterygii,Scorpaeniformes,Cottidae,Hemilepidotus hemilepidotus,Hemilepidotus hemilepidotus,35,1,446.1956,POINT (-125.16000366210938 48.86000061035156)
ep_m0_off_transect_sighting_public_data.fid-54e28aac_191fc324609_-7fc5,923400155,Canada,British Columbia,"Oregon, Washington, Vancouver Coast and Shelf",Temperate Northern Pacific,Vancouver Island,BMSC12,Wizard Island North,48.86,-125.16,2021-05-03,5.5,RLS,6,12:20:00,,,0,0,Echinodermata,Asteroidea,Forcipulatida,Pycnopodiidae,Pycnopodia helianthoides,Pycnopodia helianthoides,0,2,,POINT (-125.16000366210938 48.86000061035156)
ep_m0_off_transect_sighting_public_data.fid-54e28aac_191fc324609_-7fc4,923400155,Canada,British Columbia,"Oregon, Washington, Vancouver Coast and Shelf",Temperate Northern Pacific,Vancouver Island,BMSC12,Wizard Island North,48.86,-125.16,2021-05-03,5.5,RLS,6,12:20:00,,,0,2,Chordata,Actinopterygii,Scorpaeniformes,Cottidae,Cottidae spp.,Cottid spp.,5,1,1.9008,POINT (-125.16000366210938 48.86000061035156)
ep_m0_off_transect_sighting_public_data.fid-54e28aac_191fc324609_-7fc3,923401181,Canada,British Columbia,"Oregon, Washington, Vancouver Coast and Shelf",Temperate Northern Pacific,Vancouver Island,BMSC11,Wizard Island South,48.86,-125.16,2022-05-03,8.5,RLS,3,09:50:00,,,0,0,Chordata,Actinopterygii,Perciformes,Anarhichadidae,Anarrhichthys ocellatus,Anarrhichthys ocellatus,40,1,363.0708,POINT (-125.16000366210938 48.86000061035156)
ep_m0_off_transect_sighting_public_data.fid-54e28aac_191fc324609_-7fc2,923401181,Canada,British Columbia,"Oregon, Washington, Vancouver Coast and Shelf",Temperate Northern Pacific,Vancouver Island,BMSC11,Wizard Island South,48.86,-125.16,2022-05-03,8.5,RLS,3,09:50:00,,,0,0,Echinodermata,Asteroidea,Forcipulatida,Pycnopodiidae,Pycnopodia helianthoides,Pycnopodia helianthoides,5,1,,POINT (-125.16000366210938 48.86000061035156)
ep_m0_off_transect_sighting_public_data.fid-54e28aac_191fc324609_-7fc1,923401181,Canada,British Columbia,"Oregon, Washington, Vancouver Coast and Shelf",Temperate Northern Pacific,Vancouver Island,BMSC11,Wizard Island South,48.86,-125.16,2022-05-03,8.5,RLS,3,09:50:00,,,0,0,Echinodermata,Asteroidea,Forcipulatida,Asteriidae,Stylasterias forreri,Stylasterias forreri,0,1,,POINT (-125.16000366210938 48.86000061035156)
ep_m0_off_transect_sighting_public_data.fid-54e28aac_191fc324609_-7fc0,923401181,Canada,British Columbia,"Oregon, Washington, Vancouver Coast and Shelf",Temperate Northern Pacific,Vancouver Island,BMSC11,Wizard Island South,48.86,-125.16,2022-05-03,8.5,RLS,3,09:50:00,,,0,0,Mollusca,Gastropoda,Nudibranchia,Tritoniidae,Tritonia festiva,Tritonia festiva,0,1,,POINT (-125.16000366210938 48.86000061035156)
ep_m0_off_transect_sighting_public_data.fid-54e28aac_191fc324609_-7fbf,923401181,Canada,British Columbia,"Oregon, Washington, Vancouver Coast and Shelf",Temperate Northern Pacific,Vancouver Island,BMSC11,Wizard Island South,48.86,-125.16,2022-05-03,8.5,RLS,3,09:50:00,,,0,2,Arthropoda,Malacostraca,Decapoda,Epialtidae,Scyra acutifrons,Scyra acutifrons,0,2,,POINT (-125.16000366210938 48.86000061035156)
ep_m0_off_transect_sighting_public_data.fid-54e28aac_191fc324609_-7fbe,923401181,Canada,British Columbia,"Oregon, Washington, Vancouver Coast and Shelf",Temperate Northern Pacific,Vancouver Island,BMSC11,Wizard Island South,48.86,-125.16,2022-05-03,8.5,RLS,3,09:50:00,,,0,2,Arthropoda,Malacostraca,Decapoda,,Paguroidea spp.,Decapoda spp.,0,1,,POINT (-125.16000366210938 48.86000061035156)
ep_m0_off_transect_sighting_public_data.fid-54e28aac_191fc324609_-7fbd,923401181,Canada,British Columbia,"Oregon, Washington, Vancouver Coast and Shelf",Temperate Northern Pacific,Vancouver Island,BMSC11,Wizard Island South,48.86,-125.16,2022-05-03,8.5,RLS,3,09:50:00,,,0,2,Echinodermata,Asteroidea,Spinulosida,Echinasteridae,Henricia spp.,Henricia spp.,0,6,,POINT (-125.16000366210938 48.86000061035156)
ep_m0_off_transect_sighting_public_data.fid-54e28aac_191fc324609_-7fbc,923401181,Canada,British Columbia,"Oregon, Washington, Vancouver Coast and Shelf",Temperate Northern Pacific,Vancouver Island,BMSC11,Wizard Island South,48.86,-125.16,2022-05-03,8.5,RLS,3,09:50:00,,,0,2,Echinodermata,Asteroidea,Valvatida,Asteropseidae,Dermasterias imbricata,Dermasterias imbricata,0,4,,POINT (-125.16000366210938 48.86000061035156)
ep_m0_off_transect_sighting_public_data.fid-54e28aac_191fc324609_-7fbb,923401181,Canada,British Columbia,"Oregon, Washington, Vancouver Coast and Shelf",Temperate Northern Pacific,Vancouver Island,BMSC11,Wizard Island South,48.86,-125.16,2022-05-03,8.5,RLS,3,09:50:00,,,0,2,Echinodermata,Asteroidea,Valvatida,Goniasteridae,Mediaster aequalis,Mediaster aequalis,0,4,,POINT (-125.16000366210938 48.86000061035156)
ep_m0_off_transect_sighting_public_data.fid-54e28aac_191fc324609_-7fba,923401181,Canada,British Columbia,"Oregon, Washington, Vancouver Coast and Shelf",Temperate Northern Pacific,Vancouver Island,BMSC11,Wizard Island South,48.86,-125.16,2022-05-03,8.5,RLS,3,09:50:00,,,0,2,Echinodermata,Holothuroidea,Synallactida,Stichopodidae,Apostichopus californicus,Apostichopus californicus,0,10,,POINT (-125.16000366210938 48.86000061035156)
ep_m0_off_transect_sighting_public_data.fid-54e28aac_191fc324609_-7fb9,923401181,Canada,British Columbia,"Oregon, Washington, Vancouver Coast and Shelf",Temperate Northern Pacific,Vancouver Island,BMSC11,Wizard Island South,48.86,-125.16,2022-05-03,8.5,RLS,3,09:50:00,,,0,2,Mollusca,Bivalvia,Ostreoida,Pectinidae,Crassadoma gigantea,Crassadoma gigantea,5,3,,POINT (-125.16000366210938 48.86000061035156)
ep_m0_off_transect_sighting_public_data.fid-54e28aac_191fc324609_-7fb8,923401181,Canada,British Columbia,"Oregon, Washington, Vancouver Coast and Shelf",Temperate Northern Pacific,Vancouver Island,BMSC11,Wizard Island South,48.86,-125.16,2022-05-03,8.5,RLS,3,09:50:00,,,0,2,Mollusca,Bivalvia,Ostreoida,Pectinidae,Crassadoma gigantea,Crassadoma gigantea,7.5,5,,POINT (-125.16000366210938 48.86000061035156)
ep_m0_off_transect_sighting_public_data.fid-54e28aac_191fc324609_-7fb7,923401181,Canada,British Columbia,"Oregon, Washington, Vancouver Coast and Shelf",Temperate Northern Pacific,Vancouver Island,BMSC11,Wizard Island South,48.86,-125.16,2022-05-03,8.5,RLS,3,09:50:00,,,0,2,Mollusca,Bivalvia,Ostreoida,Pectinidae,Crassadoma gigantea,Crassadoma gigantea,10,5,,POINT (-125.16000366210938 48.86000061035156)
ep_m0_off_transect_sighting_public_data.fid-54e28aac_191fc324609_-7fb6,923401181,Canada,British Columbia,"Oregon, Washington, Vancouver Coast and Shelf",Temperate Northern Pacific,Vancouver Island,BMSC11,Wizard Island South,48.86,-125.16,2022-05-03,8.5,RLS,3,09:50:00,,,0,2,Mollusca,Gastropoda,Nudibranchia,Dendronotidae,Dendronotus iris,Dendronotus iris,0,4,,POINT (-125.16000366210938 48.86000061035156)
ep_m0_off_transect_sighting_public_data.fid-54e28aac_191fc324609_-7fb5,923401181,Canada,British Columbia,"Oregon, Washington, Vancouver Coast and Shelf",Temperate Northern Pacific,Vancouver Island,BMSC11,Wizard Island South,48.86,-125.16,2022-05-03,8.5,RLS,3,09:50:00,,,0,2,Mollusca,Gastropoda,Nudibranchia,Discodorididae,Diaulula odonoghuei,Diaulula odonoghuei,0,1,,POINT (-125.16000366210938 48.86000061035156)
ep_m0_off_transect_sighting_public_data.fid-54e28aac_191fc324609_-7fb4,923401181,Canada,British Columbia,"Oregon, Washington, Vancouver Coast and Shelf",Temperate Northern Pacific,Vancouver Island,BMSC11,Wizard Island South,48.86,-125.16,2022-05-03,8.5,RLS,3,09:50:00,,,0,2,Mollusca,Gastropoda,Nudibranchia,Facelinidae,Hermissenda crassicornis,Hermissenda crassicornis,0,5,,POINT (-125.16000366210938 48.86000061035156)
ep_m0_off_transect_sighting_public_data.fid-54e28aac_191fc324609_-7fb3,923401181,Canada,British Columbia,"Oregon, Washington, Vancouver Coast and Shelf",Temperate Northern Pacific,Vancouver Island,BMSC11,Wizard Island South,48.86,-125.16,2022-05-03,8.5,RLS,3,09:50:00,,,0,2,Mollusca,Gastropoda,Vetigastropoda,Haliotidae,Haliotis kamtschatkana,Haliotis kamtschatkana,7.5,1,,POINT (-125.16000366210938 48.86000061035156)
ep_m0_off_transect_sighting_public_data.fid-54e28aac_191fc324609_-7fb2,923401181,Canada,British Columbia,"Oregon, Washington, Vancouver Coast and Shelf",Temperate Northern Pacific,Vancouver Island,BMSC11,Wizard Island South,48.86,-125.16,2022-05-03,8.5,RLS,3,09:50:00,,,0,2,Mollusca,Gastropoda,,Fissurellidae,Diodora aspera,Diodora aspera,0,2,,POINT (-125.16000366210938 48.86000061035156)
ep_m0_off_transect_sighting_public_data.fid-54e28aac_191fc324609_-7fb1,923401185,Canada,British Columbia,"Oregon, Washington, Vancouver Coast and Shelf",Temperate Northern Pacific,Vancouver Island,BMSC12,Wizard Island North,48.86,-125.16,2022-05-03,9,RLS,3,12:50:00,,,0,0,Chordata,Actinopterygii,Scorpaeniformes,Cottidae,Artedius harringtoni,Artedius harringtoni,5,1,1.9303,POINT (-125.16000366210938 48.86000061035156)
ep_m0_off_transect_sighting_public_data.fid-54e28aac_191fc324609_-7fb0,923401185,Canada,British Columbia,"Oregon, Washington, Vancouver Coast and Shelf",Temperate Northern Pacific,Vancouver Island,BMSC12,Wizard Island North,48.86,-125.16,2022-05-03,9,RLS,3,12:50:00,,,0,0,Chordata,Actinopterygii,Scorpaeniformes,Hexagrammidae,Oxylebius pictus,Oxylebius pictus,7.5,1,8.931,POINT (-125.16000366210938 48.86000061035156)
ep_m0_off_transect_sighting_public_data.fid-54e28aac_191fc324609_-7faf,923401195,Canada,British Columbia,"Oregon, Washington, Vancouver Coast and Shelf",Temperate Northern Pacific,Vancouver Island,BMSC12,Wizard Island North,48.86,-125.16,2022-05-03,5,RLS,3,12:15:00,,,0,0,Echinodermata,Echinoidea,Camarodonta,Strongylocentrotidae,Strongylocentrotus droebachiensis,Strongylocentrotus droebachiensis,0,1,,POINT (-125.16000366210938 48.86000061035156)
ep_m0_off_transect_sighting_public_data.fid-54e28aac_191fc324609_-7fae,923401195,Canada,British Columbia,"Oregon, Washington, Vancouver Coast and Shelf",Temperate Northern Pacific,Vancouver Island,BMSC12,Wizard Island North,48.86,-125.16,2022-05-03,5,RLS,3,12:15:00,,,0,0,Echinodermata,Echinoidea,Camarodonta,Strongylocentrotidae,Strongylocentrotus purpuratus,Strongylocentrotus purpuratus,0,1,,POINT (-125.16000366210938 48.86000061035156)
ep_m0_off_transect_sighting_public_data.fid-54e28aac_191fc324609_-7fad,923401195,Canada,British Columbia,"Oregon, Washington, Vancouver Coast and Shelf",Temperate Northern Pacific,Vancouver Island,BMSC12,Wizard Island North,48.86,-125.16,2022-05-03,5,RLS,3,12:15:00,,,0,0,Chordata,Actinopterygii,Scorpaeniformes,Hexagrammidae,Ophiodon elongatus,Ophiodon elongatus,35,1,231.3251,POINT (-125.16000366210938 48.86000061035156)
ep_m0_off_transect_sighting_public_data.fid-54e28aac_191fc324609_-7fac,923401195,Canada,British Columbia,"Oregon, Washington, Vancouver Coast and Shelf",Temperate Northern Pacific,Vancouver Island,BMSC12,Wizard Island North,48.86,-125.16,2022-05-03,5,RLS,3,12:15:00,,,0,1,Chordata,Actinopterygii,Scorpaeniformes,Hexagrammidae,Oxylebius pictus,Oxylebius pictus,5,1,2.6036,POINT (-125.16000366210938 48.86000061035156)
ep_m0_off_transect_sighting_public_data.fid-54e28aac_191fc324609_-7fab,923401195,Canada,British Columbia,"Oregon, Washington, Vancouver Coast and Shelf",Temperate Northern Pacific,Vancouver Island,BMSC12,Wizard Island North,48.86,-125.16,2022-05-03,5,RLS,3,12:15:00,,,0,1,Ctenophora,Tentaculata,Lobata,Bolinopsidae,Bolinopsis infundibulum,Bolinopsis infundibulum,0,1,,POINT (-125.16000366210938 48.86000061035156)
ep_m0_off_transect_sighting_public_data.fid-54e28aac_191fc324609_-7faa,923402234,Canada,British Columbia,"Oregon, Washington, Vancouver Coast and Shelf",Temperate Northern Pacific,Vancouver Island,BMSC12,Wizard Island North,48.86,-125.16,2023-05-16,6.5,RLS,1,12:54:00,,,0,1,Chordata,Actinopteri,Perciformes,Cottidae,Enophrys bison,Enophrys bison,20,1,148.7568,POINT (-125.16000366210938 48.86000061035156)
ep_m0_off_transect_sighting_public_data.fid-54e28aac_191fc324609_-7fa9,923402241,Canada,British Columbia,"Oregon, Washington, Vancouver Coast and Shelf",Temperate Northern Pacific,Vancouver Island,BMSC11,Wizard Island South,48.86,-125.16,2023-05-16,7.5,RLS,2,10:07:00,,,0,0,Mollusca,Gastropoda,Nudibranchia,Discodorididae,Diaulula sandiegensis,Diaulula sandiegensis,15,2,,POINT (-125.16000366210938 48.86000061035156)
ep_m0_off_transect_sighting_public_data.fid-54e28aac_191fc324609_-7fa8,923402242,Canada,British Columbia,"Oregon, Washington, Vancouver Coast and Shelf",Temperate Northern Pacific,Vancouver Island,BMSC11,Wizard Island South,48.86,-125.16,2023-05-16,5.5,RLS,1,10:12:00,,,0,2,Chordata,Mammalia,Carnivora,Phocidae,Phoca vitulina,Phoca vitulina,175,7,,POINT (-125.16000366210938 48.86000061035156)
ep_m0_off_transect_sighting_public_data.fid-54e28aac_191fc324609_-7fa7,923402242,Canada,British Columbia,"Oregon, Washington, Vancouver Coast and Shelf",Temperate Northern Pacific,Vancouver Island,BMSC11,Wizard Island South,48.86,-125.16,2023-05-16,5.5,RLS,1,10:12:00,,,0,2,Chordata,Mammalia,Carnivora,Phocidae,Phoca vitulina,Phoca vitulina,187.5,4,,POINT (-125.16000366210938 48.86000061035156)
ep_m0_off_transect_sighting_public_data.fid-54e28aac_191fc324609_-7fa6,923402242,Canada,British Columbia,"Oregon, Washington, Vancouver Coast and Shelf",Temperate Northern Pacific,Vancouver Island,BMSC11,Wizard Island South,48.86,-125.16,2023-05-16,5.5,RLS,1,10:12:00,,,0,2,Mollusca,Gastropoda,Nudibranchia,Onchidorididae,Acanthodoris hudsoni,Acanthodoris hudsoni,0,1,,POINT (-125.16000366210938 48.86000061035156)
ep_m0_off_transect_sighting_public_data.fid-54e28aac_191fc324609_-7fa5,923402380,Canada,British Columbia,"Oregon, Washington, Vancouver Coast and Shelf",Temperate Northern Pacific,Vancouver Island,KCCA19,Wizard Island North Kelp,48.86,-125.16,2023-06-08,5.5,RLS,1,10:30:00,,,0,1,,,,,Debris - Zero,,0,1,,POINT (-125.16000366210938 48.86000061035156)
ep_m0_off_transect_sighting_public_data.fid-54e28aac_191fc324609_-7fa4,923401179,Canada,British Columbia,"Oregon, Washington, Vancouver Coast and Shelf",Temperate Northern Pacific,Vancouver Island,BMSC23,Aguilar Point,48.84,-125.14,2022-05-06,6.5,RLS,3,09:30:00,,,0,0,Chordata,Actinopteri,Perciformes,Cottidae,Enophrys bison,Enophrys bison,12.5,1,37.8132,POINT (-125.13999938964844 48.84000015258789)
ep_m0_off_transect_sighting_public_data.fid-54e28aac_191fc324609_-7fa3,923401179,Canada,British Columbia,"Oregon, Washington, Vancouver Coast and Shelf",Temperate Northern Pacific,Vancouver Island,BMSC23,Aguilar Point,48.84,-125.14,2022-05-06,6.5,RLS,3,09:30:00,,,0,0,Chordata,Actinopteri,Perciformes,Rhamphocottidae,Rhamphocottus richardsonii,Rhamphocottus richardsonii,5,1,2.3205,POINT (-125.13999938964844 48.84000015258789)
ep_m0_off_transect_sighting_public_data.fid-54e28aac_191fc324609_-7fa2,923401179,Canada,British Columbia,"Oregon, Washington, Vancouver Coast and Shelf",Temperate Northern Pacific,Vancouver Island,BMSC23,Aguilar Point,48.84,-125.14,2022-05-06,6.5,RLS,3,09:30:00,,,0,0,Chordata,Actinopterygii,Scorpaeniformes,Hexagrammidae,Ophiodon elongatus,Ophiodon elongatus,30,1,164.6513,POINT (-125.13999938964844 48.84000015258789)
ep_m0_off_transect_sighting_public_data.fid-54e28aac_191fc324609_-7fa1,923401179,Canada,British Columbia,"Oregon, Washington, Vancouver Coast and Shelf",Temperate Northern Pacific,Vancouver Island,BMSC23,Aguilar Point,48.84,-125.14,2022-05-06,6.5,RLS,3,09:30:00,,,0,0,Chordata,Actinopterygii,Scorpaeniformes,Sebastidae,Sebastes melanops,Sebastes melanops,15,1,73.4918,POINT (-125.13999938964844 48.84000015258789)
ep_m0_off_transect_sighting_public_data.fid-54e28aac_191fc324609_-7fa0,923401179,Canada,British Columbia,"Oregon, Washington, Vancouver Coast and Shelf",Temperate Northern Pacific,Vancouver Island,BMSC23,Aguilar Point,48.84,-125.14,2022-05-06,6.5,RLS,3,09:30:00,,,0,0,Echinodermata,Asteroidea,Forcipulatida,Asteriidae,Pisaster ochraceus,Pisaster ochraceus,0,1,,POINT (-125.13999938964844 48.84000015258789)
ep_m0_off_transect_sighting_public_data.fid-54e28aac_191fc324609_-7f9f,923401179,Canada,British Columbia,"Oregon, Washington, Vancouver Coast and Shelf",Temperate Northern Pacific,Vancouver Island,BMSC23,Aguilar Point,48.84,-125.14,2022-05-06,6.5,RLS,3,09:30:00,,,0,0,Mollusca,Gastropoda,Nudibranchia,Dironidae,Dirona albolineata,Dirona albolineata,0,1,,POINT (-125.13999938964844 48.84000015258789)
ep_m0_off_transect_sighting_public_data.fid-54e28aac_191fc324609_-7f9e,923401179,Canada,British Columbia,"Oregon, Washington, Vancouver Coast and Shelf",Temperate Northern Pacific,Vancouver Island,BMSC23,Aguilar Point,48.84,-125.14,2022-05-06,6.5,RLS,3,09:30:00,,,0,0,Mollusca,Gastropoda,Nudibranchia,Dorididae,Doris odhneri,Doris odhneri,0,1,,POINT (-125.13999938964844 48.84000015258789)
ep_m0_off_transect_sighting_public_data.fid-54e28aac_191fc324609_-7f9d,923401179,Canada,British Columbia,"Oregon, Washington, Vancouver Coast and Shelf",Temperate Northern Pacific,Vancouver Island,BMSC23,Aguilar Point,48.84,-125.14,2022-05-06,6.5,RLS,3,09:30:00,,,0,2,Chordata,Actinopterygii,Scorpaeniformes,Hexagrammidae,Oxylebius pictus,Oxylebius pictus,12.5,3,126.6016,POINT (-125.13999938964844 48.84000015258789)
ep_m0_off_transect_sighting_public_data.fid-54e28aac_191fc324609_-7f9c,923401179,Canada,British Columbia,"Oregon, Washington, Vancouver Coast and Shelf",Temperate Northern Pacific,Vancouver Island,BMSC23,Aguilar Point,48.84,-125.14,2022-05-06,6.5,RLS,3,09:30:00,,,0,2,Chordata,Actinopterygii,Scorpaeniformes,Hexagrammidae,Oxylebius pictus,Oxylebius pictus,15,1,73.4563,POINT (-125.13999938964844 48.84000015258789)
ep_m0_off_transect_sighting_public_data.fid-54e28aac_191fc324609_-7f9b,923401179,Canada,British Columbia,"Oregon, Washington, Vancouver Coast and Shelf",Temperate Northern Pacific,Vancouver Island,BMSC23,Aguilar Point,48.84,-125.14,2022-05-06,6.5,RLS,3,09:30:00,,,0,2,Chordata,Actinopterygii,Scorpaeniformes,Sebastidae,Sebastes maliger,Sebastes maliger,15,1,73.4918,POINT (-125.13999938964844 48.84000015258789)
ep_m0_off_transect_sighting_public_data.fid-54e28aac_191fc324609_-7f9a,923401179,Canada,British Columbia,"Oregon, Washington, Vancouver Coast and Shelf",Temperate Northern Pacific,Vancouver Island,BMSC23,Aguilar Point,48.84,-125.14,2022-05-06,6.5,RLS,3,09:30:00,,,0,2,Chordata,Actinopterygii,Scorpaeniformes,Sebastidae,Sebastes melanops,Sebastes melanops,0,1,,POINT (-125.13999938964844 48.84000015258789)
ep_m0_off_transect_sighting_public_data.fid-54e28aac_191fc324609_-7f99,923401179,Canada,British Columbia,"Oregon, Washington, Vancouver Coast and Shelf",Temperate Northern Pacific,Vancouver Island,BMSC23,Aguilar Point,48.84,-125.14,2022-05-06,6.5,RLS,3,09:30:00,,,0,0,Chordata,Actinopterygii,Scorpaeniformes,Hexagrammidae,Ophiodon elongatus,Ophiodon elongatus,50,1,599.5206,POINT (-125.13999938964844 48.84000015258789)
ep_m0_off_transect_sighting_public_data.fid-54e28aac_191fc324609_-7f98,923401179,Canada,British Columbia,"Oregon, Washington, Vancouver Coast and Shelf",Temperate Northern Pacific,Vancouver Island,BMSC23,Aguilar Point,48.84,-125.14,2022-05-06,6.5,RLS,3,09:30:00,,,0,1,Chordata,Actinopterygii,Scorpaeniformes,Cottidae,Orthonopias triacis,Orthonopias triacis,5,1,2.3326,POINT (-125.13999938964844 48.84000015258789)
ep_m0_off_transect_sighting_public_data.fid-54e28aac_191fc324609_-7f97,923401179,Canada,British Columbia,"Oregon, Washington, Vancouver Coast and Shelf",Temperate Northern Pacific,Vancouver Island,BMSC23,Aguilar Point,48.84,-125.14,2022-05-06,6.5,RLS,3,09:30:00,,,0,1,Chordata,Actinopterygii,Scorpaeniformes,Hexagrammidae,Oxylebius pictus,Oxylebius pictus,5,2,5.2073,POINT (-125.13999938964844 48.84000015258789)
ep_m0_off_transect_sighting_public_data.fid-54e28aac_191fc324609_-7f96,923401179,Canada,British Columbia,"Oregon, Washington, Vancouver Coast and Shelf",Temperate Northern Pacific,Vancouver Island,BMSC23,Aguilar Point,48.84,-125.14,2022-05-06,6.5,RLS,3,09:30:00,,,0,1,Chordata,Actinopterygii,Scorpaeniformes,Sebastidae,Sebastes caurinus,Sebastes caurinus,10,1,21.0804,POINT (-125.13999938964844 48.84000015258789)
ep_m0_off_transect_sighting_public_data.fid-54e28aac_191fc324609_-7f95,923401179,Canada,British Columbia,"Oregon, Washington, Vancouver Coast and Shelf",Temperate Northern Pacific,Vancouver Island,BMSC23,Aguilar Point,48.84,-125.14,2022-05-06,6.5,RLS,3,09:30:00,,,0,1,Chordata,Actinopterygii,Scorpaeniformes,Sebastidae,Sebastes caurinus,Sebastes caurinus,12.5,1,41.9142,POINT (-125.13999938964844 48.84000015258789)
ep_m0_off_transect_sighting_public_data.fid-54e28aac_191fc324609_-7f94,923401179,Canada,British Columbia,"Oregon, Washington, Vancouver Coast and Shelf",Temperate Northern Pacific,Vancouver Island,BMSC23,Aguilar Point,48.84,-125.14,2022-05-06,6.5,RLS,3,09:30:00,,,0,1,Chordata,Actinopterygii,Scorpaeniformes,Sebastidae,Sebastes melanops,Sebastes melanops,10,1,21.0804,POINT (-125.13999938964844 48.84000015258789)
ep_m0_off_transect_sighting_public_data.fid-54e28aac_191fc324609_-7f93,923401179,Canada,British Columbia,"Oregon, Washington, Vancouver Coast and Shelf",Temperate Northern Pacific,Vancouver Island,BMSC23,Aguilar Point,48.84,-125.14,2022-05-06,6.5,RLS,3,09:30:00,,,0,1,Echinodermata,Asteroidea,Forcipulatida,Asteriidae,Stylasterias forreri,Stylasterias forreri,0,1,,POINT (-125.13999938964844 48.84000015258789)
ep_m0_off_transect_sighting_public_data.fid-54e28aac_191fc324609_-7f92,923402225,Canada,British Columbia,"Oregon, Washington, Vancouver Coast and Shelf",Temperate Northern Pacific,Vancouver Island,BMSC23,Aguilar Point,48.84,-125.14,2023-05-11,7,RLS,3,12:22:00,,,0,2,Chordata,Actinopterygii,Scorpaeniformes,Sebastidae,Sebastes maliger,Sebastes maliger,7.5,1,8.6909,POINT (-125.13999938964844 48.84000015258789)
ep_m0_off_transect_sighting_public_data.fid-54e28aac_191fc324609_-7f91,923402225,Canada,British Columbia,"Oregon, Washington, Vancouver Coast and Shelf",Temperate Northern Pacific,Vancouver Island,BMSC23,Aguilar Point,48.84,-125.14,2023-05-11,7,RLS,3,12:22:00,,,0,0,Chordata,Actinopterygii,Scorpaeniformes,Hexagrammidae,Ophiodon elongatus,Ophiodon elongatus,40,1,296.3178,POINT (-125.13999938964844 48.84000015258789)
ep_m0_off_transect_sighting_public_data.fid-54e28aac_191fc324609_-7f90,923402225,Canada,British Columbia,"Oregon, Washington, Vancouver Coast and Shelf",Temperate Northern Pacific,Vancouver Island,BMSC23,Aguilar Point,48.84,-125.14,2023-05-11,7,RLS,3,12:22:00,,,0,0,Chordata,Actinopterygii,Scorpaeniformes,Hexagrammidae,Oxylebius pictus,Oxylebius pictus,12.5,1,42.2005,POINT (-125.13999938964844 48.84000015258789)
ep_m0_off_transect_sighting_public_data.fid-54e28aac_191fc324609_-7f8f,923402225,Canada,British Columbia,"Oregon, Washington, Vancouver Coast and Shelf",Temperate Northern Pacific,Vancouver Island,BMSC23,Aguilar Point,48.84,-125.14,2023-05-11,7,RLS,3,12:22:00,,,0,0,Chordata,Actinopterygii,Scorpaeniformes,Sebastidae,Sebastes maliger,Sebastes maliger,12.5,1,41.9142,POINT (-125.13999938964844 48.84000015258789)
ep_m0_off_transect_sighting_public_data.fid-54e28aac_191fc324609_-7f8e,923402225,Canada,British Columbia,"Oregon, Washington, Vancouver Coast and Shelf",Temperate Northern Pacific,Vancouver Island,BMSC23,Aguilar Point,48.84,-125.14,2023-05-11,7,RLS,3,12:22:00,,,0,0,Echinodermata,Asteroidea,Forcipulatida,Pycnopodiidae,Pycnopodia helianthoides,Pycnopodia helianthoides,20,2,,POINT (-125.13999938964844 48.84000015258789)
ep_m0_off_transect_sighting_public_data.fid-54e28aac_191fc324609_-7f8d,923402225,Canada,British Columbia,"Oregon, Washington, Vancouver Coast and Shelf",Temperate Northern Pacific,Vancouver Island,BMSC23,Aguilar Point,48.84,-125.14,2023-05-11,7,RLS,3,12:22:00,,,0,0,Echinodermata,Asteroidea,Forcipulatida,Pycnopodiidae,Pycnopodia helianthoides,Pycnopodia helianthoides,25,1,,POINT (-125.13999938964844 48.84000015258789)
ep_m0_off_transect_sighting_public_data.fid-54e28aac_191fc324609_-7f8c,923402225,Canada,British Columbia,"Oregon, Washington, Vancouver Coast and Shelf",Temperate Northern Pacific,Vancouver Island,BMSC23,Aguilar Point,48.84,-125.14,2023-05-11,7,RLS,3,12:22:00,,,0,0,Mollusca,Gastropoda,Littorinimorpha,Naticidae,Neverita lewisii,Neverita lewisii,0,2,,POINT (-125.13999938964844 48.84000015258789)
ep_m0_off_transect_sighting_public_data.fid-54e28aac_191fc324609_-7f8b,923402225,Canada,British Columbia,"Oregon, Washington, Vancouver Coast and Shelf",Temperate Northern Pacific,Vancouver Island,BMSC23,Aguilar Point,48.84,-125.14,2023-05-11,7,RLS,3,12:22:00,,,0,1,Chordata,Actinopterygii,Scorpaeniformes,Sebastidae,Sebastes caurinus,Sebastes caurinus,15,2,146.9837,POINT (-125.13999938964844 48.84000015258789)
ep_m0_off_transect_sighting_public_data.fid-54e28aac_191fc324609_-7f8a,923402238,Canada,British Columbia,"Oregon, Washington, Vancouver Coast and Shelf",Temperate Northern Pacific,Vancouver Island,BMSC28,Swiss Boy,48.92,-125.13,2023-05-18,11,RLS,6,10:27:00,,,0,2,Chordata,Actinopterygii,Scorpaeniformes,Hexagrammidae,Oxylebius pictus,Oxylebius pictus,12.5,1,42.2005,POINT (-125.12999725341797 48.91999816894531)
ep_m0_off_transect_sighting_public_data.fid-54e28aac_191fc324609_-7f89,923402238,Canada,British Columbia,"Oregon, Washington, Vancouver Coast and Shelf",Temperate Northern Pacific,Vancouver Island,BMSC28,Swiss Boy,48.92,-125.13,2023-05-18,11,RLS,6,10:27:00,,,0,2,Chordata,Actinopterygii,Scorpaeniformes,Sebastidae,Sebastes caurinus,Sebastes caurinus,35,1,516.4341,POINT (-125.12999725341797 48.91999816894531)
ep_m0_off_transect_sighting_public_data.fid-54e28aac_191fc324609_-7f88,923402238,Canada,British Columbia,"Oregon, Washington, Vancouver Coast and Shelf",Temperate Northern Pacific,Vancouver Island,BMSC28,Swiss Boy,48.92,-125.13,2023-05-18,11,RLS,6,10:27:00,,,0,2,Chordata,Actinopterygii,Scorpaeniformes,Sebastidae,Sebastes flavidus,Sebastes flavidus,15,5,367.4593,POINT (-125.12999725341797 48.91999816894531)
ep_m0_off_transect_sighting_public_data.fid-54e28aac_191fc324609_-7f87,923402238,Canada,British Columbia,"Oregon, Washington, Vancouver Coast and Shelf",Temperate Northern Pacific,Vancouver Island,BMSC28,Swiss Boy,48.92,-125.13,2023-05-18,11,RLS,6,10:27:00,,,0,2,Chordata,Actinopterygii,Scorpaeniformes,Sebastidae,Sebastes flavidus,Sebastes flavidus,20,20,3254.514,POINT (-125.12999725341797 48.91999816894531)
ep_m0_off_transect_sighting_public_data.fid-54e28aac_191fc324609_-7f86,923402238,Canada,British Columbia,"Oregon, Washington, Vancouver Coast and Shelf",Temperate Northern Pacific,Vancouver Island,BMSC28,Swiss Boy,48.92,-125.13,2023-05-18,11,RLS,6,10:27:00,,,0,2,Chordata,Actinopterygii,Scorpaeniformes,Sebastidae,Sebastes flavidus,Sebastes flavidus,25,20,5008.239,POINT (-125.12999725341797 48.91999816894531)
ep_m0_off_transect_sighting_public_data.fid-54e28aac_191fc324609_-7f85,923402238,Canada,British Columbia,"Oregon, Washington, Vancouver Coast and Shelf",Temperate Northern Pacific,Vancouver Island,BMSC28,Swiss Boy,48.92,-125.13,2023-05-18,11,RLS,6,10:27:00,,,0,2,Chordata,Actinopterygii,Scorpaeniformes,Sebastidae,Sebastes flavidus,Sebastes flavidus,30,5,1845.9525,POINT (-125.12999725341797 48.91999816894531)
ep_m0_off_transect_sighting_public_data.fid-54e28aac_191fc324609_-7f84,923402238,Canada,British Columbia,"Oregon, Washington, Vancouver Coast and Shelf",Temperate Northern Pacific,Vancouver Island,BMSC28,Swiss Boy,48.92,-125.13,2023-05-18,11,RLS,6,10:27:00,,,0,2,Chordata,Actinopterygii,Scorpaeniformes,Sebastidae,Sebastes melanops,Sebastes melanops,20,10,1627.257,POINT (-125.12999725341797 48.91999816894531)
ep_m0_off_transect_sighting_public_data.fid-54e28aac_191fc324609_-7f83,923402238,Canada,British Columbia,"Oregon, Washington, Vancouver Coast and Shelf",Temperate Northern Pacific,Vancouver Island,BMSC28,Swiss Boy,48.92,-125.13,2023-05-18,11,RLS,6,10:27:00,,,0,2,Chordata,Actinopterygii,Scorpaeniformes,Sebastidae,Sebastes melanops,Sebastes melanops,25,30,7512.3584,POINT (-125.12999725341797 48.91999816894531)
ep_m0_off_transect_sighting_public_data.fid-54e28aac_191fc324609_-7f82,923402238,Canada,British Columbia,"Oregon, Washington, Vancouver Coast and Shelf",Temperate Northern Pacific,Vancouver Island,BMSC28,Swiss Boy,48.92,-125.13,2023-05-18,11,RLS,6,10:27:00,,,0,2,Chordata,Actinopterygii,Scorpaeniformes,Sebastidae,Sebastes melanops,Sebastes melanops,30,10,3691.905,POINT (-125.12999725341797 48.91999816894531)
ep_m0_off_transect_sighting_public_data.fid-54e28aac_191fc324609_-7f81,923402238,Canada,British Columbia,"Oregon, Washington, Vancouver Coast and Shelf",Temperate Northern Pacific,Vancouver Island,BMSC28,Swiss Boy,48.92,-125.13,2023-05-18,11,RLS,6,10:27:00,,,0,2,Chordata,Actinopterygii,Scorpaeniformes,Sebastidae,Sebastes miniatus,Sebastes miniatus,20,1,162.7257,POINT (-125.12999725341797 48.91999816894531)
ep_m0_off_transect_sighting_public_data.fid-54e28aac_191fc324609_-7f80,923402238,Canada,British Columbia,"Oregon, Washington, Vancouver Coast and Shelf",Temperate Northern Pacific,Vancouver Island,BMSC28,Swiss Boy,48.92,-125.13,2023-05-18,11,RLS,6,10:27:00,,,0,2,Chordata,Teleostei,Perciformes,Sebastidae,Sebastes nigrocinctus,Sebastes nigrocinctus,30,1,,POINT (-125.12999725341797 48.91999816894531)
ep_m0_off_transect_sighting_public_data.fid-54e28aac_191fc324609_-7f7f,923402238,Canada,British Columbia,"Oregon, Washington, Vancouver Coast and Shelf",Temperate Northern Pacific,Vancouver Island,BMSC28,Swiss Boy,48.92,-125.13,2023-05-18,11,RLS,6,10:27:00,,,0,2,Mollusca,Gastropoda,Nudibranchia,Polyceridae,Triopha modesta,Triopha modesta,0,1,,POINT (-125.12999725341797 48.91999816894531)
ep_m0_off_transect_sighting_public_data.fid-54e28aac_191fc324609_-7f7e,923402238,Canada,British Columbia,"Oregon, Washington, Vancouver Coast and Shelf",Temperate Northern Pacific,Vancouver Island,BMSC28,Swiss Boy,48.92,-125.13,2023-05-18,11,RLS,6,10:27:00,,,0,1,Chordata,Actinopterygii,Perciformes,Hexagrammidae,Hexagrammos decagrammus,Hexagrammos decagrammus,25,2,464.3122,POINT (-125.12999725341797 48.91999816894531)
ep_m0_off_transect_sighting_public_data.fid-54e28aac_191fc324609_-7f7d,923402238,Canada,British Columbia,"Oregon, Washington, Vancouver Coast and Shelf",Temperate Northern Pacific,Vancouver Island,BMSC28,Swiss Boy,48.92,-125.13,2023-05-18,11,RLS,6,10:27:00,,,0,1,Chordata,Actinopterygii,Scorpaeniformes,Cottidae,Jordania zonope,Jordania zonope,2.5,5,1.1025,POINT (-125.12999725341797 48.91999816894531)
ep_m0_off_transect_sighting_public_data.fid-54e28aac_191fc324609_-7f7c,923402238,Canada,British Columbia,"Oregon, Washington, Vancouver Coast and Shelf",Temperate Northern Pacific,Vancouver Island,BMSC28,Swiss Boy,48.92,-125.13,2023-05-18,11,RLS,6,10:27:00,,,0,1,Chordata,Actinopterygii,Scorpaeniformes,Cottidae,Jordania zonope,Jordania zonope,5,2,3.8605,POINT (-125.12999725341797 48.91999816894531)
ep_m0_off_transect_sighting_public_data.fid-54e28aac_191fc324609_-7f7b,923402238,Canada,British Columbia,"Oregon, Washington, Vancouver Coast and Shelf",Temperate Northern Pacific,Vancouver Island,BMSC28,Swiss Boy,48.92,-125.13,2023-05-18,11,RLS,6,10:27:00,,,0,1,Chordata,Actinopterygii,Scorpaeniformes,Hexagrammidae,Oxylebius pictus,Oxylebius pictus,12.5,1,42.2005,POINT (-125.12999725341797 48.91999816894531)
ep_m0_off_transect_sighting_public_data.fid-54e28aac_191fc324609_-7f7a,923402238,Canada,British Columbia,"Oregon, Washington, Vancouver Coast and Shelf",Temperate Northern Pacific,Vancouver Island,BMSC28,Swiss Boy,48.92,-125.13,2023-05-18,11,RLS,6,10:27:00,,,0,1,Chordata,Actinopterygii,Scorpaeniformes,Sebastidae,Sebastes flavidus,Sebastes flavidus,12.5,1,41.9142,POINT (-125.12999725341797 48.91999816894531)
ep_m0_off_transect_sighting_public_data.fid-54e28aac_191fc324609_-7f79,923402238,Canada,British Columbia,"Oregon, Washington, Vancouver Coast and Shelf",Temperate Northern Pacific,Vancouver Island,BMSC28,Swiss Boy,48.92,-125.13,2023-05-18,11,RLS,6,10:27:00,,,0,1,Chordata,Actinopterygii,Scorpaeniformes,Sebastidae,Sebastes flavidus,Sebastes flavidus,20,1,162.7257,POINT (-125.12999725341797 48.91999816894531)
ep_m0_off_transect_sighting_public_data.fid-54e28aac_191fc324609_-7f78,923402238,Canada,British Columbia,"Oregon, Washington, Vancouver Coast and Shelf",Temperate Northern Pacific,Vancouver Island,BMSC28,Swiss Boy,48.92,-125.13,2023-05-18,11,RLS,6,10:27:00,,,0,1,Chordata,Actinopterygii,Scorpaeniformes,Sebastidae,Sebastes melanops,Sebastes melanops,20,1,162.7257,POINT (-125.12999725341797 48.91999816894531)
ep_m0_off_transect_sighting_public_data.fid-54e28aac_191fc324609_-7f77,923402238,Canada,British Columbia,"Oregon, Washington, Vancouver Coast and Shelf",Temperate Northern Pacific,Vancouver Island,BMSC28,Swiss Boy,48.92,-125.13,2023-05-18,11,RLS,6,10:27:00,,,0,1,Chordata,Actinopterygii,Scorpaeniformes,Sebastidae,Sebastes nebulosus,Sebastes nebulosus,20,1,162.7257,POINT (-125.12999725341797 48.91999816894531)
ep_m0_off_transect_sighting_public_data.fid-54e28aac_191fc324609_-7f76,923402238,Canada,British Columbia,"Oregon, Washington, Vancouver Coast and Shelf",Temperate Northern Pacific,Vancouver Island,BMSC28,Swiss Boy,48.92,-125.13,2023-05-18,11,RLS,6,10:27:00,,,0,1,Chordata,Actinopterygii,Scorpaeniformes,Sebastidae,Sebastes nebulosus,Sebastes nebulosus,25,2,500.8239,POINT (-125.12999725341797 48.91999816894531)
ep_m0_off_transect_sighting_public_data.fid-54e28aac_191fc324609_-7f75,923402239,Canada,British Columbia,"Oregon, Washington, Vancouver Coast and Shelf",Temperate Northern Pacific,Vancouver Island,BMSC28,Swiss Boy,48.92,-125.13,2023-05-18,7.5,RLS,6,10:30:00,,,0,2,Chordata,Actinopterygii,Scorpaeniformes,Sebastidae,Sebastes flavidus,Sebastes flavidus,15,20,1469.8372,POINT (-125.12999725341797 48.91999816894531)
ep_m0_off_transect_sighting_public_data.fid-54e28aac_191fc324609_-7f74,923402239,Canada,British Columbia,"Oregon, Washington, Vancouver Coast and Shelf",Temperate Northern Pacific,Vancouver Island,BMSC28,Swiss Boy,48.92,-125.13,2023-05-18,7.5,RLS,6,10:30:00,,,0,2,Chordata,Actinopterygii,Scorpaeniformes,Sebastidae,Sebastes flavidus,Sebastes flavidus,20,20,3254.514,POINT (-125.12999725341797 48.91999816894531)
ep_m0_off_transect_sighting_public_data.fid-54e28aac_191fc324609_-7f73,923402239,Canada,British Columbia,"Oregon, Washington, Vancouver Coast and Shelf",Temperate Northern Pacific,Vancouver Island,BMSC28,Swiss Boy,48.92,-125.13,2023-05-18,7.5,RLS,6,10:30:00,,,0,2,Chordata,Actinopterygii,Scorpaeniformes,Sebastidae,Sebastes flavidus,Sebastes flavidus,25,20,5008.239,POINT (-125.12999725341797 48.91999816894531)
ep_m0_off_transect_sighting_public_data.fid-54e28aac_191fc324609_-7f72,923402239,Canada,British Columbia,"Oregon, Washington, Vancouver Coast and Shelf",Temperate Northern Pacific,Vancouver Island,BMSC28,Swiss Boy,48.92,-125.13,2023-05-18,7.5,RLS,6,10:30:00,,,0,2,Chordata,Actinopterygii,Scorpaeniformes,Sebastidae,Sebastes melanops,Sebastes melanops,15,10,734.9186,POINT (-125.12999725341797 48.91999816894531)
ep_m0_off_transect_sighting_public_data.fid-54e28aac_191fc324609_-7f71,923402239,Canada,British Columbia,"Oregon, Washington, Vancouver Coast and Shelf",Temperate Northern Pacific,Vancouver Island,BMSC28,Swiss Boy,48.92,-125.13,2023-05-18,7.5,RLS,6,10:30:00,,,0,2,Chordata,Actinopterygii,Scorpaeniformes,Sebastidae,Sebastes melanops,Sebastes melanops,20,10,1627.257,POINT (-125.12999725341797 48.91999816894531)
ep_m0_off_transect_sighting_public_data.fid-54e28aac_191fc324609_-7f70,923402239,Canada,British Columbia,"Oregon, Washington, Vancouver Coast and Shelf",Temperate Northern Pacific,Vancouver Island,BMSC28,Swiss Boy,48.92,-125.13,2023-05-18,7.5,RLS,6,10:30:00,,,0,2,Chordata,Actinopterygii,Scorpaeniformes,Sebastidae,Sebastes melanops,Sebastes melanops,25,10,2504.1194,POINT (-125.12999725341797 48.91999816894531)
ep_m0_off_transect_sighting_public_data.fid-54e28aac_191fc324609_-7f6f,923402244,Canada,British Columbia,"Oregon, Washington, Vancouver Coast and Shelf",Temperate Northern Pacific,Vancouver Island,BMSC25,Goby Town,48.84,-125.14,2023-05-18,5.7,RLS,4,13:20:00,,,0,0,Arthropoda,Malacostraca,Decapoda,Lithodidae,Phyllolithodes papillosus,Phyllolithodes papillosus,0,1,,POINT (-125.13999938964844 48.84000015258789)
ep_m0_off_transect_sighting_public_data.fid-54e28aac_191fc324609_-7f6e,923402244,Canada,British Columbia,"Oregon, Washington, Vancouver Coast and Shelf",Temperate Northern Pacific,Vancouver Island,BMSC25,Goby Town,48.84,-125.14,2023-05-18,5.7,RLS,4,13:20:00,,,0,2,Chordata,Actinopterygii,Scorpaeniformes,Sebastidae,Sebastes nebulosus,Sebastes nebulosus,10,1,21.0804,POINT (-125.13999938964844 48.84000015258789)
ep_m0_off_transect_sighting_public_data.fid-54e28aac_191fc324609_-7f6d,923402244,Canada,British Columbia,"Oregon, Washington, Vancouver Coast and Shelf",Temperate Northern Pacific,Vancouver Island,BMSC25,Goby Town,48.84,-125.14,2023-05-18,5.7,RLS,4,13:20:00,,,0,2,Chordata,Actinopterygii,Scorpaeniformes,Sebastidae,Sebastes nebulosus,Sebastes nebulosus,12.5,1,41.9142,POINT (-125.13999938964844 48.84000015258789)
ep_m0_off_transect_sighting_public_data.fid-54e28aac_191fc324609_-7f6c,923402244,Canada,British Columbia,"Oregon, Washington, Vancouver Coast and Shelf",Temperate Northern Pacific,Vancouver Island,BMSC25,Goby Town,48.84,-125.14,2023-05-18,5.7,RLS,4,13:20:00,,,0,1,Chordata,Actinopterygii,Perciformes,Hexagrammidae,Hexagrammos decagrammus,Hexagrammos decagrammus,10,1,18.9254,POINT (-125.13999938964844 48.84000015258789)
ep_m0_off_transect_sighting_public_data.fid-54e28aac_191fc324609_-7f6b,923402244,Canada,British Columbia,"Oregon, Washington, Vancouver Coast and Shelf",Temperate Northern Pacific,Vancouver Island,BMSC25,Goby Town,48.84,-125.14,2023-05-18,5.7,RLS,4,13:20:00,,,0,1,Chordata,Actinopterygii,Scorpaeniformes,Hexagrammidae,Oxylebius pictus,Oxylebius pictus,12.5,1,42.2005,POINT (-125.13999938964844 48.84000015258789)
ep_m0_off_transect_sighting_public_data.fid-54e28aac_191fc324609_-7f6a,923402244,Canada,British Columbia,"Oregon, Washington, Vancouver Coast and Shelf",Temperate Northern Pacific,Vancouver Island,BMSC25,Goby Town,48.84,-125.14,2023-05-18,5.7,RLS,4,13:20:00,,,0,1,Chordata,Actinopterygii,Scorpaeniformes,Hexagrammidae,Oxylebius pictus,Oxylebius pictus,15,1,73.4563,POINT (-125.13999938964844 48.84000015258789)
ep_m0_off_transect_sighting_public_data.fid-54e28aac_191fc324609_-7f69,923402244,Canada,British Columbia,"Oregon, Washington, Vancouver Coast and Shelf",Temperate Northern Pacific,Vancouver Island,BMSC25,Goby Town,48.84,-125.14,2023-05-18,5.7,RLS,4,13:20:00,,,0,1,Chordata,Actinopterygii,Scorpaeniformes,Sebastidae,Sebastes caurinus,Sebastes caurinus,12.5,2,83.8284,POINT (-125.13999938964844 48.84000015258789)
ep_m0_off_transect_sighting_public_data.fid-54e28aac_191fc324609_-7f68,923402244,Canada,British Columbia,"Oregon, Washington, Vancouver Coast and Shelf",Temperate Northern Pacific,Vancouver Island,BMSC25,Goby Town,48.84,-125.14,2023-05-18,5.7,RLS,4,13:20:00,,,0,1,Chordata,Actinopterygii,Scorpaeniformes,Sebastidae,Sebastes flavidus,Sebastes flavidus,12.5,1,41.9142,POINT (-125.13999938964844 48.84000015258789)
ep_m0_off_transect_sighting_public_data.fid-54e28aac_191fc324609_-7f67,923402244,Canada,British Columbia,"Oregon, Washington, Vancouver Coast and Shelf",Temperate Northern Pacific,Vancouver Island,BMSC25,Goby Town,48.84,-125.14,2023-05-18,5.7,RLS,4,13:20:00,,,0,1,Echinodermata,Asteroidea,Forcipulatida,Pycnopodiidae,Pycnopodia helianthoides,Pycnopodia helianthoides,10,1,,POINT (-125.13999938964844 48.84000015258789)
ep_m0_off_transect_sighting_public_data.fid-54e28aac_191fc324609_-7f66,923402244,Canada,British Columbia,"Oregon, Washington, Vancouver Coast and Shelf",Temperate Northern Pacific,Vancouver Island,BMSC25,Goby Town,48.84,-125.14,2023-05-18,5.7,RLS,4,13:20:00,,,0,1,Mollusca,Gastropoda,,Fissurellidae,Diodora aspera,Diodora aspera,0,1,,POINT (-125.13999938964844 48.84000015258789)
ep_m0_off_transect_sighting_public_data.fid-54e28aac_191fc324609_-7f65,923402246,Canada,British Columbia,"Oregon, Washington, Vancouver Coast and Shelf",Temperate Northern Pacific,Vancouver Island,BMSC25,Goby Town,48.84,-125.14,2023-05-18,5.5,RLS,4,13:20:00,,,0,1,Chordata,Actinopterygii,Perciformes,Anarhichadidae,Anarrhichthys ocellatus,Anarrhichthys ocellatus,62.5,1,1507.1172,POINT (-125.13999938964844 48.84000015258789)
ep_m0_off_transect_sighting_public_data.fid-54e28aac_191fc324609_-7f64,923400144,Canada,British Columbia,"Oregon, Washington, Vancouver Coast and Shelf",Temperate Northern Pacific,Vancouver Island,BMSC9,Eagle Bay,48.83,-125.15,2021-04-30,6,RLS,3,10:30:00,,,0,0,Chordata,Actinopterygii,Scorpaeniformes,Hexagrammidae,Ophiodon elongatus,Ophiodon elongatus,30,1,164.6513,POINT (-125.1500015258789 48.83000183105469)
ep_m0_off_transect_sighting_public_data.fid-54e28aac_191fc324609_-7f63,923400144,Canada,British Columbia,"Oregon, Washington, Vancouver Coast and Shelf",Temperate Northern Pacific,Vancouver Island,BMSC9,Eagle Bay,48.83,-125.15,2021-04-30,6,RLS,3,10:30:00,,,0,0,Chordata,Actinopterygii,Scorpaeniformes,Sebastidae,Sebastes caurinus,Sebastes caurinus,10,2,42.1607,POINT (-125.1500015258789 48.83000183105469)
ep_m0_off_transect_sighting_public_data.fid-54e28aac_191fc324609_-7f62,923400144,Canada,British Columbia,"Oregon, Washington, Vancouver Coast and Shelf",Temperate Northern Pacific,Vancouver Island,BMSC9,Eagle Bay,48.83,-125.15,2021-04-30,6,RLS,3,10:30:00,,,0,0,Chordata,Actinopterygii,Scorpaeniformes,Sebastidae,Sebastes caurinus,Sebastes caurinus,12.5,3,125.7425,POINT (-125.1500015258789 48.83000183105469)
ep_m0_off_transect_sighting_public_data.fid-54e28aac_191fc324609_-7f61,923400144,Canada,British Columbia,"Oregon, Washington, Vancouver Coast and Shelf",Temperate Northern Pacific,Vancouver Island,BMSC9,Eagle Bay,48.83,-125.15,2021-04-30,6,RLS,3,10:30:00,,,0,0,Chordata,Actinopterygii,Scorpaeniformes,Sebastidae,Sebastes maliger,Sebastes maliger,25,2,500.8239,POINT (-125.1500015258789 48.83000183105469)
ep_m0_off_transect_sighting_public_data.fid-54e28aac_191fc324609_-7f60,923400144,Canada,British Columbia,"Oregon, Washington, Vancouver Coast and Shelf",Temperate Northern Pacific,Vancouver Island,BMSC9,Eagle Bay,48.83,-125.15,2021-04-30,6,RLS,3,10:30:00,,,0,0,Chordata,Actinopterygii,Scorpaeniformes,Sebastidae,Sebastes miniatus,Sebastes miniatus,15,1,73.4918,POINT (-125.1500015258789 48.83000183105469)
ep_m0_off_transect_sighting_public_data.fid-54e28aac_191fc324609_-7f5f,923400153,Canada,British Columbia,"Oregon, Washington, Vancouver Coast and Shelf",Temperate Northern Pacific,Vancouver Island,BMSC4,Kii xin,48.82,-125.18,2021-04-28,7.5,RLS,2,12:30:00,,,0,0,Mollusca,Polyplacophora,Ischnochitonida,Mopaliidae,Cryptochiton stelleri,Cryptochiton stelleri,0,2,,POINT (-125.18000030517578 48.81999969482422)
ep_m0_off_transect_sighting_public_data.fid-54e28aac_191fc324609_-7f5e,923401193,Canada,British Columbia,"Oregon, Washington, Vancouver Coast and Shelf",Temperate Northern Pacific,Vancouver Island,BMSC9,Eagle Bay,48.83,-125.15,2022-05-02,6.5,RLS,3,13:45:00,,,0,0,Chordata,Actinopterygii,Scorpaeniformes,Hexagrammidae,Ophiodon elongatus,Ophiodon elongatus,30,1,164.6513,POINT (-125.1500015258789 48.83000183105469)
ep_m0_off_transect_sighting_public_data.fid-54e28aac_191fc324609_-7f5d,923401193,Canada,British Columbia,"Oregon, Washington, Vancouver Coast and Shelf",Temperate Northern Pacific,Vancouver Island,BMSC9,Eagle Bay,48.83,-125.15,2022-05-02,6.5,RLS,3,13:45:00,,,0,0,Chordata,Actinopterygii,Scorpaeniformes,Hexagrammidae,Ophiodon elongatus,Ophiodon elongatus,40,1,296.3178,POINT (-125.1500015258789 48.83000183105469)
ep_m0_off_transect_sighting_public_data.fid-54e28aac_191fc324609_-7f5c,923401193,Canada,British Columbia,"Oregon, Washington, Vancouver Coast and Shelf",Temperate Northern Pacific,Vancouver Island,BMSC9,Eagle Bay,48.83,-125.15,2022-05-02,6.5,RLS,3,13:45:00,,,0,0,Chordata,Actinopterygii,Scorpaeniformes,Sebastidae,Sebastes maliger,Sebastes maliger,15,1,73.4918,POINT (-125.1500015258789 48.83000183105469)
ep_m0_off_transect_sighting_public_data.fid-54e28aac_191fc324609_-7f5b,923401193,Canada,British Columbia,"Oregon, Washington, Vancouver Coast and Shelf",Temperate Northern Pacific,Vancouver Island,BMSC9,Eagle Bay,48.83,-125.15,2022-05-02,6.5,RLS,3,13:45:00,,,0,2,Chordata,Actinopterygii,Scorpaeniformes,Hexagrammidae,Oxylebius pictus,Oxylebius pictus,12.5,2,84.4011,POINT (-125.1500015258789 48.83000183105469)
ep_m0_off_transect_sighting_public_data.fid-54e28aac_191fc324609_-7f5a,923401193,Canada,British Columbia,"Oregon, Washington, Vancouver Coast and Shelf",Temperate Northern Pacific,Vancouver Island,BMSC9,Eagle Bay,48.83,-125.15,2022-05-02,6.5,RLS,3,13:45:00,,,0,2,Chordata,Actinopterygii,Scorpaeniformes,Sebastidae,Sebastes caurinus,Sebastes caurinus,15,5,367.4593,POINT (-125.1500015258789 48.83000183105469)
ep_m0_off_transect_sighting_public_data.fid-54e28aac_191fc324609_-7f59,923401193,Canada,British Columbia,"Oregon, Washington, Vancouver Coast and Shelf",Temperate Northern Pacific,Vancouver Island,BMSC9,Eagle Bay,48.83,-125.15,2022-05-02,6.5,RLS,3,13:45:00,,,0,2,Chordata,Actinopterygii,Scorpaeniformes,Sebastidae,Sebastes nebulosus,Sebastes nebulosus,7.5,1,8.6909,POINT (-125.1500015258789 48.83000183105469)
ep_m0_off_transect_sighting_public_data.fid-54e28aac_191fc324609_-7f58,923401193,Canada,British Columbia,"Oregon, Washington, Vancouver Coast and Shelf",Temperate Northern Pacific,Vancouver Island,BMSC9,Eagle Bay,48.83,-125.15,2022-05-02,6.5,RLS,3,13:45:00,,,0,0,Chordata,Actinopteri,Perciformes,Rhamphocottidae,Rhamphocottus richardsonii,Rhamphocottus richardsonii,5,1,2.3205,POINT (-125.1500015258789 48.83000183105469)
ep_m0_off_transect_sighting_public_data.fid-54e28aac_191fc324609_-7f57,923401193,Canada,British Columbia,"Oregon, Washington, Vancouver Coast and Shelf",Temperate Northern Pacific,Vancouver Island,BMSC9,Eagle Bay,48.83,-125.15,2022-05-02,6.5,RLS,3,13:45:00,,,0,0,Chordata,Actinopterygii,Perciformes,Pholidae,Pholis laeta,Pholis laeta,15,1,16.2763,POINT (-125.1500015258789 48.83000183105469)
ep_m0_off_transect_sighting_public_data.fid-54e28aac_191fc324609_-7f56,923401193,Canada,British Columbia,"Oregon, Washington, Vancouver Coast and Shelf",Temperate Northern Pacific,Vancouver Island,BMSC9,Eagle Bay,48.83,-125.15,2022-05-02,6.5,RLS,3,13:45:00,,,0,1,Chordata,Actinopterygii,Scorpaeniformes,Hexagrammidae,Oxylebius pictus,Oxylebius pictus,7.5,1,8.931,POINT (-125.1500015258789 48.83000183105469)
ep_m0_off_transect_sighting_public_data.fid-54e28aac_191fc324609_-7f55,923401193,Canada,British Columbia,"Oregon, Washington, Vancouver Coast and Shelf",Temperate Northern Pacific,Vancouver Island,BMSC9,Eagle Bay,48.83,-125.15,2022-05-02,6.5,RLS,3,13:45:00,,,0,1,Chordata,Actinopterygii,Scorpaeniformes,Hexagrammidae,Oxylebius pictus,Oxylebius pictus,12.5,1,42.2005,POINT (-125.1500015258789 48.83000183105469)
ep_m0_off_transect_sighting_public_data.fid-54e28aac_191fc324609_-7f54,923401193,Canada,British Columbia,"Oregon, Washington, Vancouver Coast and Shelf",Temperate Northern Pacific,Vancouver Island,BMSC9,Eagle Bay,48.83,-125.15,2022-05-02,6.5,RLS,3,13:45:00,,,0,1,Chordata,Actinopterygii,Scorpaeniformes,Hexagrammidae,Oxylebius pictus,Oxylebius pictus,15,1,73.4563,POINT (-125.1500015258789 48.83000183105469)
ep_m0_off_transect_sighting_public_data.fid-54e28aac_191fc324609_-7f53,923401193,Canada,British Columbia,"Oregon, Washington, Vancouver Coast and Shelf",Temperate Northern Pacific,Vancouver Island,BMSC9,Eagle Bay,48.83,-125.15,2022-05-02,6.5,RLS,3,13:45:00,,,0,1,Chordata,Actinopterygii,Scorpaeniformes,Sebastidae,Sebastes caurinus,Sebastes caurinus,10,3,63.2411,POINT (-125.1500015258789 48.83000183105469)
ep_m0_off_transect_sighting_public_data.fid-54e28aac_191fc324609_-7f52,923401193,Canada,British Columbia,"Oregon, Washington, Vancouver Coast and Shelf",Temperate Northern Pacific,Vancouver Island,BMSC9,Eagle Bay,48.83,-125.15,2022-05-02,6.5,RLS,3,13:45:00,,,0,1,Chordata,Actinopterygii,Scorpaeniformes,Sebastidae,Sebastes caurinus,Sebastes caurinus,12.5,3,125.7425,POINT (-125.1500015258789 48.83000183105469)
ep_m0_off_transect_sighting_public_data.fid-54e28aac_191fc324609_-7f51,923401193,Canada,British Columbia,"Oregon, Washington, Vancouver Coast and Shelf",Temperate Northern Pacific,Vancouver Island,BMSC9,Eagle Bay,48.83,-125.15,2022-05-02,6.5,RLS,3,13:45:00,,,0,1,Chordata,Actinopterygii,Scorpaeniformes,Sebastidae,Sebastes caurinus,Sebastes caurinus,15,2,146.9837,POINT (-125.1500015258789 48.83000183105469)
ep_m0_off_transect_sighting_public_data.fid-54e28aac_191fc324609_-7f50,923401193,Canada,British Columbia,"Oregon, Washington, Vancouver Coast and Shelf",Temperate Northern Pacific,Vancouver Island,BMSC9,Eagle Bay,48.83,-125.15,2022-05-02,6.5,RLS,3,13:45:00,,,0,1,Chordata,Actinopterygii,Scorpaeniformes,Sebastidae,Sebastes melanops,Sebastes melanops,12.5,1,41.9142,POINT (-125.1500015258789 48.83000183105469)
ep_m0_off_transect_sighting_public_data.fid-54e28aac_191fc324609_-7f4f,923401193,Canada,British Columbia,"Oregon, Washington, Vancouver Coast and Shelf",Temperate Northern Pacific,Vancouver Island,BMSC9,Eagle Bay,48.83,-125.15,2022-05-02,6.5,RLS,3,13:45:00,,,0,1,Chordata,Actinopterygii,Scorpaeniformes,Sebastidae,Sebastes melanops,Sebastes melanops,20,1,162.7257,POINT (-125.1500015258789 48.83000183105469)
ep_m0_off_transect_sighting_public_data.fid-54e28aac_191fc324609_-7f4e,923401193,Canada,British Columbia,"Oregon, Washington, Vancouver Coast and Shelf",Temperate Northern Pacific,Vancouver Island,BMSC9,Eagle Bay,48.83,-125.15,2022-05-02,6.5,RLS,3,13:45:00,,,0,1,Chordata,Actinopterygii,Scorpaeniformes,Sebastidae,Sebastes melanops,Sebastes melanops,25,1,250.4119,POINT (-125.1500015258789 48.83000183105469)
ep_m0_off_transect_sighting_public_data.fid-54e28aac_191fc324609_-7f4d,923401193,Canada,British Columbia,"Oregon, Washington, Vancouver Coast and Shelf",Temperate Northern Pacific,Vancouver Island,BMSC9,Eagle Bay,48.83,-125.15,2022-05-02,6.5,RLS,3,13:45:00,,,0,1,Chordata,Actinopterygii,Scorpaeniformes,Sebastidae,Sebastes spp.,Sebastes spp.,12.5,1,47.925,POINT (-125.1500015258789 48.83000183105469)
ep_m0_off_transect_sighting_public_data.fid-54e28aac_191fc324609_-7f4c,923402230,Canada,British Columbia,"Oregon, Washington, Vancouver Coast and Shelf",Temperate Northern Pacific,Vancouver Island,BMSC4,Kii xin,48.82,-125.18,2023-05-12,8.5,RLS,2,10:07:00,,,0,0,Chordata,Actinopterygii,Perciformes,Gobiidae,Rhinogobiops nicholsii,Rhinogobiops nicholsii,0,2,,POINT (-125.18000030517578 48.81999969482422)
ep_m0_off_transect_sighting_public_data.fid-54e28aac_191fc324609_-7f4b,923402230,Canada,British Columbia,"Oregon, Washington, Vancouver Coast and Shelf",Temperate Northern Pacific,Vancouver Island,BMSC4,Kii xin,48.82,-125.18,2023-05-12,8.5,RLS,2,10:07:00,,,0,0,Mollusca,Gastropoda,Nudibranchia,Dironidae,Dirona albolineata,Dirona albolineata,0,1,,POINT (-125.18000030517578 48.81999969482422)
ep_m0_off_transect_sighting_public_data.fid-54e28aac_191fc324609_-7f4a,923402230,Canada,British Columbia,"Oregon, Washington, Vancouver Coast and Shelf",Temperate Northern Pacific,Vancouver Island,BMSC4,Kii xin,48.82,-125.18,2023-05-12,8.5,RLS,2,10:07:00,,,0,0,Mollusca,Gastropoda,Nudibranchia,Facelinidae,Hermissenda crassicornis,Hermissenda crassicornis,0,1,,POINT (-125.18000030517578 48.81999969482422)
ep_m0_off_transect_sighting_public_data.fid-54e28aac_191fc324609_-7f49,923402230,Canada,British Columbia,"Oregon, Washington, Vancouver Coast and Shelf",Temperate Northern Pacific,Vancouver Island,BMSC4,Kii xin,48.82,-125.18,2023-05-12,8.5,RLS,2,10:07:00,,,0,0,Mollusca,Gastropoda,,Acmaeidae,Acmaea mitra,Acmaea mitra,0,1,,POINT (-125.18000030517578 48.81999969482422)
ep_m0_off_transect_sighting_public_data.fid-54e28aac_191fc324609_-7f48,923402230,Canada,British Columbia,"Oregon, Washington, Vancouver Coast and Shelf",Temperate Northern Pacific,Vancouver Island,BMSC4,Kii xin,48.82,-125.18,2023-05-12,8.5,RLS,2,10:07:00,,,0,0,Chordata,Mammalia,Carnivora,Otariidae,Eumetopias jubatus,Eumetopias jubatus,0,1,,POINT (-125.18000030517578 48.81999969482422)
ep_m0_off_transect_sighting_public_data.fid-54e28aac_191fc324609_-7f47,923402230,Canada,British Columbia,"Oregon, Washington, Vancouver Coast and Shelf",Temperate Northern Pacific,Vancouver Island,BMSC4,Kii xin,48.82,-125.18,2023-05-12,8.5,RLS,2,10:07:00,,,0,1,Echinodermata,Asteroidea,Forcipulatida,Asteriidae,Pisaster ochraceus,Pisaster ochraceus,0,1,,POINT (-125.18000030517578 48.81999969482422)
ep_m0_off_transect_sighting_public_data.fid-54e28aac_191fc324609_-7f46,923402233,Canada,British Columbia,"Oregon, Washington, Vancouver Coast and Shelf",Temperate Northern Pacific,Vancouver Island,BMSC9,Eagle Bay,48.83,-125.15,2023-05-11,6,RLS,2,09:38:00,,,0,0,Chordata,Actinopterygii,Scorpaeniformes,Cottidae,Jordania zonope,Jordania zonope,2.5,1,0.2205,POINT (-125.1500015258789 48.83000183105469)
ep_m0_off_transect_sighting_public_data.fid-54e28aac_191fc324609_-7f45,923402233,Canada,British Columbia,"Oregon, Washington, Vancouver Coast and Shelf",Temperate Northern Pacific,Vancouver Island,BMSC9,Eagle Bay,48.83,-125.15,2023-05-11,6,RLS,2,09:38:00,,,0,0,Chordata,Actinopterygii,Scorpaeniformes,Cottidae,Jordania zonope,Jordania zonope,5,1,1.9303,POINT (-125.1500015258789 48.83000183105469)
ep_m0_off_transect_sighting_public_data.fid-54e28aac_191fc324609_-7f44,923402233,Canada,British Columbia,"Oregon, Washington, Vancouver Coast and Shelf",Temperate Northern Pacific,Vancouver Island,BMSC9,Eagle Bay,48.83,-125.15,2023-05-11,6,RLS,2,09:38:00,,,0,0,Chordata,Actinopterygii,Scorpaeniformes,Sebastidae,Sebastes maliger,Sebastes maliger,0,1,,POINT (-125.1500015258789 48.83000183105469)
ep_m0_off_transect_sighting_public_data.fid-54e28aac_191fc324609_-7f43,923402233,Canada,British Columbia,"Oregon, Washington, Vancouver Coast and Shelf",Temperate Northern Pacific,Vancouver Island,BMSC9,Eagle Bay,48.83,-125.15,2023-05-11,6,RLS,2,09:38:00,,,0,0,Chordata,Actinopterygii,Scorpaeniformes,Sebastidae,Sebastes nebulosus,Sebastes nebulosus,15,1,73.4918,POINT (-125.1500015258789 48.83000183105469)
ep_m0_off_transect_sighting_public_data.fid-54e28aac_191fc324609_-7f42,923402233,Canada,British Columbia,"Oregon, Washington, Vancouver Coast and Shelf",Temperate Northern Pacific,Vancouver Island,BMSC9,Eagle Bay,48.83,-125.15,2023-05-11,6,RLS,2,09:38:00,,,0,0,Chordata,Actinopterygii,Scorpaeniformes,Sebastidae,Sebastes spp.,Sebastes spp.,7.5,1,10.3518,POINT (-125.1500015258789 48.83000183105469)
ep_m0_off_transect_sighting_public_data.fid-54e28aac_191fc324609_-7f41,923402233,Canada,British Columbia,"Oregon, Washington, Vancouver Coast and Shelf",Temperate Northern Pacific,Vancouver Island,BMSC9,Eagle Bay,48.83,-125.15,2023-05-11,6,RLS,2,09:38:00,,,0,0,Mollusca,Gastropoda,Nudibranchia,Discodorididae,Montereina nobilis,Montereina nobilis,0,1,,POINT (-125.1500015258789 48.83000183105469)
ep_m0_off_transect_sighting_public_data.fid-54e28aac_191fc324609_-7f40,923402233,Canada,British Columbia,"Oregon, Washington, Vancouver Coast and Shelf",Temperate Northern Pacific,Vancouver Island,BMSC9,Eagle Bay,48.83,-125.15,2023-05-11,6,RLS,2,09:38:00,,,0,2,Chordata,Actinopterygii,Scorpaeniformes,Hexagrammidae,Ophiodon elongatus,Ophiodon elongatus,40,1,296.3178,POINT (-125.1500015258789 48.83000183105469)
ep_m0_off_transect_sighting_public_data.fid-54e28aac_191fc324609_-7f3f,923402233,Canada,British Columbia,"Oregon, Washington, Vancouver Coast and Shelf",Temperate Northern Pacific,Vancouver Island,BMSC9,Eagle Bay,48.83,-125.15,2023-05-11,6,RLS,2,09:38:00,,,0,2,Chordata,Actinopterygii,Scorpaeniformes,Sebastidae,Sebastes melanops,Sebastes melanops,12.5,4,167.6567,POINT (-125.1500015258789 48.83000183105469)
ep_m0_off_transect_sighting_public_data.fid-54e28aac_191fc324609_-7f3e,923402233,Canada,British Columbia,"Oregon, Washington, Vancouver Coast and Shelf",Temperate Northern Pacific,Vancouver Island,BMSC9,Eagle Bay,48.83,-125.15,2023-05-11,6,RLS,2,09:38:00,,,0,1,Chordata,Actinopterygii,Scorpaeniformes,Hexagrammidae,Ophiodon elongatus,Ophiodon elongatus,40,1,296.3178,POINT (-125.1500015258789 48.83000183105469)
ep_m0_off_transect_sighting_public_data.fid-54e28aac_191fc324609_-7f3d,923402233,Canada,British Columbia,"Oregon, Washington, Vancouver Coast and Shelf",Temperate Northern Pacific,Vancouver Island,BMSC9,Eagle Bay,48.83,-125.15,2023-05-11,6,RLS,2,09:38:00,,,0,1,Chordata,Actinopterygii,Scorpaeniformes,Sebastidae,Sebastes caurinus,Sebastes caurinus,15,1,73.4918,POINT (-125.1500015258789 48.83000183105469)
ep_m0_off_transect_sighting_public_data.fid-54e28aac_191fc324609_-7f3c,923402233,Canada,British Columbia,"Oregon, Washington, Vancouver Coast and Shelf",Temperate Northern Pacific,Vancouver Island,BMSC9,Eagle Bay,48.83,-125.15,2023-05-11,6,RLS,2,09:38:00,,,0,1,Chordata,Actinopterygii,Scorpaeniformes,Sebastidae,Sebastes flavidus,Sebastes flavidus,10,1,21.0804,POINT (-125.1500015258789 48.83000183105469)
ep_m0_off_transect_sighting_public_data.fid-54e28aac_191fc324609_-7f3b,923402233,Canada,British Columbia,"Oregon, Washington, Vancouver Coast and Shelf",Temperate Northern Pacific,Vancouver Island,BMSC9,Eagle Bay,48.83,-125.15,2023-05-11,6,RLS,2,09:38:00,,,0,1,Chordata,Actinopterygii,Scorpaeniformes,Sebastidae,Sebastes maliger,Sebastes maliger,15,1,73.4918,POINT (-125.1500015258789 48.83000183105469)
ep_m0_off_transect_sighting_public_data.fid-54e28aac_191fc324609_-7f3a,923402233,Canada,British Columbia,"Oregon, Washington, Vancouver Coast and Shelf",Temperate Northern Pacific,Vancouver Island,BMSC9,Eagle Bay,48.83,-125.15,2023-05-11,6,RLS,2,09:38:00,,,0,1,Chordata,Actinopterygii,Scorpaeniformes,Sebastidae,Sebastes nebulosus,Sebastes nebulosus,7.5,1,8.6909,POINT (-125.1500015258789 48.83000183105469)
ep_m0_off_transect_sighting_public_data.fid-54e28aac_191fc324609_-7f39,923402370,Canada,British Columbia,"Oregon, Washington, Vancouver Coast and Shelf",Temperate Northern Pacific,Vancouver Island,KCCA13,Second Beach South,48.82,-125.18,2023-06-07,4.9,RLS,2,09:44:00,,,0,2,,,,,Debris - Zero,,0,1,,POINT (-125.18000030517578 48.81999969482422)
ep_m0_off_transect_sighting_public_data.fid-54e28aac_191fc324609_-7f38,923402370,Canada,British Columbia,"Oregon, Washington, Vancouver Coast and Shelf",Temperate Northern Pacific,Vancouver Island,KCCA13,Second Beach South,48.82,-125.18,2023-06-07,4.9,RLS,2,09:44:00,,,0,1,Chordata,Actinopteri,Perciformes,Cottidae,Enophrys bison,Enophrys bison,25,1,229.8789,POINT (-125.18000030517578 48.81999969482422)
ep_m0_off_transect_sighting_public_data.fid-54e28aac_191fc324609_-7f37,923402370,Canada,British Columbia,"Oregon, Washington, Vancouver Coast and Shelf",Temperate Northern Pacific,Vancouver Island,KCCA13,Second Beach South,48.82,-125.18,2023-06-07,4.9,RLS,2,09:44:00,,,0,1,Chordata,Actinopterygii,Scorpaeniformes,Hexagrammidae,Ophiodon elongatus,Ophiodon elongatus,62.5,1,1202.7167,POINT (-125.18000030517578 48.81999969482422)
ep_m0_off_transect_sighting_public_data.fid-54e28aac_191fc324609_-7f36,923402370,Canada,British Columbia,"Oregon, Washington, Vancouver Coast and Shelf",Temperate Northern Pacific,Vancouver Island,KCCA13,Second Beach South,48.82,-125.18,2023-06-07,4.9,RLS,2,09:44:00,,,0,1,Chordata,Actinopterygii,Scorpaeniformes,Sebastidae,Sebastes melanops,Sebastes melanops,30,1,369.1905,POINT (-125.18000030517578 48.81999969482422)
ep_m0_off_transect_sighting_public_data.fid-54e28aac_191fc324609_-7f35,923402370,Canada,British Columbia,"Oregon, Washington, Vancouver Coast and Shelf",Temperate Northern Pacific,Vancouver Island,KCCA13,Second Beach South,48.82,-125.18,2023-06-07,4.9,RLS,2,09:44:00,,,0,1,Chordata,Teleostei,Clupeiformes,Clupeidae,Clupea pallasii,Clupea pallasii,5,50,,POINT (-125.18000030517578 48.81999969482422)
ep_m0_off_transect_sighting_public_data.fid-54e28aac_191fc324609_-7f34,923402370,Canada,British Columbia,"Oregon, Washington, Vancouver Coast and Shelf",Temperate Northern Pacific,Vancouver Island,KCCA13,Second Beach South,48.82,-125.18,2023-06-07,4.9,RLS,2,09:44:00,,,0,1,Chordata,Teleostei,Clupeiformes,Clupeidae,Clupea pallasii,Clupea pallasii,7.5,150,,POINT (-125.18000030517578 48.81999969482422)
ep_m0_off_transect_sighting_public_data.fid-54e28aac_191fc324609_-7f33,923402370,Canada,British Columbia,"Oregon, Washington, Vancouver Coast and Shelf",Temperate Northern Pacific,Vancouver Island,KCCA13,Second Beach South,48.82,-125.18,2023-06-07,4.9,RLS,2,09:44:00,,,0,1,,,,,Debris - Zero,,0,1,,POINT (-125.18000030517578 48.81999969482422)
ep_m0_off_transect_sighting_public_data.fid-54e28aac_191fc324609_-7f32,923400139,Canada,British Columbia,"Oregon, Washington, Vancouver Coast and Shelf",Temperate Northern Pacific,Vancouver Island,BMSC13,Effingham West,48.87,-125.31,2021-05-04,4.8,RLS,4,10:30:00,,,0,0,Arthropoda,Malacostraca,Decapoda,Cancridae,Romaleon antennarium,Romaleon antennarium,0,1,,POINT (-125.30999755859375 48.869998931884766)
ep_m0_off_transect_sighting_public_data.fid-54e28aac_191fc324609_-7f31,923400139,Canada,British Columbia,"Oregon, Washington, Vancouver Coast and Shelf",Temperate Northern Pacific,Vancouver Island,BMSC13,Effingham West,48.87,-125.31,2021-05-04,4.8,RLS,4,10:30:00,,,0,0,Arthropoda,Malacostraca,Decapoda,Oregoniidae,Oregonia gracilis,Oregonia gracilis,0,1,,POINT (-125.30999755859375 48.869998931884766)
ep_m0_off_transect_sighting_public_data.fid-54e28aac_191fc324609_-7f30,923400139,Canada,British Columbia,"Oregon, Washington, Vancouver Coast and Shelf",Temperate Northern Pacific,Vancouver Island,BMSC13,Effingham West,48.87,-125.31,2021-05-04,4.8,RLS,4,10:30:00,,,0,0,Chordata,Actinopterygii,Perciformes,Embiotocidae,Embiotoca lateralis,Embiotoca lateralis,10,1,35.41,POINT (-125.30999755859375 48.869998931884766)
ep_m0_off_transect_sighting_public_data.fid-54e28aac_191fc324609_-7f2f,923400139,Canada,British Columbia,"Oregon, Washington, Vancouver Coast and Shelf",Temperate Northern Pacific,Vancouver Island,BMSC13,Effingham West,48.87,-125.31,2021-05-04,4.8,RLS,4,10:30:00,,,0,0,Chordata,Actinopterygii,Scorpaeniformes,Hexagrammidae,Hexagrammos stelleri,Hexagrammos stelleri,12.5,1,36.0121,POINT (-125.30999755859375 48.869998931884766)
ep_m0_off_transect_sighting_public_data.fid-54e28aac_191fc324609_-7f2e,923400139,Canada,British Columbia,"Oregon, Washington, Vancouver Coast and Shelf",Temperate Northern Pacific,Vancouver Island,BMSC13,Effingham West,48.87,-125.31,2021-05-04,4.8,RLS,4,10:30:00,,,0,0,Chordata,Actinopterygii,Scorpaeniformes,Hexagrammidae,Oxylebius pictus,Oxylebius pictus,12.5,1,42.2005,POINT (-125.30999755859375 48.869998931884766)
ep_m0_off_transect_sighting_public_data.fid-54e28aac_191fc324609_-7f2d,923400139,Canada,British Columbia,"Oregon, Washington, Vancouver Coast and Shelf",Temperate Northern Pacific,Vancouver Island,BMSC13,Effingham West,48.87,-125.31,2021-05-04,4.8,RLS,4,10:30:00,,,0,0,Chordata,Actinopterygii,Scorpaeniformes,Sebastidae,Sebastes caurinus,Sebastes caurinus,20,1,162.7257,POINT (-125.30999755859375 48.869998931884766)
ep_m0_off_transect_sighting_public_data.fid-54e28aac_191fc324609_-7f2c,923400139,Canada,British Columbia,"Oregon, Washington, Vancouver Coast and Shelf",Temperate Northern Pacific,Vancouver Island,BMSC13,Effingham West,48.87,-125.31,2021-05-04,4.8,RLS,4,10:30:00,,,0,0,Echinodermata,Echinoidea,Camarodonta,Strongylocentrotidae,Strongylocentrotus droebachiensis,Strongylocentrotus droebachiensis,0,1,,POINT (-125.30999755859375 48.869998931884766)
ep_m0_off_transect_sighting_public_data.fid-54e28aac_191fc324609_-7f2b,923400139,Canada,British Columbia,"Oregon, Washington, Vancouver Coast and Shelf",Temperate Northern Pacific,Vancouver Island,BMSC13,Effingham West,48.87,-125.31,2021-05-04,4.8,RLS,4,10:30:00,,,0,0,Echinodermata,Echinoidea,Camarodonta,Strongylocentrotidae,Strongylocentrotus purpuratus,Strongylocentrotus purpuratus,0,1,,POINT (-125.30999755859375 48.869998931884766)
ep_m0_off_transect_sighting_public_data.fid-54e28aac_191fc324609_-7f2a,923400139,Canada,British Columbia,"Oregon, Washington, Vancouver Coast and Shelf",Temperate Northern Pacific,Vancouver Island,BMSC13,Effingham West,48.87,-125.31,2021-05-04,4.8,RLS,4,10:30:00,,,0,0,Mollusca,Gastropoda,Nudibranchia,Discodorididae,Diaulula sandiegensis,Diaulula sandiegensis,0,1,,POINT (-125.30999755859375 48.869998931884766)
ep_m0_off_transect_sighting_public_data.fid-54e28aac_191fc324609_-7f29,923400139,Canada,British Columbia,"Oregon, Washington, Vancouver Coast and Shelf",Temperate Northern Pacific,Vancouver Island,BMSC13,Effingham West,48.87,-125.31,2021-05-04,4.8,RLS,4,10:30:00,,,0,1,Chordata,Actinopterygii,Scorpaeniformes,Hexagrammidae,Hexagrammos stelleri,Hexagrammos stelleri,10,1,17.7915,POINT (-125.30999755859375 48.869998931884766)
ep_m0_off_transect_sighting_public_data.fid-54e28aac_191fc324609_-7f28,923400139,Canada,British Columbia,"Oregon, Washington, Vancouver Coast and Shelf",Temperate Northern Pacific,Vancouver Island,BMSC13,Effingham West,48.87,-125.31,2021-05-04,4.8,RLS,4,10:30:00,,,0,1,Chordata,Actinopterygii,Scorpaeniformes,Sebastidae,Sebastes caurinus,Sebastes caurinus,10,1,21.0804,POINT (-125.30999755859375 48.869998931884766)
ep_m0_off_transect_sighting_public_data.fid-54e28aac_191fc324609_-7f27,923400158,Canada,British Columbia,"Oregon, Washington, Vancouver Coast and Shelf",Temperate Northern Pacific,Vancouver Island,BMSC15,Raymond Kelp Rock,48.88,-125.31,2021-05-04,7,RLS,2,14:30:00,,,0,1,Arthropoda,Malacostraca,Decapoda,Epialtidae,Pugettia producta,Pugettia producta,0,1,,POINT (-125.30999755859375 48.880001068115234)
ep_m0_off_transect_sighting_public_data.fid-54e28aac_191fc324609_-7f26,923400158,Canada,British Columbia,"Oregon, Washington, Vancouver Coast and Shelf",Temperate Northern Pacific,Vancouver Island,BMSC15,Raymond Kelp Rock,48.88,-125.31,2021-05-04,7,RLS,2,14:30:00,,,0,1,Arthropoda,Malacostraca,Decapoda,Epialtidae,Scyra acutifrons,Scyra acutifrons,0,1,,POINT (-125.30999755859375 48.880001068115234)
ep_m0_off_transect_sighting_public_data.fid-54e28aac_191fc324609_-7f25,923400158,Canada,British Columbia,"Oregon, Washington, Vancouver Coast and Shelf",Temperate Northern Pacific,Vancouver Island,BMSC15,Raymond Kelp Rock,48.88,-125.31,2021-05-04,7,RLS,2,14:30:00,,,0,1,Mollusca,Gastropoda,Littorinimorpha,Naticidae,Neverita lewisii,Neverita lewisii,0,1,,POINT (-125.30999755859375 48.880001068115234)
ep_m0_off_transect_sighting_public_data.fid-54e28aac_191fc324609_-7f24,923400158,Canada,British Columbia,"Oregon, Washington, Vancouver Coast and Shelf",Temperate Northern Pacific,Vancouver Island,BMSC15,Raymond Kelp Rock,48.88,-125.31,2021-05-04,7,RLS,2,14:30:00,,,0,1,Mollusca,Gastropoda,Nudibranchia,Facelinidae,Hermissenda crassicornis,Hermissenda crassicornis,0,1,,POINT (-125.30999755859375 48.880001068115234)
ep_m0_off_transect_sighting_public_data.fid-54e28aac_191fc324609_-7f23,923400158,Canada,British Columbia,"Oregon, Washington, Vancouver Coast and Shelf",Temperate Northern Pacific,Vancouver Island,BMSC15,Raymond Kelp Rock,48.88,-125.31,2021-05-04,7,RLS,2,14:30:00,,,0,2,Chordata,Actinopteri,Perciformes,Pholidae,Pholis spp.,Pholis ,12.5,1,,POINT (-125.30999755859375 48.880001068115234)
ep_m0_off_transect_sighting_public_data.fid-54e28aac_191fc324609_-7f22,923400158,Canada,British Columbia,"Oregon, Washington, Vancouver Coast and Shelf",Temperate Northern Pacific,Vancouver Island,BMSC15,Raymond Kelp Rock,48.88,-125.31,2021-05-04,7,RLS,2,14:30:00,,,0,2,Chordata,Actinopterygii,Scorpaeniformes,Sebastidae,Sebastes caurinus,Sebastes caurinus,25,1,250.4119,POINT (-125.30999755859375 48.880001068115234)
ep_m0_off_transect_sighting_public_data.fid-54e28aac_191fc324609_-7f21,923400158,Canada,British Columbia,"Oregon, Washington, Vancouver Coast and Shelf",Temperate Northern Pacific,Vancouver Island,BMSC15,Raymond Kelp Rock,48.88,-125.31,2021-05-04,7,RLS,2,14:30:00,,,0,2,Echinodermata,Asteroidea,Forcipulatida,Asteriidae,Stylasterias forreri,Stylasterias forreri,0,1,,POINT (-125.30999755859375 48.880001068115234)
ep_m0_off_transect_sighting_public_data.fid-54e28aac_191fc324609_-7f20,923400158,Canada,British Columbia,"Oregon, Washington, Vancouver Coast and Shelf",Temperate Northern Pacific,Vancouver Island,BMSC15,Raymond Kelp Rock,48.88,-125.31,2021-05-04,7,RLS,2,14:30:00,,,0,2,Mollusca,Gastropoda,Nudibranchia,Dironidae,Dirona pellucida,Dirona pellucida,0,1,,POINT (-125.30999755859375 48.880001068115234)
ep_m0_off_transect_sighting_public_data.fid-54e28aac_191fc324609_-7f1f,923401182,Canada,British Columbia,"Oregon, Washington, Vancouver Coast and Shelf",Temperate Northern Pacific,Vancouver Island,BMSC13,Effingham West,48.87,-125.31,2022-04-26,4.5,RLS,2,10:20:00,,,0,0,Chordata,Actinopterygii,Scorpaeniformes,Sebastidae,Sebastes nebulosus,Sebastes nebulosus,5,1,2.4929,POINT (-125.30999755859375 48.869998931884766)
ep_m0_off_transect_sighting_public_data.fid-54e28aac_191fc324609_-7f1e,923401182,Canada,British Columbia,"Oregon, Washington, Vancouver Coast and Shelf",Temperate Northern Pacific,Vancouver Island,BMSC13,Effingham West,48.87,-125.31,2022-04-26,4.5,RLS,2,10:20:00,,,0,0,Echinodermata,Asteroidea,Forcipulatida,Asteriidae,Pisaster ochraceus,Pisaster ochraceus,0,1,,POINT (-125.30999755859375 48.869998931884766)
ep_m0_off_transect_sighting_public_data.fid-54e28aac_191fc324609_-7f1d,923401182,Canada,British Columbia,"Oregon, Washington, Vancouver Coast and Shelf",Temperate Northern Pacific,Vancouver Island,BMSC13,Effingham West,48.87,-125.31,2022-04-26,4.5,RLS,2,10:20:00,,,0,2,Chordata,Actinopterygii,Scorpaeniformes,Hexagrammidae,Oxylebius pictus,Oxylebius pictus,15,1,73.4563,POINT (-125.30999755859375 48.869998931884766)
ep_m0_off_transect_sighting_public_data.fid-54e28aac_191fc324609_-7f1c,923401182,Canada,British Columbia,"Oregon, Washington, Vancouver Coast and Shelf",Temperate Northern Pacific,Vancouver Island,BMSC13,Effingham West,48.87,-125.31,2022-04-26,4.5,RLS,2,10:20:00,,,0,1,Chordata,Actinopterygii,Perciformes,Hexagrammidae,Hexagrammos decagrammus,Hexagrammos decagrammus,20,1,150.0203,POINT (-125.30999755859375 48.869998931884766)
ep_m0_off_transect_sighting_public_data.fid-54e28aac_191fc324609_-7f1b,923401182,Canada,British Columbia,"Oregon, Washington, Vancouver Coast and Shelf",Temperate Northern Pacific,Vancouver Island,BMSC13,Effingham West,48.87,-125.31,2022-04-26,4.5,RLS,2,10:20:00,,,0,1,Chordata,Actinopterygii,Scorpaeniformes,Hexagrammidae,Oxylebius pictus,Oxylebius pictus,15,1,73.4563,POINT (-125.30999755859375 48.869998931884766)
ep_m0_off_transect_sighting_public_data.fid-54e28aac_191fc324609_-7f1a,923401182,Canada,British Columbia,"Oregon, Washington, Vancouver Coast and Shelf",Temperate Northern Pacific,Vancouver Island,BMSC13,Effingham West,48.87,-125.31,2022-04-26,4.5,RLS,2,10:20:00,,,0,1,Ctenophora,Tentaculata,Cydippida,Pleurobrachiidae,Pleurobrachia bachei,Pleurobrachia bachei,0,2,,POINT (-125.30999755859375 48.869998931884766)
ep_m0_off_transect_sighting_public_data.fid-54e28aac_191fc324609_-7f19,923401202,Canada,British Columbia,"Oregon, Washington, Vancouver Coast and Shelf",Temperate Northern Pacific,Vancouver Island,BMSC15,Raymond Kelp Rock,48.88,-125.31,2022-04-26,7.5,RLS,3,12:10:00,,,0,0,Arthropoda,Malacostraca,Decapoda,Epialtidae,Pugettia producta,Pugettia producta,0,1,,POINT (-125.30999755859375 48.880001068115234)
ep_m0_off_transect_sighting_public_data.fid-54e28aac_191fc324609_-7f18,923401202,Canada,British Columbia,"Oregon, Washington, Vancouver Coast and Shelf",Temperate Northern Pacific,Vancouver Island,BMSC15,Raymond Kelp Rock,48.88,-125.31,2022-04-26,7.5,RLS,3,12:10:00,,,0,2,Chordata,Actinopterygii,Perciformes,Hexagrammidae,Hexagrammos decagrammus,Hexagrammos decagrammus,30,1,344.0053,POINT (-125.30999755859375 48.880001068115234)
ep_m0_off_transect_sighting_public_data.fid-54e28aac_191fc324609_-7f17,923401202,Canada,British Columbia,"Oregon, Washington, Vancouver Coast and Shelf",Temperate Northern Pacific,Vancouver Island,BMSC15,Raymond Kelp Rock,48.88,-125.31,2022-04-26,7.5,RLS,3,12:10:00,,,0,2,Chordata,Actinopterygii,Scorpaeniformes,Hexagrammidae,Hexagrammos stelleri,Hexagrammos stelleri,20,1,144.8254,POINT (-125.30999755859375 48.880001068115234)
ep_m0_off_transect_sighting_public_data.fid-54e28aac_191fc324609_-7f16,923401202,Canada,British Columbia,"Oregon, Washington, Vancouver Coast and Shelf",Temperate Northern Pacific,Vancouver Island,BMSC15,Raymond Kelp Rock,48.88,-125.31,2022-04-26,7.5,RLS,3,12:10:00,,,0,0,Chordata,Actinopterygii,Perciformes,Hexagrammidae,Hexagrammos decagrammus,Hexagrammos decagrammus,15,1,67.0579,POINT (-125.30999755859375 48.880001068115234)
ep_m0_off_transect_sighting_public_data.fid-54e28aac_191fc324609_-7f15,923401202,Canada,British Columbia,"Oregon, Washington, Vancouver Coast and Shelf",Temperate Northern Pacific,Vancouver Island,BMSC15,Raymond Kelp Rock,48.88,-125.31,2022-04-26,7.5,RLS,3,12:10:00,,,0,0,Chordata,Actinopterygii,Perciformes,Hexagrammidae,Hexagrammos decagrammus,Hexagrammos decagrammus,20,1,150.0203,POINT (-125.30999755859375 48.880001068115234)
ep_m0_off_transect_sighting_public_data.fid-54e28aac_191fc324609_-7f14,923401202,Canada,British Columbia,"Oregon, Washington, Vancouver Coast and Shelf",Temperate Northern Pacific,Vancouver Island,BMSC15,Raymond Kelp Rock,48.88,-125.31,2022-04-26,7.5,RLS,3,12:10:00,,,0,0,Chordata,Actinopterygii,Perciformes,Hexagrammidae,Hexagrammos decagrammus,Hexagrammos decagrammus,25,1,232.1561,POINT (-125.30999755859375 48.880001068115234)
ep_m0_off_transect_sighting_public_data.fid-54e28aac_191fc324609_-7f13,923401202,Canada,British Columbia,"Oregon, Washington, Vancouver Coast and Shelf",Temperate Northern Pacific,Vancouver Island,BMSC15,Raymond Kelp Rock,48.88,-125.31,2022-04-26,7.5,RLS,3,12:10:00,,,0,0,Chordata,Actinopterygii,Scorpaeniformes,Sebastidae,Sebastes caurinus,Sebastes caurinus,35,1,516.4341,POINT (-125.30999755859375 48.880001068115234)
ep_m0_off_transect_sighting_public_data.fid-54e28aac_191fc324609_-7f12,923401202,Canada,British Columbia,"Oregon, Washington, Vancouver Coast and Shelf",Temperate Northern Pacific,Vancouver Island,BMSC15,Raymond Kelp Rock,48.88,-125.31,2022-04-26,7.5,RLS,3,12:10:00,,,0,0,Chordata,Actinopterygii,Scorpaeniformes,Sebastidae,Sebastes caurinus,Sebastes caurinus,40,1,659.434,POINT (-125.30999755859375 48.880001068115234)
ep_m0_off_transect_sighting_public_data.fid-54e28aac_191fc324609_-7f11,923401202,Canada,British Columbia,"Oregon, Washington, Vancouver Coast and Shelf",Temperate Northern Pacific,Vancouver Island,BMSC15,Raymond Kelp Rock,48.88,-125.31,2022-04-26,7.5,RLS,3,12:10:00,,,0,0,Chordata,Actinopterygii,Scorpaeniformes,Sebastidae,Sebastes spp.,Sebastes spp.,15,1,82.8144,POINT (-125.30999755859375 48.880001068115234)
ep_m0_off_transect_sighting_public_data.fid-54e28aac_191fc324609_-7f10,923401202,Canada,British Columbia,"Oregon, Washington, Vancouver Coast and Shelf",Temperate Northern Pacific,Vancouver Island,BMSC15,Raymond Kelp Rock,48.88,-125.31,2022-04-26,7.5,RLS,3,12:10:00,,,0,1,Echinodermata,Asteroidea,Forcipulatida,Asteriidae,Orthasterias koehleri,Orthasterias koehleri,0,1,,POINT (-125.30999755859375 48.880001068115234)
ep_m0_off_transect_sighting_public_data.fid-54e28aac_191fc324609_-7f0f,923400151,Canada,British Columbia,"Oregon, Washington, Vancouver Coast and Shelf",Temperate Northern Pacific,Vancouver Island,BMSC17,Wouwer Channel,48.87,-125.36,2021-05-05,5,RLS,3,12:45:00,,,0,0,Arthropoda,Malacostraca,Decapoda,Lithodidae,Cryptolithodes sitchensis,Cryptolithodes sitchensis,0,1,,POINT (-125.36000061035156 48.869998931884766)
ep_m0_off_transect_sighting_public_data.fid-54e28aac_191fc324609_-7f0e,923400151,Canada,British Columbia,"Oregon, Washington, Vancouver Coast and Shelf",Temperate Northern Pacific,Vancouver Island,BMSC17,Wouwer Channel,48.87,-125.36,2021-05-05,5,RLS,3,12:45:00,,,0,0,Chordata,Actinopteri,Perciformes,Liparidae,Liparis florae,Liparis florae,7.5,3,14.8618,POINT (-125.36000061035156 48.869998931884766)
ep_m0_off_transect_sighting_public_data.fid-54e28aac_191fc324609_-7f0d,923400151,Canada,British Columbia,"Oregon, Washington, Vancouver Coast and Shelf",Temperate Northern Pacific,Vancouver Island,BMSC17,Wouwer Channel,48.87,-125.36,2021-05-05,5,RLS,3,12:45:00,,,0,0,Chordata,Actinopterygii,Scorpaeniformes,Cottidae,Jordania zonope,Jordania zonope,0,1,,POINT (-125.36000061035156 48.869998931884766)
ep_m0_off_transect_sighting_public_data.fid-54e28aac_191fc324609_-7f0c,923400151,Canada,British Columbia,"Oregon, Washington, Vancouver Coast and Shelf",Temperate Northern Pacific,Vancouver Island,BMSC17,Wouwer Channel,48.87,-125.36,2021-05-05,5,RLS,3,12:45:00,,,0,0,Chordata,Actinopterygii,Scorpaeniformes,Hexagrammidae,Oxylebius pictus,Oxylebius pictus,12.5,1,42.2005,POINT (-125.36000061035156 48.869998931884766)
ep_m0_off_transect_sighting_public_data.fid-54e28aac_191fc324609_-7f0b,923400151,Canada,British Columbia,"Oregon, Washington, Vancouver Coast and Shelf",Temperate Northern Pacific,Vancouver Island,BMSC17,Wouwer Channel,48.87,-125.36,2021-05-05,5,RLS,3,12:45:00,,,0,0,Chordata,Actinopterygii,Scorpaeniformes,Sebastidae,Sebastes caurinus,Sebastes caurinus,30,2,738.381,POINT (-125.36000061035156 48.869998931884766)
ep_m0_off_transect_sighting_public_data.fid-54e28aac_191fc324609_-7f0a,923400151,Canada,British Columbia,"Oregon, Washington, Vancouver Coast and Shelf",Temperate Northern Pacific,Vancouver Island,BMSC17,Wouwer Channel,48.87,-125.36,2021-05-05,5,RLS,3,12:45:00,,,0,0,Chordata,Actinopterygii,Scorpaeniformes,Sebastidae,Sebastes melanops,Sebastes melanops,20,10,1627.257,POINT (-125.36000061035156 48.869998931884766)
ep_m0_off_transect_sighting_public_data.fid-54e28aac_191fc324609_-7f09,923400151,Canada,British Columbia,"Oregon, Washington, Vancouver Coast and Shelf",Temperate Northern Pacific,Vancouver Island,BMSC17,Wouwer Channel,48.87,-125.36,2021-05-05,5,RLS,3,12:45:00,,,0,0,Chordata,Actinopterygii,Scorpaeniformes,Sebastidae,Sebastes melanops,Sebastes melanops,25,60,15024.717,POINT (-125.36000061035156 48.869998931884766)
ep_m0_off_transect_sighting_public_data.fid-54e28aac_191fc324609_-7f08,923400151,Canada,British Columbia,"Oregon, Washington, Vancouver Coast and Shelf",Temperate Northern Pacific,Vancouver Island,BMSC17,Wouwer Channel,48.87,-125.36,2021-05-05,5,RLS,3,12:45:00,,,0,0,Chordata,Actinopterygii,Scorpaeniformes,Sebastidae,Sebastes melanops,Sebastes melanops,30,5,1845.9525,POINT (-125.36000061035156 48.869998931884766)
ep_m0_off_transect_sighting_public_data.fid-54e28aac_191fc324609_-7f07,923400151,Canada,British Columbia,"Oregon, Washington, Vancouver Coast and Shelf",Temperate Northern Pacific,Vancouver Island,BMSC17,Wouwer Channel,48.87,-125.36,2021-05-05,5,RLS,3,12:45:00,,,0,0,Mollusca,Gastropoda,Littorinimorpha,Naticidae,Neverita lewisii,Neverita lewisii,0,1,,POINT (-125.36000061035156 48.869998931884766)
ep_m0_off_transect_sighting_public_data.fid-54e28aac_191fc324609_-7f06,923400151,Canada,British Columbia,"Oregon, Washington, Vancouver Coast and Shelf",Temperate Northern Pacific,Vancouver Island,BMSC17,Wouwer Channel,48.87,-125.36,2021-05-05,5,RLS,3,12:45:00,,,0,2,Mollusca,Gastropoda,Pleurobranchida,Pleurobranchidae,Boreoberthella chacei,Boreoberthella chacei,0,1,,POINT (-125.36000061035156 48.869998931884766)
ep_m0_off_transect_sighting_public_data.fid-54e28aac_191fc324609_-7f05,923401183,Canada,British Columbia,"Oregon, Washington, Vancouver Coast and Shelf",Temperate Northern Pacific,Vancouver Island,BMSC17,Wouwer Channel,48.87,-125.36,2022-04-27,5,RLS,2,10:40:00,,,0,0,Chordata,Actinopteri,Perciformes,Percidae,Percidae spp.,,35,1,,POINT (-125.36000061035156 48.869998931884766)
ep_m0_off_transect_sighting_public_data.fid-54e28aac_191fc324609_-7f04,923400146,Canada,British Columbia,"Oregon, Washington, Vancouver Coast and Shelf",Temperate Northern Pacific,Vancouver Island,BMSC2,Kirby,48.85,-125.2,2021-04-27,4.5,RLS,4,10:30:00,,,0,0,Arthropoda,Malacostraca,Decapoda,Cancridae,Cancer productus,Cancer productus,0,1,,POINT (-125.19999694824219 48.849998474121094)
ep_m0_off_transect_sighting_public_data.fid-54e28aac_191fc324609_-7f03,923400146,Canada,British Columbia,"Oregon, Washington, Vancouver Coast and Shelf",Temperate Northern Pacific,Vancouver Island,BMSC2,Kirby,48.85,-125.2,2021-04-27,4.5,RLS,4,10:30:00,,,0,0,Arthropoda,Malacostraca,Decapoda,Epialtidae,Scyra acutifrons,Scyra acutifrons,0,1,,POINT (-125.19999694824219 48.849998474121094)
ep_m0_off_transect_sighting_public_data.fid-54e28aac_191fc324609_-7f02,923400146,Canada,British Columbia,"Oregon, Washington, Vancouver Coast and Shelf",Temperate Northern Pacific,Vancouver Island,BMSC2,Kirby,48.85,-125.2,2021-04-27,4.5,RLS,4,10:30:00,,,0,0,Chordata,Actinopterygii,Scorpaeniformes,Cottidae,Artedius harringtoni,Artedius harringtoni,5,1,1.9303,POINT (-125.19999694824219 48.849998474121094)
ep_m0_off_transect_sighting_public_data.fid-54e28aac_191fc324609_-7f01,923400146,Canada,British Columbia,"Oregon, Washington, Vancouver Coast and Shelf",Temperate Northern Pacific,Vancouver Island,BMSC2,Kirby,48.85,-125.2,2021-04-27,4.5,RLS,4,10:30:00,,,0,2,Chordata,Actinopterygii,Scorpaeniformes,Sebastidae,Sebastes caurinus,Sebastes caurinus,12.5,1,41.9142,POINT (-125.19999694824219 48.849998474121094)
ep_m0_off_transect_sighting_public_data.fid-54e28aac_191fc324609_-7f00,923400146,Canada,British Columbia,"Oregon, Washington, Vancouver Coast and Shelf",Temperate Northern Pacific,Vancouver Island,BMSC2,Kirby,48.85,-125.2,2021-04-27,4.5,RLS,4,10:30:00,,,0,2,Chordata,Actinopterygii,Scorpaeniformes,Sebastidae,Sebastes caurinus,Sebastes caurinus,15,1,73.4918,POINT (-125.19999694824219 48.849998474121094)
ep_m0_off_transect_sighting_public_data.fid-54e28aac_191fc324609_-7eff,923402235,Canada,British Columbia,"Oregon, Washington, Vancouver Coast and Shelf",Temperate Northern Pacific,Vancouver Island,BMSC2,Kirby,48.85,-125.2,2023-05-09,7,RLS,2,13:30:00,,,0,2,Echinodermata,Asteroidea,Forcipulatida,Pycnopodiidae,Pycnopodia helianthoides,Pycnopodia helianthoides,12.5,1,,POINT (-125.19999694824219 48.849998474121094)
ep_m0_off_transect_sighting_public_data.fid-54e28aac_191fc324609_-7efe,923402235,Canada,British Columbia,"Oregon, Washington, Vancouver Coast and Shelf",Temperate Northern Pacific,Vancouver Island,BMSC2,Kirby,48.85,-125.2,2023-05-09,7,RLS,2,13:30:00,,,0,2,Echinodermata,Asteroidea,Forcipulatida,Pycnopodiidae,Pycnopodia helianthoides,Pycnopodia helianthoides,20,1,,POINT (-125.19999694824219 48.849998474121094)
ep_m0_off_transect_sighting_public_data.fid-54e28aac_191fc324609_-7efd,923402235,Canada,British Columbia,"Oregon, Washington, Vancouver Coast and Shelf",Temperate Northern Pacific,Vancouver Island,BMSC2,Kirby,48.85,-125.2,2023-05-09,7,RLS,2,13:30:00,,,0,2,Echinodermata,Asteroidea,Spinulosida,Echinasteridae,Henricia spp.,Henricia spp.,0,1,,POINT (-125.19999694824219 48.849998474121094)
ep_m0_off_transect_sighting_public_data.fid-54e28aac_191fc324609_-7efc,923402235,Canada,British Columbia,"Oregon, Washington, Vancouver Coast and Shelf",Temperate Northern Pacific,Vancouver Island,BMSC2,Kirby,48.85,-125.2,2023-05-09,7,RLS,2,13:30:00,,,0,0,Chordata,Actinopterygii,Scorpaeniformes,Cottidae,Artedius harringtoni,Artedius harringtoni,5,1,1.9303,POINT (-125.19999694824219 48.849998474121094)
ep_m0_off_transect_sighting_public_data.fid-54e28aac_191fc324609_-7efb,923402235,Canada,British Columbia,"Oregon, Washington, Vancouver Coast and Shelf",Temperate Northern Pacific,Vancouver Island,BMSC2,Kirby,48.85,-125.2,2023-05-09,7,RLS,2,13:30:00,,,0,0,Echinodermata,Asteroidea,Forcipulatida,Pycnopodiidae,Pycnopodia helianthoides,Pycnopodia helianthoides,12.5,2,,POINT (-125.19999694824219 48.849998474121094)
ep_m0_off_transect_sighting_public_data.fid-54e28aac_191fc324609_-7efa,923400143,Canada,British Columbia,"Oregon, Washington, Vancouver Coast and Shelf",Temperate Northern Pacific,Vancouver Island,BMSC5,Taylor Rock,48.83,-125.2,2021-04-28,6.5,RLS,4,14:50:00,,,0,0,Arthropoda,Malacostraca,Decapoda,Epialtidae,Pugettia producta,Pugettia producta,0,3,,POINT (-125.19999694824219 48.83000183105469)
ep_m0_off_transect_sighting_public_data.fid-54e28aac_191fc324609_-7ef9,923400143,Canada,British Columbia,"Oregon, Washington, Vancouver Coast and Shelf",Temperate Northern Pacific,Vancouver Island,BMSC5,Taylor Rock,48.83,-125.2,2021-04-28,6.5,RLS,4,14:50:00,,,0,0,Chordata,Actinopterygii,Perciformes,Embiotocidae,Cymatogaster aggregata,Cymatogaster aggregata,10,15,531.1505,POINT (-125.19999694824219 48.83000183105469)
ep_m0_off_transect_sighting_public_data.fid-54e28aac_191fc324609_-7ef8,923400143,Canada,British Columbia,"Oregon, Washington, Vancouver Coast and Shelf",Temperate Northern Pacific,Vancouver Island,BMSC5,Taylor Rock,48.83,-125.2,2021-04-28,6.5,RLS,4,14:50:00,,,0,0,Mollusca,Bivalvia,Ostreoida,Pectinidae,Crassadoma gigantea,Crassadoma gigantea,20,1,,POINT (-125.19999694824219 48.83000183105469)
ep_m0_off_transect_sighting_public_data.fid-54e28aac_191fc324609_-7ef7,923400143,Canada,British Columbia,"Oregon, Washington, Vancouver Coast and Shelf",Temperate Northern Pacific,Vancouver Island,BMSC5,Taylor Rock,48.83,-125.2,2021-04-28,6.5,RLS,4,14:50:00,,,0,0,Mollusca,Gastropoda,Littorinimorpha,Naticidae,Neverita lewisii,Neverita lewisii,0,2,,POINT (-125.19999694824219 48.83000183105469)
ep_m0_off_transect_sighting_public_data.fid-54e28aac_191fc324609_-7ef6,923400143,Canada,British Columbia,"Oregon, Washington, Vancouver Coast and Shelf",Temperate Northern Pacific,Vancouver Island,BMSC5,Taylor Rock,48.83,-125.2,2021-04-28,6.5,RLS,4,14:50:00,,,0,0,Mollusca,Gastropoda,Nudibranchia,Discodorididae,Geitodoris heathi,Geitodoris heathi,0,1,,POINT (-125.19999694824219 48.83000183105469)
ep_m0_off_transect_sighting_public_data.fid-54e28aac_191fc324609_-7ef5,923400149,Canada,British Columbia,"Oregon, Washington, Vancouver Coast and Shelf",Temperate Northern Pacific,Vancouver Island,BMSC1,Dodger Channel,48.83,-125.2,2021-04-26,6.5,RLS,2,12:17:00,48.83,-125.2,0,0,Arthropoda,Malacostraca,Decapoda,Lithodidae,Cryptolithodes sitchensis,Cryptolithodes sitchensis,0,1,,POINT (-125.2 48.83)
ep_m0_off_transect_sighting_public_data.fid-54e28aac_191fc324609_-7ef4,923400149,Canada,British Columbia,"Oregon, Washington, Vancouver Coast and Shelf",Temperate Northern Pacific,Vancouver Island,BMSC1,Dodger Channel,48.83,-125.2,2021-04-26,6.5,RLS,2,12:17:00,48.83,-125.2,0,0,Chordata,Actinopterygii,Perciformes,Gobiidae,Rhinogobiops nicholsii,Rhinogobiops nicholsii,7.5,1,7.7703,POINT (-125.2 48.83)
ep_m0_off_transect_sighting_public_data.fid-54e28aac_191fc324609_-7ef3,923400149,Canada,British Columbia,"Oregon, Washington, Vancouver Coast and Shelf",Temperate Northern Pacific,Vancouver Island,BMSC1,Dodger Channel,48.83,-125.2,2021-04-26,6.5,RLS,2,12:17:00,48.83,-125.2,0,0,Mollusca,Gastropoda,Littorinimorpha,Naticidae,Neverita lewisii,Neverita lewisii,0,2,,POINT (-125.2 48.83)
ep_m0_off_transect_sighting_public_data.fid-54e28aac_191fc324609_-7ef2,923400156,Canada,British Columbia,"Oregon, Washington, Vancouver Coast and Shelf",Temperate Northern Pacific,Vancouver Island,BMSC1,Dodger Channel,48.83,-125.2,2021-04-26,5.5,RLS,2,10:30:00,,,0,0,Chordata,Actinopterygii,Perciformes,Hexagrammidae,Hexagrammos decagrammus,Hexagrammos decagrammus,25,1,232.1561,POINT (-125.19999694824219 48.83000183105469)
ep_m0_off_transect_sighting_public_data.fid-54e28aac_191fc324609_-7ef1,923400156,Canada,British Columbia,"Oregon, Washington, Vancouver Coast and Shelf",Temperate Northern Pacific,Vancouver Island,BMSC1,Dodger Channel,48.83,-125.2,2021-04-26,5.5,RLS,2,10:30:00,,,0,0,Chordata,Actinopterygii,Perciformes,Hexagrammidae,Hexagrammos decagrammus,Hexagrammos decagrammus,30,1,344.0053,POINT (-125.19999694824219 48.83000183105469)
ep_m0_off_transect_sighting_public_data.fid-54e28aac_191fc324609_-7ef0,923401189,Canada,British Columbia,"Oregon, Washington, Vancouver Coast and Shelf",Temperate Northern Pacific,Vancouver Island,BMSC1,Dodger Channel,48.83,-125.2,2022-05-04,4.7,RLS,3,10:15:00,,,0,0,Chordata,Actinopterygii,Scorpaeniformes,Sebastidae,Sebastes caurinus,Sebastes caurinus,12.5,1,41.9142,POINT (-125.19999694824219 48.83000183105469)
ep_m0_off_transect_sighting_public_data.fid-54e28aac_191fc324609_-7eef,923401189,Canada,British Columbia,"Oregon, Washington, Vancouver Coast and Shelf",Temperate Northern Pacific,Vancouver Island,BMSC1,Dodger Channel,48.83,-125.2,2022-05-04,4.7,RLS,3,10:15:00,,,0,0,Echinodermata,Asteroidea,Forcipulatida,Pycnopodiidae,Pycnopodia helianthoides,Pycnopodia helianthoides,2.5,1,,POINT (-125.19999694824219 48.83000183105469)
ep_m0_off_transect_sighting_public_data.fid-54e28aac_191fc324609_-7eee,923401189,Canada,British Columbia,"Oregon, Washington, Vancouver Coast and Shelf",Temperate Northern Pacific,Vancouver Island,BMSC1,Dodger Channel,48.83,-125.2,2022-05-04,4.7,RLS,3,10:15:00,,,0,0,Echinodermata,Asteroidea,Forcipulatida,Pycnopodiidae,Pycnopodia helianthoides,Pycnopodia helianthoides,5,1,,POINT (-125.19999694824219 48.83000183105469)
ep_m0_off_transect_sighting_public_data.fid-54e28aac_191fc324609_-7eed,923401189,Canada,British Columbia,"Oregon, Washington, Vancouver Coast and Shelf",Temperate Northern Pacific,Vancouver Island,BMSC1,Dodger Channel,48.83,-125.2,2022-05-04,4.7,RLS,3,10:15:00,,,0,0,Mollusca,Gastropoda,Nudibranchia,Discodorididae,Diaulula sandiegensis,Diaulula sandiegensis,0,1,,POINT (-125.19999694824219 48.83000183105469)
ep_m0_off_transect_sighting_public_data.fid-54e28aac_191fc324609_-7eec,923401191,Canada,British Columbia,"Oregon, Washington, Vancouver Coast and Shelf",Temperate Northern Pacific,Vancouver Island,BMSC5,Taylor Rock,48.83,-125.2,2022-05-04,6.2,RLS,3,12:40:00,,,0,0,Chordata,Actinopterygii,Scorpaeniformes,Sebastidae,Sebastes caurinus,Sebastes caurinus,10,1,21.0804,POINT (-125.19999694824219 48.83000183105469)
ep_m0_off_transect_sighting_public_data.fid-54e28aac_191fc324609_-7eeb,923401191,Canada,British Columbia,"Oregon, Washington, Vancouver Coast and Shelf",Temperate Northern Pacific,Vancouver Island,BMSC5,Taylor Rock,48.83,-125.2,2022-05-04,6.2,RLS,3,12:40:00,,,0,0,Echinodermata,Asteroidea,Valvatida,Goniasteridae,Mediaster aequalis,Mediaster aequalis,0,1,,POINT (-125.19999694824219 48.83000183105469)
ep_m0_off_transect_sighting_public_data.fid-54e28aac_191fc324609_-7eea,923401191,Canada,British Columbia,"Oregon, Washington, Vancouver Coast and Shelf",Temperate Northern Pacific,Vancouver Island,BMSC5,Taylor Rock,48.83,-125.2,2022-05-04,6.2,RLS,3,12:40:00,,,0,0,Mollusca,Gastropoda,Nudibranchia,Dironidae,Dirona albolineata,Dirona albolineata,0,1,,POINT (-125.19999694824219 48.83000183105469)
ep_m0_off_transect_sighting_public_data.fid-54e28aac_191fc324609_-7ee9,923401191,Canada,British Columbia,"Oregon, Washington, Vancouver Coast and Shelf",Temperate Northern Pacific,Vancouver Island,BMSC5,Taylor Rock,48.83,-125.2,2022-05-04,6.2,RLS,3,12:40:00,,,0,1,Chordata,Actinopterygii,Gasterosteiformes,Aulorhynchidae,Aulorhynchus flavidus,Aulorhynchus flavidus,0,1,,POINT (-125.19999694824219 48.83000183105469)
ep_m0_off_transect_sighting_public_data.fid-54e28aac_191fc324609_-7ee8,923401191,Canada,British Columbia,"Oregon, Washington, Vancouver Coast and Shelf",Temperate Northern Pacific,Vancouver Island,BMSC5,Taylor Rock,48.83,-125.2,2022-05-04,6.2,RLS,3,12:40:00,,,0,1,Chordata,Actinopterygii,Perciformes,Embiotocidae,Brachyistius frenatus,Brachyistius frenatus,0,1,,POINT (-125.19999694824219 48.83000183105469)
ep_m0_off_transect_sighting_public_data.fid-54e28aac_191fc324609_-7ee7,923401191,Canada,British Columbia,"Oregon, Washington, Vancouver Coast and Shelf",Temperate Northern Pacific,Vancouver Island,BMSC5,Taylor Rock,48.83,-125.2,2022-05-04,6.2,RLS,3,12:40:00,,,0,1,Chordata,Actinopterygii,Perciformes,Embiotocidae,Rhacochilus vacca,Rhacochilus vacca,0,1,,POINT (-125.19999694824219 48.83000183105469)
ep_m0_off_transect_sighting_public_data.fid-54e28aac_191fc324609_-7ee6,923401191,Canada,British Columbia,"Oregon, Washington, Vancouver Coast and Shelf",Temperate Northern Pacific,Vancouver Island,BMSC5,Taylor Rock,48.83,-125.2,2022-05-04,6.2,RLS,3,12:40:00,,,0,1,Chordata,Actinopterygii,Scorpaeniformes,Hexagrammidae,Oxylebius pictus,Oxylebius pictus,12.5,1,42.2005,POINT (-125.19999694824219 48.83000183105469)
ep_m0_off_transect_sighting_public_data.fid-54e28aac_191fc324609_-7ee5,923401191,Canada,British Columbia,"Oregon, Washington, Vancouver Coast and Shelf",Temperate Northern Pacific,Vancouver Island,BMSC5,Taylor Rock,48.83,-125.2,2022-05-04,6.2,RLS,3,12:40:00,,,0,1,Chordata,Actinopterygii,Scorpaeniformes,Sebastidae,Sebastes caurinus,Sebastes caurinus,15,1,73.4918,POINT (-125.19999694824219 48.83000183105469)
ep_m0_off_transect_sighting_public_data.fid-54e28aac_191fc324609_-7ee4,923401191,Canada,British Columbia,"Oregon, Washington, Vancouver Coast and Shelf",Temperate Northern Pacific,Vancouver Island,BMSC5,Taylor Rock,48.83,-125.2,2022-05-04,6.2,RLS,3,12:40:00,,,0,1,Chordata,Actinopterygii,Scorpaeniformes,Sebastidae,Sebastes melanops,Sebastes melanops,0,1,,POINT (-125.19999694824219 48.83000183105469)
ep_m0_off_transect_sighting_public_data.fid-54e28aac_191fc324609_-7ee3,923401191,Canada,British Columbia,"Oregon, Washington, Vancouver Coast and Shelf",Temperate Northern Pacific,Vancouver Island,BMSC5,Taylor Rock,48.83,-125.2,2022-05-04,6.2,RLS,3,12:40:00,,,0,1,Mollusca,Gastropoda,Nudibranchia,Dironidae,Dirona albolineata,Dirona albolineata,0,1,,POINT (-125.19999694824219 48.83000183105469)
ep_m0_off_transect_sighting_public_data.fid-54e28aac_191fc324609_-7ee2,923401191,Canada,British Columbia,"Oregon, Washington, Vancouver Coast and Shelf",Temperate Northern Pacific,Vancouver Island,BMSC5,Taylor Rock,48.83,-125.2,2022-05-04,6.2,RLS,3,12:40:00,,,0,1,Mollusca,Gastropoda,Nudibranchia,Discodorididae,Montereina nobilis,Montereina nobilis,0,1,,POINT (-125.19999694824219 48.83000183105469)
ep_m0_off_transect_sighting_public_data.fid-54e28aac_191fc324609_-7ee1,923401192,Canada,British Columbia,"Oregon, Washington, Vancouver Coast and Shelf",Temperate Northern Pacific,Vancouver Island,BMSC5,Taylor Rock,48.83,-125.2,2022-05-04,6,RLS,4,12:45:00,,,0,0,Echinodermata,Asteroidea,Forcipulatida,Pycnopodiidae,Pycnopodia helianthoides,Pycnopodia helianthoides,7.5,2,,POINT (-125.19999694824219 48.83000183105469)
ep_m0_off_transect_sighting_public_data.fid-54e28aac_191fc324609_-7ee0,923401192,Canada,British Columbia,"Oregon, Washington, Vancouver Coast and Shelf",Temperate Northern Pacific,Vancouver Island,BMSC5,Taylor Rock,48.83,-125.2,2022-05-04,6,RLS,4,12:45:00,,,0,0,Echinodermata,Asteroidea,Forcipulatida,Pycnopodiidae,Pycnopodia helianthoides,Pycnopodia helianthoides,10,1,,POINT (-125.19999694824219 48.83000183105469)
ep_m0_off_transect_sighting_public_data.fid-54e28aac_191fc324609_-7edf,923401192,Canada,British Columbia,"Oregon, Washington, Vancouver Coast and Shelf",Temperate Northern Pacific,Vancouver Island,BMSC5,Taylor Rock,48.83,-125.2,2022-05-04,6,RLS,4,12:45:00,,,0,0,Mollusca,Gastropoda,Littorinimorpha,Naticidae,Neverita lewisii,Neverita lewisii,0,1,,POINT (-125.19999694824219 48.83000183105469)
ep_m0_off_transect_sighting_public_data.fid-54e28aac_191fc324609_-7ede,923401192,Canada,British Columbia,"Oregon, Washington, Vancouver Coast and Shelf",Temperate Northern Pacific,Vancouver Island,BMSC5,Taylor Rock,48.83,-125.2,2022-05-04,6,RLS,4,12:45:00,,,0,0,Mollusca,Gastropoda,Nudibranchia,Polyceridae,Limacia cockerelli,Limacia cockerelli,0,1,,POINT (-125.19999694824219 48.83000183105469)
ep_m0_off_transect_sighting_public_data.fid-54e28aac_191fc324609_-7edd,923401192,Canada,British Columbia,"Oregon, Washington, Vancouver Coast and Shelf",Temperate Northern Pacific,Vancouver Island,BMSC5,Taylor Rock,48.83,-125.2,2022-05-04,6,RLS,4,12:45:00,,,0,0,Echinodermata,Asteroidea,Forcipulatida,Pycnopodiidae,Pycnopodia helianthoides,Pycnopodia helianthoides,5,1,,POINT (-125.19999694824219 48.83000183105469)
ep_m0_off_transect_sighting_public_data.fid-54e28aac_191fc324609_-7edc,923401192,Canada,British Columbia,"Oregon, Washington, Vancouver Coast and Shelf",Temperate Northern Pacific,Vancouver Island,BMSC5,Taylor Rock,48.83,-125.2,2022-05-04,6,RLS,4,12:45:00,,,0,0,Echinodermata,Asteroidea,Forcipulatida,Pycnopodiidae,Pycnopodia helianthoides,Pycnopodia helianthoides,7.5,1,,POINT (-125.19999694824219 48.83000183105469)
ep_m0_off_transect_sighting_public_data.fid-54e28aac_191fc324609_-7edb,923401192,Canada,British Columbia,"Oregon, Washington, Vancouver Coast and Shelf",Temperate Northern Pacific,Vancouver Island,BMSC5,Taylor Rock,48.83,-125.2,2022-05-04,6,RLS,4,12:45:00,,,0,0,Echinodermata,Asteroidea,Forcipulatida,Pycnopodiidae,Pycnopodia helianthoides,Pycnopodia helianthoides,10,3,,POINT (-125.19999694824219 48.83000183105469)
ep_m0_off_transect_sighting_public_data.fid-54e28aac_191fc324609_-7eda,923401203,Canada,British Columbia,"Oregon, Washington, Vancouver Coast and Shelf",Temperate Northern Pacific,Vancouver Island,BMSC1,Dodger Channel,48.83,-125.2,2022-05-04,5.5,RLS,3,10:15:00,,,0,0,Echinodermata,Asteroidea,Forcipulatida,Pycnopodiidae,Pycnopodia helianthoides,Pycnopodia helianthoides,7.5,1,,POINT (-125.19999694824219 48.83000183105469)
ep_m0_off_transect_sighting_public_data.fid-54e28aac_191fc324609_-7ed9,923401203,Canada,British Columbia,"Oregon, Washington, Vancouver Coast and Shelf",Temperate Northern Pacific,Vancouver Island,BMSC1,Dodger Channel,48.83,-125.2,2022-05-04,5.5,RLS,3,10:15:00,,,0,0,Mollusca,Gastropoda,Nudibranchia,Onchidorididae,Acanthodoris hudsoni,Acanthodoris hudsoni,0,1,,POINT (-125.19999694824219 48.83000183105469)
ep_m0_off_transect_sighting_public_data.fid-54e28aac_191fc324609_-7ed8,923401203,Canada,British Columbia,"Oregon, Washington, Vancouver Coast and Shelf",Temperate Northern Pacific,Vancouver Island,BMSC1,Dodger Channel,48.83,-125.2,2022-05-04,5.5,RLS,3,10:15:00,,,0,0,Mollusca,Gastropoda,Nudibranchia,Polyceridae,Triopha modesta,Triopha modesta,0,1,,POINT (-125.19999694824219 48.83000183105469)
ep_m0_off_transect_sighting_public_data.fid-54e28aac_191fc324609_-7ed7,923402221,Canada,British Columbia,"Oregon, Washington, Vancouver Coast and Shelf",Temperate Northern Pacific,Vancouver Island,BMSC1,Dodger Channel,48.83,-125.2,2023-05-15,8,RLS,1,09:54:00,,,0,1,Chordata,Actinopterygii,Scorpaeniformes,Hexagrammidae,Ophiodon elongatus,Ophiodon elongatus,40,1,296.3178,POINT (-125.19999694824219 48.83000183105469)
ep_m0_off_transect_sighting_public_data.fid-54e28aac_191fc324609_-7ed6,923402224,Canada,British Columbia,"Oregon, Washington, Vancouver Coast and Shelf",Temperate Northern Pacific,Vancouver Island,BMSC5,Taylor Rock,48.83,-125.2,2023-05-15,5.5,RLS,1,12:18:00,,,0,0,Echinodermata,Echinoidea,Camarodonta,Strongylocentrotidae,Strongylocentrotus droebachiensis,Strongylocentrotus droebachiensis,0,1,,POINT (-125.19999694824219 48.83000183105469)
ep_m0_off_transect_sighting_public_data.fid-54e28aac_191fc324609_-7ed5,923402224,Canada,British Columbia,"Oregon, Washington, Vancouver Coast and Shelf",Temperate Northern Pacific,Vancouver Island,BMSC5,Taylor Rock,48.83,-125.2,2023-05-15,5.5,RLS,1,12:18:00,,,0,2,Chordata,Actinopterygii,Scorpaeniformes,Sebastidae,Sebastes melanops,Sebastes melanops,15,1,73.4918,POINT (-125.19999694824219 48.83000183105469)
ep_m0_off_transect_sighting_public_data.fid-54e28aac_191fc324609_-7ed4,923402224,Canada,British Columbia,"Oregon, Washington, Vancouver Coast and Shelf",Temperate Northern Pacific,Vancouver Island,BMSC5,Taylor Rock,48.83,-125.2,2023-05-15,5.5,RLS,1,12:18:00,,,0,0,Mollusca,Gastropoda,Nudibranchia,Discodorididae,Diaulula sandiegensis,Diaulula sandiegensis,0,1,,POINT (-125.19999694824219 48.83000183105469)
ep_m0_off_transect_sighting_public_data.fid-54e28aac_191fc324609_-7ed3,923402227,Canada,British Columbia,"Oregon, Washington, Vancouver Coast and Shelf",Temperate Northern Pacific,Vancouver Island,BMSC1,Dodger Channel,48.83,-125.2,2023-05-15,5.5,RLS,1,09:54:00,,,0,1,Chordata,Actinopteri,Perciformes,Hexagrammidae,Hexagrammos spp.,Hexagrammos ,0,4,,POINT (-125.19999694824219 48.83000183105469)
ep_m0_off_transect_sighting_public_data.fid-54e28aac_191fc324609_-7ed2,923402227,Canada,British Columbia,"Oregon, Washington, Vancouver Coast and Shelf",Temperate Northern Pacific,Vancouver Island,BMSC1,Dodger Channel,48.83,-125.2,2023-05-15,5.5,RLS,1,09:54:00,,,0,2,Chordata,Actinopterygii,Perciformes,Hexagrammidae,Hexagrammos decagrammus,Hexagrammos decagrammus,7.5,1,7.7132,POINT (-125.19999694824219 48.83000183105469)
ep_m0_off_transect_sighting_public_data.fid-54e28aac_191fc324609_-7ed1,923402373,Canada,British Columbia,"Oregon, Washington, Vancouver Coast and Shelf",Temperate Northern Pacific,Vancouver Island,BMSC31,Dodger Channel 2,48.83,-125.19,2023-06-09,2,RLS,2,10:30:00,48.83,-125.19,0,1,Chordata,Actinopterygii,Perciformes,Hexagrammidae,Hexagrammos decagrammus,Hexagrammos decagrammus,7.5,2,15.4265,POINT (-125.19 48.83)
ep_m0_off_transect_sighting_public_data.fid-54e28aac_191fc324609_-7ed0,923402373,Canada,British Columbia,"Oregon, Washington, Vancouver Coast and Shelf",Temperate Northern Pacific,Vancouver Island,BMSC31,Dodger Channel 2,48.83,-125.19,2023-06-09,2,RLS,2,10:30:00,48.83,-125.19,0,1,Chordata,Actinopterygii,Perciformes,Hexagrammidae,Hexagrammos decagrammus,Hexagrammos decagrammus,10,3,56.7762,POINT (-125.19 48.83)
ep_m0_off_transect_sighting_public_data.fid-54e28aac_191fc324609_-7ecf,923402373,Canada,British Columbia,"Oregon, Washington, Vancouver Coast and Shelf",Temperate Northern Pacific,Vancouver Island,BMSC31,Dodger Channel 2,48.83,-125.19,2023-06-09,2,RLS,2,10:30:00,48.83,-125.19,0,2,Chordata,Actinopterygii,Perciformes,Embiotocidae,Brachyistius frenatus,Brachyistius frenatus,5,2,6.2605,POINT (-125.19 48.83)
ep_m0_off_transect_sighting_public_data.fid-54e28aac_191fc324609_-7ece,923402373,Canada,British Columbia,"Oregon, Washington, Vancouver Coast and Shelf",Temperate Northern Pacific,Vancouver Island,BMSC31,Dodger Channel 2,48.83,-125.19,2023-06-09,2,RLS,2,10:30:00,48.83,-125.19,0,2,Chordata,Actinopterygii,Perciformes,Hexagrammidae,Hexagrammos decagrammus,Hexagrammos decagrammus,2.5,1,0.2504,POINT (-125.19 48.83)
ep_m0_off_transect_sighting_public_data.fid-54e28aac_191fc324609_-7ecd,923402373,Canada,British Columbia,"Oregon, Washington, Vancouver Coast and Shelf",Temperate Northern Pacific,Vancouver Island,BMSC31,Dodger Channel 2,48.83,-125.19,2023-06-09,2,RLS,2,10:30:00,48.83,-125.19,0,2,Chordata,Actinopterygii,Perciformes,Hexagrammidae,Hexagrammos decagrammus,Hexagrammos decagrammus,5,2,4.3537,POINT (-125.19 48.83)
ep_m0_off_transect_sighting_public_data.fid-54e28aac_191fc324609_-7ecc,923402373,Canada,British Columbia,"Oregon, Washington, Vancouver Coast and Shelf",Temperate Northern Pacific,Vancouver Island,BMSC31,Dodger Channel 2,48.83,-125.19,2023-06-09,2,RLS,2,10:30:00,48.83,-125.19,0,2,Chordata,Teleostei,Clupeiformes,Clupeidae,Clupea pallasii,Clupea pallasii,5,50,,POINT (-125.19 48.83)
ep_m0_off_transect_sighting_public_data.fid-54e28aac_191fc324609_-7ecb,923402373,Canada,British Columbia,"Oregon, Washington, Vancouver Coast and Shelf",Temperate Northern Pacific,Vancouver Island,BMSC31,Dodger Channel 2,48.83,-125.19,2023-06-09,2,RLS,2,10:30:00,48.83,-125.19,0,2,Chordata,Teleostei,Clupeiformes,Clupeidae,Clupea pallasii,Clupea pallasii,7.5,25,,POINT (-125.19 48.83)
ep_m0_off_transect_sighting_public_data.fid-54e28aac_191fc324609_-7eca,923402373,Canada,British Columbia,"Oregon, Washington, Vancouver Coast and Shelf",Temperate Northern Pacific,Vancouver Island,BMSC31,Dodger Channel 2,48.83,-125.19,2023-06-09,2,RLS,2,10:30:00,48.83,-125.19,0,2,Chordata,Teleostei,Gobiesociformes,Gobiesocidae,Gobiesox maeandricus,Gobiesox maeandricus,2.5,1,,POINT (-125.19 48.83)
ep_m0_off_transect_sighting_public_data.fid-54e28aac_191fc324609_-7ec9,923402373,Canada,British Columbia,"Oregon, Washington, Vancouver Coast and Shelf",Temperate Northern Pacific,Vancouver Island,BMSC31,Dodger Channel 2,48.83,-125.19,2023-06-09,2,RLS,2,10:30:00,48.83,-125.19,0,2,,,,,Debris - Zero,,0,1,,POINT (-125.19 48.83)
ep_m0_off_transect_sighting_public_data.fid-54e28aac_191fc324609_-7ec8,923400145,Canada,British Columbia,"Oregon, Washington, Vancouver Coast and Shelf",Temperate Northern Pacific,Vancouver Island,BMSC18,Eussen Rock,48.91,-125.27,2021-05-05,7.5,RLS,4,14:45:00,,,0,1,Chordata,Actinopterygii,Scorpaeniformes,Hexagrammidae,Oxylebius pictus,Oxylebius pictus,10,1,21.4147,POINT (-125.2699966430664 48.90999984741211)
ep_m0_off_transect_sighting_public_data.fid-54e28aac_191fc324609_-7ec7,923400145,Canada,British Columbia,"Oregon, Washington, Vancouver Coast and Shelf",Temperate Northern Pacific,Vancouver Island,BMSC18,Eussen Rock,48.91,-125.27,2021-05-05,7.5,RLS,4,14:45:00,,,0,1,Chordata,Actinopterygii,Scorpaeniformes,Hexagrammidae,Oxylebius pictus,Oxylebius pictus,15,2,146.9126,POINT (-125.2699966430664 48.90999984741211)
ep_m0_off_transect_sighting_public_data.fid-54e28aac_191fc324609_-7ec6,923400145,Canada,British Columbia,"Oregon, Washington, Vancouver Coast and Shelf",Temperate Northern Pacific,Vancouver Island,BMSC18,Eussen Rock,48.91,-125.27,2021-05-05,7.5,RLS,4,14:45:00,,,0,1,Chordata,Actinopterygii,Scorpaeniformes,Sebastidae,Sebastes maliger,Sebastes maliger,25,1,250.4119,POINT (-125.2699966430664 48.90999984741211)
ep_m0_off_transect_sighting_public_data.fid-54e28aac_191fc324609_-7ec5,923400145,Canada,British Columbia,"Oregon, Washington, Vancouver Coast and Shelf",Temperate Northern Pacific,Vancouver Island,BMSC18,Eussen Rock,48.91,-125.27,2021-05-05,7.5,RLS,4,14:45:00,,,0,1,Chordata,Actinopterygii,Scorpaeniformes,Sebastidae,Sebastes nebulosus,Sebastes nebulosus,20,1,162.7257,POINT (-125.2699966430664 48.90999984741211)
ep_m0_off_transect_sighting_public_data.fid-54e28aac_191fc324609_-7ec4,923400145,Canada,British Columbia,"Oregon, Washington, Vancouver Coast and Shelf",Temperate Northern Pacific,Vancouver Island,BMSC18,Eussen Rock,48.91,-125.27,2021-05-05,7.5,RLS,4,14:45:00,,,0,1,Chordata,Actinopterygii,Scorpaeniformes,Sebastidae,Sebastes nebulosus,Sebastes nebulosus,35,1,516.4341,POINT (-125.2699966430664 48.90999984741211)
ep_m0_off_transect_sighting_public_data.fid-54e28aac_191fc324609_-7ec3,923400145,Canada,British Columbia,"Oregon, Washington, Vancouver Coast and Shelf",Temperate Northern Pacific,Vancouver Island,BMSC18,Eussen Rock,48.91,-125.27,2021-05-05,7.5,RLS,4,14:45:00,,,0,2,Arthropoda,Malacostraca,Decapoda,Epialtidae,Scyra acutifrons,Scyra acutifrons,0,1,,POINT (-125.2699966430664 48.90999984741211)
ep_m0_off_transect_sighting_public_data.fid-54e28aac_191fc324609_-7ec2,923400145,Canada,British Columbia,"Oregon, Washington, Vancouver Coast and Shelf",Temperate Northern Pacific,Vancouver Island,BMSC18,Eussen Rock,48.91,-125.27,2021-05-05,7.5,RLS,4,14:45:00,,,0,2,Chordata,Actinopterygii,Scorpaeniformes,Cottidae,Hemilepidotus hemilepidotus,Hemilepidotus hemilepidotus,30,1,317.2448,POINT (-125.2699966430664 48.90999984741211)
ep_m0_off_transect_sighting_public_data.fid-54e28aac_191fc324609_-7ec1,923400145,Canada,British Columbia,"Oregon, Washington, Vancouver Coast and Shelf",Temperate Northern Pacific,Vancouver Island,BMSC18,Eussen Rock,48.91,-125.27,2021-05-05,7.5,RLS,4,14:45:00,,,0,2,Chordata,Actinopterygii,Scorpaeniformes,Hexagrammidae,Oxylebius pictus,Oxylebius pictus,0,6,,POINT (-125.2699966430664 48.90999984741211)
ep_m0_off_transect_sighting_public_data.fid-54e28aac_191fc324609_-7ec0,923400145,Canada,British Columbia,"Oregon, Washington, Vancouver Coast and Shelf",Temperate Northern Pacific,Vancouver Island,BMSC18,Eussen Rock,48.91,-125.27,2021-05-05,7.5,RLS,4,14:45:00,,,0,2,Chordata,Actinopterygii,Scorpaeniformes,Sebastidae,Sebastes caurinus,Sebastes caurinus,0,2,,POINT (-125.2699966430664 48.90999984741211)
ep_m0_off_transect_sighting_public_data.fid-54e28aac_191fc324609_-7ebf,923400145,Canada,British Columbia,"Oregon, Washington, Vancouver Coast and Shelf",Temperate Northern Pacific,Vancouver Island,BMSC18,Eussen Rock,48.91,-125.27,2021-05-05,7.5,RLS,4,14:45:00,,,0,2,Chordata,Actinopterygii,Scorpaeniformes,Sebastidae,Sebastes flavidus,Sebastes flavidus,35,1,516.4341,POINT (-125.2699966430664 48.90999984741211)
ep_m0_off_transect_sighting_public_data.fid-54e28aac_191fc324609_-7ebe,923400145,Canada,British Columbia,"Oregon, Washington, Vancouver Coast and Shelf",Temperate Northern Pacific,Vancouver Island,BMSC18,Eussen Rock,48.91,-125.27,2021-05-05,7.5,RLS,4,14:45:00,,,0,2,Chordata,Actinopterygii,Scorpaeniformes,Sebastidae,Sebastes maliger,Sebastes maliger,10,1,21.0804,POINT (-125.2699966430664 48.90999984741211)
ep_m0_off_transect_sighting_public_data.fid-54e28aac_191fc324609_-7ebd,923400145,Canada,British Columbia,"Oregon, Washington, Vancouver Coast and Shelf",Temperate Northern Pacific,Vancouver Island,BMSC18,Eussen Rock,48.91,-125.27,2021-05-05,7.5,RLS,4,14:45:00,,,0,2,Chordata,Actinopterygii,Scorpaeniformes,Sebastidae,Sebastes melanops,Sebastes melanops,0,1,,POINT (-125.2699966430664 48.90999984741211)
ep_m0_off_transect_sighting_public_data.fid-54e28aac_191fc324609_-7ebc,923400145,Canada,British Columbia,"Oregon, Washington, Vancouver Coast and Shelf",Temperate Northern Pacific,Vancouver Island,BMSC18,Eussen Rock,48.91,-125.27,2021-05-05,7.5,RLS,4,14:45:00,,,0,2,Chordata,Actinopterygii,Scorpaeniformes,Sebastidae,Sebastes nebulosus,Sebastes nebulosus,10,1,21.0804,POINT (-125.2699966430664 48.90999984741211)
ep_m0_off_transect_sighting_public_data.fid-54e28aac_191fc324609_-7ebb,923400145,Canada,British Columbia,"Oregon, Washington, Vancouver Coast and Shelf",Temperate Northern Pacific,Vancouver Island,BMSC18,Eussen Rock,48.91,-125.27,2021-05-05,7.5,RLS,4,14:45:00,,,0,2,Chordata,Actinopterygii,Scorpaeniformes,Sebastidae,Sebastes spp.,Sebastes spp.,7.5,2,20.7036,POINT (-125.2699966430664 48.90999984741211)
ep_m0_off_transect_sighting_public_data.fid-54e28aac_191fc324609_-7eba,923400145,Canada,British Columbia,"Oregon, Washington, Vancouver Coast and Shelf",Temperate Northern Pacific,Vancouver Island,BMSC18,Eussen Rock,48.91,-125.27,2021-05-05,7.5,RLS,4,14:45:00,,,0,2,Mollusca,Gastropoda,Nudibranchia,Discodorididae,Diaulula odonoghuei,Diaulula odonoghuei,0,1,,POINT (-125.2699966430664 48.90999984741211)
ep_m0_off_transect_sighting_public_data.fid-54e28aac_191fc324609_-7eb9,923401196,Canada,British Columbia,"Oregon, Washington, Vancouver Coast and Shelf",Temperate Northern Pacific,Vancouver Island,BMSC18,Eussen Rock,48.91,-125.27,2022-04-27,7.5,RLS,2,14:40:00,,,0,2,Chordata,Actinopterygii,Scorpaeniformes,Sebastidae,Sebastes maliger,Sebastes maliger,25,1,250.4119,POINT (-125.2699966430664 48.90999984741211)
ep_m0_off_transect_sighting_public_data.fid-54e28aac_191fc324609_-7eb8,923401196,Canada,British Columbia,"Oregon, Washington, Vancouver Coast and Shelf",Temperate Northern Pacific,Vancouver Island,BMSC18,Eussen Rock,48.91,-125.27,2022-04-27,7.5,RLS,2,14:40:00,,,0,1,Chordata,Actinopterygii,Scorpaeniformes,Sebastidae,Sebastes caurinus,Sebastes caurinus,7.5,1,8.6909,POINT (-125.2699966430664 48.90999984741211)
ep_m0_off_transect_sighting_public_data.fid-54e28aac_191fc324609_-7eb7,923401196,Canada,British Columbia,"Oregon, Washington, Vancouver Coast and Shelf",Temperate Northern Pacific,Vancouver Island,BMSC18,Eussen Rock,48.91,-125.27,2022-04-27,7.5,RLS,2,14:40:00,,,0,1,Chordata,Actinopterygii,Scorpaeniformes,Sebastidae,Sebastes caurinus,Sebastes caurinus,10,3,63.2411,POINT (-125.2699966430664 48.90999984741211)
ep_m0_off_transect_sighting_public_data.fid-54e28aac_191fc324609_-7eb6,923401196,Canada,British Columbia,"Oregon, Washington, Vancouver Coast and Shelf",Temperate Northern Pacific,Vancouver Island,BMSC18,Eussen Rock,48.91,-125.27,2022-04-27,7.5,RLS,2,14:40:00,,,0,1,Chordata,Actinopterygii,Scorpaeniformes,Sebastidae,Sebastes caurinus,Sebastes caurinus,12.5,1,41.9142,POINT (-125.2699966430664 48.90999984741211)
ep_m0_off_transect_sighting_public_data.fid-54e28aac_191fc324609_-7eb5,923401196,Canada,British Columbia,"Oregon, Washington, Vancouver Coast and Shelf",Temperate Northern Pacific,Vancouver Island,BMSC18,Eussen Rock,48.91,-125.27,2022-04-27,7.5,RLS,2,14:40:00,,,0,1,Chordata,Actinopterygii,Scorpaeniformes,Sebastidae,Sebastes melanops,Sebastes melanops,0,1,,POINT (-125.2699966430664 48.90999984741211)
ep_m0_off_transect_sighting_public_data.fid-54e28aac_191fc324609_-7eb4,923401196,Canada,British Columbia,"Oregon, Washington, Vancouver Coast and Shelf",Temperate Northern Pacific,Vancouver Island,BMSC18,Eussen Rock,48.91,-125.27,2022-04-27,7.5,RLS,2,14:40:00,,,0,1,Chordata,Actinopterygii,Scorpaeniformes,Sebastidae,Sebastes melanops,Sebastes melanops,15,1,73.4918,POINT (-125.2699966430664 48.90999984741211)
ep_m0_off_transect_sighting_public_data.fid-54e28aac_191fc324609_-7eb3,923401196,Canada,British Columbia,"Oregon, Washington, Vancouver Coast and Shelf",Temperate Northern Pacific,Vancouver Island,BMSC18,Eussen Rock,48.91,-125.27,2022-04-27,7.5,RLS,2,14:40:00,,,0,1,Chordata,Actinopterygii,Scorpaeniformes,Sebastidae,Sebastes nebulosus,Sebastes nebulosus,25,1,250.4119,POINT (-125.2699966430664 48.90999984741211)
ep_m0_off_transect_sighting_public_data.fid-54e28aac_191fc324609_-7eb2,923401196,Canada,British Columbia,"Oregon, Washington, Vancouver Coast and Shelf",Temperate Northern Pacific,Vancouver Island,BMSC18,Eussen Rock,48.91,-125.27,2022-04-27,7.5,RLS,2,14:40:00,,,0,1,Chordata,Actinopterygii,Scorpaeniformes,Sebastidae,Sebastes nebulosus,Sebastes nebulosus,35,2,1032.8683,POINT (-125.2699966430664 48.90999984741211)
ep_m0_off_transect_sighting_public_data.fid-54e28aac_191fc324609_-7eb1,923401196,Canada,British Columbia,"Oregon, Washington, Vancouver Coast and Shelf",Temperate Northern Pacific,Vancouver Island,BMSC18,Eussen Rock,48.91,-125.27,2022-04-27,7.5,RLS,2,14:40:00,,,0,1,Chordata,Actinopterygii,Scorpaeniformes,Sebastidae,Sebastes nebulosus,Sebastes nebulosus,40,1,659.434,POINT (-125.2699966430664 48.90999984741211)
ep_m0_off_transect_sighting_public_data.fid-54e28aac_191fc324609_-7eb0,923401196,Canada,British Columbia,"Oregon, Washington, Vancouver Coast and Shelf",Temperate Northern Pacific,Vancouver Island,BMSC18,Eussen Rock,48.91,-125.27,2022-04-27,7.5,RLS,2,14:40:00,,,0,1,Chordata,Actinopterygii,Scorpaeniformes,Sebastidae,Sebastes spp.,Sebastes spp.,5,1,3.0672,POINT (-125.2699966430664 48.90999984741211)
ep_m0_off_transect_sighting_public_data.fid-54e28aac_191fc324609_-7eaf,923402222,Canada,British Columbia,"Oregon, Washington, Vancouver Coast and Shelf",Temperate Northern Pacific,Vancouver Island,BMSC26,Hosie South,48.91,-125.04,2023-05-19,9.5,RLS,4,10:22:00,,,0,1,Chordata,Actinopterygii,Scorpaeniformes,Sebastidae,Sebastes melanops,Sebastes melanops,15,1,73.4918,POINT (-125.04000091552734 48.90999984741211)
ep_m0_off_transect_sighting_public_data.fid-54e28aac_191fc324609_-7eae,923402222,Canada,British Columbia,"Oregon, Washington, Vancouver Coast and Shelf",Temperate Northern Pacific,Vancouver Island,BMSC26,Hosie South,48.91,-125.04,2023-05-19,9.5,RLS,4,10:22:00,,,0,1,Echinodermata,Asteroidea,Forcipulatida,Pycnopodiidae,Pycnopodia helianthoides,Pycnopodia helianthoides,20,1,,POINT (-125.04000091552734 48.90999984741211)
ep_m0_off_transect_sighting_public_data.fid-54e28aac_191fc324609_-7ead,923402229,Canada,British Columbia,"Oregon, Washington, Vancouver Coast and Shelf",Temperate Northern Pacific,Vancouver Island,BMSC26,Hosie South,48.91,-125.04,2023-05-19,10,RLS,3,10:17:00,,,0,1,Chordata,Actinopterygii,Scorpaeniformes,Sebastidae,Sebastes melanops,Sebastes melanops,15,2,146.9837,POINT (-125.04000091552734 48.90999984741211)
ep_m0_off_transect_sighting_public_data.fid-54e28aac_191fc324609_-7eac,923402229,Canada,British Columbia,"Oregon, Washington, Vancouver Coast and Shelf",Temperate Northern Pacific,Vancouver Island,BMSC26,Hosie South,48.91,-125.04,2023-05-19,10,RLS,3,10:17:00,,,0,1,Echinodermata,Asteroidea,Forcipulatida,Pycnopodiidae,Pycnopodia helianthoides,Pycnopodia helianthoides,2.5,1,,POINT (-125.04000091552734 48.90999984741211)
ep_m0_off_transect_sighting_public_data.fid-54e28aac_191fc324609_-7eab,923402229,Canada,British Columbia,"Oregon, Washington, Vancouver Coast and Shelf",Temperate Northern Pacific,Vancouver Island,BMSC26,Hosie South,48.91,-125.04,2023-05-19,10,RLS,3,10:17:00,,,0,1,Echinodermata,Asteroidea,Forcipulatida,Pycnopodiidae,Pycnopodia helianthoides,Pycnopodia helianthoides,15,1,,POINT (-125.04000091552734 48.90999984741211)
ep_m0_off_transect_sighting_public_data.fid-54e28aac_191fc324609_-7eaa,923402229,Canada,British Columbia,"Oregon, Washington, Vancouver Coast and Shelf",Temperate Northern Pacific,Vancouver Island,BMSC26,Hosie South,48.91,-125.04,2023-05-19,10,RLS,3,10:17:00,,,0,1,Mollusca,Gastropoda,Nudibranchia,Dendronotidae,Dendronotus iris,Dendronotus iris,0,1,,POINT (-125.04000091552734 48.90999984741211)
ep_m0_off_transect_sighting_public_data.fid-54e28aac_191fc324609_-7ea9,923402229,Canada,British Columbia,"Oregon, Washington, Vancouver Coast and Shelf",Temperate Northern Pacific,Vancouver Island,BMSC26,Hosie South,48.91,-125.04,2023-05-19,10,RLS,3,10:17:00,,,0,2,Arthropoda,Malacostraca,Decapoda,Oregoniidae,Oregonia gracilis,Oregonia gracilis,0,1,,POINT (-125.04000091552734 48.90999984741211)
ep_m0_off_transect_sighting_public_data.fid-54e28aac_191fc324609_-7ea8,923402229,Canada,British Columbia,"Oregon, Washington, Vancouver Coast and Shelf",Temperate Northern Pacific,Vancouver Island,BMSC26,Hosie South,48.91,-125.04,2023-05-19,10,RLS,3,10:17:00,,,0,2,Chordata,Actinopterygii,Perciformes,Hexagrammidae,Hexagrammos decagrammus,Hexagrammos decagrammus,12.5,1,37.9668,POINT (-125.04000091552734 48.90999984741211)
ep_m0_off_transect_sighting_public_data.fid-54e28aac_191fc324609_-7ea7,923402229,Canada,British Columbia,"Oregon, Washington, Vancouver Coast and Shelf",Temperate Northern Pacific,Vancouver Island,BMSC26,Hosie South,48.91,-125.04,2023-05-19,10,RLS,3,10:17:00,,,0,2,Chordata,Actinopterygii,Scorpaeniformes,Cottidae,Hemilepidotus hemilepidotus,Hemilepidotus hemilepidotus,15,1,61.5181,POINT (-125.04000091552734 48.90999984741211)
ep_m0_off_transect_sighting_public_data.fid-54e28aac_191fc324609_-7ea6,923402229,Canada,British Columbia,"Oregon, Washington, Vancouver Coast and Shelf",Temperate Northern Pacific,Vancouver Island,BMSC26,Hosie South,48.91,-125.04,2023-05-19,10,RLS,3,10:17:00,,,0,2,Chordata,Actinopterygii,Scorpaeniformes,Sebastidae,Sebastes caurinus,Sebastes caurinus,15,1,73.4918,POINT (-125.04000091552734 48.90999984741211)
ep_m0_off_transect_sighting_public_data.fid-54e28aac_191fc324609_-7ea5,923402229,Canada,British Columbia,"Oregon, Washington, Vancouver Coast and Shelf",Temperate Northern Pacific,Vancouver Island,BMSC26,Hosie South,48.91,-125.04,2023-05-19,10,RLS,3,10:17:00,,,0,2,Mollusca,Gastropoda,Vetigastropoda,Haliotidae,Haliotis kamtschatkana,Haliotis kamtschatkana,15,1,,POINT (-125.04000091552734 48.90999984741211)
ep_m0_off_transect_sighting_public_data.fid-54e28aac_191fc324609_-7ea4,923402243,Canada,British Columbia,"Oregon, Washington, Vancouver Coast and Shelf",Temperate Northern Pacific,Vancouver Island,BMSC27,San Jose North Island,48.9,-125.06,2023-05-19,7,RLS,3,13:24:00,,,0,1,Chordata,Actinopterygii,Scorpaeniformes,Hexagrammidae,Ophiodon elongatus,Ophiodon elongatus,40,1,296.3178,POINT (-125.05999755859375 48.900001525878906)
ep_m0_off_transect_sighting_public_data.fid-54e28aac_191fc324609_-7ea3,923402247,Canada,British Columbia,"Oregon, Washington, Vancouver Coast and Shelf",Temperate Northern Pacific,Vancouver Island,BMSC27,San Jose North Island,48.9,-125.06,2023-05-19,9,RLS,3,13:24:00,,,0,0,Echinodermata,Asteroidea,Forcipulatida,Pycnopodiidae,Pycnopodia helianthoides,Pycnopodia helianthoides,20,1,,POINT (-125.05999755859375 48.900001525878906)
ep_m0_off_transect_sighting_public_data.fid-54e28aac_191fc324609_-7ea2,923402247,Canada,British Columbia,"Oregon, Washington, Vancouver Coast and Shelf",Temperate Northern Pacific,Vancouver Island,BMSC27,San Jose North Island,48.9,-125.06,2023-05-19,9,RLS,3,13:24:00,,,0,0,Echinodermata,Asteroidea,Valvatida,Goniasteridae,Mediaster aequalis,Mediaster aequalis,0,1,,POINT (-125.05999755859375 48.900001525878906)
ep_m0_off_transect_sighting_public_data.fid-54e28aac_191fc324609_-7ea1,923402247,Canada,British Columbia,"Oregon, Washington, Vancouver Coast and Shelf",Temperate Northern Pacific,Vancouver Island,BMSC27,San Jose North Island,48.9,-125.06,2023-05-19,9,RLS,3,13:24:00,,,0,0,Mollusca,Gastropoda,Nudibranchia,Dironidae,Dirona albolineata,Dirona albolineata,0,1,,POINT (-125.05999755859375 48.900001525878906)
ep_m0_off_transect_sighting_public_data.fid-54e28aac_191fc324609_-7ea0,923402247,Canada,British Columbia,"Oregon, Washington, Vancouver Coast and Shelf",Temperate Northern Pacific,Vancouver Island,BMSC27,San Jose North Island,48.9,-125.06,2023-05-19,9,RLS,3,13:24:00,,,0,0,Mollusca,Gastropoda,Nudibranchia,Discodorididae,Diaulula sandiegensis,Diaulula sandiegensis,0,1,,POINT (-125.05999755859375 48.900001525878906)
ep_m0_off_transect_sighting_public_data.fid-54e28aac_191fc324609_-7e9f,923402371,Canada,British Columbia,"Oregon, Washington, Vancouver Coast and Shelf",Temperate Northern Pacific,Vancouver Island,BMKC2,Tzartus 116 R,48.9,-125.08,2023-06-10,3,RLS,3,10:05:00,,,0,1,Chordata,Actinopterygii,Gasterosteiformes,Aulorhynchidae,Aulorhynchus flavidus,Aulorhynchus flavidus,5,2,1.4602,POINT (-125.08000183105469 48.900001525878906)
ep_m0_off_transect_sighting_public_data.fid-54e28aac_191fc324609_-7e9e,923402371,Canada,British Columbia,"Oregon, Washington, Vancouver Coast and Shelf",Temperate Northern Pacific,Vancouver Island,BMKC2,Tzartus 116 R,48.9,-125.08,2023-06-10,3,RLS,3,10:05:00,,,0,1,Chordata,Actinopterygii,Perciformes,Embiotocidae,Cymatogaster aggregata,Cymatogaster aggregata,15,1,120.4819,POINT (-125.08000183105469 48.900001525878906)
ep_m0_off_transect_sighting_public_data.fid-54e28aac_191fc324609_-7e9d,923402371,Canada,British Columbia,"Oregon, Washington, Vancouver Coast and Shelf",Temperate Northern Pacific,Vancouver Island,BMKC2,Tzartus 116 R,48.9,-125.08,2023-06-10,3,RLS,3,10:05:00,,,0,1,Chordata,Actinopterygii,Perciformes,Embiotocidae,Embiotoca lateralis,Embiotoca lateralis,15,1,120.4819,POINT (-125.08000183105469 48.900001525878906)
ep_m0_off_transect_sighting_public_data.fid-54e28aac_191fc324609_-7e9c,923402371,Canada,British Columbia,"Oregon, Washington, Vancouver Coast and Shelf",Temperate Northern Pacific,Vancouver Island,BMKC2,Tzartus 116 R,48.9,-125.08,2023-06-10,3,RLS,3,10:05:00,,,0,1,Chordata,Actinopterygii,Perciformes,Embiotocidae,Embiotoca lateralis,Embiotoca lateralis,20,1,262.672,POINT (-125.08000183105469 48.900001525878906)
ep_m0_off_transect_sighting_public_data.fid-54e28aac_191fc324609_-7e9b,923402371,Canada,British Columbia,"Oregon, Washington, Vancouver Coast and Shelf",Temperate Northern Pacific,Vancouver Island,BMKC2,Tzartus 116 R,48.9,-125.08,2023-06-10,3,RLS,3,10:05:00,,,0,1,Chordata,Actinopterygii,Perciformes,Hexagrammidae,Hexagrammos decagrammus,Hexagrammos decagrammus,5,1,2.1769,POINT (-125.08000183105469 48.900001525878906)
ep_m0_off_transect_sighting_public_data.fid-54e28aac_191fc324609_-7e9a,923402371,Canada,British Columbia,"Oregon, Washington, Vancouver Coast and Shelf",Temperate Northern Pacific,Vancouver Island,BMKC2,Tzartus 116 R,48.9,-125.08,2023-06-10,3,RLS,3,10:05:00,,,0,1,Chordata,Actinopterygii,Perciformes,Hexagrammidae,Hexagrammos decagrammus,Hexagrammos decagrammus,12.5,1,37.9668,POINT (-125.08000183105469 48.900001525878906)
ep_m0_off_transect_sighting_public_data.fid-54e28aac_191fc324609_-7e99,923402371,Canada,British Columbia,"Oregon, Washington, Vancouver Coast and Shelf",Temperate Northern Pacific,Vancouver Island,BMKC2,Tzartus 116 R,48.9,-125.08,2023-06-10,3,RLS,3,10:05:00,,,0,1,,,,,Debris - Zero,,0,1,,POINT (-125.08000183105469 48.900001525878906)
