# data_column_name,cf_standard_name,long_name,imos_vocabulary_name,unit_name,unit_short_name
# abundance,number_concentration_of_biological_taxon_in_sea_water,taxonomic level abundance,Abundance of biota,,
# area,,state/territory where the survey was conducted,,,
# avg_rugosity,,average roughness of the floor surface,,,
# biomass,,estimated biomass,,Grams,g
# block,,number of the block ,,,
# category,,sub-class of the annotation schema,,,
# class,biological_taxon_name,identification of the biotic elements to the scientific classification group,Biotic taxonomic identification,,
# common_class_name,,common name of the taxonomic rank,,,
# common_family_name,,common name of the taxonomic rank,,,
# common_name,,common name of the taxonomic rank,,,
# common_phylum_name,,common name of the taxonomic rank,,,
# country,,country where the survey was conducted,,,
# currents,,currents index,,,
# depth,depth,,Depth below surface of the water body,Metres,m                                                                                                             
# direction,,compass direction,True bearing,,
# ecoregion,,ecological region where the survey was conducted,,,
# family,biological_taxon_name,identification of the biotic elements to the scientific classification group,Biotic taxonomic identification,,
# frequency,,rarity index frequency of the species,,,
# genus,biological_taxon_name,identification of the biotic elements to the scientific classification group,Biotic taxonomic identification,,
# has pqs catalogued in db,,survey has Photos Quadrats catalogued in database,,,
# has pq scores in db,,survey has Photo Quadrat scores in database,,,
# has rugosity scores in db,,survey has rugosity scores in database,,,
# hour,time,local time of sample collection,,,
# latest surveydate for site,,latest survey date at the site,,,
# latitude,latitude,,Latitude north,Degrees,deg                                                                                                           
# lat_zone,,latitudinal zone (eg. tropical/temperate/polar),,,
# location,,city/council where the survey was conducted,,,
# longitude,longitude,,Longitude east,Degrees,deg                                                                                                           
# major_category,,class of the annotation schema,,,
# max_length,,maximum length of the species,,Centimetres,cm
# max_rugosity,,maximum roughness of the floor surface,,,
# method,,identifier for method applied to collect the observation,,,
# methods,,list of methods applied to collect the survey observations,,,
# mpa,,Marine Protected Area,,,
# num_points,,number of points associated to the observed item,,,
# old_site_codes,,previous codes of the site, now updated to [site_code],,,
# order,biological_taxon_name,identification of the biotic elements to the scientific classification group,Biotic taxonomic identification,,
# percent_cover,,percentage of the surface covered by the observed item,,Percent,%                                                                                                             
# phylum,biological_taxon_name,identification of the biotic elements to the scientific classification group,Biotic taxonomic identification,,
# pq_zip_url,,url for the Photo Quadrat zip file,,,
# program,,acronym identifying the program(s) - RLS or ATRC,,,
# programs,,acronym identifying the program(s) - RLS or ATRC,,,
# province,,ecological province where the survey was collected,,,
# quadrat,,Quadrat number,,,
# range,,rarity index range of the species,,Kilometres,km
# realm,,realm where the survey was conducted,,,
# recorded_species_name,biological_taxon_name,identification of the biotic elements to the scientific classification group,Biotic taxonomic identification,,
# relief,,relief index,,,
# reporting_name,,reporting name for the observed species,,,
# resolution,,annotation schema,,,
# site_code,,code for the survey site,,,
# site_name,,name of the survey site,,,
# size_class,,size class,,Centimetres,cm
# slope,,slope index,,,
# species_id,,species identifier,,,
# species_name,biological_taxon_name,identification of the biotic elements to the scientific classification group,Biotic taxonomic identification,,
# superseded_ids,,species identifier of the superseded species,,,
# superseded_names,,name of the superseded species,,,
# surface,,type of substrate,,,
# survey_date,,local date,,Date,yyyy-mm-dd
# survey_id,,survey identification number,,,
# survey_latitude,latitude,,Latitude north,Degrees,deg                                                                                                           
# survey_longitude,longitude,,Longitude east,Degrees,deg                                                                                                           
# survey_notes,,additional notes about the survey,,,
# taxon,biological_taxon_name,identification of the biotic elements to the scientific classification group,Biotic taxonomic identification,,
# total,,total number of observations,,,
# total_points,,total number of point counted in the Quadrat,,,
# visibility,,the distance in water at which something can be seen,,Metres,m                                                                                                             
# wave_exposure,,wave exposure index,,,

FID,survey_id,country,area,ecoregion,realm,location,site_code,site_name,latitude,longitude,survey_date,depth,program,visibility,hour,survey_latitude,survey_longitude,method,block,phylum,class,order,family,species_name,reporting_name,size_class,total,biomass,geom
ep_m2_cryptic_fish_public_data.fid-1acd095e_191e9c2e144_-5c1b,923400138,Canada,British Columbia,"Oregon, Washington, Vancouver Coast and Shelf",Temperate Northern Pacific,Vancouver Island,BMSC3,Ohiat,48.86,-125.18,2021-04-27,5.5,RLS,5,12:39:00,,,2,1,Chordata,Actinopterygii,Perciformes,Gobiidae,Rhinogobiops nicholsii,Rhinogobiops nicholsii,5,1,2.2561,POINT (-125.18000030517578 48.86000061035156)
ep_m2_cryptic_fish_public_data.fid-1acd095e_191e9c2e144_-5c1a,923400138,Canada,British Columbia,"Oregon, Washington, Vancouver Coast and Shelf",Temperate Northern Pacific,Vancouver Island,BMSC3,Ohiat,48.86,-125.18,2021-04-27,5.5,RLS,5,12:39:00,,,2,1,Chordata,Actinopterygii,Perciformes,Gobiidae,Rhinogobiops nicholsii,Rhinogobiops nicholsii,7.5,1,7.7703,POINT (-125.18000030517578 48.86000061035156)
ep_m2_cryptic_fish_public_data.fid-1acd095e_191e9c2e144_-5c19,923400138,Canada,British Columbia,"Oregon, Washington, Vancouver Coast and Shelf",Temperate Northern Pacific,Vancouver Island,BMSC3,Ohiat,48.86,-125.18,2021-04-27,5.5,RLS,5,12:39:00,,,2,1,Chordata,Actinopterygii,Perciformes,Gobiidae,Rhinogobiops nicholsii,Rhinogobiops nicholsii,12.5,1,36.9044,POINT (-125.18000030517578 48.86000061035156)
ep_m2_cryptic_fish_public_data.fid-1acd095e_191e9c2e144_-5c18,923400138,Canada,British Columbia,"Oregon, Washington, Vancouver Coast and Shelf",Temperate Northern Pacific,Vancouver Island,BMSC3,Ohiat,48.86,-125.18,2021-04-27,5.5,RLS,5,12:39:00,,,2,1,Chordata,Actinopterygii,Scorpaeniformes,Cottidae,Artedius harringtoni,Artedius harringtoni,5,2,3.8605,POINT (-125.18000030517578 48.86000061035156)
ep_m2_cryptic_fish_public_data.fid-1acd095e_191e9c2e144_-5c17,923400138,Canada,British Columbia,"Oregon, Washington, Vancouver Coast and Shelf",Temperate Northern Pacific,Vancouver Island,BMSC3,Ohiat,48.86,-125.18,2021-04-27,5.5,RLS,5,12:39:00,,,2,1,Chordata,Actinopterygii,Scorpaeniformes,Cottidae,Jordania zonope,Jordania zonope,5,1,1.9303,POINT (-125.18000030517578 48.86000061035156)
ep_m2_cryptic_fish_public_data.fid-1acd095e_191e9c2e144_-5c16,923400138,Canada,British Columbia,"Oregon, Washington, Vancouver Coast and Shelf",Temperate Northern Pacific,Vancouver Island,BMSC3,Ohiat,48.86,-125.18,2021-04-27,5.5,RLS,5,12:39:00,,,2,1,Chordata,Actinopterygii,Scorpaeniformes,Cottidae,Jordania zonope,Jordania zonope,7.5,2,13.7344,POINT (-125.18000030517578 48.86000061035156)
ep_m2_cryptic_fish_public_data.fid-1acd095e_191e9c2e144_-5c15,923400138,Canada,British Columbia,"Oregon, Washington, Vancouver Coast and Shelf",Temperate Northern Pacific,Vancouver Island,BMSC3,Ohiat,48.86,-125.18,2021-04-27,5.5,RLS,5,12:39:00,,,2,1,Chordata,Actinopterygii,Scorpaeniformes,Cottidae,Jordania zonope,Jordania zonope,10,1,16.8981,POINT (-125.18000030517578 48.86000061035156)
ep_m2_cryptic_fish_public_data.fid-1acd095e_191e9c2e144_-5c14,923400138,Canada,British Columbia,"Oregon, Washington, Vancouver Coast and Shelf",Temperate Northern Pacific,Vancouver Island,BMSC3,Ohiat,48.86,-125.18,2021-04-27,5.5,RLS,5,12:39:00,,,2,1,Chordata,Actinopterygii,Scorpaeniformes,Hexagrammidae,Oxylebius pictus,Oxylebius pictus,12.5,1,42.2005,POINT (-125.18000030517578 48.86000061035156)
ep_m2_cryptic_fish_public_data.fid-1acd095e_191e9c2e144_-5c13,923400138,Canada,British Columbia,"Oregon, Washington, Vancouver Coast and Shelf",Temperate Northern Pacific,Vancouver Island,BMSC3,Ohiat,48.86,-125.18,2021-04-27,5.5,RLS,5,12:39:00,,,2,2,Chordata,Actinopterygii,Perciformes,Hexagrammidae,Hexagrammos decagrammus,Hexagrammos decagrammus,10,1,18.9254,POINT (-125.18000030517578 48.86000061035156)
ep_m2_cryptic_fish_public_data.fid-1acd095e_191e9c2e144_-5c12,923401188,Canada,British Columbia,"Oregon, Washington, Vancouver Coast and Shelf",Temperate Northern Pacific,Vancouver Island,BMSC3,Ohiat,48.86,-125.18,2022-05-05,6.5,RLS,3,13:45:00,,,2,2,Chordata,Actinopterygii,Scorpaeniformes,Cottidae,Artedius harringtoni,Artedius harringtoni,2.5,8,1.7639,POINT (-125.18000030517578 48.86000061035156)
ep_m2_cryptic_fish_public_data.fid-1acd095e_191e9c2e144_-5c11,923401188,Canada,British Columbia,"Oregon, Washington, Vancouver Coast and Shelf",Temperate Northern Pacific,Vancouver Island,BMSC3,Ohiat,48.86,-125.18,2022-05-05,6.5,RLS,3,13:45:00,,,2,2,Chordata,Actinopterygii,Scorpaeniformes,Cottidae,Artedius harringtoni,Artedius harringtoni,5,10,19.3025,POINT (-125.18000030517578 48.86000061035156)
ep_m2_cryptic_fish_public_data.fid-1acd095e_191e9c2e144_-5c10,923401188,Canada,British Columbia,"Oregon, Washington, Vancouver Coast and Shelf",Temperate Northern Pacific,Vancouver Island,BMSC3,Ohiat,48.86,-125.18,2022-05-05,6.5,RLS,3,13:45:00,,,2,2,Chordata,Actinopterygii,Scorpaeniformes,Cottidae,Jordania zonope,Jordania zonope,5,1,1.9303,POINT (-125.18000030517578 48.86000061035156)
ep_m2_cryptic_fish_public_data.fid-1acd095e_191e9c2e144_-5c0f,923401188,Canada,British Columbia,"Oregon, Washington, Vancouver Coast and Shelf",Temperate Northern Pacific,Vancouver Island,BMSC3,Ohiat,48.86,-125.18,2022-05-05,6.5,RLS,3,13:45:00,,,2,1,Chordata,Actinopterygii,Scorpaeniformes,Cottidae,Artedius harringtoni,Artedius harringtoni,2.5,3,0.6615,POINT (-125.18000030517578 48.86000061035156)
ep_m2_cryptic_fish_public_data.fid-1acd095e_191e9c2e144_-5c0e,923401188,Canada,British Columbia,"Oregon, Washington, Vancouver Coast and Shelf",Temperate Northern Pacific,Vancouver Island,BMSC3,Ohiat,48.86,-125.18,2022-05-05,6.5,RLS,3,13:45:00,,,2,1,Chordata,Actinopterygii,Scorpaeniformes,Cottidae,Artedius harringtoni,Artedius harringtoni,5,3,5.7908,POINT (-125.18000030517578 48.86000061035156)
ep_m2_cryptic_fish_public_data.fid-1acd095e_191e9c2e144_-5c0d,923401188,Canada,British Columbia,"Oregon, Washington, Vancouver Coast and Shelf",Temperate Northern Pacific,Vancouver Island,BMSC3,Ohiat,48.86,-125.18,2022-05-05,6.5,RLS,3,13:45:00,,,2,1,Chordata,Actinopterygii,Scorpaeniformes,Cottidae,Cottidae spp.,Cottid spp.,7.5,1,6.4152,POINT (-125.18000030517578 48.86000061035156)
ep_m2_cryptic_fish_public_data.fid-1acd095e_191e9c2e144_-5c0c,923401188,Canada,British Columbia,"Oregon, Washington, Vancouver Coast and Shelf",Temperate Northern Pacific,Vancouver Island,BMSC3,Ohiat,48.86,-125.18,2022-05-05,6.5,RLS,3,13:45:00,,,2,1,Chordata,Actinopterygii,Scorpaeniformes,Hexagrammidae,Ophiodon elongatus,Ophiodon elongatus,50,1,599.5206,POINT (-125.18000030517578 48.86000061035156)
ep_m2_cryptic_fish_public_data.fid-1acd095e_191e9c2e144_-5c0b,923402236,Canada,British Columbia,"Oregon, Washington, Vancouver Coast and Shelf",Temperate Northern Pacific,Vancouver Island,BMSC3,Ohiat,48.86,-125.18,2023-05-12,7.5,RLS,1,12:40:00,,,2,2,Chordata,Actinopterygii,Perciformes,Gobiidae,Rhinogobiops nicholsii,Rhinogobiops nicholsii,2.5,2,0.5448,POINT (-125.18000030517578 48.86000061035156)
ep_m2_cryptic_fish_public_data.fid-1acd095e_191e9c2e144_-5c0a,923402236,Canada,British Columbia,"Oregon, Washington, Vancouver Coast and Shelf",Temperate Northern Pacific,Vancouver Island,BMSC3,Ohiat,48.86,-125.18,2023-05-12,7.5,RLS,1,12:40:00,,,2,2,Chordata,Actinopterygii,Perciformes,Gobiidae,Rhinogobiops nicholsii,Rhinogobiops nicholsii,5,6,13.5367,POINT (-125.18000030517578 48.86000061035156)
ep_m2_cryptic_fish_public_data.fid-1acd095e_191e9c2e144_-5c09,923402236,Canada,British Columbia,"Oregon, Washington, Vancouver Coast and Shelf",Temperate Northern Pacific,Vancouver Island,BMSC3,Ohiat,48.86,-125.18,2023-05-12,7.5,RLS,1,12:40:00,,,2,2,Chordata,Actinopterygii,Perciformes,Gobiidae,Rhinogobiops nicholsii,Rhinogobiops nicholsii,7.5,2,15.5407,POINT (-125.18000030517578 48.86000061035156)
ep_m2_cryptic_fish_public_data.fid-1acd095e_191e9c2e144_-5c08,923402236,Canada,British Columbia,"Oregon, Washington, Vancouver Coast and Shelf",Temperate Northern Pacific,Vancouver Island,BMSC3,Ohiat,48.86,-125.18,2023-05-12,7.5,RLS,1,12:40:00,,,2,2,Chordata,Actinopterygii,Scorpaeniformes,Cottidae,Artedius harringtoni,Artedius harringtoni,2.5,3,0.6615,POINT (-125.18000030517578 48.86000061035156)
ep_m2_cryptic_fish_public_data.fid-1acd095e_191e9c2e144_-5c07,923402236,Canada,British Columbia,"Oregon, Washington, Vancouver Coast and Shelf",Temperate Northern Pacific,Vancouver Island,BMSC3,Ohiat,48.86,-125.18,2023-05-12,7.5,RLS,1,12:40:00,,,2,2,Chordata,Actinopterygii,Scorpaeniformes,Cottidae,Artedius harringtoni,Artedius harringtoni,5,5,9.6513,POINT (-125.18000030517578 48.86000061035156)
ep_m2_cryptic_fish_public_data.fid-1acd095e_191e9c2e144_-5c06,923402236,Canada,British Columbia,"Oregon, Washington, Vancouver Coast and Shelf",Temperate Northern Pacific,Vancouver Island,BMSC3,Ohiat,48.86,-125.18,2023-05-12,7.5,RLS,1,12:40:00,,,2,2,Chordata,Actinopterygii,Scorpaeniformes,Cottidae,Hemilepidotus hemilepidotus,Hemilepidotus hemilepidotus,25,1,213.8268,POINT (-125.18000030517578 48.86000061035156)
ep_m2_cryptic_fish_public_data.fid-1acd095e_191e9c2e144_-5c05,923402236,Canada,British Columbia,"Oregon, Washington, Vancouver Coast and Shelf",Temperate Northern Pacific,Vancouver Island,BMSC3,Ohiat,48.86,-125.18,2023-05-12,7.5,RLS,1,12:40:00,,,2,2,Chordata,Actinopterygii,Scorpaeniformes,Cottidae,Jordania zonope,Jordania zonope,2.5,2,0.441,POINT (-125.18000030517578 48.86000061035156)
ep_m2_cryptic_fish_public_data.fid-1acd095e_191e9c2e144_-5c04,923402236,Canada,British Columbia,"Oregon, Washington, Vancouver Coast and Shelf",Temperate Northern Pacific,Vancouver Island,BMSC3,Ohiat,48.86,-125.18,2023-05-12,7.5,RLS,1,12:40:00,,,2,2,Chordata,Teleostei,Perciformes,Stichaeidae,Chirolophis nugator,Chirolophis nugator,7.5,1,,POINT (-125.18000030517578 48.86000061035156)
ep_m2_cryptic_fish_public_data.fid-1acd095e_191e9c2e144_-5c03,923402236,Canada,British Columbia,"Oregon, Washington, Vancouver Coast and Shelf",Temperate Northern Pacific,Vancouver Island,BMSC3,Ohiat,48.86,-125.18,2023-05-12,7.5,RLS,1,12:40:00,,,2,1,Chordata,Actinopterygii,Perciformes,Gobiidae,Rhinogobiops nicholsii,Rhinogobiops nicholsii,2.5,4,1.0896,POINT (-125.18000030517578 48.86000061035156)
ep_m2_cryptic_fish_public_data.fid-1acd095e_191e9c2e144_-5c02,923402236,Canada,British Columbia,"Oregon, Washington, Vancouver Coast and Shelf",Temperate Northern Pacific,Vancouver Island,BMSC3,Ohiat,48.86,-125.18,2023-05-12,7.5,RLS,1,12:40:00,,,2,1,Chordata,Actinopterygii,Perciformes,Gobiidae,Rhinogobiops nicholsii,Rhinogobiops nicholsii,5,5,11.2806,POINT (-125.18000030517578 48.86000061035156)
ep_m2_cryptic_fish_public_data.fid-1acd095e_191e9c2e144_-5c01,923402236,Canada,British Columbia,"Oregon, Washington, Vancouver Coast and Shelf",Temperate Northern Pacific,Vancouver Island,BMSC3,Ohiat,48.86,-125.18,2023-05-12,7.5,RLS,1,12:40:00,,,2,1,Chordata,Actinopterygii,Perciformes,Gobiidae,Rhinogobiops nicholsii,Rhinogobiops nicholsii,7.5,4,31.0813,POINT (-125.18000030517578 48.86000061035156)
ep_m2_cryptic_fish_public_data.fid-1acd095e_191e9c2e144_-5c00,923402236,Canada,British Columbia,"Oregon, Washington, Vancouver Coast and Shelf",Temperate Northern Pacific,Vancouver Island,BMSC3,Ohiat,48.86,-125.18,2023-05-12,7.5,RLS,1,12:40:00,,,2,1,Chordata,Actinopterygii,Perciformes,Gobiidae,Rhinogobiops nicholsii,Rhinogobiops nicholsii,10,1,18.6854,POINT (-125.18000030517578 48.86000061035156)
ep_m2_cryptic_fish_public_data.fid-1acd095e_191e9c2e144_-5bff,923402236,Canada,British Columbia,"Oregon, Washington, Vancouver Coast and Shelf",Temperate Northern Pacific,Vancouver Island,BMSC3,Ohiat,48.86,-125.18,2023-05-12,7.5,RLS,1,12:40:00,,,2,1,Chordata,Actinopterygii,Scorpaeniformes,Cottidae,Artedius harringtoni,Artedius harringtoni,2.5,9,1.9844,POINT (-125.18000030517578 48.86000061035156)
ep_m2_cryptic_fish_public_data.fid-1acd095e_191e9c2e144_-5bfe,923402236,Canada,British Columbia,"Oregon, Washington, Vancouver Coast and Shelf",Temperate Northern Pacific,Vancouver Island,BMSC3,Ohiat,48.86,-125.18,2023-05-12,7.5,RLS,1,12:40:00,,,2,1,Chordata,Actinopterygii,Scorpaeniformes,Cottidae,Artedius harringtoni,Artedius harringtoni,5,1,1.9303,POINT (-125.18000030517578 48.86000061035156)
ep_m2_cryptic_fish_public_data.fid-1acd095e_191e9c2e144_-5bfd,923402236,Canada,British Columbia,"Oregon, Washington, Vancouver Coast and Shelf",Temperate Northern Pacific,Vancouver Island,BMSC3,Ohiat,48.86,-125.18,2023-05-12,7.5,RLS,1,12:40:00,,,2,1,Chordata,Actinopterygii,Scorpaeniformes,Cottidae,Jordania zonope,Jordania zonope,2.5,2,0.441,POINT (-125.18000030517578 48.86000061035156)
ep_m2_cryptic_fish_public_data.fid-1acd095e_191e9c2e144_-5bfc,923402236,Canada,British Columbia,"Oregon, Washington, Vancouver Coast and Shelf",Temperate Northern Pacific,Vancouver Island,BMSC3,Ohiat,48.86,-125.18,2023-05-12,7.5,RLS,1,12:40:00,,,2,1,Chordata,Actinopterygii,Scorpaeniformes,Cottidae,Jordania zonope,Jordania zonope,5,2,3.8605,POINT (-125.18000030517578 48.86000061035156)
ep_m2_cryptic_fish_public_data.fid-1acd095e_191e9c2e144_-5bfb,923400151,Canada,British Columbia,"Oregon, Washington, Vancouver Coast and Shelf",Temperate Northern Pacific,Vancouver Island,BMSC17,Wouwer Channel,48.87,-125.36,2021-05-05,5,RLS,3,12:45:00,,,2,2,Chordata,Actinopterygii,Perciformes,Gobiidae,Rhinogobiops nicholsii,Rhinogobiops nicholsii,7.5,2,15.5407,POINT (-125.36000061035156 48.869998931884766)
ep_m2_cryptic_fish_public_data.fid-1acd095e_191e9c2e144_-5bfa,923400151,Canada,British Columbia,"Oregon, Washington, Vancouver Coast and Shelf",Temperate Northern Pacific,Vancouver Island,BMSC17,Wouwer Channel,48.87,-125.36,2021-05-05,5,RLS,3,12:45:00,,,2,2,Chordata,Actinopterygii,Perciformes,Gobiidae,Rhinogobiops nicholsii,Rhinogobiops nicholsii,10,3,56.0563,POINT (-125.36000061035156 48.869998931884766)
ep_m2_cryptic_fish_public_data.fid-1acd095e_191e9c2e144_-5bf9,923400151,Canada,British Columbia,"Oregon, Washington, Vancouver Coast and Shelf",Temperate Northern Pacific,Vancouver Island,BMSC17,Wouwer Channel,48.87,-125.36,2021-05-05,5,RLS,3,12:45:00,,,2,2,Chordata,Actinopterygii,Perciformes,Gobiidae,Rhinogobiops nicholsii,Rhinogobiops nicholsii,12.5,1,36.9044,POINT (-125.36000061035156 48.869998931884766)
ep_m2_cryptic_fish_public_data.fid-1acd095e_191e9c2e144_-5bf8,923400151,Canada,British Columbia,"Oregon, Washington, Vancouver Coast and Shelf",Temperate Northern Pacific,Vancouver Island,BMSC17,Wouwer Channel,48.87,-125.36,2021-05-05,5,RLS,3,12:45:00,,,2,2,Chordata,Actinopterygii,Scorpaeniformes,Cottidae,Artedius harringtoni,Artedius harringtoni,5,2,3.8605,POINT (-125.36000061035156 48.869998931884766)
ep_m2_cryptic_fish_public_data.fid-1acd095e_191e9c2e144_-5bf7,923400151,Canada,British Columbia,"Oregon, Washington, Vancouver Coast and Shelf",Temperate Northern Pacific,Vancouver Island,BMSC17,Wouwer Channel,48.87,-125.36,2021-05-05,5,RLS,3,12:45:00,,,2,1,Chordata,Actinopterygii,Perciformes,Gobiidae,Rhinogobiops nicholsii,Rhinogobiops nicholsii,7.5,1,7.7703,POINT (-125.36000061035156 48.869998931884766)
ep_m2_cryptic_fish_public_data.fid-1acd095e_191e9c2e144_-5bf6,923400151,Canada,British Columbia,"Oregon, Washington, Vancouver Coast and Shelf",Temperate Northern Pacific,Vancouver Island,BMSC17,Wouwer Channel,48.87,-125.36,2021-05-05,5,RLS,3,12:45:00,,,2,1,Chordata,Actinopterygii,Scorpaeniformes,Cottidae,Artedius harringtoni,Artedius harringtoni,5,1,1.9303,POINT (-125.36000061035156 48.869998931884766)
ep_m2_cryptic_fish_public_data.fid-1acd095e_191e9c2e144_-5bf5,923400151,Canada,British Columbia,"Oregon, Washington, Vancouver Coast and Shelf",Temperate Northern Pacific,Vancouver Island,BMSC17,Wouwer Channel,48.87,-125.36,2021-05-05,5,RLS,3,12:45:00,,,2,1,Chordata,Actinopterygii,Scorpaeniformes,Cottidae,Artedius harringtoni,Artedius harringtoni,7.5,1,6.8672,POINT (-125.36000061035156 48.869998931884766)
ep_m2_cryptic_fish_public_data.fid-1acd095e_191e9c2e144_-5bf4,923401183,Canada,British Columbia,"Oregon, Washington, Vancouver Coast and Shelf",Temperate Northern Pacific,Vancouver Island,BMSC17,Wouwer Channel,48.87,-125.36,2022-04-27,5,RLS,2,10:40:00,,,2,2,Chordata,Actinopteri,Perciformes,Pholidae,Apodichthys flavidus,Apodichthys flavidus,15,1,7.0979,POINT (-125.36000061035156 48.869998931884766)
ep_m2_cryptic_fish_public_data.fid-1acd095e_191e9c2e144_-5bf3,923401183,Canada,British Columbia,"Oregon, Washington, Vancouver Coast and Shelf",Temperate Northern Pacific,Vancouver Island,BMSC17,Wouwer Channel,48.87,-125.36,2022-04-27,5,RLS,2,10:40:00,,,2,2,Chordata,Actinopterygii,Perciformes,Gobiidae,Rhinogobiops nicholsii,Rhinogobiops nicholsii,7.5,2,15.5407,POINT (-125.36000061035156 48.869998931884766)
ep_m2_cryptic_fish_public_data.fid-1acd095e_191e9c2e144_-5bf2,923401183,Canada,British Columbia,"Oregon, Washington, Vancouver Coast and Shelf",Temperate Northern Pacific,Vancouver Island,BMSC17,Wouwer Channel,48.87,-125.36,2022-04-27,5,RLS,2,10:40:00,,,2,2,Chordata,Actinopterygii,Scorpaeniformes,Cottidae,Artedius harringtoni,Artedius harringtoni,5,2,3.8605,POINT (-125.36000061035156 48.869998931884766)
ep_m2_cryptic_fish_public_data.fid-1acd095e_191e9c2e144_-5bf1,923401183,Canada,British Columbia,"Oregon, Washington, Vancouver Coast and Shelf",Temperate Northern Pacific,Vancouver Island,BMSC17,Wouwer Channel,48.87,-125.36,2022-04-27,5,RLS,2,10:40:00,,,2,1,Chordata,Actinopterygii,Scorpaeniformes,Cottidae,Artedius harringtoni,Artedius harringtoni,0,1,,POINT (-125.36000061035156 48.869998931884766)
ep_m2_cryptic_fish_public_data.fid-1acd095e_191e9c2e144_-5bf0,923400140,Canada,British Columbia,"Oregon, Washington, Vancouver Coast and Shelf",Temperate Northern Pacific,Vancouver Island,BMSC20,Ed King East,48.84,-125.21,2021-05-06,7,RLS,2,12:20:00,,,2,2,Chordata,Actinopterygii,Scorpaeniformes,Cottidae,Artedius harringtoni,Artedius harringtoni,7.5,1,6.8672,POINT (-125.20999908447266 48.84000015258789)
ep_m2_cryptic_fish_public_data.fid-1acd095e_191e9c2e144_-5bef,923400140,Canada,British Columbia,"Oregon, Washington, Vancouver Coast and Shelf",Temperate Northern Pacific,Vancouver Island,BMSC20,Ed King East,48.84,-125.21,2021-05-06,7,RLS,2,12:20:00,,,2,2,Chordata,Actinopterygii,Scorpaeniformes,Cottidae,Jordania zonope,Jordania zonope,7.5,2,13.7344,POINT (-125.20999908447266 48.84000015258789)
ep_m2_cryptic_fish_public_data.fid-1acd095e_191e9c2e144_-5bee,923400140,Canada,British Columbia,"Oregon, Washington, Vancouver Coast and Shelf",Temperate Northern Pacific,Vancouver Island,BMSC20,Ed King East,48.84,-125.21,2021-05-06,7,RLS,2,12:20:00,,,2,1,Chordata,Actinopterygii,Scorpaeniformes,Cottidae,Jordania zonope,Jordania zonope,2.5,1,0.2205,POINT (-125.20999908447266 48.84000015258789)
ep_m2_cryptic_fish_public_data.fid-1acd095e_191e9c2e144_-5bed,923400157,Canada,British Columbia,"Oregon, Washington, Vancouver Coast and Shelf",Temperate Northern Pacific,Vancouver Island,BMSC19,Ed King SW Pyramid,48.83,-125.22,2021-05-06,8,RLS,2,10:40:00,,,2,2,Chordata,Actinopterygii,Scorpaeniformes,Cottidae,Jordania zonope,Jordania zonope,7.5,3,20.6016,POINT (-125.22000122070312 48.83000183105469)
ep_m2_cryptic_fish_public_data.fid-1acd095e_191e9c2e144_-5bec,923400157,Canada,British Columbia,"Oregon, Washington, Vancouver Coast and Shelf",Temperate Northern Pacific,Vancouver Island,BMSC19,Ed King SW Pyramid,48.83,-125.22,2021-05-06,8,RLS,2,10:40:00,,,2,1,Chordata,Actinopterygii,Scorpaeniformes,Cottidae,Artedius harringtoni,Artedius harringtoni,5,3,5.7908,POINT (-125.22000122070312 48.83000183105469)
ep_m2_cryptic_fish_public_data.fid-1acd095e_191e9c2e144_-5beb,923400157,Canada,British Columbia,"Oregon, Washington, Vancouver Coast and Shelf",Temperate Northern Pacific,Vancouver Island,BMSC19,Ed King SW Pyramid,48.83,-125.22,2021-05-06,8,RLS,2,10:40:00,,,2,1,Chordata,Actinopterygii,Scorpaeniformes,Cottidae,Artedius harringtoni,Artedius harringtoni,7.5,1,6.8672,POINT (-125.22000122070312 48.83000183105469)
ep_m2_cryptic_fish_public_data.fid-1acd095e_191e9c2e144_-5bea,923401194,Canada,British Columbia,"Oregon, Washington, Vancouver Coast and Shelf",Temperate Northern Pacific,Vancouver Island,BMSC19,Ed King SW Pyramid,48.83,-125.22,2022-04-29,8,RLS,3,09:45:00,,,2,2,Chordata,Actinopterygii,Scorpaeniformes,Cottidae,Artedius harringtoni,Artedius harringtoni,5,1,1.9303,POINT (-125.22000122070312 48.83000183105469)
ep_m2_cryptic_fish_public_data.fid-1acd095e_191e9c2e144_-5be9,923401194,Canada,British Columbia,"Oregon, Washington, Vancouver Coast and Shelf",Temperate Northern Pacific,Vancouver Island,BMSC19,Ed King SW Pyramid,48.83,-125.22,2022-04-29,8,RLS,3,09:45:00,,,2,2,Chordata,Actinopterygii,Scorpaeniformes,Cottidae,Cottidae spp.,Cottid spp.,2.5,1,0.2376,POINT (-125.22000122070312 48.83000183105469)
ep_m2_cryptic_fish_public_data.fid-1acd095e_191e9c2e144_-5be8,923401194,Canada,British Columbia,"Oregon, Washington, Vancouver Coast and Shelf",Temperate Northern Pacific,Vancouver Island,BMSC19,Ed King SW Pyramid,48.83,-125.22,2022-04-29,8,RLS,3,09:45:00,,,2,2,Chordata,Actinopterygii,Scorpaeniformes,Cottidae,Jordania zonope,Jordania zonope,7.5,3,20.6016,POINT (-125.22000122070312 48.83000183105469)
ep_m2_cryptic_fish_public_data.fid-1acd095e_191e9c2e144_-5be7,923401194,Canada,British Columbia,"Oregon, Washington, Vancouver Coast and Shelf",Temperate Northern Pacific,Vancouver Island,BMSC19,Ed King SW Pyramid,48.83,-125.22,2022-04-29,8,RLS,3,09:45:00,,,2,1,Chordata,Actinopterygii,Scorpaeniformes,Cottidae,Artedius harringtoni,Artedius harringtoni,5,1,1.9303,POINT (-125.22000122070312 48.83000183105469)
ep_m2_cryptic_fish_public_data.fid-1acd095e_191e9c2e144_-5be6,923401194,Canada,British Columbia,"Oregon, Washington, Vancouver Coast and Shelf",Temperate Northern Pacific,Vancouver Island,BMSC19,Ed King SW Pyramid,48.83,-125.22,2022-04-29,8,RLS,3,09:45:00,,,2,1,Chordata,Actinopterygii,Scorpaeniformes,Cottidae,Jordania zonope,Jordania zonope,2.5,2,0.441,POINT (-125.22000122070312 48.83000183105469)
ep_m2_cryptic_fish_public_data.fid-1acd095e_191e9c2e144_-5be5,923401194,Canada,British Columbia,"Oregon, Washington, Vancouver Coast and Shelf",Temperate Northern Pacific,Vancouver Island,BMSC19,Ed King SW Pyramid,48.83,-125.22,2022-04-29,8,RLS,3,09:45:00,,,2,1,Chordata,Actinopterygii,Scorpaeniformes,Cottidae,Jordania zonope,Jordania zonope,5,1,1.9303,POINT (-125.22000122070312 48.83000183105469)
ep_m2_cryptic_fish_public_data.fid-1acd095e_191e9c2e144_-5be4,923401194,Canada,British Columbia,"Oregon, Washington, Vancouver Coast and Shelf",Temperate Northern Pacific,Vancouver Island,BMSC19,Ed King SW Pyramid,48.83,-125.22,2022-04-29,8,RLS,3,09:45:00,,,2,1,Chordata,Actinopterygii,Scorpaeniformes,Cottidae,Jordania zonope,Jordania zonope,7.5,1,6.8672,POINT (-125.22000122070312 48.83000183105469)
ep_m2_cryptic_fish_public_data.fid-1acd095e_191e9c2e144_-5be3,923401200,Canada,British Columbia,"Oregon, Washington, Vancouver Coast and Shelf",Temperate Northern Pacific,Vancouver Island,BMSC20,Ed King East,48.84,-125.21,2022-04-29,6.5,RLS,4,11:30:00,,,2,2,Chordata,Actinopterygii,Scorpaeniformes,Cottidae,Hemilepidotus hemilepidotus,Hemilepidotus hemilepidotus,10,1,17.2917,POINT (-125.20999908447266 48.84000015258789)
ep_m2_cryptic_fish_public_data.fid-1acd095e_191e9c2e144_-5be2,923401200,Canada,British Columbia,"Oregon, Washington, Vancouver Coast and Shelf",Temperate Northern Pacific,Vancouver Island,BMSC20,Ed King East,48.84,-125.21,2022-04-29,6.5,RLS,4,11:30:00,,,2,2,Chordata,Actinopterygii,Scorpaeniformes,Cottidae,Jordania zonope,Jordania zonope,12.5,1,33.9755,POINT (-125.20999908447266 48.84000015258789)
ep_m2_cryptic_fish_public_data.fid-1acd095e_191e9c2e144_-5be1,923401200,Canada,British Columbia,"Oregon, Washington, Vancouver Coast and Shelf",Temperate Northern Pacific,Vancouver Island,BMSC20,Ed King East,48.84,-125.21,2022-04-29,6.5,RLS,4,11:30:00,,,2,1,Chordata,Actinopterygii,Scorpaeniformes,Cottidae,Artedius harringtoni,Artedius harringtoni,2.5,1,0.2205,POINT (-125.20999908447266 48.84000015258789)
ep_m2_cryptic_fish_public_data.fid-1acd095e_191e9c2e144_-5be0,923401200,Canada,British Columbia,"Oregon, Washington, Vancouver Coast and Shelf",Temperate Northern Pacific,Vancouver Island,BMSC20,Ed King East,48.84,-125.21,2022-04-29,6.5,RLS,4,11:30:00,,,2,1,Chordata,Actinopterygii,Scorpaeniformes,Cottidae,Jordania zonope,Jordania zonope,5,2,3.8605,POINT (-125.20999908447266 48.84000015258789)
ep_m2_cryptic_fish_public_data.fid-1acd095e_191e9c2e144_-5bdf,923401200,Canada,British Columbia,"Oregon, Washington, Vancouver Coast and Shelf",Temperate Northern Pacific,Vancouver Island,BMSC20,Ed King East,48.84,-125.21,2022-04-29,6.5,RLS,4,11:30:00,,,2,1,Chordata,Actinopterygii,Scorpaeniformes,Cottidae,Jordania zonope,Jordania zonope,7.5,1,6.8672,POINT (-125.20999908447266 48.84000015258789)
ep_m2_cryptic_fish_public_data.fid-1acd095e_191e9c2e144_-5bde,923402231,Canada,British Columbia,"Oregon, Washington, Vancouver Coast and Shelf",Temperate Northern Pacific,Vancouver Island,BMSC19,Ed King SW Pyramid,48.83,-125.22,2023-05-10,6.5,RLS,2,10:15:00,,,2,2,Chordata,Actinopterygii,Scorpaeniformes,Cottidae,Artedius harringtoni,Artedius harringtoni,5,3,5.7908,POINT (-125.22000122070312 48.83000183105469)
ep_m2_cryptic_fish_public_data.fid-1acd095e_191e9c2e144_-5bdd,923402231,Canada,British Columbia,"Oregon, Washington, Vancouver Coast and Shelf",Temperate Northern Pacific,Vancouver Island,BMSC19,Ed King SW Pyramid,48.83,-125.22,2023-05-10,6.5,RLS,2,10:15:00,,,2,2,Chordata,Actinopterygii,Scorpaeniformes,Cottidae,Jordania zonope,Jordania zonope,5,2,3.8605,POINT (-125.22000122070312 48.83000183105469)
ep_m2_cryptic_fish_public_data.fid-1acd095e_191e9c2e144_-5bdc,923402231,Canada,British Columbia,"Oregon, Washington, Vancouver Coast and Shelf",Temperate Northern Pacific,Vancouver Island,BMSC19,Ed King SW Pyramid,48.83,-125.22,2023-05-10,6.5,RLS,2,10:15:00,,,2,2,Chordata,Actinopterygii,Scorpaeniformes,Cottidae,Jordania zonope,Jordania zonope,7.5,2,13.7344,POINT (-125.22000122070312 48.83000183105469)
ep_m2_cryptic_fish_public_data.fid-1acd095e_191e9c2e144_-5bdb,923402231,Canada,British Columbia,"Oregon, Washington, Vancouver Coast and Shelf",Temperate Northern Pacific,Vancouver Island,BMSC19,Ed King SW Pyramid,48.83,-125.22,2023-05-10,6.5,RLS,2,10:15:00,,,2,2,Chordata,Actinopterygii,Scorpaeniformes,Cottidae,Jordania zonope,Jordania zonope,10,1,16.8981,POINT (-125.22000122070312 48.83000183105469)
ep_m2_cryptic_fish_public_data.fid-1acd095e_191e9c2e144_-5bda,923402231,Canada,British Columbia,"Oregon, Washington, Vancouver Coast and Shelf",Temperate Northern Pacific,Vancouver Island,BMSC19,Ed King SW Pyramid,48.83,-125.22,2023-05-10,6.5,RLS,2,10:15:00,,,2,1,Chordata,Actinopterygii,Scorpaeniformes,Cottidae,Artedius harringtoni,Artedius harringtoni,2.5,3,0.6615,POINT (-125.22000122070312 48.83000183105469)
ep_m2_cryptic_fish_public_data.fid-1acd095e_191e9c2e144_-5bd9,923402231,Canada,British Columbia,"Oregon, Washington, Vancouver Coast and Shelf",Temperate Northern Pacific,Vancouver Island,BMSC19,Ed King SW Pyramid,48.83,-125.22,2023-05-10,6.5,RLS,2,10:15:00,,,2,1,Chordata,Actinopterygii,Scorpaeniformes,Cottidae,Artedius harringtoni,Artedius harringtoni,5,2,3.8605,POINT (-125.22000122070312 48.83000183105469)
ep_m2_cryptic_fish_public_data.fid-1acd095e_191e9c2e144_-5bd8,923402232,Canada,British Columbia,"Oregon, Washington, Vancouver Coast and Shelf",Temperate Northern Pacific,Vancouver Island,BMSC20,Ed King East,48.84,-125.21,2023-05-10,6.5,RLS,3,12:35:00,,,2,2,Chordata,Actinopterygii,Perciformes,Gobiidae,Rhinogobiops nicholsii,Rhinogobiops nicholsii,7.5,1,7.7703,POINT (-125.20999908447266 48.84000015258789)
ep_m2_cryptic_fish_public_data.fid-1acd095e_191e9c2e144_-5bd7,923402232,Canada,British Columbia,"Oregon, Washington, Vancouver Coast and Shelf",Temperate Northern Pacific,Vancouver Island,BMSC20,Ed King East,48.84,-125.21,2023-05-10,6.5,RLS,3,12:35:00,,,2,2,Chordata,Actinopterygii,Scorpaeniformes,Cottidae,Artedius harringtoni,Artedius harringtoni,2.5,1,0.2205,POINT (-125.20999908447266 48.84000015258789)
ep_m2_cryptic_fish_public_data.fid-1acd095e_191e9c2e144_-5bd6,923402232,Canada,British Columbia,"Oregon, Washington, Vancouver Coast and Shelf",Temperate Northern Pacific,Vancouver Island,BMSC20,Ed King East,48.84,-125.21,2023-05-10,6.5,RLS,3,12:35:00,,,2,2,Chordata,Actinopterygii,Scorpaeniformes,Cottidae,Artedius harringtoni,Artedius harringtoni,5,3,5.7908,POINT (-125.20999908447266 48.84000015258789)
ep_m2_cryptic_fish_public_data.fid-1acd095e_191e9c2e144_-5bd5,923402232,Canada,British Columbia,"Oregon, Washington, Vancouver Coast and Shelf",Temperate Northern Pacific,Vancouver Island,BMSC20,Ed King East,48.84,-125.21,2023-05-10,6.5,RLS,3,12:35:00,,,2,2,Chordata,Actinopterygii,Scorpaeniformes,Cottidae,Jordania zonope,Jordania zonope,2.5,1,0.2205,POINT (-125.20999908447266 48.84000015258789)
ep_m2_cryptic_fish_public_data.fid-1acd095e_191e9c2e144_-5bd4,923402232,Canada,British Columbia,"Oregon, Washington, Vancouver Coast and Shelf",Temperate Northern Pacific,Vancouver Island,BMSC20,Ed King East,48.84,-125.21,2023-05-10,6.5,RLS,3,12:35:00,,,2,2,Chordata,Actinopterygii,Scorpaeniformes,Cottidae,Jordania zonope,Jordania zonope,5,1,1.9303,POINT (-125.20999908447266 48.84000015258789)
ep_m2_cryptic_fish_public_data.fid-1acd095e_191e9c2e144_-5bd3,923402232,Canada,British Columbia,"Oregon, Washington, Vancouver Coast and Shelf",Temperate Northern Pacific,Vancouver Island,BMSC20,Ed King East,48.84,-125.21,2023-05-10,6.5,RLS,3,12:35:00,,,2,1,Chordata,Actinopterygii,Perciformes,Gobiidae,Rhinogobiops nicholsii,Rhinogobiops nicholsii,7.5,2,15.5407,POINT (-125.20999908447266 48.84000015258789)
ep_m2_cryptic_fish_public_data.fid-1acd095e_191e9c2e144_-5bd2,923402232,Canada,British Columbia,"Oregon, Washington, Vancouver Coast and Shelf",Temperate Northern Pacific,Vancouver Island,BMSC20,Ed King East,48.84,-125.21,2023-05-10,6.5,RLS,3,12:35:00,,,2,1,Chordata,Actinopterygii,Scorpaeniformes,Cottidae,Artedius harringtoni,Artedius harringtoni,2.5,2,0.441,POINT (-125.20999908447266 48.84000015258789)
ep_m2_cryptic_fish_public_data.fid-1acd095e_191e9c2e144_-5bd1,923402232,Canada,British Columbia,"Oregon, Washington, Vancouver Coast and Shelf",Temperate Northern Pacific,Vancouver Island,BMSC20,Ed King East,48.84,-125.21,2023-05-10,6.5,RLS,3,12:35:00,,,2,1,Chordata,Actinopterygii,Scorpaeniformes,Cottidae,Jordania zonope,Jordania zonope,5,1,1.9303,POINT (-125.20999908447266 48.84000015258789)
ep_m2_cryptic_fish_public_data.fid-1acd095e_191e9c2e144_-5bd0,923402232,Canada,British Columbia,"Oregon, Washington, Vancouver Coast and Shelf",Temperate Northern Pacific,Vancouver Island,BMSC20,Ed King East,48.84,-125.21,2023-05-10,6.5,RLS,3,12:35:00,,,2,1,Chordata,Actinopterygii,Scorpaeniformes,Hexagrammidae,Oxylebius pictus,Oxylebius pictus,10,1,21.4147,POINT (-125.20999908447266 48.84000015258789)
ep_m2_cryptic_fish_public_data.fid-1acd095e_191e9c2e144_-5bcf,923402232,Canada,British Columbia,"Oregon, Washington, Vancouver Coast and Shelf",Temperate Northern Pacific,Vancouver Island,BMSC20,Ed King East,48.84,-125.21,2023-05-10,6.5,RLS,3,12:35:00,,,2,1,Chordata,Actinopterygii,Scorpaeniformes,Hexagrammidae,Oxylebius pictus,Oxylebius pictus,15,1,73.4563,POINT (-125.20999908447266 48.84000015258789)
ep_m2_cryptic_fish_public_data.fid-1acd095e_191e9c2e144_-5bce,923402379,Canada,British Columbia,"Oregon, Washington, Vancouver Coast and Shelf",Temperate Northern Pacific,Vancouver Island,BMSC33,Ed King East Inside,48.84,-125.21,2023-06-06,2,RLS,2,10:20:00,,,2,1,Chordata,Actinopterygii,Perciformes,Gobiidae,Rhinogobiops nicholsii,Rhinogobiops nicholsii,10,2,37.3708,POINT (-125.20999908447266 48.84000015258789)
ep_m2_cryptic_fish_public_data.fid-1acd095e_191e9c2e144_-5bcd,923402379,Canada,British Columbia,"Oregon, Washington, Vancouver Coast and Shelf",Temperate Northern Pacific,Vancouver Island,BMSC33,Ed King East Inside,48.84,-125.21,2023-06-06,2,RLS,2,10:20:00,,,2,1,Chordata,Actinopterygii,Scorpaeniformes,Cottidae,Artedius harringtoni,Artedius harringtoni,5,1,1.9303,POINT (-125.20999908447266 48.84000015258789)
ep_m2_cryptic_fish_public_data.fid-1acd095e_191e9c2e144_-5bcc,923402379,Canada,British Columbia,"Oregon, Washington, Vancouver Coast and Shelf",Temperate Northern Pacific,Vancouver Island,BMSC33,Ed King East Inside,48.84,-125.21,2023-06-06,2,RLS,2,10:20:00,,,2,1,Chordata,Actinopterygii,Scorpaeniformes,Cottidae,Artedius harringtoni,Artedius harringtoni,7.5,1,6.8672,POINT (-125.20999908447266 48.84000015258789)
ep_m2_cryptic_fish_public_data.fid-1acd095e_191e9c2e144_-5bcb,923402379,Canada,British Columbia,"Oregon, Washington, Vancouver Coast and Shelf",Temperate Northern Pacific,Vancouver Island,BMSC33,Ed King East Inside,48.84,-125.21,2023-06-06,2,RLS,2,10:20:00,,,2,1,Chordata,Actinopterygii,Scorpaeniformes,Cottidae,Artedius harringtoni,Artedius harringtoni,10,1,16.8981,POINT (-125.20999908447266 48.84000015258789)
ep_m2_cryptic_fish_public_data.fid-1acd095e_191e9c2e144_-5bca,923402379,Canada,British Columbia,"Oregon, Washington, Vancouver Coast and Shelf",Temperate Northern Pacific,Vancouver Island,BMSC33,Ed King East Inside,48.84,-125.21,2023-06-06,2,RLS,2,10:20:00,,,2,1,Chordata,Actinopterygii,Scorpaeniformes,Cottidae,Artedius lateralis,Artedius lateralis,7.5,1,6.8672,POINT (-125.20999908447266 48.84000015258789)
ep_m2_cryptic_fish_public_data.fid-1acd095e_191e9c2e144_-5bc9,923402379,Canada,British Columbia,"Oregon, Washington, Vancouver Coast and Shelf",Temperate Northern Pacific,Vancouver Island,BMSC33,Ed King East Inside,48.84,-125.21,2023-06-06,2,RLS,2,10:20:00,,,2,1,Chordata,Actinopterygii,Scorpaeniformes,Cottidae,Jordania zonope,Jordania zonope,7.5,2,13.7344,POINT (-125.20999908447266 48.84000015258789)
ep_m2_cryptic_fish_public_data.fid-1acd095e_191e9c2e144_-5bc8,923402379,Canada,British Columbia,"Oregon, Washington, Vancouver Coast and Shelf",Temperate Northern Pacific,Vancouver Island,BMSC33,Ed King East Inside,48.84,-125.21,2023-06-06,2,RLS,2,10:20:00,,,2,1,Chordata,Actinopterygii,Scorpaeniformes,Cottidae,Jordania zonope,Jordania zonope,10,1,16.8981,POINT (-125.20999908447266 48.84000015258789)
ep_m2_cryptic_fish_public_data.fid-1acd095e_191e9c2e144_-5bc7,923402379,Canada,British Columbia,"Oregon, Washington, Vancouver Coast and Shelf",Temperate Northern Pacific,Vancouver Island,BMSC33,Ed King East Inside,48.84,-125.21,2023-06-06,2,RLS,2,10:20:00,,,2,1,Chordata,Actinopterygii,Scorpaeniformes,Cottidae,Jordania zonope,Jordania zonope,12.5,3,101.9265,POINT (-125.20999908447266 48.84000015258789)
ep_m2_cryptic_fish_public_data.fid-1acd095e_191e9c2e144_-5bc6,923402379,Canada,British Columbia,"Oregon, Washington, Vancouver Coast and Shelf",Temperate Northern Pacific,Vancouver Island,BMSC33,Ed King East Inside,48.84,-125.21,2023-06-06,2,RLS,2,10:20:00,,,2,2,Chordata,Actinopterygii,Perciformes,Gobiidae,Rhinogobiops nicholsii,Rhinogobiops nicholsii,5,1,2.2561,POINT (-125.20999908447266 48.84000015258789)
ep_m2_cryptic_fish_public_data.fid-1acd095e_191e9c2e144_-5bc5,923402379,Canada,British Columbia,"Oregon, Washington, Vancouver Coast and Shelf",Temperate Northern Pacific,Vancouver Island,BMSC33,Ed King East Inside,48.84,-125.21,2023-06-06,2,RLS,2,10:20:00,,,2,2,Chordata,Actinopterygii,Scorpaeniformes,Cottidae,Artedius harringtoni,Artedius harringtoni,2.5,2,0.441,POINT (-125.20999908447266 48.84000015258789)
ep_m2_cryptic_fish_public_data.fid-1acd095e_191e9c2e144_-5bc4,923402379,Canada,British Columbia,"Oregon, Washington, Vancouver Coast and Shelf",Temperate Northern Pacific,Vancouver Island,BMSC33,Ed King East Inside,48.84,-125.21,2023-06-06,2,RLS,2,10:20:00,,,2,2,Chordata,Actinopterygii,Scorpaeniformes,Cottidae,Artedius harringtoni,Artedius harringtoni,5,4,7.721,POINT (-125.20999908447266 48.84000015258789)
ep_m2_cryptic_fish_public_data.fid-1acd095e_191e9c2e144_-5bc3,923402379,Canada,British Columbia,"Oregon, Washington, Vancouver Coast and Shelf",Temperate Northern Pacific,Vancouver Island,BMSC33,Ed King East Inside,48.84,-125.21,2023-06-06,2,RLS,2,10:20:00,,,2,2,Chordata,Actinopterygii,Scorpaeniformes,Cottidae,Cottidae spp.,Cottid spp.,5,1,1.9008,POINT (-125.20999908447266 48.84000015258789)
ep_m2_cryptic_fish_public_data.fid-1acd095e_191e9c2e144_-5bc2,923402379,Canada,British Columbia,"Oregon, Washington, Vancouver Coast and Shelf",Temperate Northern Pacific,Vancouver Island,BMSC33,Ed King East Inside,48.84,-125.21,2023-06-06,2,RLS,2,10:20:00,,,2,2,Chordata,Actinopterygii,Scorpaeniformes,Cottidae,Jordania zonope,Jordania zonope,2.5,1,0.2205,POINT (-125.20999908447266 48.84000015258789)
ep_m2_cryptic_fish_public_data.fid-1acd095e_191e9c2e144_-5bc1,923402379,Canada,British Columbia,"Oregon, Washington, Vancouver Coast and Shelf",Temperate Northern Pacific,Vancouver Island,BMSC33,Ed King East Inside,48.84,-125.21,2023-06-06,2,RLS,2,10:20:00,,,2,2,Chordata,Actinopterygii,Scorpaeniformes,Cottidae,Jordania zonope,Jordania zonope,5,2,3.8605,POINT (-125.20999908447266 48.84000015258789)
ep_m2_cryptic_fish_public_data.fid-1acd095e_191e9c2e144_-5bc0,923400141,Canada,British Columbia,"Oregon, Washington, Vancouver Coast and Shelf",Temperate Northern Pacific,Vancouver Island,BMSC10,Ross Islets Slug Island,48.87,-125.16,2021-04-30,4,RLS,4,12:50:00,,,2,1,Chordata,Actinopteri,Perciformes,Pholidae,Pholis spp.,Pholis ,10,1,,POINT (-125.16000366210938 48.869998931884766)
ep_m2_cryptic_fish_public_data.fid-1acd095e_191e9c2e144_-5bbf,923400141,Canada,British Columbia,"Oregon, Washington, Vancouver Coast and Shelf",Temperate Northern Pacific,Vancouver Island,BMSC10,Ross Islets Slug Island,48.87,-125.16,2021-04-30,4,RLS,4,12:50:00,,,2,1,Chordata,Actinopterygii,Perciformes,Gobiidae,Rhinogobiops nicholsii,Rhinogobiops nicholsii,2.5,2,0.5448,POINT (-125.16000366210938 48.869998931884766)
ep_m2_cryptic_fish_public_data.fid-1acd095e_191e9c2e144_-5bbe,923400141,Canada,British Columbia,"Oregon, Washington, Vancouver Coast and Shelf",Temperate Northern Pacific,Vancouver Island,BMSC10,Ross Islets Slug Island,48.87,-125.16,2021-04-30,4,RLS,4,12:50:00,,,2,1,Chordata,Actinopterygii,Perciformes,Gobiidae,Rhinogobiops nicholsii,Rhinogobiops nicholsii,5,10,22.5612,POINT (-125.16000366210938 48.869998931884766)
ep_m2_cryptic_fish_public_data.fid-1acd095e_191e9c2e144_-5bbd,923400141,Canada,British Columbia,"Oregon, Washington, Vancouver Coast and Shelf",Temperate Northern Pacific,Vancouver Island,BMSC10,Ross Islets Slug Island,48.87,-125.16,2021-04-30,4,RLS,4,12:50:00,,,2,1,Chordata,Actinopterygii,Perciformes,Gobiidae,Rhinogobiops nicholsii,Rhinogobiops nicholsii,7.5,14,108.7847,POINT (-125.16000366210938 48.869998931884766)
ep_m2_cryptic_fish_public_data.fid-1acd095e_191e9c2e144_-5bbc,923400141,Canada,British Columbia,"Oregon, Washington, Vancouver Coast and Shelf",Temperate Northern Pacific,Vancouver Island,BMSC10,Ross Islets Slug Island,48.87,-125.16,2021-04-30,4,RLS,4,12:50:00,,,2,1,Chordata,Actinopterygii,Perciformes,Gobiidae,Rhinogobiops nicholsii,Rhinogobiops nicholsii,10,11,205.5396,POINT (-125.16000366210938 48.869998931884766)
ep_m2_cryptic_fish_public_data.fid-1acd095e_191e9c2e144_-5bbb,923400141,Canada,British Columbia,"Oregon, Washington, Vancouver Coast and Shelf",Temperate Northern Pacific,Vancouver Island,BMSC10,Ross Islets Slug Island,48.87,-125.16,2021-04-30,4,RLS,4,12:50:00,,,2,1,Chordata,Actinopterygii,Perciformes,Gobiidae,Rhinogobiops nicholsii,Rhinogobiops nicholsii,12.5,10,369.0442,POINT (-125.16000366210938 48.869998931884766)
ep_m2_cryptic_fish_public_data.fid-1acd095e_191e9c2e144_-5bba,923400141,Canada,British Columbia,"Oregon, Washington, Vancouver Coast and Shelf",Temperate Northern Pacific,Vancouver Island,BMSC10,Ross Islets Slug Island,48.87,-125.16,2021-04-30,4,RLS,4,12:50:00,,,2,1,Chordata,Actinopterygii,Perciformes,Gobiidae,Rhinogobiops nicholsii,Rhinogobiops nicholsii,15,2,128.7097,POINT (-125.16000366210938 48.869998931884766)
ep_m2_cryptic_fish_public_data.fid-1acd095e_191e9c2e144_-5bb9,923400141,Canada,British Columbia,"Oregon, Washington, Vancouver Coast and Shelf",Temperate Northern Pacific,Vancouver Island,BMSC10,Ross Islets Slug Island,48.87,-125.16,2021-04-30,4,RLS,4,12:50:00,,,2,2,Chordata,Actinopterygii,Perciformes,Gobiidae,Rhinogobiops nicholsii,Rhinogobiops nicholsii,2.5,2,0.5448,POINT (-125.16000366210938 48.869998931884766)
ep_m2_cryptic_fish_public_data.fid-1acd095e_191e9c2e144_-5bb8,923400141,Canada,British Columbia,"Oregon, Washington, Vancouver Coast and Shelf",Temperate Northern Pacific,Vancouver Island,BMSC10,Ross Islets Slug Island,48.87,-125.16,2021-04-30,4,RLS,4,12:50:00,,,2,2,Chordata,Actinopterygii,Perciformes,Gobiidae,Rhinogobiops nicholsii,Rhinogobiops nicholsii,5,5,11.2806,POINT (-125.16000366210938 48.869998931884766)
ep_m2_cryptic_fish_public_data.fid-1acd095e_191e9c2e144_-5bb7,923400141,Canada,British Columbia,"Oregon, Washington, Vancouver Coast and Shelf",Temperate Northern Pacific,Vancouver Island,BMSC10,Ross Islets Slug Island,48.87,-125.16,2021-04-30,4,RLS,4,12:50:00,,,2,2,Chordata,Actinopterygii,Perciformes,Gobiidae,Rhinogobiops nicholsii,Rhinogobiops nicholsii,7.5,10,77.7034,POINT (-125.16000366210938 48.869998931884766)
ep_m2_cryptic_fish_public_data.fid-1acd095e_191e9c2e144_-5bb6,923400141,Canada,British Columbia,"Oregon, Washington, Vancouver Coast and Shelf",Temperate Northern Pacific,Vancouver Island,BMSC10,Ross Islets Slug Island,48.87,-125.16,2021-04-30,4,RLS,4,12:50:00,,,2,2,Chordata,Actinopterygii,Perciformes,Gobiidae,Rhinogobiops nicholsii,Rhinogobiops nicholsii,10,10,186.8542,POINT (-125.16000366210938 48.869998931884766)
ep_m2_cryptic_fish_public_data.fid-1acd095e_191e9c2e144_-5bb5,923400141,Canada,British Columbia,"Oregon, Washington, Vancouver Coast and Shelf",Temperate Northern Pacific,Vancouver Island,BMSC10,Ross Islets Slug Island,48.87,-125.16,2021-04-30,4,RLS,4,12:50:00,,,2,2,Chordata,Actinopterygii,Perciformes,Gobiidae,Rhinogobiops nicholsii,Rhinogobiops nicholsii,12.5,3,110.7133,POINT (-125.16000366210938 48.869998931884766)
ep_m2_cryptic_fish_public_data.fid-1acd095e_191e9c2e144_-5bb4,923401199,Canada,British Columbia,"Oregon, Washington, Vancouver Coast and Shelf",Temperate Northern Pacific,Vancouver Island,BMSC10,Ross Islets Slug Island,48.87,-125.16,2022-05-05,5,RLS,2,11:10:00,,,2,2,Chordata,Actinopterygii,Perciformes,Gobiidae,Rhinogobiops nicholsii,Rhinogobiops nicholsii,2.5,4,1.0896,POINT (-125.16000366210938 48.869998931884766)
ep_m2_cryptic_fish_public_data.fid-1acd095e_191e9c2e144_-5bb3,923401199,Canada,British Columbia,"Oregon, Washington, Vancouver Coast and Shelf",Temperate Northern Pacific,Vancouver Island,BMSC10,Ross Islets Slug Island,48.87,-125.16,2022-05-05,5,RLS,2,11:10:00,,,2,2,Chordata,Actinopterygii,Perciformes,Gobiidae,Rhinogobiops nicholsii,Rhinogobiops nicholsii,5,22,49.6346,POINT (-125.16000366210938 48.869998931884766)
ep_m2_cryptic_fish_public_data.fid-1acd095e_191e9c2e144_-5bb2,923401199,Canada,British Columbia,"Oregon, Washington, Vancouver Coast and Shelf",Temperate Northern Pacific,Vancouver Island,BMSC10,Ross Islets Slug Island,48.87,-125.16,2022-05-05,5,RLS,2,11:10:00,,,2,2,Chordata,Actinopterygii,Perciformes,Gobiidae,Rhinogobiops nicholsii,Rhinogobiops nicholsii,7.5,23,178.7177,POINT (-125.16000366210938 48.869998931884766)
ep_m2_cryptic_fish_public_data.fid-1acd095e_191e9c2e144_-5bb1,923401199,Canada,British Columbia,"Oregon, Washington, Vancouver Coast and Shelf",Temperate Northern Pacific,Vancouver Island,BMSC10,Ross Islets Slug Island,48.87,-125.16,2022-05-05,5,RLS,2,11:10:00,,,2,2,Chordata,Actinopterygii,Perciformes,Gobiidae,Rhinogobiops nicholsii,Rhinogobiops nicholsii,10,9,168.1688,POINT (-125.16000366210938 48.869998931884766)
ep_m2_cryptic_fish_public_data.fid-1acd095e_191e9c2e144_-5bb0,923401199,Canada,British Columbia,"Oregon, Washington, Vancouver Coast and Shelf",Temperate Northern Pacific,Vancouver Island,BMSC10,Ross Islets Slug Island,48.87,-125.16,2022-05-05,5,RLS,2,11:10:00,,,2,2,Chordata,Actinopterygii,Perciformes,Pholidae,Pholis laeta,Pholis laeta,12.5,1,9.1818,POINT (-125.16000366210938 48.869998931884766)
ep_m2_cryptic_fish_public_data.fid-1acd095e_191e9c2e144_-5baf,923401199,Canada,British Columbia,"Oregon, Washington, Vancouver Coast and Shelf",Temperate Northern Pacific,Vancouver Island,BMSC10,Ross Islets Slug Island,48.87,-125.16,2022-05-05,5,RLS,2,11:10:00,,,2,2,Chordata,Actinopterygii,Perciformes,Pholidae,Pholis laeta,Pholis laeta,15,1,16.2763,POINT (-125.16000366210938 48.869998931884766)
ep_m2_cryptic_fish_public_data.fid-1acd095e_191e9c2e144_-5bae,923401199,Canada,British Columbia,"Oregon, Washington, Vancouver Coast and Shelf",Temperate Northern Pacific,Vancouver Island,BMSC10,Ross Islets Slug Island,48.87,-125.16,2022-05-05,5,RLS,2,11:10:00,,,2,1,Chordata,Actinopteri,Perciformes,Pholidae,Pholis spp.,Pholis ,0,1,,POINT (-125.16000366210938 48.869998931884766)
ep_m2_cryptic_fish_public_data.fid-1acd095e_191e9c2e144_-5bad,923401199,Canada,British Columbia,"Oregon, Washington, Vancouver Coast and Shelf",Temperate Northern Pacific,Vancouver Island,BMSC10,Ross Islets Slug Island,48.87,-125.16,2022-05-05,5,RLS,2,11:10:00,,,2,1,Chordata,Actinopterygii,Perciformes,Gobiidae,Rhinogobiops nicholsii,Rhinogobiops nicholsii,2.5,5,1.362,POINT (-125.16000366210938 48.869998931884766)
ep_m2_cryptic_fish_public_data.fid-1acd095e_191e9c2e144_-5bac,923401199,Canada,British Columbia,"Oregon, Washington, Vancouver Coast and Shelf",Temperate Northern Pacific,Vancouver Island,BMSC10,Ross Islets Slug Island,48.87,-125.16,2022-05-05,5,RLS,2,11:10:00,,,2,1,Chordata,Actinopterygii,Perciformes,Gobiidae,Rhinogobiops nicholsii,Rhinogobiops nicholsii,5,8,18.0489,POINT (-125.16000366210938 48.869998931884766)
ep_m2_cryptic_fish_public_data.fid-1acd095e_191e9c2e144_-5bab,923401199,Canada,British Columbia,"Oregon, Washington, Vancouver Coast and Shelf",Temperate Northern Pacific,Vancouver Island,BMSC10,Ross Islets Slug Island,48.87,-125.16,2022-05-05,5,RLS,2,11:10:00,,,2,1,Chordata,Actinopterygii,Perciformes,Gobiidae,Rhinogobiops nicholsii,Rhinogobiops nicholsii,7.5,14,108.7847,POINT (-125.16000366210938 48.869998931884766)
ep_m2_cryptic_fish_public_data.fid-1acd095e_191e9c2e144_-5baa,923401199,Canada,British Columbia,"Oregon, Washington, Vancouver Coast and Shelf",Temperate Northern Pacific,Vancouver Island,BMSC10,Ross Islets Slug Island,48.87,-125.16,2022-05-05,5,RLS,2,11:10:00,,,2,1,Chordata,Actinopterygii,Perciformes,Gobiidae,Rhinogobiops nicholsii,Rhinogobiops nicholsii,10,12,224.2251,POINT (-125.16000366210938 48.869998931884766)
ep_m2_cryptic_fish_public_data.fid-1acd095e_191e9c2e144_-5ba9,923401199,Canada,British Columbia,"Oregon, Washington, Vancouver Coast and Shelf",Temperate Northern Pacific,Vancouver Island,BMSC10,Ross Islets Slug Island,48.87,-125.16,2022-05-05,5,RLS,2,11:10:00,,,2,1,Chordata,Actinopterygii,Perciformes,Gobiidae,Rhinogobiops nicholsii,Rhinogobiops nicholsii,12.5,4,147.6177,POINT (-125.16000366210938 48.869998931884766)
ep_m2_cryptic_fish_public_data.fid-1acd095e_191e9c2e144_-5ba8,923401199,Canada,British Columbia,"Oregon, Washington, Vancouver Coast and Shelf",Temperate Northern Pacific,Vancouver Island,BMSC10,Ross Islets Slug Island,48.87,-125.16,2022-05-05,5,RLS,2,11:10:00,,,2,1,Chordata,Actinopterygii,Perciformes,Gobiidae,Rhinogobiops nicholsii,Rhinogobiops nicholsii,15,1,64.3548,POINT (-125.16000366210938 48.869998931884766)
ep_m2_cryptic_fish_public_data.fid-1acd095e_191e9c2e144_-5ba7,923401199,Canada,British Columbia,"Oregon, Washington, Vancouver Coast and Shelf",Temperate Northern Pacific,Vancouver Island,BMSC10,Ross Islets Slug Island,48.87,-125.16,2022-05-05,5,RLS,2,11:10:00,,,2,1,Chordata,Actinopterygii,Perciformes,Pholidae,Pholis laeta,Pholis laeta,12.5,1,9.1818,POINT (-125.16000366210938 48.869998931884766)
ep_m2_cryptic_fish_public_data.fid-1acd095e_191e9c2e144_-5ba6,923402228,Canada,British Columbia,"Oregon, Washington, Vancouver Coast and Shelf",Temperate Northern Pacific,Vancouver Island,BMSC10,Ross Islets Slug Island,48.87,-125.16,2023-05-09,4,RLS,2,10:23:00,,,2,2,Chordata,Actinopteri,Perciformes,Pholidae,Apodichthys flavidus,Apodichthys flavidus,25,1,23.9934,POINT (-125.16000366210938 48.869998931884766)
ep_m2_cryptic_fish_public_data.fid-1acd095e_191e9c2e144_-5ba5,923402228,Canada,British Columbia,"Oregon, Washington, Vancouver Coast and Shelf",Temperate Northern Pacific,Vancouver Island,BMSC10,Ross Islets Slug Island,48.87,-125.16,2023-05-09,4,RLS,2,10:23:00,,,2,2,Chordata,Actinopterygii,Perciformes,Gobiidae,Rhinogobiops nicholsii,Rhinogobiops nicholsii,2.5,4,1.0896,POINT (-125.16000366210938 48.869998931884766)
ep_m2_cryptic_fish_public_data.fid-1acd095e_191e9c2e144_-5ba4,923402228,Canada,British Columbia,"Oregon, Washington, Vancouver Coast and Shelf",Temperate Northern Pacific,Vancouver Island,BMSC10,Ross Islets Slug Island,48.87,-125.16,2023-05-09,4,RLS,2,10:23:00,,,2,2,Chordata,Actinopterygii,Perciformes,Gobiidae,Rhinogobiops nicholsii,Rhinogobiops nicholsii,5,14,31.5856,POINT (-125.16000366210938 48.869998931884766)
ep_m2_cryptic_fish_public_data.fid-1acd095e_191e9c2e144_-5ba3,923402228,Canada,British Columbia,"Oregon, Washington, Vancouver Coast and Shelf",Temperate Northern Pacific,Vancouver Island,BMSC10,Ross Islets Slug Island,48.87,-125.16,2023-05-09,4,RLS,2,10:23:00,,,2,2,Chordata,Actinopterygii,Perciformes,Gobiidae,Rhinogobiops nicholsii,Rhinogobiops nicholsii,7.5,20,155.4067,POINT (-125.16000366210938 48.869998931884766)
ep_m2_cryptic_fish_public_data.fid-1acd095e_191e9c2e144_-5ba2,923402228,Canada,British Columbia,"Oregon, Washington, Vancouver Coast and Shelf",Temperate Northern Pacific,Vancouver Island,BMSC10,Ross Islets Slug Island,48.87,-125.16,2023-05-09,4,RLS,2,10:23:00,,,2,2,Chordata,Actinopterygii,Perciformes,Gobiidae,Rhinogobiops nicholsii,Rhinogobiops nicholsii,10,18,336.3376,POINT (-125.16000366210938 48.869998931884766)
ep_m2_cryptic_fish_public_data.fid-1acd095e_191e9c2e144_-5ba1,923402228,Canada,British Columbia,"Oregon, Washington, Vancouver Coast and Shelf",Temperate Northern Pacific,Vancouver Island,BMSC10,Ross Islets Slug Island,48.87,-125.16,2023-05-09,4,RLS,2,10:23:00,,,2,2,Chordata,Actinopterygii,Perciformes,Gobiidae,Rhinogobiops nicholsii,Rhinogobiops nicholsii,12.5,2,73.8089,POINT (-125.16000366210938 48.869998931884766)
ep_m2_cryptic_fish_public_data.fid-1acd095e_191e9c2e144_-5ba0,923402228,Canada,British Columbia,"Oregon, Washington, Vancouver Coast and Shelf",Temperate Northern Pacific,Vancouver Island,BMSC10,Ross Islets Slug Island,48.87,-125.16,2023-05-09,4,RLS,2,10:23:00,,,2,2,Chordata,Actinopterygii,Scorpaeniformes,Cottidae,Jordania zonope,Jordania zonope,7.5,1,6.8672,POINT (-125.16000366210938 48.869998931884766)
ep_m2_cryptic_fish_public_data.fid-1acd095e_191e9c2e144_-5b9f,923402228,Canada,British Columbia,"Oregon, Washington, Vancouver Coast and Shelf",Temperate Northern Pacific,Vancouver Island,BMSC10,Ross Islets Slug Island,48.87,-125.16,2023-05-09,4,RLS,2,10:23:00,,,2,1,Chordata,Actinopterygii,Perciformes,Gobiidae,Rhinogobiops nicholsii,Rhinogobiops nicholsii,2.5,1,0.2724,POINT (-125.16000366210938 48.869998931884766)
ep_m2_cryptic_fish_public_data.fid-1acd095e_191e9c2e144_-5b9e,923402228,Canada,British Columbia,"Oregon, Washington, Vancouver Coast and Shelf",Temperate Northern Pacific,Vancouver Island,BMSC10,Ross Islets Slug Island,48.87,-125.16,2023-05-09,4,RLS,2,10:23:00,,,2,1,Chordata,Actinopterygii,Perciformes,Gobiidae,Rhinogobiops nicholsii,Rhinogobiops nicholsii,5,19,42.8662,POINT (-125.16000366210938 48.869998931884766)
ep_m2_cryptic_fish_public_data.fid-1acd095e_191e9c2e144_-5b9d,923402228,Canada,British Columbia,"Oregon, Washington, Vancouver Coast and Shelf",Temperate Northern Pacific,Vancouver Island,BMSC10,Ross Islets Slug Island,48.87,-125.16,2023-05-09,4,RLS,2,10:23:00,,,2,1,Chordata,Actinopterygii,Perciformes,Gobiidae,Rhinogobiops nicholsii,Rhinogobiops nicholsii,7.5,22,170.9474,POINT (-125.16000366210938 48.869998931884766)
ep_m2_cryptic_fish_public_data.fid-1acd095e_191e9c2e144_-5b9c,923402228,Canada,British Columbia,"Oregon, Washington, Vancouver Coast and Shelf",Temperate Northern Pacific,Vancouver Island,BMSC10,Ross Islets Slug Island,48.87,-125.16,2023-05-09,4,RLS,2,10:23:00,,,2,1,Chordata,Actinopterygii,Perciformes,Gobiidae,Rhinogobiops nicholsii,Rhinogobiops nicholsii,10,24,448.4501,POINT (-125.16000366210938 48.869998931884766)
ep_m2_cryptic_fish_public_data.fid-1acd095e_191e9c2e144_-5b9b,923402228,Canada,British Columbia,"Oregon, Washington, Vancouver Coast and Shelf",Temperate Northern Pacific,Vancouver Island,BMSC10,Ross Islets Slug Island,48.87,-125.16,2023-05-09,4,RLS,2,10:23:00,,,2,1,Chordata,Actinopterygii,Perciformes,Gobiidae,Rhinogobiops nicholsii,Rhinogobiops nicholsii,12.5,2,73.8089,POINT (-125.16000366210938 48.869998931884766)
ep_m2_cryptic_fish_public_data.fid-1acd095e_191e9c2e144_-5b9a,923402228,Canada,British Columbia,"Oregon, Washington, Vancouver Coast and Shelf",Temperate Northern Pacific,Vancouver Island,BMSC10,Ross Islets Slug Island,48.87,-125.16,2023-05-09,4,RLS,2,10:23:00,,,2,1,Chordata,Actinopterygii,Perciformes,Pholidae,Pholis laeta,Pholis laeta,12.5,1,9.1818,POINT (-125.16000366210938 48.869998931884766)
ep_m2_cryptic_fish_public_data.fid-1acd095e_191e9c2e144_-5b99,923402372,Canada,British Columbia,"Oregon, Washington, Vancouver Coast and Shelf",Temperate Northern Pacific,Vancouver Island,KCCA11,Ross Islets 2,48.87,-125.16,2023-06-12,3.5,RLS,2,10:30:00,,,2,2,Chordata,Actinopterygii,Perciformes,Gobiidae,Rhinogobiops nicholsii,Rhinogobiops nicholsii,5,7,15.7928,POINT (-125.16000366210938 48.869998931884766)
ep_m2_cryptic_fish_public_data.fid-1acd095e_191e9c2e144_-5b98,923402372,Canada,British Columbia,"Oregon, Washington, Vancouver Coast and Shelf",Temperate Northern Pacific,Vancouver Island,KCCA11,Ross Islets 2,48.87,-125.16,2023-06-12,3.5,RLS,2,10:30:00,,,2,2,Chordata,Actinopterygii,Perciformes,Gobiidae,Rhinogobiops nicholsii,Rhinogobiops nicholsii,7.5,10,77.7034,POINT (-125.16000366210938 48.869998931884766)
ep_m2_cryptic_fish_public_data.fid-1acd095e_191e9c2e144_-5b97,923402372,Canada,British Columbia,"Oregon, Washington, Vancouver Coast and Shelf",Temperate Northern Pacific,Vancouver Island,KCCA11,Ross Islets 2,48.87,-125.16,2023-06-12,3.5,RLS,2,10:30:00,,,2,2,Chordata,Actinopterygii,Perciformes,Gobiidae,Rhinogobiops nicholsii,Rhinogobiops nicholsii,10,14,261.5959,POINT (-125.16000366210938 48.869998931884766)
ep_m2_cryptic_fish_public_data.fid-1acd095e_191e9c2e144_-5b96,923402372,Canada,British Columbia,"Oregon, Washington, Vancouver Coast and Shelf",Temperate Northern Pacific,Vancouver Island,KCCA11,Ross Islets 2,48.87,-125.16,2023-06-12,3.5,RLS,2,10:30:00,,,2,2,Chordata,Actinopterygii,Perciformes,Gobiidae,Rhinogobiops nicholsii,Rhinogobiops nicholsii,12.5,14,516.662,POINT (-125.16000366210938 48.869998931884766)
ep_m2_cryptic_fish_public_data.fid-1acd095e_191e9c2e144_-5b95,923402372,Canada,British Columbia,"Oregon, Washington, Vancouver Coast and Shelf",Temperate Northern Pacific,Vancouver Island,KCCA11,Ross Islets 2,48.87,-125.16,2023-06-12,3.5,RLS,2,10:30:00,,,2,2,Chordata,Actinopterygii,Perciformes,Gobiidae,Rhinogobiops nicholsii,Rhinogobiops nicholsii,15,1,64.3548,POINT (-125.16000366210938 48.869998931884766)
ep_m2_cryptic_fish_public_data.fid-1acd095e_191e9c2e144_-5b94,923402372,Canada,British Columbia,"Oregon, Washington, Vancouver Coast and Shelf",Temperate Northern Pacific,Vancouver Island,KCCA11,Ross Islets 2,48.87,-125.16,2023-06-12,3.5,RLS,2,10:30:00,,,2,2,Chordata,Actinopterygii,Perciformes,Pholidae,Pholis laeta,Pholis laeta,12.5,2,18.3636,POINT (-125.16000366210938 48.869998931884766)
ep_m2_cryptic_fish_public_data.fid-1acd095e_191e9c2e144_-5b93,923402372,Canada,British Columbia,"Oregon, Washington, Vancouver Coast and Shelf",Temperate Northern Pacific,Vancouver Island,KCCA11,Ross Islets 2,48.87,-125.16,2023-06-12,3.5,RLS,2,10:30:00,,,2,2,Chordata,Actinopterygii,Perciformes,Pholidae,Pholis laeta,Pholis laeta,15,1,16.2763,POINT (-125.16000366210938 48.869998931884766)
ep_m2_cryptic_fish_public_data.fid-1acd095e_191e9c2e144_-5b92,923402372,Canada,British Columbia,"Oregon, Washington, Vancouver Coast and Shelf",Temperate Northern Pacific,Vancouver Island,KCCA11,Ross Islets 2,48.87,-125.16,2023-06-12,3.5,RLS,2,10:30:00,,,2,1,Chordata,Actinopterygii,Perciformes,Gobiidae,Rhinogobiops nicholsii,Rhinogobiops nicholsii,2.5,7,1.9069,POINT (-125.16000366210938 48.869998931884766)
ep_m2_cryptic_fish_public_data.fid-1acd095e_191e9c2e144_-5b91,923402372,Canada,British Columbia,"Oregon, Washington, Vancouver Coast and Shelf",Temperate Northern Pacific,Vancouver Island,KCCA11,Ross Islets 2,48.87,-125.16,2023-06-12,3.5,RLS,2,10:30:00,,,2,1,Chordata,Actinopterygii,Perciformes,Gobiidae,Rhinogobiops nicholsii,Rhinogobiops nicholsii,5,18,40.6101,POINT (-125.16000366210938 48.869998931884766)
ep_m2_cryptic_fish_public_data.fid-1acd095e_191e9c2e144_-5b90,923402372,Canada,British Columbia,"Oregon, Washington, Vancouver Coast and Shelf",Temperate Northern Pacific,Vancouver Island,KCCA11,Ross Islets 2,48.87,-125.16,2023-06-12,3.5,RLS,2,10:30:00,,,2,1,Chordata,Actinopterygii,Perciformes,Gobiidae,Rhinogobiops nicholsii,Rhinogobiops nicholsii,7.5,13,101.0144,POINT (-125.16000366210938 48.869998931884766)
ep_m2_cryptic_fish_public_data.fid-1acd095e_191e9c2e144_-5b8f,923402372,Canada,British Columbia,"Oregon, Washington, Vancouver Coast and Shelf",Temperate Northern Pacific,Vancouver Island,KCCA11,Ross Islets 2,48.87,-125.16,2023-06-12,3.5,RLS,2,10:30:00,,,2,1,Chordata,Actinopterygii,Perciformes,Gobiidae,Rhinogobiops nicholsii,Rhinogobiops nicholsii,10,13,242.9105,POINT (-125.16000366210938 48.869998931884766)
ep_m2_cryptic_fish_public_data.fid-1acd095e_191e9c2e144_-5b8e,923402372,Canada,British Columbia,"Oregon, Washington, Vancouver Coast and Shelf",Temperate Northern Pacific,Vancouver Island,KCCA11,Ross Islets 2,48.87,-125.16,2023-06-12,3.5,RLS,2,10:30:00,,,2,1,Chordata,Actinopterygii,Perciformes,Gobiidae,Rhinogobiops nicholsii,Rhinogobiops nicholsii,12.5,1,36.9044,POINT (-125.16000366210938 48.869998931884766)
ep_m2_cryptic_fish_public_data.fid-1acd095e_191e9c2e144_-5b8d,923402372,Canada,British Columbia,"Oregon, Washington, Vancouver Coast and Shelf",Temperate Northern Pacific,Vancouver Island,KCCA11,Ross Islets 2,48.87,-125.16,2023-06-12,3.5,RLS,2,10:30:00,,,2,1,Chordata,Actinopterygii,Perciformes,Pholidae,Pholis laeta,Pholis laeta,7.5,1,1.8464,POINT (-125.16000366210938 48.869998931884766)
ep_m2_cryptic_fish_public_data.fid-1acd095e_191e9c2e144_-5b8c,923402372,Canada,British Columbia,"Oregon, Washington, Vancouver Coast and Shelf",Temperate Northern Pacific,Vancouver Island,KCCA11,Ross Islets 2,48.87,-125.16,2023-06-12,3.5,RLS,2,10:30:00,,,2,1,Chordata,Actinopterygii,Scorpaeniformes,Hexagrammidae,Oxylebius pictus,Oxylebius pictus,7.5,1,8.931,POINT (-125.16000366210938 48.869998931884766)
ep_m2_cryptic_fish_public_data.fid-1acd095e_191e9c2e144_-5b8b,923402378,Canada,British Columbia,"Oregon, Washington, Vancouver Coast and Shelf",Temperate Northern Pacific,Vancouver Island,BMSC10,Ross Islets Slug Island,48.87,-125.16,2023-06-14,2.7,RLS,4,10:14:00,48.87,-125.16,2,2,Chordata,Actinopteri,Perciformes,Pholidae,Apodichthys flavidus,Apodichthys flavidus,10,1,2.0525,POINT (-125.16 48.87)
ep_m2_cryptic_fish_public_data.fid-1acd095e_191e9c2e144_-5b8a,923402378,Canada,British Columbia,"Oregon, Washington, Vancouver Coast and Shelf",Temperate Northern Pacific,Vancouver Island,BMSC10,Ross Islets Slug Island,48.87,-125.16,2023-06-14,2.7,RLS,4,10:14:00,48.87,-125.16,2,2,Chordata,Actinopterygii,Perciformes,Gobiidae,Rhinogobiops nicholsii,Rhinogobiops nicholsii,5,9,20.305,POINT (-125.16 48.87)
ep_m2_cryptic_fish_public_data.fid-1acd095e_191e9c2e144_-5b89,923402378,Canada,British Columbia,"Oregon, Washington, Vancouver Coast and Shelf",Temperate Northern Pacific,Vancouver Island,BMSC10,Ross Islets Slug Island,48.87,-125.16,2023-06-14,2.7,RLS,4,10:14:00,48.87,-125.16,2,2,Chordata,Actinopterygii,Perciformes,Gobiidae,Rhinogobiops nicholsii,Rhinogobiops nicholsii,7.5,18,139.866,POINT (-125.16 48.87)
ep_m2_cryptic_fish_public_data.fid-1acd095e_191e9c2e144_-5b88,923402378,Canada,British Columbia,"Oregon, Washington, Vancouver Coast and Shelf",Temperate Northern Pacific,Vancouver Island,BMSC10,Ross Islets Slug Island,48.87,-125.16,2023-06-14,2.7,RLS,4,10:14:00,48.87,-125.16,2,2,Chordata,Actinopterygii,Perciformes,Gobiidae,Rhinogobiops nicholsii,Rhinogobiops nicholsii,10,19,355.023,POINT (-125.16 48.87)
ep_m2_cryptic_fish_public_data.fid-1acd095e_191e9c2e144_-5b87,923402378,Canada,British Columbia,"Oregon, Washington, Vancouver Coast and Shelf",Temperate Northern Pacific,Vancouver Island,BMSC10,Ross Islets Slug Island,48.87,-125.16,2023-06-14,2.7,RLS,4,10:14:00,48.87,-125.16,2,2,Chordata,Actinopterygii,Perciformes,Gobiidae,Rhinogobiops nicholsii,Rhinogobiops nicholsii,12.5,12,442.8531,POINT (-125.16 48.87)
ep_m2_cryptic_fish_public_data.fid-1acd095e_191e9c2e144_-5b86,923402378,Canada,British Columbia,"Oregon, Washington, Vancouver Coast and Shelf",Temperate Northern Pacific,Vancouver Island,BMSC10,Ross Islets Slug Island,48.87,-125.16,2023-06-14,2.7,RLS,4,10:14:00,48.87,-125.16,2,1,Chordata,Actinopteri,Perciformes,Pholidae,Apodichthys flavidus,Apodichthys flavidus,10,1,2.0525,POINT (-125.16 48.87)
ep_m2_cryptic_fish_public_data.fid-1acd095e_191e9c2e144_-5b85,923402378,Canada,British Columbia,"Oregon, Washington, Vancouver Coast and Shelf",Temperate Northern Pacific,Vancouver Island,BMSC10,Ross Islets Slug Island,48.87,-125.16,2023-06-14,2.7,RLS,4,10:14:00,48.87,-125.16,2,1,Chordata,Actinopterygii,Perciformes,Gobiidae,Rhinogobiops nicholsii,Rhinogobiops nicholsii,2.5,10,2.7241,POINT (-125.16 48.87)
ep_m2_cryptic_fish_public_data.fid-1acd095e_191e9c2e144_-5b84,923402378,Canada,British Columbia,"Oregon, Washington, Vancouver Coast and Shelf",Temperate Northern Pacific,Vancouver Island,BMSC10,Ross Islets Slug Island,48.87,-125.16,2023-06-14,2.7,RLS,4,10:14:00,48.87,-125.16,2,1,Chordata,Actinopterygii,Perciformes,Gobiidae,Rhinogobiops nicholsii,Rhinogobiops nicholsii,5,10,22.5612,POINT (-125.16 48.87)
ep_m2_cryptic_fish_public_data.fid-1acd095e_191e9c2e144_-5b83,923402378,Canada,British Columbia,"Oregon, Washington, Vancouver Coast and Shelf",Temperate Northern Pacific,Vancouver Island,BMSC10,Ross Islets Slug Island,48.87,-125.16,2023-06-14,2.7,RLS,4,10:14:00,48.87,-125.16,2,1,Chordata,Actinopterygii,Perciformes,Gobiidae,Rhinogobiops nicholsii,Rhinogobiops nicholsii,7.5,10,77.7034,POINT (-125.16 48.87)
ep_m2_cryptic_fish_public_data.fid-1acd095e_191e9c2e144_-5b82,923402378,Canada,British Columbia,"Oregon, Washington, Vancouver Coast and Shelf",Temperate Northern Pacific,Vancouver Island,BMSC10,Ross Islets Slug Island,48.87,-125.16,2023-06-14,2.7,RLS,4,10:14:00,48.87,-125.16,2,1,Chordata,Actinopterygii,Perciformes,Gobiidae,Rhinogobiops nicholsii,Rhinogobiops nicholsii,10,10,186.8542,POINT (-125.16 48.87)
ep_m2_cryptic_fish_public_data.fid-1acd095e_191e9c2e144_-5b81,923402378,Canada,British Columbia,"Oregon, Washington, Vancouver Coast and Shelf",Temperate Northern Pacific,Vancouver Island,BMSC10,Ross Islets Slug Island,48.87,-125.16,2023-06-14,2.7,RLS,4,10:14:00,48.87,-125.16,2,1,Chordata,Actinopterygii,Perciformes,Pholidae,Pholis laeta,Pholis laeta,10,1,4.5565,POINT (-125.16 48.87)
ep_m2_cryptic_fish_public_data.fid-1acd095e_191e9c2e144_-5b80,923402378,Canada,British Columbia,"Oregon, Washington, Vancouver Coast and Shelf",Temperate Northern Pacific,Vancouver Island,BMSC10,Ross Islets Slug Island,48.87,-125.16,2023-06-14,2.7,RLS,4,10:14:00,48.87,-125.16,2,1,Chordata,Actinopterygii,Scorpaeniformes,Cottidae,Jordania zonope,Jordania zonope,5,1,1.9303,POINT (-125.16 48.87)
ep_m2_cryptic_fish_public_data.fid-1acd095e_191e9c2e144_-5b7f,923400148,Canada,British Columbia,"Oregon, Washington, Vancouver Coast and Shelf",Temperate Northern Pacific,Vancouver Island,BMSC14,Effingham Archipelago,48.88,-125.3,2021-05-04,6,RLS,4,13:00:00,,,2,1,Chordata,Actinopterygii,Perciformes,Gobiidae,Rhinogobiops nicholsii,Rhinogobiops nicholsii,5,1,2.2561,POINT (-125.30000305175781 48.880001068115234)
ep_m2_cryptic_fish_public_data.fid-1acd095e_191e9c2e144_-5b7e,923400148,Canada,British Columbia,"Oregon, Washington, Vancouver Coast and Shelf",Temperate Northern Pacific,Vancouver Island,BMSC14,Effingham Archipelago,48.88,-125.3,2021-05-04,6,RLS,4,13:00:00,,,2,1,Chordata,Actinopterygii,Perciformes,Gobiidae,Rhinogobiops nicholsii,Rhinogobiops nicholsii,7.5,6,46.622,POINT (-125.30000305175781 48.880001068115234)
ep_m2_cryptic_fish_public_data.fid-1acd095e_191e9c2e144_-5b7d,923400148,Canada,British Columbia,"Oregon, Washington, Vancouver Coast and Shelf",Temperate Northern Pacific,Vancouver Island,BMSC14,Effingham Archipelago,48.88,-125.3,2021-05-04,6,RLS,4,13:00:00,,,2,1,Chordata,Actinopterygii,Perciformes,Gobiidae,Rhinogobiops nicholsii,Rhinogobiops nicholsii,10,2,37.3708,POINT (-125.30000305175781 48.880001068115234)
ep_m2_cryptic_fish_public_data.fid-1acd095e_191e9c2e144_-5b7c,923400148,Canada,British Columbia,"Oregon, Washington, Vancouver Coast and Shelf",Temperate Northern Pacific,Vancouver Island,BMSC14,Effingham Archipelago,48.88,-125.3,2021-05-04,6,RLS,4,13:00:00,,,2,1,Chordata,Actinopterygii,Perciformes,Gobiidae,Rhinogobiops nicholsii,Rhinogobiops nicholsii,12.5,1,36.9044,POINT (-125.30000305175781 48.880001068115234)
ep_m2_cryptic_fish_public_data.fid-1acd095e_191e9c2e144_-5b7b,923400148,Canada,British Columbia,"Oregon, Washington, Vancouver Coast and Shelf",Temperate Northern Pacific,Vancouver Island,BMSC14,Effingham Archipelago,48.88,-125.3,2021-05-04,6,RLS,4,13:00:00,,,2,1,Chordata,Actinopterygii,Scorpaeniformes,Cottidae,Jordania zonope,Jordania zonope,0,1,,POINT (-125.30000305175781 48.880001068115234)
ep_m2_cryptic_fish_public_data.fid-1acd095e_191e9c2e144_-5b7a,923400148,Canada,British Columbia,"Oregon, Washington, Vancouver Coast and Shelf",Temperate Northern Pacific,Vancouver Island,BMSC14,Effingham Archipelago,48.88,-125.3,2021-05-04,6,RLS,4,13:00:00,,,2,2,Chordata,Actinopterygii,Perciformes,Gobiidae,Rhinogobiops nicholsii,Rhinogobiops nicholsii,5,2,4.5122,POINT (-125.30000305175781 48.880001068115234)
ep_m2_cryptic_fish_public_data.fid-1acd095e_191e9c2e144_-5b79,923400148,Canada,British Columbia,"Oregon, Washington, Vancouver Coast and Shelf",Temperate Northern Pacific,Vancouver Island,BMSC14,Effingham Archipelago,48.88,-125.3,2021-05-04,6,RLS,4,13:00:00,,,2,2,Chordata,Actinopterygii,Perciformes,Gobiidae,Rhinogobiops nicholsii,Rhinogobiops nicholsii,7.5,7,54.3924,POINT (-125.30000305175781 48.880001068115234)
ep_m2_cryptic_fish_public_data.fid-1acd095e_191e9c2e144_-5b78,923400148,Canada,British Columbia,"Oregon, Washington, Vancouver Coast and Shelf",Temperate Northern Pacific,Vancouver Island,BMSC14,Effingham Archipelago,48.88,-125.3,2021-05-04,6,RLS,4,13:00:00,,,2,2,Chordata,Actinopterygii,Perciformes,Gobiidae,Rhinogobiops nicholsii,Rhinogobiops nicholsii,10,2,37.3708,POINT (-125.30000305175781 48.880001068115234)
ep_m2_cryptic_fish_public_data.fid-1acd095e_191e9c2e144_-5b77,923400148,Canada,British Columbia,"Oregon, Washington, Vancouver Coast and Shelf",Temperate Northern Pacific,Vancouver Island,BMSC14,Effingham Archipelago,48.88,-125.3,2021-05-04,6,RLS,4,13:00:00,,,2,2,Chordata,Actinopterygii,Perciformes,Gobiidae,Rhinogobiops nicholsii,Rhinogobiops nicholsii,12.5,1,36.9044,POINT (-125.30000305175781 48.880001068115234)
ep_m2_cryptic_fish_public_data.fid-1acd095e_191e9c2e144_-5b76,923400148,Canada,British Columbia,"Oregon, Washington, Vancouver Coast and Shelf",Temperate Northern Pacific,Vancouver Island,BMSC14,Effingham Archipelago,48.88,-125.3,2021-05-04,6,RLS,4,13:00:00,,,2,2,Chordata,Actinopterygii,Scorpaeniformes,Cottidae,Artedius harringtoni,Artedius harringtoni,5,4,7.721,POINT (-125.30000305175781 48.880001068115234)
ep_m2_cryptic_fish_public_data.fid-1acd095e_191e9c2e144_-5b75,923401180,Canada,British Columbia,"Oregon, Washington, Vancouver Coast and Shelf",Temperate Northern Pacific,Vancouver Island,BMSC14,Effingham Archipelago,48.88,-125.3,2022-04-26,7,RLS,2,14:10:00,,,2,2,Chordata,Actinopteri,Perciformes,Cottidae,Asemichthys taylori,Asemichthys taylori,5,1,1.9303,POINT (-125.30000305175781 48.880001068115234)
ep_m2_cryptic_fish_public_data.fid-1acd095e_191e9c2e144_-5b74,923401180,Canada,British Columbia,"Oregon, Washington, Vancouver Coast and Shelf",Temperate Northern Pacific,Vancouver Island,BMSC14,Effingham Archipelago,48.88,-125.3,2022-04-26,7,RLS,2,14:10:00,,,2,2,Chordata,Actinopterygii,Perciformes,Gobiidae,Rhinogobiops nicholsii,Rhinogobiops nicholsii,5,3,6.7683,POINT (-125.30000305175781 48.880001068115234)
ep_m2_cryptic_fish_public_data.fid-1acd095e_191e9c2e144_-5b73,923401180,Canada,British Columbia,"Oregon, Washington, Vancouver Coast and Shelf",Temperate Northern Pacific,Vancouver Island,BMSC14,Effingham Archipelago,48.88,-125.3,2022-04-26,7,RLS,2,14:10:00,,,2,2,Chordata,Actinopterygii,Perciformes,Gobiidae,Rhinogobiops nicholsii,Rhinogobiops nicholsii,7.5,6,46.622,POINT (-125.30000305175781 48.880001068115234)
ep_m2_cryptic_fish_public_data.fid-1acd095e_191e9c2e144_-5b72,923401180,Canada,British Columbia,"Oregon, Washington, Vancouver Coast and Shelf",Temperate Northern Pacific,Vancouver Island,BMSC14,Effingham Archipelago,48.88,-125.3,2022-04-26,7,RLS,2,14:10:00,,,2,2,Chordata,Actinopterygii,Scorpaeniformes,Cottidae,Artedius harringtoni,Artedius harringtoni,5,4,7.721,POINT (-125.30000305175781 48.880001068115234)
ep_m2_cryptic_fish_public_data.fid-1acd095e_191e9c2e144_-5b71,923401180,Canada,British Columbia,"Oregon, Washington, Vancouver Coast and Shelf",Temperate Northern Pacific,Vancouver Island,BMSC14,Effingham Archipelago,48.88,-125.3,2022-04-26,7,RLS,2,14:10:00,,,2,1,Chordata,Actinopterygii,Perciformes,Gobiidae,Rhinogobiops nicholsii,Rhinogobiops nicholsii,2.5,1,0.2724,POINT (-125.30000305175781 48.880001068115234)
ep_m2_cryptic_fish_public_data.fid-1acd095e_191e9c2e144_-5b70,923401180,Canada,British Columbia,"Oregon, Washington, Vancouver Coast and Shelf",Temperate Northern Pacific,Vancouver Island,BMSC14,Effingham Archipelago,48.88,-125.3,2022-04-26,7,RLS,2,14:10:00,,,2,1,Chordata,Actinopterygii,Perciformes,Gobiidae,Rhinogobiops nicholsii,Rhinogobiops nicholsii,7.5,2,15.5407,POINT (-125.30000305175781 48.880001068115234)
ep_m2_cryptic_fish_public_data.fid-1acd095e_191e9c2e144_-5b6f,923401180,Canada,British Columbia,"Oregon, Washington, Vancouver Coast and Shelf",Temperate Northern Pacific,Vancouver Island,BMSC14,Effingham Archipelago,48.88,-125.3,2022-04-26,7,RLS,2,14:10:00,,,2,1,Chordata,Actinopterygii,Perciformes,Gobiidae,Rhinogobiops nicholsii,Rhinogobiops nicholsii,10,4,74.7417,POINT (-125.30000305175781 48.880001068115234)
ep_m2_cryptic_fish_public_data.fid-1acd095e_191e9c2e144_-5b6e,923401180,Canada,British Columbia,"Oregon, Washington, Vancouver Coast and Shelf",Temperate Northern Pacific,Vancouver Island,BMSC14,Effingham Archipelago,48.88,-125.3,2022-04-26,7,RLS,2,14:10:00,,,2,1,Chordata,Actinopterygii,Perciformes,Gobiidae,Rhinogobiops nicholsii,Rhinogobiops nicholsii,12.5,5,184.5221,POINT (-125.30000305175781 48.880001068115234)
ep_m2_cryptic_fish_public_data.fid-1acd095e_191e9c2e144_-5b6d,923401180,Canada,British Columbia,"Oregon, Washington, Vancouver Coast and Shelf",Temperate Northern Pacific,Vancouver Island,BMSC14,Effingham Archipelago,48.88,-125.3,2022-04-26,7,RLS,2,14:10:00,,,2,1,Chordata,Actinopterygii,Perciformes,Gobiidae,Rhinogobiops nicholsii,Rhinogobiops nicholsii,15,1,64.3548,POINT (-125.30000305175781 48.880001068115234)
ep_m2_cryptic_fish_public_data.fid-1acd095e_191e9c2e144_-5b6c,923401180,Canada,British Columbia,"Oregon, Washington, Vancouver Coast and Shelf",Temperate Northern Pacific,Vancouver Island,BMSC14,Effingham Archipelago,48.88,-125.3,2022-04-26,7,RLS,2,14:10:00,,,2,1,Chordata,Actinopterygii,Scorpaeniformes,Cottidae,Artedius harringtoni,Artedius harringtoni,2.5,1,0.2205,POINT (-125.30000305175781 48.880001068115234)
ep_m2_cryptic_fish_public_data.fid-1acd095e_191e9c2e144_-5b6b,923402375,Canada,British Columbia,"Oregon, Washington, Vancouver Coast and Shelf",Temperate Northern Pacific,Vancouver Island,KCCA20,Nanat Bay,48.88,-125.08,2023-05-30,5.5,RLS,3,09:23:00,,,2,1,Chordata,Actinopterygii,Perciformes,Gobiidae,Rhinogobiops nicholsii,Rhinogobiops nicholsii,2.5,4,1.0896,POINT (-125.08000183105469 48.880001068115234)
ep_m2_cryptic_fish_public_data.fid-1acd095e_191e9c2e144_-5b6a,923402375,Canada,British Columbia,"Oregon, Washington, Vancouver Coast and Shelf",Temperate Northern Pacific,Vancouver Island,KCCA20,Nanat Bay,48.88,-125.08,2023-05-30,5.5,RLS,3,09:23:00,,,2,1,Chordata,Actinopterygii,Perciformes,Gobiidae,Rhinogobiops nicholsii,Rhinogobiops nicholsii,5,14,31.5856,POINT (-125.08000183105469 48.880001068115234)
ep_m2_cryptic_fish_public_data.fid-1acd095e_191e9c2e144_-5b69,923402375,Canada,British Columbia,"Oregon, Washington, Vancouver Coast and Shelf",Temperate Northern Pacific,Vancouver Island,KCCA20,Nanat Bay,48.88,-125.08,2023-05-30,5.5,RLS,3,09:23:00,,,2,1,Chordata,Actinopterygii,Perciformes,Gobiidae,Rhinogobiops nicholsii,Rhinogobiops nicholsii,7.5,7,54.3924,POINT (-125.08000183105469 48.880001068115234)
ep_m2_cryptic_fish_public_data.fid-1acd095e_191e9c2e144_-5b68,923402375,Canada,British Columbia,"Oregon, Washington, Vancouver Coast and Shelf",Temperate Northern Pacific,Vancouver Island,KCCA20,Nanat Bay,48.88,-125.08,2023-05-30,5.5,RLS,3,09:23:00,,,2,1,Chordata,Actinopterygii,Perciformes,Hexagrammidae,Hexagrammos decagrammus,Hexagrammos decagrammus,20,1,150.0203,POINT (-125.08000183105469 48.880001068115234)
ep_m2_cryptic_fish_public_data.fid-1acd095e_191e9c2e144_-5b67,923402375,Canada,British Columbia,"Oregon, Washington, Vancouver Coast and Shelf",Temperate Northern Pacific,Vancouver Island,KCCA20,Nanat Bay,48.88,-125.08,2023-05-30,5.5,RLS,3,09:23:00,,,2,1,Chordata,Actinopterygii,Scorpaeniformes,Hexagrammidae,Oxylebius pictus,Oxylebius pictus,12.5,1,42.2005,POINT (-125.08000183105469 48.880001068115234)
ep_m2_cryptic_fish_public_data.fid-1acd095e_191e9c2e144_-5b66,923402375,Canada,British Columbia,"Oregon, Washington, Vancouver Coast and Shelf",Temperate Northern Pacific,Vancouver Island,KCCA20,Nanat Bay,48.88,-125.08,2023-05-30,5.5,RLS,3,09:23:00,,,2,2,Chordata,Actinopterygii,Perciformes,Gobiidae,Rhinogobiops nicholsii,Rhinogobiops nicholsii,2.5,8,2.1793,POINT (-125.08000183105469 48.880001068115234)
ep_m2_cryptic_fish_public_data.fid-1acd095e_191e9c2e144_-5b65,923402375,Canada,British Columbia,"Oregon, Washington, Vancouver Coast and Shelf",Temperate Northern Pacific,Vancouver Island,KCCA20,Nanat Bay,48.88,-125.08,2023-05-30,5.5,RLS,3,09:23:00,,,2,2,Chordata,Actinopterygii,Perciformes,Gobiidae,Rhinogobiops nicholsii,Rhinogobiops nicholsii,5,12,27.0734,POINT (-125.08000183105469 48.880001068115234)
ep_m2_cryptic_fish_public_data.fid-1acd095e_191e9c2e144_-5b64,923402375,Canada,British Columbia,"Oregon, Washington, Vancouver Coast and Shelf",Temperate Northern Pacific,Vancouver Island,KCCA20,Nanat Bay,48.88,-125.08,2023-05-30,5.5,RLS,3,09:23:00,,,2,2,Chordata,Actinopterygii,Perciformes,Gobiidae,Rhinogobiops nicholsii,Rhinogobiops nicholsii,7.5,5,38.8517,POINT (-125.08000183105469 48.880001068115234)
ep_m2_cryptic_fish_public_data.fid-1acd095e_191e9c2e144_-5b63,923402375,Canada,British Columbia,"Oregon, Washington, Vancouver Coast and Shelf",Temperate Northern Pacific,Vancouver Island,KCCA20,Nanat Bay,48.88,-125.08,2023-05-30,5.5,RLS,3,09:23:00,,,2,2,Chordata,Actinopterygii,Scorpaeniformes,Cottidae,Hemilepidotus hemilepidotus,Hemilepidotus hemilepidotus,10,1,17.2917,POINT (-125.08000183105469 48.880001068115234)
ep_m2_cryptic_fish_public_data.fid-1acd095e_191e9c2e144_-5b62,923402375,Canada,British Columbia,"Oregon, Washington, Vancouver Coast and Shelf",Temperate Northern Pacific,Vancouver Island,KCCA20,Nanat Bay,48.88,-125.08,2023-05-30,5.5,RLS,3,09:23:00,,,2,2,Chordata,Actinopterygii,Scorpaeniformes,Hexagrammidae,Oxylebius pictus,Oxylebius pictus,7.5,1,8.931,POINT (-125.08000183105469 48.880001068115234)
ep_m2_cryptic_fish_public_data.fid-1acd095e_191e9c2e144_-5b61,923402376,Canada,British Columbia,"Oregon, Washington, Vancouver Coast and Shelf",Temperate Northern Pacific,Vancouver Island,BMSC32,Less Dangerous Bay,48.88,-125.09,2023-06-13,3.2,RLS,3,08:56:00,,,2,1,Chordata,Actinopterygii,Perciformes,Gobiidae,Rhinogobiops nicholsii,Rhinogobiops nicholsii,7.5,3,23.311,POINT (-125.08999633789062 48.880001068115234)
ep_m2_cryptic_fish_public_data.fid-1acd095e_191e9c2e144_-5b60,923402376,Canada,British Columbia,"Oregon, Washington, Vancouver Coast and Shelf",Temperate Northern Pacific,Vancouver Island,BMSC32,Less Dangerous Bay,48.88,-125.09,2023-06-13,3.2,RLS,3,08:56:00,,,2,1,Chordata,Actinopterygii,Perciformes,Gobiidae,Rhinogobiops nicholsii,Rhinogobiops nicholsii,10,5,93.4271,POINT (-125.08999633789062 48.880001068115234)
ep_m2_cryptic_fish_public_data.fid-1acd095e_191e9c2e144_-5b5f,923402376,Canada,British Columbia,"Oregon, Washington, Vancouver Coast and Shelf",Temperate Northern Pacific,Vancouver Island,BMSC32,Less Dangerous Bay,48.88,-125.09,2023-06-13,3.2,RLS,3,08:56:00,,,2,1,Chordata,Actinopterygii,Perciformes,Gobiidae,Rhinogobiops nicholsii,Rhinogobiops nicholsii,12.5,2,73.8089,POINT (-125.08999633789062 48.880001068115234)
ep_m2_cryptic_fish_public_data.fid-1acd095e_191e9c2e144_-5b5e,923402376,Canada,British Columbia,"Oregon, Washington, Vancouver Coast and Shelf",Temperate Northern Pacific,Vancouver Island,BMSC32,Less Dangerous Bay,48.88,-125.09,2023-06-13,3.2,RLS,3,08:56:00,,,2,1,Chordata,Actinopterygii,Perciformes,Pholidae,Pholis laeta,Pholis laeta,10,1,4.5565,POINT (-125.08999633789062 48.880001068115234)
ep_m2_cryptic_fish_public_data.fid-1acd095e_191e9c2e144_-5b5d,923402376,Canada,British Columbia,"Oregon, Washington, Vancouver Coast and Shelf",Temperate Northern Pacific,Vancouver Island,BMSC32,Less Dangerous Bay,48.88,-125.09,2023-06-13,3.2,RLS,3,08:56:00,,,2,1,Chordata,Actinopterygii,Scorpaeniformes,Cottidae,Jordania zonope,Jordania zonope,10,1,16.8981,POINT (-125.08999633789062 48.880001068115234)
ep_m2_cryptic_fish_public_data.fid-1acd095e_191e9c2e144_-5b5c,923402376,Canada,British Columbia,"Oregon, Washington, Vancouver Coast and Shelf",Temperate Northern Pacific,Vancouver Island,BMSC32,Less Dangerous Bay,48.88,-125.09,2023-06-13,3.2,RLS,3,08:56:00,,,2,2,Chordata,Actinopterygii,Perciformes,Gobiidae,Rhinogobiops nicholsii,Rhinogobiops nicholsii,5,2,4.5122,POINT (-125.08999633789062 48.880001068115234)
ep_m2_cryptic_fish_public_data.fid-1acd095e_191e9c2e144_-5b5b,923402373,Canada,British Columbia,"Oregon, Washington, Vancouver Coast and Shelf",Temperate Northern Pacific,Vancouver Island,BMSC31,Dodger Channel 2,48.83,-125.19,2023-06-09,2,RLS,2,10:30:00,48.83,-125.19,2,1,Chordata,Actinopterygii,Scorpaeniformes,Cottidae,Artedius harringtoni,Artedius harringtoni,5,1,1.9303,POINT (-125.19 48.83)
ep_m2_cryptic_fish_public_data.fid-1acd095e_191e9c2e144_-5b5a,923402373,Canada,British Columbia,"Oregon, Washington, Vancouver Coast and Shelf",Temperate Northern Pacific,Vancouver Island,BMSC31,Dodger Channel 2,48.83,-125.19,2023-06-09,2,RLS,2,10:30:00,48.83,-125.19,2,1,Chordata,Actinopterygii,Scorpaeniformes,Cottidae,Artedius harringtoni,Artedius harringtoni,7.5,3,20.6016,POINT (-125.19 48.83)
ep_m2_cryptic_fish_public_data.fid-1acd095e_191e9c2e144_-5b59,923402373,Canada,British Columbia,"Oregon, Washington, Vancouver Coast and Shelf",Temperate Northern Pacific,Vancouver Island,BMSC31,Dodger Channel 2,48.83,-125.19,2023-06-09,2,RLS,2,10:30:00,48.83,-125.19,2,2,Chordata,Actinopterygii,Perciformes,Pholidae,Pholis laeta,Pholis laeta,7.5,1,1.8464,POINT (-125.19 48.83)
ep_m2_cryptic_fish_public_data.fid-1acd095e_191e9c2e144_-5b58,923402373,Canada,British Columbia,"Oregon, Washington, Vancouver Coast and Shelf",Temperate Northern Pacific,Vancouver Island,BMSC31,Dodger Channel 2,48.83,-125.19,2023-06-09,2,RLS,2,10:30:00,48.83,-125.19,2,2,Chordata,Actinopterygii,Scorpaeniformes,Cottidae,Artedius harringtoni,Artedius harringtoni,5,3,5.7908,POINT (-125.19 48.83)
ep_m2_cryptic_fish_public_data.fid-1acd095e_191e9c2e144_-5b57,923400145,Canada,British Columbia,"Oregon, Washington, Vancouver Coast and Shelf",Temperate Northern Pacific,Vancouver Island,BMSC18,Eussen Rock,48.91,-125.27,2021-05-05,7.5,RLS,4,14:45:00,,,2,1,Chordata,Actinopterygii,Perciformes,Gobiidae,Rhinogobiops nicholsii,Rhinogobiops nicholsii,2.5,4,1.0896,POINT (-125.2699966430664 48.90999984741211)
ep_m2_cryptic_fish_public_data.fid-1acd095e_191e9c2e144_-5b56,923400145,Canada,British Columbia,"Oregon, Washington, Vancouver Coast and Shelf",Temperate Northern Pacific,Vancouver Island,BMSC18,Eussen Rock,48.91,-125.27,2021-05-05,7.5,RLS,4,14:45:00,,,2,1,Chordata,Actinopterygii,Perciformes,Gobiidae,Rhinogobiops nicholsii,Rhinogobiops nicholsii,5,20,45.1223,POINT (-125.2699966430664 48.90999984741211)
ep_m2_cryptic_fish_public_data.fid-1acd095e_191e9c2e144_-5b55,923400145,Canada,British Columbia,"Oregon, Washington, Vancouver Coast and Shelf",Temperate Northern Pacific,Vancouver Island,BMSC18,Eussen Rock,48.91,-125.27,2021-05-05,7.5,RLS,4,14:45:00,,,2,1,Chordata,Actinopterygii,Perciformes,Gobiidae,Rhinogobiops nicholsii,Rhinogobiops nicholsii,7.5,41,318.5838,POINT (-125.2699966430664 48.90999984741211)
ep_m2_cryptic_fish_public_data.fid-1acd095e_191e9c2e144_-5b54,923400145,Canada,British Columbia,"Oregon, Washington, Vancouver Coast and Shelf",Temperate Northern Pacific,Vancouver Island,BMSC18,Eussen Rock,48.91,-125.27,2021-05-05,7.5,RLS,4,14:45:00,,,2,1,Chordata,Actinopterygii,Perciformes,Gobiidae,Rhinogobiops nicholsii,Rhinogobiops nicholsii,10,15,280.2813,POINT (-125.2699966430664 48.90999984741211)
ep_m2_cryptic_fish_public_data.fid-1acd095e_191e9c2e144_-5b53,923400145,Canada,British Columbia,"Oregon, Washington, Vancouver Coast and Shelf",Temperate Northern Pacific,Vancouver Island,BMSC18,Eussen Rock,48.91,-125.27,2021-05-05,7.5,RLS,4,14:45:00,,,2,1,Chordata,Actinopterygii,Perciformes,Gobiidae,Rhinogobiops nicholsii,Rhinogobiops nicholsii,12.5,8,295.2354,POINT (-125.2699966430664 48.90999984741211)
ep_m2_cryptic_fish_public_data.fid-1acd095e_191e9c2e144_-5b52,923400145,Canada,British Columbia,"Oregon, Washington, Vancouver Coast and Shelf",Temperate Northern Pacific,Vancouver Island,BMSC18,Eussen Rock,48.91,-125.27,2021-05-05,7.5,RLS,4,14:45:00,,,2,1,Chordata,Actinopterygii,Scorpaeniformes,Cottidae,Artedius harringtoni,Artedius harringtoni,2.5,1,0.2205,POINT (-125.2699966430664 48.90999984741211)
ep_m2_cryptic_fish_public_data.fid-1acd095e_191e9c2e144_-5b51,923400145,Canada,British Columbia,"Oregon, Washington, Vancouver Coast and Shelf",Temperate Northern Pacific,Vancouver Island,BMSC18,Eussen Rock,48.91,-125.27,2021-05-05,7.5,RLS,4,14:45:00,,,2,1,Chordata,Actinopterygii,Scorpaeniformes,Cottidae,Artedius harringtoni,Artedius harringtoni,5,1,1.9303,POINT (-125.2699966430664 48.90999984741211)
ep_m2_cryptic_fish_public_data.fid-1acd095e_191e9c2e144_-5b50,923400145,Canada,British Columbia,"Oregon, Washington, Vancouver Coast and Shelf",Temperate Northern Pacific,Vancouver Island,BMSC18,Eussen Rock,48.91,-125.27,2021-05-05,7.5,RLS,4,14:45:00,,,2,1,Chordata,Actinopterygii,Scorpaeniformes,Cottidae,Jordania zonope,Jordania zonope,2.5,1,0.2205,POINT (-125.2699966430664 48.90999984741211)
ep_m2_cryptic_fish_public_data.fid-1acd095e_191e9c2e144_-5b4f,923400145,Canada,British Columbia,"Oregon, Washington, Vancouver Coast and Shelf",Temperate Northern Pacific,Vancouver Island,BMSC18,Eussen Rock,48.91,-125.27,2021-05-05,7.5,RLS,4,14:45:00,,,2,1,Chordata,Actinopterygii,Scorpaeniformes,Cottidae,Jordania zonope,Jordania zonope,5,6,11.5815,POINT (-125.2699966430664 48.90999984741211)
ep_m2_cryptic_fish_public_data.fid-1acd095e_191e9c2e144_-5b4e,923400145,Canada,British Columbia,"Oregon, Washington, Vancouver Coast and Shelf",Temperate Northern Pacific,Vancouver Island,BMSC18,Eussen Rock,48.91,-125.27,2021-05-05,7.5,RLS,4,14:45:00,,,2,1,Chordata,Actinopterygii,Scorpaeniformes,Cottidae,Jordania zonope,Jordania zonope,7.5,2,13.7344,POINT (-125.2699966430664 48.90999984741211)
ep_m2_cryptic_fish_public_data.fid-1acd095e_191e9c2e144_-5b4d,923400145,Canada,British Columbia,"Oregon, Washington, Vancouver Coast and Shelf",Temperate Northern Pacific,Vancouver Island,BMSC18,Eussen Rock,48.91,-125.27,2021-05-05,7.5,RLS,4,14:45:00,,,2,2,Chordata,Actinopterygii,Perciformes,Gobiidae,Rhinogobiops nicholsii,Rhinogobiops nicholsii,2.5,3,0.8172,POINT (-125.2699966430664 48.90999984741211)
ep_m2_cryptic_fish_public_data.fid-1acd095e_191e9c2e144_-5b4c,923400145,Canada,British Columbia,"Oregon, Washington, Vancouver Coast and Shelf",Temperate Northern Pacific,Vancouver Island,BMSC18,Eussen Rock,48.91,-125.27,2021-05-05,7.5,RLS,4,14:45:00,,,2,2,Chordata,Actinopterygii,Perciformes,Gobiidae,Rhinogobiops nicholsii,Rhinogobiops nicholsii,5,16,36.0979,POINT (-125.2699966430664 48.90999984741211)
ep_m2_cryptic_fish_public_data.fid-1acd095e_191e9c2e144_-5b4b,923400145,Canada,British Columbia,"Oregon, Washington, Vancouver Coast and Shelf",Temperate Northern Pacific,Vancouver Island,BMSC18,Eussen Rock,48.91,-125.27,2021-05-05,7.5,RLS,4,14:45:00,,,2,2,Chordata,Actinopterygii,Perciformes,Gobiidae,Rhinogobiops nicholsii,Rhinogobiops nicholsii,7.5,23,178.7177,POINT (-125.2699966430664 48.90999984741211)
ep_m2_cryptic_fish_public_data.fid-1acd095e_191e9c2e144_-5b4a,923400145,Canada,British Columbia,"Oregon, Washington, Vancouver Coast and Shelf",Temperate Northern Pacific,Vancouver Island,BMSC18,Eussen Rock,48.91,-125.27,2021-05-05,7.5,RLS,4,14:45:00,,,2,2,Chordata,Actinopterygii,Perciformes,Gobiidae,Rhinogobiops nicholsii,Rhinogobiops nicholsii,10,28,523.1918,POINT (-125.2699966430664 48.90999984741211)
ep_m2_cryptic_fish_public_data.fid-1acd095e_191e9c2e144_-5b49,923400145,Canada,British Columbia,"Oregon, Washington, Vancouver Coast and Shelf",Temperate Northern Pacific,Vancouver Island,BMSC18,Eussen Rock,48.91,-125.27,2021-05-05,7.5,RLS,4,14:45:00,,,2,2,Chordata,Actinopterygii,Perciformes,Gobiidae,Rhinogobiops nicholsii,Rhinogobiops nicholsii,12.5,22,811.8974,POINT (-125.2699966430664 48.90999984741211)
ep_m2_cryptic_fish_public_data.fid-1acd095e_191e9c2e144_-5b48,923400145,Canada,British Columbia,"Oregon, Washington, Vancouver Coast and Shelf",Temperate Northern Pacific,Vancouver Island,BMSC18,Eussen Rock,48.91,-125.27,2021-05-05,7.5,RLS,4,14:45:00,,,2,2,Chordata,Actinopterygii,Perciformes,Gobiidae,Rhinogobiops nicholsii,Rhinogobiops nicholsii,15,8,514.8388,POINT (-125.2699966430664 48.90999984741211)
ep_m2_cryptic_fish_public_data.fid-1acd095e_191e9c2e144_-5b47,923400145,Canada,British Columbia,"Oregon, Washington, Vancouver Coast and Shelf",Temperate Northern Pacific,Vancouver Island,BMSC18,Eussen Rock,48.91,-125.27,2021-05-05,7.5,RLS,4,14:45:00,,,2,2,Chordata,Actinopterygii,Scorpaeniformes,Cottidae,Jordania zonope,Jordania zonope,5,2,3.8605,POINT (-125.2699966430664 48.90999984741211)
ep_m2_cryptic_fish_public_data.fid-1acd095e_191e9c2e144_-5b46,923400145,Canada,British Columbia,"Oregon, Washington, Vancouver Coast and Shelf",Temperate Northern Pacific,Vancouver Island,BMSC18,Eussen Rock,48.91,-125.27,2021-05-05,7.5,RLS,4,14:45:00,,,2,2,Chordata,Actinopterygii,Scorpaeniformes,Cottidae,Jordania zonope,Jordania zonope,7.5,1,6.8672,POINT (-125.2699966430664 48.90999984741211)
ep_m2_cryptic_fish_public_data.fid-1acd095e_191e9c2e144_-5b45,923401196,Canada,British Columbia,"Oregon, Washington, Vancouver Coast and Shelf",Temperate Northern Pacific,Vancouver Island,BMSC18,Eussen Rock,48.91,-125.27,2022-04-27,7.5,RLS,2,14:40:00,,,2,2,Chordata,Actinopterygii,Perciformes,Gobiidae,Rhinogobiops nicholsii,Rhinogobiops nicholsii,5,7,15.7928,POINT (-125.2699966430664 48.90999984741211)
ep_m2_cryptic_fish_public_data.fid-1acd095e_191e9c2e144_-5b44,923401196,Canada,British Columbia,"Oregon, Washington, Vancouver Coast and Shelf",Temperate Northern Pacific,Vancouver Island,BMSC18,Eussen Rock,48.91,-125.27,2022-04-27,7.5,RLS,2,14:40:00,,,2,2,Chordata,Actinopterygii,Perciformes,Gobiidae,Rhinogobiops nicholsii,Rhinogobiops nicholsii,7.5,9,69.933,POINT (-125.2699966430664 48.90999984741211)
ep_m2_cryptic_fish_public_data.fid-1acd095e_191e9c2e144_-5b43,923401196,Canada,British Columbia,"Oregon, Washington, Vancouver Coast and Shelf",Temperate Northern Pacific,Vancouver Island,BMSC18,Eussen Rock,48.91,-125.27,2022-04-27,7.5,RLS,2,14:40:00,,,2,2,Chordata,Actinopterygii,Perciformes,Gobiidae,Rhinogobiops nicholsii,Rhinogobiops nicholsii,10,5,93.4271,POINT (-125.2699966430664 48.90999984741211)
ep_m2_cryptic_fish_public_data.fid-1acd095e_191e9c2e144_-5b42,923401196,Canada,British Columbia,"Oregon, Washington, Vancouver Coast and Shelf",Temperate Northern Pacific,Vancouver Island,BMSC18,Eussen Rock,48.91,-125.27,2022-04-27,7.5,RLS,2,14:40:00,,,2,2,Chordata,Actinopterygii,Scorpaeniformes,Cottidae,Artedius harringtoni,Artedius harringtoni,5,1,1.9303,POINT (-125.2699966430664 48.90999984741211)
ep_m2_cryptic_fish_public_data.fid-1acd095e_191e9c2e144_-5b41,923401196,Canada,British Columbia,"Oregon, Washington, Vancouver Coast and Shelf",Temperate Northern Pacific,Vancouver Island,BMSC18,Eussen Rock,48.91,-125.27,2022-04-27,7.5,RLS,2,14:40:00,,,2,2,Chordata,Actinopterygii,Scorpaeniformes,Cottidae,Artedius harringtoni,Artedius harringtoni,7.5,1,6.8672,POINT (-125.2699966430664 48.90999984741211)
ep_m2_cryptic_fish_public_data.fid-1acd095e_191e9c2e144_-5b40,923401196,Canada,British Columbia,"Oregon, Washington, Vancouver Coast and Shelf",Temperate Northern Pacific,Vancouver Island,BMSC18,Eussen Rock,48.91,-125.27,2022-04-27,7.5,RLS,2,14:40:00,,,2,2,Chordata,Actinopterygii,Scorpaeniformes,Cottidae,Jordania zonope,Jordania zonope,7.5,3,20.6016,POINT (-125.2699966430664 48.90999984741211)
ep_m2_cryptic_fish_public_data.fid-1acd095e_191e9c2e144_-5b3f,923401196,Canada,British Columbia,"Oregon, Washington, Vancouver Coast and Shelf",Temperate Northern Pacific,Vancouver Island,BMSC18,Eussen Rock,48.91,-125.27,2022-04-27,7.5,RLS,2,14:40:00,,,2,1,Chordata,Actinopterygii,Perciformes,Gobiidae,Rhinogobiops nicholsii,Rhinogobiops nicholsii,2.5,1,0.2724,POINT (-125.2699966430664 48.90999984741211)
ep_m2_cryptic_fish_public_data.fid-1acd095e_191e9c2e144_-5b3e,923401196,Canada,British Columbia,"Oregon, Washington, Vancouver Coast and Shelf",Temperate Northern Pacific,Vancouver Island,BMSC18,Eussen Rock,48.91,-125.27,2022-04-27,7.5,RLS,2,14:40:00,,,2,1,Chordata,Actinopterygii,Perciformes,Gobiidae,Rhinogobiops nicholsii,Rhinogobiops nicholsii,5,3,6.7683,POINT (-125.2699966430664 48.90999984741211)
ep_m2_cryptic_fish_public_data.fid-1acd095e_191e9c2e144_-5b3d,923401196,Canada,British Columbia,"Oregon, Washington, Vancouver Coast and Shelf",Temperate Northern Pacific,Vancouver Island,BMSC18,Eussen Rock,48.91,-125.27,2022-04-27,7.5,RLS,2,14:40:00,,,2,1,Chordata,Actinopterygii,Perciformes,Gobiidae,Rhinogobiops nicholsii,Rhinogobiops nicholsii,7.5,6,46.622,POINT (-125.2699966430664 48.90999984741211)
ep_m2_cryptic_fish_public_data.fid-1acd095e_191e9c2e144_-5b3c,923401196,Canada,British Columbia,"Oregon, Washington, Vancouver Coast and Shelf",Temperate Northern Pacific,Vancouver Island,BMSC18,Eussen Rock,48.91,-125.27,2022-04-27,7.5,RLS,2,14:40:00,,,2,1,Chordata,Actinopterygii,Perciformes,Gobiidae,Rhinogobiops nicholsii,Rhinogobiops nicholsii,10,4,74.7417,POINT (-125.2699966430664 48.90999984741211)
ep_m2_cryptic_fish_public_data.fid-1acd095e_191e9c2e144_-5b3b,923401196,Canada,British Columbia,"Oregon, Washington, Vancouver Coast and Shelf",Temperate Northern Pacific,Vancouver Island,BMSC18,Eussen Rock,48.91,-125.27,2022-04-27,7.5,RLS,2,14:40:00,,,2,1,Chordata,Actinopterygii,Perciformes,Gobiidae,Rhinogobiops nicholsii,Rhinogobiops nicholsii,12.5,3,110.7133,POINT (-125.2699966430664 48.90999984741211)
ep_m2_cryptic_fish_public_data.fid-1acd095e_191e9c2e144_-5b3a,923401196,Canada,British Columbia,"Oregon, Washington, Vancouver Coast and Shelf",Temperate Northern Pacific,Vancouver Island,BMSC18,Eussen Rock,48.91,-125.27,2022-04-27,7.5,RLS,2,14:40:00,,,2,1,Chordata,Actinopterygii,Perciformes,Gobiidae,Rhinogobiops nicholsii,Rhinogobiops nicholsii,15,1,64.3548,POINT (-125.2699966430664 48.90999984741211)
ep_m2_cryptic_fish_public_data.fid-1acd095e_191e9c2e144_-5b39,923402222,Canada,British Columbia,"Oregon, Washington, Vancouver Coast and Shelf",Temperate Northern Pacific,Vancouver Island,BMSC26,Hosie South,48.91,-125.04,2023-05-19,9.5,RLS,4,10:22:00,,,2,2,Chordata,Actinopteri,Perciformes,Cottidae,Enophrys bison,Enophrys bison,15,1,66.6649,POINT (-125.04000091552734 48.90999984741211)
ep_m2_cryptic_fish_public_data.fid-1acd095e_191e9c2e144_-5b38,923402222,Canada,British Columbia,"Oregon, Washington, Vancouver Coast and Shelf",Temperate Northern Pacific,Vancouver Island,BMSC26,Hosie South,48.91,-125.04,2023-05-19,9.5,RLS,4,10:22:00,,,2,2,Chordata,Actinopterygii,Perciformes,Gobiidae,Rhinogobiops nicholsii,Rhinogobiops nicholsii,5,2,4.5122,POINT (-125.04000091552734 48.90999984741211)
ep_m2_cryptic_fish_public_data.fid-1acd095e_191e9c2e144_-5b37,923402222,Canada,British Columbia,"Oregon, Washington, Vancouver Coast and Shelf",Temperate Northern Pacific,Vancouver Island,BMSC26,Hosie South,48.91,-125.04,2023-05-19,9.5,RLS,4,10:22:00,,,2,2,Chordata,Actinopterygii,Perciformes,Gobiidae,Rhinogobiops nicholsii,Rhinogobiops nicholsii,7.5,4,31.0813,POINT (-125.04000091552734 48.90999984741211)
ep_m2_cryptic_fish_public_data.fid-1acd095e_191e9c2e144_-5b36,923402222,Canada,British Columbia,"Oregon, Washington, Vancouver Coast and Shelf",Temperate Northern Pacific,Vancouver Island,BMSC26,Hosie South,48.91,-125.04,2023-05-19,9.5,RLS,4,10:22:00,,,2,2,Chordata,Actinopterygii,Perciformes,Gobiidae,Rhinogobiops nicholsii,Rhinogobiops nicholsii,10,6,112.1125,POINT (-125.04000091552734 48.90999984741211)
ep_m2_cryptic_fish_public_data.fid-1acd095e_191e9c2e144_-5b35,923402222,Canada,British Columbia,"Oregon, Washington, Vancouver Coast and Shelf",Temperate Northern Pacific,Vancouver Island,BMSC26,Hosie South,48.91,-125.04,2023-05-19,9.5,RLS,4,10:22:00,,,2,2,Chordata,Actinopterygii,Scorpaeniformes,Hexagrammidae,Oxylebius pictus,Oxylebius pictus,20,1,160.9765,POINT (-125.04000091552734 48.90999984741211)
ep_m2_cryptic_fish_public_data.fid-1acd095e_191e9c2e144_-5b34,923402222,Canada,British Columbia,"Oregon, Washington, Vancouver Coast and Shelf",Temperate Northern Pacific,Vancouver Island,BMSC26,Hosie South,48.91,-125.04,2023-05-19,9.5,RLS,4,10:22:00,,,2,1,Chordata,Actinopterygii,Scorpaeniformes,Cottidae,Artedius harringtoni,Artedius harringtoni,5,1,1.9303,POINT (-125.04000091552734 48.90999984741211)
ep_m2_cryptic_fish_public_data.fid-1acd095e_191e9c2e144_-5b33,923402222,Canada,British Columbia,"Oregon, Washington, Vancouver Coast and Shelf",Temperate Northern Pacific,Vancouver Island,BMSC26,Hosie South,48.91,-125.04,2023-05-19,9.5,RLS,4,10:22:00,,,2,1,Chordata,Actinopterygii,Scorpaeniformes,Cottidae,Artedius harringtoni,Artedius harringtoni,7.5,3,20.6016,POINT (-125.04000091552734 48.90999984741211)
ep_m2_cryptic_fish_public_data.fid-1acd095e_191e9c2e144_-5b32,923402229,Canada,British Columbia,"Oregon, Washington, Vancouver Coast and Shelf",Temperate Northern Pacific,Vancouver Island,BMSC26,Hosie South,48.91,-125.04,2023-05-19,10,RLS,3,10:17:00,,,2,1,Chordata,Actinopterygii,Perciformes,Gobiidae,Rhinogobiops nicholsii,Rhinogobiops nicholsii,2.5,11,2.9965,POINT (-125.04000091552734 48.90999984741211)
ep_m2_cryptic_fish_public_data.fid-1acd095e_191e9c2e144_-5b31,923402229,Canada,British Columbia,"Oregon, Washington, Vancouver Coast and Shelf",Temperate Northern Pacific,Vancouver Island,BMSC26,Hosie South,48.91,-125.04,2023-05-19,10,RLS,3,10:17:00,,,2,1,Chordata,Actinopterygii,Perciformes,Gobiidae,Rhinogobiops nicholsii,Rhinogobiops nicholsii,5,9,20.305,POINT (-125.04000091552734 48.90999984741211)
ep_m2_cryptic_fish_public_data.fid-1acd095e_191e9c2e144_-5b30,923402229,Canada,British Columbia,"Oregon, Washington, Vancouver Coast and Shelf",Temperate Northern Pacific,Vancouver Island,BMSC26,Hosie South,48.91,-125.04,2023-05-19,10,RLS,3,10:17:00,,,2,1,Chordata,Actinopterygii,Perciformes,Gobiidae,Rhinogobiops nicholsii,Rhinogobiops nicholsii,7.5,3,23.311,POINT (-125.04000091552734 48.90999984741211)
ep_m2_cryptic_fish_public_data.fid-1acd095e_191e9c2e144_-5b2f,923402229,Canada,British Columbia,"Oregon, Washington, Vancouver Coast and Shelf",Temperate Northern Pacific,Vancouver Island,BMSC26,Hosie South,48.91,-125.04,2023-05-19,10,RLS,3,10:17:00,,,2,1,Chordata,Actinopterygii,Scorpaeniformes,Cottidae,Artedius harringtoni,Artedius harringtoni,7.5,1,6.8672,POINT (-125.04000091552734 48.90999984741211)
ep_m2_cryptic_fish_public_data.fid-1acd095e_191e9c2e144_-5b2e,923402229,Canada,British Columbia,"Oregon, Washington, Vancouver Coast and Shelf",Temperate Northern Pacific,Vancouver Island,BMSC26,Hosie South,48.91,-125.04,2023-05-19,10,RLS,3,10:17:00,,,2,1,Chordata,Actinopterygii,Scorpaeniformes,Cottidae,Jordania zonope,Jordania zonope,5,1,1.9303,POINT (-125.04000091552734 48.90999984741211)
ep_m2_cryptic_fish_public_data.fid-1acd095e_191e9c2e144_-5b2d,923402229,Canada,British Columbia,"Oregon, Washington, Vancouver Coast and Shelf",Temperate Northern Pacific,Vancouver Island,BMSC26,Hosie South,48.91,-125.04,2023-05-19,10,RLS,3,10:17:00,,,2,2,Chordata,Actinopterygii,Perciformes,Gobiidae,Rhinogobiops nicholsii,Rhinogobiops nicholsii,2.5,1,0.2724,POINT (-125.04000091552734 48.90999984741211)
ep_m2_cryptic_fish_public_data.fid-1acd095e_191e9c2e144_-5b2c,923402229,Canada,British Columbia,"Oregon, Washington, Vancouver Coast and Shelf",Temperate Northern Pacific,Vancouver Island,BMSC26,Hosie South,48.91,-125.04,2023-05-19,10,RLS,3,10:17:00,,,2,2,Chordata,Actinopterygii,Perciformes,Gobiidae,Rhinogobiops nicholsii,Rhinogobiops nicholsii,5,6,13.5367,POINT (-125.04000091552734 48.90999984741211)
ep_m2_cryptic_fish_public_data.fid-1acd095e_191e9c2e144_-5b2b,923402229,Canada,British Columbia,"Oregon, Washington, Vancouver Coast and Shelf",Temperate Northern Pacific,Vancouver Island,BMSC26,Hosie South,48.91,-125.04,2023-05-19,10,RLS,3,10:17:00,,,2,2,Chordata,Actinopterygii,Perciformes,Gobiidae,Rhinogobiops nicholsii,Rhinogobiops nicholsii,7.5,5,38.8517,POINT (-125.04000091552734 48.90999984741211)
ep_m2_cryptic_fish_public_data.fid-1acd095e_191e9c2e144_-5b2a,923402229,Canada,British Columbia,"Oregon, Washington, Vancouver Coast and Shelf",Temperate Northern Pacific,Vancouver Island,BMSC26,Hosie South,48.91,-125.04,2023-05-19,10,RLS,3,10:17:00,,,2,2,Chordata,Actinopterygii,Perciformes,Gobiidae,Rhinogobiops nicholsii,Rhinogobiops nicholsii,10,3,56.0563,POINT (-125.04000091552734 48.90999984741211)
ep_m2_cryptic_fish_public_data.fid-1acd095e_191e9c2e144_-5b29,923402229,Canada,British Columbia,"Oregon, Washington, Vancouver Coast and Shelf",Temperate Northern Pacific,Vancouver Island,BMSC26,Hosie South,48.91,-125.04,2023-05-19,10,RLS,3,10:17:00,,,2,2,Chordata,Actinopterygii,Perciformes,Gobiidae,Rhinogobiops nicholsii,Rhinogobiops nicholsii,12.5,1,36.9044,POINT (-125.04000091552734 48.90999984741211)
ep_m2_cryptic_fish_public_data.fid-1acd095e_191e9c2e144_-5b28,923402229,Canada,British Columbia,"Oregon, Washington, Vancouver Coast and Shelf",Temperate Northern Pacific,Vancouver Island,BMSC26,Hosie South,48.91,-125.04,2023-05-19,10,RLS,3,10:17:00,,,2,2,Chordata,Teleostei,Perciformes,Pholidae,Pholis clemensi,Pholis clemensi,5,1,,POINT (-125.04000091552734 48.90999984741211)
ep_m2_cryptic_fish_public_data.fid-1acd095e_191e9c2e144_-5b27,923402229,Canada,British Columbia,"Oregon, Washington, Vancouver Coast and Shelf",Temperate Northern Pacific,Vancouver Island,BMSC26,Hosie South,48.91,-125.04,2023-05-19,10,RLS,3,10:17:00,,,2,2,Chordata,Teleostei,Perciformes,Pholidae,Pholis clemensi,Pholis clemensi,7.5,1,,POINT (-125.04000091552734 48.90999984741211)
ep_m2_cryptic_fish_public_data.fid-1acd095e_191e9c2e144_-5b26,923402243,Canada,British Columbia,"Oregon, Washington, Vancouver Coast and Shelf",Temperate Northern Pacific,Vancouver Island,BMSC27,San Jose North Island,48.9,-125.06,2023-05-19,7,RLS,3,13:24:00,,,2,1,Chordata,Actinopterygii,Perciformes,Gobiidae,Rhinogobiops nicholsii,Rhinogobiops nicholsii,5,9,20.305,POINT (-125.05999755859375 48.900001525878906)
ep_m2_cryptic_fish_public_data.fid-1acd095e_191e9c2e144_-5b25,923402243,Canada,British Columbia,"Oregon, Washington, Vancouver Coast and Shelf",Temperate Northern Pacific,Vancouver Island,BMSC27,San Jose North Island,48.9,-125.06,2023-05-19,7,RLS,3,13:24:00,,,2,1,Chordata,Actinopterygii,Perciformes,Gobiidae,Rhinogobiops nicholsii,Rhinogobiops nicholsii,7.5,9,69.933,POINT (-125.05999755859375 48.900001525878906)
ep_m2_cryptic_fish_public_data.fid-1acd095e_191e9c2e144_-5b24,923402243,Canada,British Columbia,"Oregon, Washington, Vancouver Coast and Shelf",Temperate Northern Pacific,Vancouver Island,BMSC27,San Jose North Island,48.9,-125.06,2023-05-19,7,RLS,3,13:24:00,,,2,1,Chordata,Actinopterygii,Perciformes,Gobiidae,Rhinogobiops nicholsii,Rhinogobiops nicholsii,10,15,280.2813,POINT (-125.05999755859375 48.900001525878906)
ep_m2_cryptic_fish_public_data.fid-1acd095e_191e9c2e144_-5b23,923402243,Canada,British Columbia,"Oregon, Washington, Vancouver Coast and Shelf",Temperate Northern Pacific,Vancouver Island,BMSC27,San Jose North Island,48.9,-125.06,2023-05-19,7,RLS,3,13:24:00,,,2,1,Chordata,Actinopterygii,Scorpaeniformes,Cottidae,Artedius harringtoni,Artedius harringtoni,0,7,,POINT (-125.05999755859375 48.900001525878906)
ep_m2_cryptic_fish_public_data.fid-1acd095e_191e9c2e144_-5b22,923402243,Canada,British Columbia,"Oregon, Washington, Vancouver Coast and Shelf",Temperate Northern Pacific,Vancouver Island,BMSC27,San Jose North Island,48.9,-125.06,2023-05-19,7,RLS,3,13:24:00,,,2,1,Chordata,Actinopterygii,Scorpaeniformes,Cottidae,Jordania zonope,Jordania zonope,5,1,1.9303,POINT (-125.05999755859375 48.900001525878906)
ep_m2_cryptic_fish_public_data.fid-1acd095e_191e9c2e144_-5b21,923402243,Canada,British Columbia,"Oregon, Washington, Vancouver Coast and Shelf",Temperate Northern Pacific,Vancouver Island,BMSC27,San Jose North Island,48.9,-125.06,2023-05-19,7,RLS,3,13:24:00,,,2,1,Chordata,Actinopterygii,Scorpaeniformes,Cottidae,Jordania zonope,Jordania zonope,10,1,16.8981,POINT (-125.05999755859375 48.900001525878906)
ep_m2_cryptic_fish_public_data.fid-1acd095e_191e9c2e144_-5b20,923402243,Canada,British Columbia,"Oregon, Washington, Vancouver Coast and Shelf",Temperate Northern Pacific,Vancouver Island,BMSC27,San Jose North Island,48.9,-125.06,2023-05-19,7,RLS,3,13:24:00,,,2,2,Chordata,Actinopterygii,Perciformes,Gobiidae,Rhinogobiops nicholsii,Rhinogobiops nicholsii,5,6,13.5367,POINT (-125.05999755859375 48.900001525878906)
ep_m2_cryptic_fish_public_data.fid-1acd095e_191e9c2e144_-5b1f,923402243,Canada,British Columbia,"Oregon, Washington, Vancouver Coast and Shelf",Temperate Northern Pacific,Vancouver Island,BMSC27,San Jose North Island,48.9,-125.06,2023-05-19,7,RLS,3,13:24:00,,,2,2,Chordata,Actinopterygii,Perciformes,Gobiidae,Rhinogobiops nicholsii,Rhinogobiops nicholsii,7.5,5,38.8517,POINT (-125.05999755859375 48.900001525878906)
ep_m2_cryptic_fish_public_data.fid-1acd095e_191e9c2e144_-5b1e,923402243,Canada,British Columbia,"Oregon, Washington, Vancouver Coast and Shelf",Temperate Northern Pacific,Vancouver Island,BMSC27,San Jose North Island,48.9,-125.06,2023-05-19,7,RLS,3,13:24:00,,,2,2,Chordata,Actinopterygii,Perciformes,Gobiidae,Rhinogobiops nicholsii,Rhinogobiops nicholsii,10,10,186.8542,POINT (-125.05999755859375 48.900001525878906)
ep_m2_cryptic_fish_public_data.fid-1acd095e_191e9c2e144_-5b1d,923402243,Canada,British Columbia,"Oregon, Washington, Vancouver Coast and Shelf",Temperate Northern Pacific,Vancouver Island,BMSC27,San Jose North Island,48.9,-125.06,2023-05-19,7,RLS,3,13:24:00,,,2,2,Chordata,Actinopterygii,Perciformes,Gobiidae,Rhinogobiops nicholsii,Rhinogobiops nicholsii,12.5,8,295.2354,POINT (-125.05999755859375 48.900001525878906)
ep_m2_cryptic_fish_public_data.fid-1acd095e_191e9c2e144_-5b1c,923402243,Canada,British Columbia,"Oregon, Washington, Vancouver Coast and Shelf",Temperate Northern Pacific,Vancouver Island,BMSC27,San Jose North Island,48.9,-125.06,2023-05-19,7,RLS,3,13:24:00,,,2,2,Chordata,Actinopterygii,Perciformes,Gobiidae,Rhinogobiops nicholsii,Rhinogobiops nicholsii,15,4,257.4194,POINT (-125.05999755859375 48.900001525878906)
ep_m2_cryptic_fish_public_data.fid-1acd095e_191e9c2e144_-5b1b,923402243,Canada,British Columbia,"Oregon, Washington, Vancouver Coast and Shelf",Temperate Northern Pacific,Vancouver Island,BMSC27,San Jose North Island,48.9,-125.06,2023-05-19,7,RLS,3,13:24:00,,,2,2,Chordata,Actinopterygii,Scorpaeniformes,Cottidae,Artedius harringtoni,Artedius harringtoni,7.5,1,6.8672,POINT (-125.05999755859375 48.900001525878906)
ep_m2_cryptic_fish_public_data.fid-1acd095e_191e9c2e144_-5b1a,923402243,Canada,British Columbia,"Oregon, Washington, Vancouver Coast and Shelf",Temperate Northern Pacific,Vancouver Island,BMSC27,San Jose North Island,48.9,-125.06,2023-05-19,7,RLS,3,13:24:00,,,2,2,Chordata,Actinopterygii,Scorpaeniformes,Cottidae,Artedius harringtoni,Artedius harringtoni,10,6,101.3885,POINT (-125.05999755859375 48.900001525878906)
ep_m2_cryptic_fish_public_data.fid-1acd095e_191e9c2e144_-5b19,923402243,Canada,British Columbia,"Oregon, Washington, Vancouver Coast and Shelf",Temperate Northern Pacific,Vancouver Island,BMSC27,San Jose North Island,48.9,-125.06,2023-05-19,7,RLS,3,13:24:00,,,2,2,Chordata,Actinopterygii,Scorpaeniformes,Cottidae,Artedius harringtoni,Artedius harringtoni,12.5,9,305.7795,POINT (-125.05999755859375 48.900001525878906)
ep_m2_cryptic_fish_public_data.fid-1acd095e_191e9c2e144_-5b18,923402243,Canada,British Columbia,"Oregon, Washington, Vancouver Coast and Shelf",Temperate Northern Pacific,Vancouver Island,BMSC27,San Jose North Island,48.9,-125.06,2023-05-19,7,RLS,3,13:24:00,,,2,2,Chordata,Actinopterygii,Scorpaeniformes,Cottidae,Hemilepidotus hemilepidotus,Hemilepidotus hemilepidotus,10,1,17.2917,POINT (-125.05999755859375 48.900001525878906)
ep_m2_cryptic_fish_public_data.fid-1acd095e_191e9c2e144_-5b17,923402243,Canada,British Columbia,"Oregon, Washington, Vancouver Coast and Shelf",Temperate Northern Pacific,Vancouver Island,BMSC27,San Jose North Island,48.9,-125.06,2023-05-19,7,RLS,3,13:24:00,,,2,2,Chordata,Actinopterygii,Scorpaeniformes,Cottidae,Jordania zonope,Jordania zonope,5,1,1.9303,POINT (-125.05999755859375 48.900001525878906)
ep_m2_cryptic_fish_public_data.fid-1acd095e_191e9c2e144_-5b16,923402243,Canada,British Columbia,"Oregon, Washington, Vancouver Coast and Shelf",Temperate Northern Pacific,Vancouver Island,BMSC27,San Jose North Island,48.9,-125.06,2023-05-19,7,RLS,3,13:24:00,,,2,2,Chordata,Actinopterygii,Scorpaeniformes,Cottidae,Jordania zonope,Jordania zonope,7.5,3,20.6016,POINT (-125.05999755859375 48.900001525878906)
ep_m2_cryptic_fish_public_data.fid-1acd095e_191e9c2e144_-5b15,923402243,Canada,British Columbia,"Oregon, Washington, Vancouver Coast and Shelf",Temperate Northern Pacific,Vancouver Island,BMSC27,San Jose North Island,48.9,-125.06,2023-05-19,7,RLS,3,13:24:00,,,2,2,Chordata,Actinopterygii,Scorpaeniformes,Cottidae,Jordania zonope,Jordania zonope,10,2,33.7962,POINT (-125.05999755859375 48.900001525878906)
ep_m2_cryptic_fish_public_data.fid-1acd095e_191e9c2e144_-5b14,923402243,Canada,British Columbia,"Oregon, Washington, Vancouver Coast and Shelf",Temperate Northern Pacific,Vancouver Island,BMSC27,San Jose North Island,48.9,-125.06,2023-05-19,7,RLS,3,13:24:00,,,2,2,Chordata,Actinopterygii,Scorpaeniformes,Hexagrammidae,Oxylebius pictus,Oxylebius pictus,12.5,1,42.2005,POINT (-125.05999755859375 48.900001525878906)
ep_m2_cryptic_fish_public_data.fid-1acd095e_191e9c2e144_-5b13,923402247,Canada,British Columbia,"Oregon, Washington, Vancouver Coast and Shelf",Temperate Northern Pacific,Vancouver Island,BMSC27,San Jose North Island,48.9,-125.06,2023-05-19,9,RLS,3,13:24:00,,,2,2,Chordata,Actinopterygii,Perciformes,Gobiidae,Rhinogobiops nicholsii,Rhinogobiops nicholsii,2.5,2,0.5448,POINT (-125.05999755859375 48.900001525878906)
ep_m2_cryptic_fish_public_data.fid-1acd095e_191e9c2e144_-5b12,923402247,Canada,British Columbia,"Oregon, Washington, Vancouver Coast and Shelf",Temperate Northern Pacific,Vancouver Island,BMSC27,San Jose North Island,48.9,-125.06,2023-05-19,9,RLS,3,13:24:00,,,2,2,Chordata,Actinopterygii,Perciformes,Gobiidae,Rhinogobiops nicholsii,Rhinogobiops nicholsii,5,14,31.5856,POINT (-125.05999755859375 48.900001525878906)
ep_m2_cryptic_fish_public_data.fid-1acd095e_191e9c2e144_-5b11,923402247,Canada,British Columbia,"Oregon, Washington, Vancouver Coast and Shelf",Temperate Northern Pacific,Vancouver Island,BMSC27,San Jose North Island,48.9,-125.06,2023-05-19,9,RLS,3,13:24:00,,,2,2,Chordata,Actinopterygii,Perciformes,Gobiidae,Rhinogobiops nicholsii,Rhinogobiops nicholsii,7.5,11,85.4737,POINT (-125.05999755859375 48.900001525878906)
ep_m2_cryptic_fish_public_data.fid-1acd095e_191e9c2e144_-5b10,923402247,Canada,British Columbia,"Oregon, Washington, Vancouver Coast and Shelf",Temperate Northern Pacific,Vancouver Island,BMSC27,San Jose North Island,48.9,-125.06,2023-05-19,9,RLS,3,13:24:00,,,2,2,Chordata,Actinopterygii,Perciformes,Gobiidae,Rhinogobiops nicholsii,Rhinogobiops nicholsii,10,2,37.3708,POINT (-125.05999755859375 48.900001525878906)
ep_m2_cryptic_fish_public_data.fid-1acd095e_191e9c2e144_-5b0f,923402247,Canada,British Columbia,"Oregon, Washington, Vancouver Coast and Shelf",Temperate Northern Pacific,Vancouver Island,BMSC27,San Jose North Island,48.9,-125.06,2023-05-19,9,RLS,3,13:24:00,,,2,2,Chordata,Actinopterygii,Scorpaeniformes,Cottidae,Artedius harringtoni,Artedius harringtoni,5,1,1.9303,POINT (-125.05999755859375 48.900001525878906)
ep_m2_cryptic_fish_public_data.fid-1acd095e_191e9c2e144_-5b0e,923402371,Canada,British Columbia,"Oregon, Washington, Vancouver Coast and Shelf",Temperate Northern Pacific,Vancouver Island,BMKC2,Tzartus 116 R,48.9,-125.08,2023-06-10,3,RLS,3,10:05:00,,,2,2,Chordata,Actinopterygii,Perciformes,Gobiidae,Rhinogobiops nicholsii,Rhinogobiops nicholsii,5,5,11.2806,POINT (-125.08000183105469 48.900001525878906)
ep_m2_cryptic_fish_public_data.fid-1acd095e_191e9c2e144_-5b0d,923402371,Canada,British Columbia,"Oregon, Washington, Vancouver Coast and Shelf",Temperate Northern Pacific,Vancouver Island,BMKC2,Tzartus 116 R,48.9,-125.08,2023-06-10,3,RLS,3,10:05:00,,,2,2,Chordata,Actinopterygii,Perciformes,Gobiidae,Rhinogobiops nicholsii,Rhinogobiops nicholsii,7.5,4,31.0813,POINT (-125.08000183105469 48.900001525878906)
ep_m2_cryptic_fish_public_data.fid-1acd095e_191e9c2e144_-5b0c,923402371,Canada,British Columbia,"Oregon, Washington, Vancouver Coast and Shelf",Temperate Northern Pacific,Vancouver Island,BMKC2,Tzartus 116 R,48.9,-125.08,2023-06-10,3,RLS,3,10:05:00,,,2,2,Chordata,Actinopterygii,Perciformes,Gobiidae,Rhinogobiops nicholsii,Rhinogobiops nicholsii,10,1,18.6854,POINT (-125.08000183105469 48.900001525878906)
ep_m2_cryptic_fish_public_data.fid-1acd095e_191e9c2e144_-5b0b,923402371,Canada,British Columbia,"Oregon, Washington, Vancouver Coast and Shelf",Temperate Northern Pacific,Vancouver Island,BMKC2,Tzartus 116 R,48.9,-125.08,2023-06-10,3,RLS,3,10:05:00,,,2,2,Chordata,Actinopterygii,Perciformes,Gobiidae,Rhinogobiops nicholsii,Rhinogobiops nicholsii,12.5,3,110.7133,POINT (-125.08000183105469 48.900001525878906)
ep_m2_cryptic_fish_public_data.fid-1acd095e_191e9c2e144_-5b0a,923402371,Canada,British Columbia,"Oregon, Washington, Vancouver Coast and Shelf",Temperate Northern Pacific,Vancouver Island,BMKC2,Tzartus 116 R,48.9,-125.08,2023-06-10,3,RLS,3,10:05:00,,,2,2,Chordata,Actinopterygii,Scorpaeniformes,Cottidae,Artedius harringtoni,Artedius harringtoni,7.5,1,6.8672,POINT (-125.08000183105469 48.900001525878906)
ep_m2_cryptic_fish_public_data.fid-1acd095e_191e9c2e144_-5b09,923402371,Canada,British Columbia,"Oregon, Washington, Vancouver Coast and Shelf",Temperate Northern Pacific,Vancouver Island,BMKC2,Tzartus 116 R,48.9,-125.08,2023-06-10,3,RLS,3,10:05:00,,,2,1,Chordata,Actinopterygii,Perciformes,Gobiidae,Rhinogobiops nicholsii,Rhinogobiops nicholsii,2.5,4,1.0896,POINT (-125.08000183105469 48.900001525878906)
ep_m2_cryptic_fish_public_data.fid-1acd095e_191e9c2e144_-5b08,923402371,Canada,British Columbia,"Oregon, Washington, Vancouver Coast and Shelf",Temperate Northern Pacific,Vancouver Island,BMKC2,Tzartus 116 R,48.9,-125.08,2023-06-10,3,RLS,3,10:05:00,,,2,1,Chordata,Actinopterygii,Perciformes,Gobiidae,Rhinogobiops nicholsii,Rhinogobiops nicholsii,5,7,15.7928,POINT (-125.08000183105469 48.900001525878906)
ep_m2_cryptic_fish_public_data.fid-1acd095e_191e9c2e144_-5b07,923402371,Canada,British Columbia,"Oregon, Washington, Vancouver Coast and Shelf",Temperate Northern Pacific,Vancouver Island,BMKC2,Tzartus 116 R,48.9,-125.08,2023-06-10,3,RLS,3,10:05:00,,,2,1,Chordata,Actinopterygii,Perciformes,Gobiidae,Rhinogobiops nicholsii,Rhinogobiops nicholsii,7.5,10,77.7034,POINT (-125.08000183105469 48.900001525878906)
ep_m2_cryptic_fish_public_data.fid-1acd095e_191e9c2e144_-5b06,923402371,Canada,British Columbia,"Oregon, Washington, Vancouver Coast and Shelf",Temperate Northern Pacific,Vancouver Island,BMKC2,Tzartus 116 R,48.9,-125.08,2023-06-10,3,RLS,3,10:05:00,,,2,1,Chordata,Actinopterygii,Scorpaeniformes,Cottidae,Artedius lateralis,Artedius lateralis,7.5,1,6.8672,POINT (-125.08000183105469 48.900001525878906)
ep_m2_cryptic_fish_public_data.fid-1acd095e_191e9c2e144_-5b05,923400137,Canada,British Columbia,"Oregon, Washington, Vancouver Coast and Shelf",Temperate Northern Pacific,Vancouver Island,BMSC7,Baeria Rocks North Island Southside,48.95,-125.15,2021-04-29,5,RLS,6,13:10:00,,,2,1,Chordata,Actinopteri,Perciformes,Cottidae,Oligocottus maculosus,Oligocottus maculosus,5,1,1.9303,POINT (-125.1500015258789 48.95000076293945)
ep_m2_cryptic_fish_public_data.fid-1acd095e_191e9c2e144_-5b04,923400137,Canada,British Columbia,"Oregon, Washington, Vancouver Coast and Shelf",Temperate Northern Pacific,Vancouver Island,BMSC7,Baeria Rocks North Island Southside,48.95,-125.15,2021-04-29,5,RLS,6,13:10:00,,,2,1,Chordata,Actinopterygii,Scorpaeniformes,Cottidae,Artedius harringtoni,Artedius harringtoni,5,1,1.9303,POINT (-125.1500015258789 48.95000076293945)
ep_m2_cryptic_fish_public_data.fid-1acd095e_191e9c2e144_-5b03,923400137,Canada,British Columbia,"Oregon, Washington, Vancouver Coast and Shelf",Temperate Northern Pacific,Vancouver Island,BMSC7,Baeria Rocks North Island Southside,48.95,-125.15,2021-04-29,5,RLS,6,13:10:00,,,2,1,Chordata,Actinopterygii,Scorpaeniformes,Cottidae,Artedius harringtoni,Artedius harringtoni,7.5,1,6.8672,POINT (-125.1500015258789 48.95000076293945)
ep_m2_cryptic_fish_public_data.fid-1acd095e_191e9c2e144_-5b02,923400137,Canada,British Columbia,"Oregon, Washington, Vancouver Coast and Shelf",Temperate Northern Pacific,Vancouver Island,BMSC7,Baeria Rocks North Island Southside,48.95,-125.15,2021-04-29,5,RLS,6,13:10:00,,,2,2,Chordata,Actinopteri,Perciformes,Cottidae,Enophrys bison,Enophrys bison,15,1,66.6649,POINT (-125.1500015258789 48.95000076293945)
ep_m2_cryptic_fish_public_data.fid-1acd095e_191e9c2e144_-5b01,923400137,Canada,British Columbia,"Oregon, Washington, Vancouver Coast and Shelf",Temperate Northern Pacific,Vancouver Island,BMSC7,Baeria Rocks North Island Southside,48.95,-125.15,2021-04-29,5,RLS,6,13:10:00,,,2,2,Chordata,Actinopterygii,Perciformes,Gobiidae,Rhinogobiops nicholsii,Rhinogobiops nicholsii,7.5,1,7.7703,POINT (-125.1500015258789 48.95000076293945)
ep_m2_cryptic_fish_public_data.fid-1acd095e_191e9c2e144_-5b00,923400137,Canada,British Columbia,"Oregon, Washington, Vancouver Coast and Shelf",Temperate Northern Pacific,Vancouver Island,BMSC7,Baeria Rocks North Island Southside,48.95,-125.15,2021-04-29,5,RLS,6,13:10:00,,,2,2,Chordata,Actinopterygii,Perciformes,Gobiidae,Rhinogobiops nicholsii,Rhinogobiops nicholsii,10,1,18.6854,POINT (-125.1500015258789 48.95000076293945)
ep_m2_cryptic_fish_public_data.fid-1acd095e_191e9c2e144_-5aff,923400137,Canada,British Columbia,"Oregon, Washington, Vancouver Coast and Shelf",Temperate Northern Pacific,Vancouver Island,BMSC7,Baeria Rocks North Island Southside,48.95,-125.15,2021-04-29,5,RLS,6,13:10:00,,,2,2,Chordata,Actinopterygii,Scorpaeniformes,Cottidae,Artedius harringtoni,Artedius harringtoni,5,1,1.9303,POINT (-125.1500015258789 48.95000076293945)
ep_m2_cryptic_fish_public_data.fid-1acd095e_191e9c2e144_-5afe,923400137,Canada,British Columbia,"Oregon, Washington, Vancouver Coast and Shelf",Temperate Northern Pacific,Vancouver Island,BMSC7,Baeria Rocks North Island Southside,48.95,-125.15,2021-04-29,5,RLS,6,13:10:00,,,2,2,Chordata,Actinopterygii,Scorpaeniformes,Cottidae,Artedius harringtoni,Artedius harringtoni,7.5,1,6.8672,POINT (-125.1500015258789 48.95000076293945)
ep_m2_cryptic_fish_public_data.fid-1acd095e_191e9c2e144_-5afd,923400154,Canada,British Columbia,"Oregon, Washington, Vancouver Coast and Shelf",Temperate Northern Pacific,Vancouver Island,BMSC6,Baeria Rocks South Island,48.95,-125.16,2021-04-29,7,RLS,8,10:30:00,,,2,1,Chordata,Actinopterygii,Perciformes,Gobiidae,Rhinogobiops nicholsii,Rhinogobiops nicholsii,10,2,37.3708,POINT (-125.16000366210938 48.95000076293945)
ep_m2_cryptic_fish_public_data.fid-1acd095e_191e9c2e144_-5afc,923400154,Canada,British Columbia,"Oregon, Washington, Vancouver Coast and Shelf",Temperate Northern Pacific,Vancouver Island,BMSC6,Baeria Rocks South Island,48.95,-125.16,2021-04-29,7,RLS,8,10:30:00,,,2,1,Chordata,Actinopterygii,Perciformes,Gobiidae,Rhinogobiops nicholsii,Rhinogobiops nicholsii,12.5,1,36.9044,POINT (-125.16000366210938 48.95000076293945)
ep_m2_cryptic_fish_public_data.fid-1acd095e_191e9c2e144_-5afb,923400154,Canada,British Columbia,"Oregon, Washington, Vancouver Coast and Shelf",Temperate Northern Pacific,Vancouver Island,BMSC6,Baeria Rocks South Island,48.95,-125.16,2021-04-29,7,RLS,8,10:30:00,,,2,1,Chordata,Actinopterygii,Scorpaeniformes,Cottidae,Jordania zonope,Jordania zonope,5,5,9.6513,POINT (-125.16000366210938 48.95000076293945)
ep_m2_cryptic_fish_public_data.fid-1acd095e_191e9c2e144_-5afa,923400154,Canada,British Columbia,"Oregon, Washington, Vancouver Coast and Shelf",Temperate Northern Pacific,Vancouver Island,BMSC6,Baeria Rocks South Island,48.95,-125.16,2021-04-29,7,RLS,8,10:30:00,,,2,1,Chordata,Actinopterygii,Scorpaeniformes,Cottidae,Jordania zonope,Jordania zonope,7.5,2,13.7344,POINT (-125.16000366210938 48.95000076293945)
ep_m2_cryptic_fish_public_data.fid-1acd095e_191e9c2e144_-5af9,923400154,Canada,British Columbia,"Oregon, Washington, Vancouver Coast and Shelf",Temperate Northern Pacific,Vancouver Island,BMSC6,Baeria Rocks South Island,48.95,-125.16,2021-04-29,7,RLS,8,10:30:00,,,2,1,Chordata,Actinopterygii,Scorpaeniformes,Cottidae,Jordania zonope,Jordania zonope,10,2,33.7962,POINT (-125.16000366210938 48.95000076293945)
ep_m2_cryptic_fish_public_data.fid-1acd095e_191e9c2e144_-5af8,923400154,Canada,British Columbia,"Oregon, Washington, Vancouver Coast and Shelf",Temperate Northern Pacific,Vancouver Island,BMSC6,Baeria Rocks South Island,48.95,-125.16,2021-04-29,7,RLS,8,10:30:00,,,2,2,Chordata,Actinopterygii,Scorpaeniformes,Cottidae,Jordania zonope,Jordania zonope,2.5,2,0.441,POINT (-125.16000366210938 48.95000076293945)
ep_m2_cryptic_fish_public_data.fid-1acd095e_191e9c2e144_-5af7,923400154,Canada,British Columbia,"Oregon, Washington, Vancouver Coast and Shelf",Temperate Northern Pacific,Vancouver Island,BMSC6,Baeria Rocks South Island,48.95,-125.16,2021-04-29,7,RLS,8,10:30:00,,,2,2,Chordata,Actinopterygii,Scorpaeniformes,Cottidae,Jordania zonope,Jordania zonope,5,4,7.721,POINT (-125.16000366210938 48.95000076293945)
ep_m2_cryptic_fish_public_data.fid-1acd095e_191e9c2e144_-5af6,923401187,Canada,British Columbia,"Oregon, Washington, Vancouver Coast and Shelf",Temperate Northern Pacific,Vancouver Island,BMSC6,Baeria Rocks South Island,48.95,-125.16,2022-04-28,9,RLS,2,12:30:00,,,2,2,Chordata,Actinopterygii,Perciformes,Gobiidae,Rhinogobiops nicholsii,Rhinogobiops nicholsii,7.5,2,15.5407,POINT (-125.16000366210938 48.95000076293945)
ep_m2_cryptic_fish_public_data.fid-1acd095e_191e9c2e144_-5af5,923401187,Canada,British Columbia,"Oregon, Washington, Vancouver Coast and Shelf",Temperate Northern Pacific,Vancouver Island,BMSC6,Baeria Rocks South Island,48.95,-125.16,2022-04-28,9,RLS,2,12:30:00,,,2,2,Chordata,Actinopterygii,Scorpaeniformes,Cottidae,Artedius harringtoni,Artedius harringtoni,5,2,3.8605,POINT (-125.16000366210938 48.95000076293945)
ep_m2_cryptic_fish_public_data.fid-1acd095e_191e9c2e144_-5af4,923401187,Canada,British Columbia,"Oregon, Washington, Vancouver Coast and Shelf",Temperate Northern Pacific,Vancouver Island,BMSC6,Baeria Rocks South Island,48.95,-125.16,2022-04-28,9,RLS,2,12:30:00,,,2,2,Chordata,Actinopterygii,Scorpaeniformes,Cottidae,Jordania zonope,Jordania zonope,5,1,1.9303,POINT (-125.16000366210938 48.95000076293945)
ep_m2_cryptic_fish_public_data.fid-1acd095e_191e9c2e144_-5af3,923401187,Canada,British Columbia,"Oregon, Washington, Vancouver Coast and Shelf",Temperate Northern Pacific,Vancouver Island,BMSC6,Baeria Rocks South Island,48.95,-125.16,2022-04-28,9,RLS,2,12:30:00,,,2,2,Chordata,Actinopterygii,Scorpaeniformes,Hexagrammidae,Ophiodon elongatus,Ophiodon elongatus,50,1,599.5206,POINT (-125.16000366210938 48.95000076293945)
ep_m2_cryptic_fish_public_data.fid-1acd095e_191e9c2e144_-5af2,923401187,Canada,British Columbia,"Oregon, Washington, Vancouver Coast and Shelf",Temperate Northern Pacific,Vancouver Island,BMSC6,Baeria Rocks South Island,48.95,-125.16,2022-04-28,9,RLS,2,12:30:00,,,2,1,Chordata,Actinopterygii,Perciformes,Gobiidae,Rhinogobiops nicholsii,Rhinogobiops nicholsii,0,4,,POINT (-125.16000366210938 48.95000076293945)
ep_m2_cryptic_fish_public_data.fid-1acd095e_191e9c2e144_-5af1,923401187,Canada,British Columbia,"Oregon, Washington, Vancouver Coast and Shelf",Temperate Northern Pacific,Vancouver Island,BMSC6,Baeria Rocks South Island,48.95,-125.16,2022-04-28,9,RLS,2,12:30:00,,,2,1,Chordata,Actinopterygii,Scorpaeniformes,Cottidae,Artedius harringtoni,Artedius harringtoni,5,1,1.9303,POINT (-125.16000366210938 48.95000076293945)
ep_m2_cryptic_fish_public_data.fid-1acd095e_191e9c2e144_-5af0,923401187,Canada,British Columbia,"Oregon, Washington, Vancouver Coast and Shelf",Temperate Northern Pacific,Vancouver Island,BMSC6,Baeria Rocks South Island,48.95,-125.16,2022-04-28,9,RLS,2,12:30:00,,,2,1,Chordata,Actinopterygii,Scorpaeniformes,Cottidae,Jordania zonope,Jordania zonope,5,1,1.9303,POINT (-125.16000366210938 48.95000076293945)
ep_m2_cryptic_fish_public_data.fid-1acd095e_191e9c2e144_-5aef,923401198,Canada,British Columbia,"Oregon, Washington, Vancouver Coast and Shelf",Temperate Northern Pacific,Vancouver Island,BMSC6,Baeria Rocks South Island,48.95,-125.16,2022-04-28,6.5,RLS,2,10:40:00,,,2,2,Chordata,Actinopterygii,Scorpaeniformes,Cottidae,Artedius harringtoni,Artedius harringtoni,5,1,1.9303,POINT (-125.16000366210938 48.95000076293945)
ep_m2_cryptic_fish_public_data.fid-1acd095e_191e9c2e144_-5aee,923401198,Canada,British Columbia,"Oregon, Washington, Vancouver Coast and Shelf",Temperate Northern Pacific,Vancouver Island,BMSC6,Baeria Rocks South Island,48.95,-125.16,2022-04-28,6.5,RLS,2,10:40:00,,,2,2,Chordata,Actinopterygii,Scorpaeniformes,Cottidae,Artedius harringtoni,Artedius harringtoni,7.5,1,6.8672,POINT (-125.16000366210938 48.95000076293945)
ep_m2_cryptic_fish_public_data.fid-1acd095e_191e9c2e144_-5aed,923401198,Canada,British Columbia,"Oregon, Washington, Vancouver Coast and Shelf",Temperate Northern Pacific,Vancouver Island,BMSC6,Baeria Rocks South Island,48.95,-125.16,2022-04-28,6.5,RLS,2,10:40:00,,,2,1,Chordata,Actinopterygii,Scorpaeniformes,Cottidae,Artedius harringtoni,Artedius harringtoni,5,2,3.8605,POINT (-125.16000366210938 48.95000076293945)
ep_m2_cryptic_fish_public_data.fid-1acd095e_191e9c2e144_-5aec,923401198,Canada,British Columbia,"Oregon, Washington, Vancouver Coast and Shelf",Temperate Northern Pacific,Vancouver Island,BMSC6,Baeria Rocks South Island,48.95,-125.16,2022-04-28,6.5,RLS,2,10:40:00,,,2,1,Chordata,Actinopterygii,Scorpaeniformes,Cottidae,Jordania zonope,Jordania zonope,5,1,1.9303,POINT (-125.16000366210938 48.95000076293945)
ep_m2_cryptic_fish_public_data.fid-1acd095e_191e9c2e144_-5aeb,923402219,Canada,British Columbia,"Oregon, Washington, Vancouver Coast and Shelf",Temperate Northern Pacific,Vancouver Island,BMSC6,Baeria Rocks South Island,48.95,-125.16,2023-05-17,5.5,RLS,5,10:20:00,,,2,1,Chordata,Actinopterygii,Perciformes,Gobiidae,Rhinogobiops nicholsii,Rhinogobiops nicholsii,5,1,2.2561,POINT (-125.16000366210938 48.95000076293945)
ep_m2_cryptic_fish_public_data.fid-1acd095e_191e9c2e144_-5aea,923402219,Canada,British Columbia,"Oregon, Washington, Vancouver Coast and Shelf",Temperate Northern Pacific,Vancouver Island,BMSC6,Baeria Rocks South Island,48.95,-125.16,2023-05-17,5.5,RLS,5,10:20:00,,,2,1,Chordata,Actinopterygii,Scorpaeniformes,Cottidae,Artedius harringtoni,Artedius harringtoni,2.5,2,0.441,POINT (-125.16000366210938 48.95000076293945)
ep_m2_cryptic_fish_public_data.fid-1acd095e_191e9c2e144_-5ae9,923402219,Canada,British Columbia,"Oregon, Washington, Vancouver Coast and Shelf",Temperate Northern Pacific,Vancouver Island,BMSC6,Baeria Rocks South Island,48.95,-125.16,2023-05-17,5.5,RLS,5,10:20:00,,,2,1,Chordata,Actinopterygii,Scorpaeniformes,Cottidae,Artedius harringtoni,Artedius harringtoni,5,1,1.9303,POINT (-125.16000366210938 48.95000076293945)
ep_m2_cryptic_fish_public_data.fid-1acd095e_191e9c2e144_-5ae8,923402219,Canada,British Columbia,"Oregon, Washington, Vancouver Coast and Shelf",Temperate Northern Pacific,Vancouver Island,BMSC6,Baeria Rocks South Island,48.95,-125.16,2023-05-17,5.5,RLS,5,10:20:00,,,2,1,Chordata,Actinopterygii,Scorpaeniformes,Cottidae,Jordania zonope,Jordania zonope,2.5,1,0.2205,POINT (-125.16000366210938 48.95000076293945)
ep_m2_cryptic_fish_public_data.fid-1acd095e_191e9c2e144_-5ae7,923402219,Canada,British Columbia,"Oregon, Washington, Vancouver Coast and Shelf",Temperate Northern Pacific,Vancouver Island,BMSC6,Baeria Rocks South Island,48.95,-125.16,2023-05-17,5.5,RLS,5,10:20:00,,,2,1,Chordata,Actinopterygii,Scorpaeniformes,Cottidae,Jordania zonope,Jordania zonope,5,2,3.8605,POINT (-125.16000366210938 48.95000076293945)
ep_m2_cryptic_fish_public_data.fid-1acd095e_191e9c2e144_-5ae6,923402219,Canada,British Columbia,"Oregon, Washington, Vancouver Coast and Shelf",Temperate Northern Pacific,Vancouver Island,BMSC6,Baeria Rocks South Island,48.95,-125.16,2023-05-17,5.5,RLS,5,10:20:00,,,2,1,Chordata,Actinopterygii,Scorpaeniformes,Cottidae,Myoxocephalus aenaeus,Myoxocephalus aenaeus,2.5,1,0.2534,POINT (-125.16000366210938 48.95000076293945)
ep_m2_cryptic_fish_public_data.fid-1acd095e_191e9c2e144_-5ae5,923402219,Canada,British Columbia,"Oregon, Washington, Vancouver Coast and Shelf",Temperate Northern Pacific,Vancouver Island,BMSC6,Baeria Rocks South Island,48.95,-125.16,2023-05-17,5.5,RLS,5,10:20:00,,,2,1,Chordata,Actinopterygii,Scorpaeniformes,Hexagrammidae,Ophiodon elongatus,Ophiodon elongatus,50,1,599.5206,POINT (-125.16000366210938 48.95000076293945)
ep_m2_cryptic_fish_public_data.fid-1acd095e_191e9c2e144_-5ae4,923402219,Canada,British Columbia,"Oregon, Washington, Vancouver Coast and Shelf",Temperate Northern Pacific,Vancouver Island,BMSC6,Baeria Rocks South Island,48.95,-125.16,2023-05-17,5.5,RLS,5,10:20:00,,,2,2,Chordata,Actinopterygii,Perciformes,Gobiidae,Rhinogobiops nicholsii,Rhinogobiops nicholsii,2.5,4,1.0896,POINT (-125.16000366210938 48.95000076293945)
ep_m2_cryptic_fish_public_data.fid-1acd095e_191e9c2e144_-5ae3,923402219,Canada,British Columbia,"Oregon, Washington, Vancouver Coast and Shelf",Temperate Northern Pacific,Vancouver Island,BMSC6,Baeria Rocks South Island,48.95,-125.16,2023-05-17,5.5,RLS,5,10:20:00,,,2,2,Chordata,Actinopterygii,Perciformes,Gobiidae,Rhinogobiops nicholsii,Rhinogobiops nicholsii,5,2,4.5122,POINT (-125.16000366210938 48.95000076293945)
ep_m2_cryptic_fish_public_data.fid-1acd095e_191e9c2e144_-5ae2,923402219,Canada,British Columbia,"Oregon, Washington, Vancouver Coast and Shelf",Temperate Northern Pacific,Vancouver Island,BMSC6,Baeria Rocks South Island,48.95,-125.16,2023-05-17,5.5,RLS,5,10:20:00,,,2,2,Chordata,Actinopterygii,Scorpaeniformes,Cottidae,Artedius harringtoni,Artedius harringtoni,5,2,3.8605,POINT (-125.16000366210938 48.95000076293945)
ep_m2_cryptic_fish_public_data.fid-1acd095e_191e9c2e144_-5ae1,923402219,Canada,British Columbia,"Oregon, Washington, Vancouver Coast and Shelf",Temperate Northern Pacific,Vancouver Island,BMSC6,Baeria Rocks South Island,48.95,-125.16,2023-05-17,5.5,RLS,5,10:20:00,,,2,2,Chordata,Actinopterygii,Scorpaeniformes,Cottidae,Artedius harringtoni,Artedius harringtoni,7.5,1,6.8672,POINT (-125.16000366210938 48.95000076293945)
ep_m2_cryptic_fish_public_data.fid-1acd095e_191e9c2e144_-5ae0,923402219,Canada,British Columbia,"Oregon, Washington, Vancouver Coast and Shelf",Temperate Northern Pacific,Vancouver Island,BMSC6,Baeria Rocks South Island,48.95,-125.16,2023-05-17,5.5,RLS,5,10:20:00,,,2,2,Chordata,Actinopterygii,Scorpaeniformes,Cottidae,Jordania zonope,Jordania zonope,2.5,2,0.441,POINT (-125.16000366210938 48.95000076293945)
ep_m2_cryptic_fish_public_data.fid-1acd095e_191e9c2e144_-5adf,923402219,Canada,British Columbia,"Oregon, Washington, Vancouver Coast and Shelf",Temperate Northern Pacific,Vancouver Island,BMSC6,Baeria Rocks South Island,48.95,-125.16,2023-05-17,5.5,RLS,5,10:20:00,,,2,2,Chordata,Actinopterygii,Scorpaeniformes,Cottidae,Jordania zonope,Jordania zonope,7.5,1,6.8672,POINT (-125.16000366210938 48.95000076293945)
ep_m2_cryptic_fish_public_data.fid-1acd095e_191e9c2e144_-5ade,923402219,Canada,British Columbia,"Oregon, Washington, Vancouver Coast and Shelf",Temperate Northern Pacific,Vancouver Island,BMSC6,Baeria Rocks South Island,48.95,-125.16,2023-05-17,5.5,RLS,5,10:20:00,,,2,2,Chordata,Actinopterygii,Scorpaeniformes,Cottidae,Scorpaenichthys marmoratus,Scorpaenichthys marmoratus,40,1,572.0118,POINT (-125.16000366210938 48.95000076293945)
ep_m2_cryptic_fish_public_data.fid-1acd095e_191e9c2e144_-5add,923402240,Canada,British Columbia,"Oregon, Washington, Vancouver Coast and Shelf",Temperate Northern Pacific,Vancouver Island,BMSC6,Baeria Rocks South Island,48.95,-125.16,2023-05-17,10,RLS,5,10:25:00,,,2,2,Chordata,Actinopterygii,Perciformes,Anarhichadidae,Anarrhichthys ocellatus,Anarrhichthys ocellatus,50,1,742.9204,POINT (-125.16000366210938 48.95000076293945)
ep_m2_cryptic_fish_public_data.fid-1acd095e_191e9c2e144_-5adc,923402240,Canada,British Columbia,"Oregon, Washington, Vancouver Coast and Shelf",Temperate Northern Pacific,Vancouver Island,BMSC6,Baeria Rocks South Island,48.95,-125.16,2023-05-17,10,RLS,5,10:25:00,,,2,2,Chordata,Actinopterygii,Perciformes,Gobiidae,Rhinogobiops nicholsii,Rhinogobiops nicholsii,2.5,1,0.2724,POINT (-125.16000366210938 48.95000076293945)
ep_m2_cryptic_fish_public_data.fid-1acd095e_191e9c2e144_-5adb,923402240,Canada,British Columbia,"Oregon, Washington, Vancouver Coast and Shelf",Temperate Northern Pacific,Vancouver Island,BMSC6,Baeria Rocks South Island,48.95,-125.16,2023-05-17,10,RLS,5,10:25:00,,,2,2,Chordata,Actinopterygii,Perciformes,Gobiidae,Rhinogobiops nicholsii,Rhinogobiops nicholsii,5,3,6.7683,POINT (-125.16000366210938 48.95000076293945)
ep_m2_cryptic_fish_public_data.fid-1acd095e_191e9c2e144_-5ada,923402240,Canada,British Columbia,"Oregon, Washington, Vancouver Coast and Shelf",Temperate Northern Pacific,Vancouver Island,BMSC6,Baeria Rocks South Island,48.95,-125.16,2023-05-17,10,RLS,5,10:25:00,,,2,2,Chordata,Actinopterygii,Perciformes,Gobiidae,Rhinogobiops nicholsii,Rhinogobiops nicholsii,7.5,1,7.7703,POINT (-125.16000366210938 48.95000076293945)
ep_m2_cryptic_fish_public_data.fid-1acd095e_191e9c2e144_-5ad9,923402240,Canada,British Columbia,"Oregon, Washington, Vancouver Coast and Shelf",Temperate Northern Pacific,Vancouver Island,BMSC6,Baeria Rocks South Island,48.95,-125.16,2023-05-17,10,RLS,5,10:25:00,,,2,2,Chordata,Actinopterygii,Scorpaeniformes,Cottidae,Artedius harringtoni,Artedius harringtoni,2.5,2,0.441,POINT (-125.16000366210938 48.95000076293945)
ep_m2_cryptic_fish_public_data.fid-1acd095e_191e9c2e144_-5ad8,923402240,Canada,British Columbia,"Oregon, Washington, Vancouver Coast and Shelf",Temperate Northern Pacific,Vancouver Island,BMSC6,Baeria Rocks South Island,48.95,-125.16,2023-05-17,10,RLS,5,10:25:00,,,2,2,Chordata,Actinopterygii,Scorpaeniformes,Cottidae,Artedius harringtoni,Artedius harringtoni,5,5,9.6513,POINT (-125.16000366210938 48.95000076293945)
ep_m2_cryptic_fish_public_data.fid-1acd095e_191e9c2e144_-5ad7,923402240,Canada,British Columbia,"Oregon, Washington, Vancouver Coast and Shelf",Temperate Northern Pacific,Vancouver Island,BMSC6,Baeria Rocks South Island,48.95,-125.16,2023-05-17,10,RLS,5,10:25:00,,,2,2,Chordata,Actinopterygii,Scorpaeniformes,Cottidae,Artedius harringtoni,Artedius harringtoni,7.5,1,6.8672,POINT (-125.16000366210938 48.95000076293945)
ep_m2_cryptic_fish_public_data.fid-1acd095e_191e9c2e144_-5ad6,923402240,Canada,British Columbia,"Oregon, Washington, Vancouver Coast and Shelf",Temperate Northern Pacific,Vancouver Island,BMSC6,Baeria Rocks South Island,48.95,-125.16,2023-05-17,10,RLS,5,10:25:00,,,2,2,Chordata,Actinopterygii,Scorpaeniformes,Cottidae,Jordania zonope,Jordania zonope,2.5,3,0.6615,POINT (-125.16000366210938 48.95000076293945)
ep_m2_cryptic_fish_public_data.fid-1acd095e_191e9c2e144_-5ad5,923402240,Canada,British Columbia,"Oregon, Washington, Vancouver Coast and Shelf",Temperate Northern Pacific,Vancouver Island,BMSC6,Baeria Rocks South Island,48.95,-125.16,2023-05-17,10,RLS,5,10:25:00,,,2,2,Chordata,Actinopterygii,Scorpaeniformes,Cottidae,Jordania zonope,Jordania zonope,5,6,11.5815,POINT (-125.16000366210938 48.95000076293945)
ep_m2_cryptic_fish_public_data.fid-1acd095e_191e9c2e144_-5ad4,923402240,Canada,British Columbia,"Oregon, Washington, Vancouver Coast and Shelf",Temperate Northern Pacific,Vancouver Island,BMSC6,Baeria Rocks South Island,48.95,-125.16,2023-05-17,10,RLS,5,10:25:00,,,2,2,Chordata,Actinopterygii,Scorpaeniformes,Cottidae,Jordania zonope,Jordania zonope,7.5,1,6.8672,POINT (-125.16000366210938 48.95000076293945)
ep_m2_cryptic_fish_public_data.fid-1acd095e_191e9c2e144_-5ad3,923402240,Canada,British Columbia,"Oregon, Washington, Vancouver Coast and Shelf",Temperate Northern Pacific,Vancouver Island,BMSC6,Baeria Rocks South Island,48.95,-125.16,2023-05-17,10,RLS,5,10:25:00,,,2,1,Chordata,Actinopterygii,Perciformes,Gobiidae,Rhinogobiops nicholsii,Rhinogobiops nicholsii,7.5,3,23.311,POINT (-125.16000366210938 48.95000076293945)
ep_m2_cryptic_fish_public_data.fid-1acd095e_191e9c2e144_-5ad2,923402240,Canada,British Columbia,"Oregon, Washington, Vancouver Coast and Shelf",Temperate Northern Pacific,Vancouver Island,BMSC6,Baeria Rocks South Island,48.95,-125.16,2023-05-17,10,RLS,5,10:25:00,,,2,1,Chordata,Actinopterygii,Perciformes,Gobiidae,Rhinogobiops nicholsii,Rhinogobiops nicholsii,10,2,37.3708,POINT (-125.16000366210938 48.95000076293945)
ep_m2_cryptic_fish_public_data.fid-1acd095e_191e9c2e144_-5ad1,923402240,Canada,British Columbia,"Oregon, Washington, Vancouver Coast and Shelf",Temperate Northern Pacific,Vancouver Island,BMSC6,Baeria Rocks South Island,48.95,-125.16,2023-05-17,10,RLS,5,10:25:00,,,2,1,Chordata,Actinopterygii,Scorpaeniformes,Cottidae,Artedius harringtoni,Artedius harringtoni,5,2,3.8605,POINT (-125.16000366210938 48.95000076293945)
ep_m2_cryptic_fish_public_data.fid-1acd095e_191e9c2e144_-5ad0,923402240,Canada,British Columbia,"Oregon, Washington, Vancouver Coast and Shelf",Temperate Northern Pacific,Vancouver Island,BMSC6,Baeria Rocks South Island,48.95,-125.16,2023-05-17,10,RLS,5,10:25:00,,,2,1,Chordata,Actinopterygii,Scorpaeniformes,Cottidae,Artedius harringtoni,Artedius harringtoni,7.5,1,6.8672,POINT (-125.16000366210938 48.95000076293945)
ep_m2_cryptic_fish_public_data.fid-1acd095e_191e9c2e144_-5acf,923402240,Canada,British Columbia,"Oregon, Washington, Vancouver Coast and Shelf",Temperate Northern Pacific,Vancouver Island,BMSC6,Baeria Rocks South Island,48.95,-125.16,2023-05-17,10,RLS,5,10:25:00,,,2,1,Chordata,Actinopterygii,Scorpaeniformes,Cottidae,Jordania zonope,Jordania zonope,2.5,3,0.6615,POINT (-125.16000366210938 48.95000076293945)
ep_m2_cryptic_fish_public_data.fid-1acd095e_191e9c2e144_-5ace,923402240,Canada,British Columbia,"Oregon, Washington, Vancouver Coast and Shelf",Temperate Northern Pacific,Vancouver Island,BMSC6,Baeria Rocks South Island,48.95,-125.16,2023-05-17,10,RLS,5,10:25:00,,,2,1,Chordata,Actinopterygii,Scorpaeniformes,Cottidae,Jordania zonope,Jordania zonope,5,5,9.6513,POINT (-125.16000366210938 48.95000076293945)
ep_m2_cryptic_fish_public_data.fid-1acd095e_191e9c2e144_-5acd,923400143,Canada,British Columbia,"Oregon, Washington, Vancouver Coast and Shelf",Temperate Northern Pacific,Vancouver Island,BMSC5,Taylor Rock,48.83,-125.2,2021-04-28,6.5,RLS,4,14:50:00,,,2,1,Chordata,Actinopterygii,Perciformes,Gobiidae,Rhinogobiops nicholsii,Rhinogobiops nicholsii,5,1,2.2561,POINT (-125.19999694824219 48.83000183105469)
ep_m2_cryptic_fish_public_data.fid-1acd095e_191e9c2e144_-5acc,923400143,Canada,British Columbia,"Oregon, Washington, Vancouver Coast and Shelf",Temperate Northern Pacific,Vancouver Island,BMSC5,Taylor Rock,48.83,-125.2,2021-04-28,6.5,RLS,4,14:50:00,,,2,1,Chordata,Actinopterygii,Perciformes,Gobiidae,Rhinogobiops nicholsii,Rhinogobiops nicholsii,7.5,3,23.311,POINT (-125.19999694824219 48.83000183105469)
ep_m2_cryptic_fish_public_data.fid-1acd095e_191e9c2e144_-5acb,923400143,Canada,British Columbia,"Oregon, Washington, Vancouver Coast and Shelf",Temperate Northern Pacific,Vancouver Island,BMSC5,Taylor Rock,48.83,-125.2,2021-04-28,6.5,RLS,4,14:50:00,,,2,1,Chordata,Actinopterygii,Scorpaeniformes,Cottidae,Artedius harringtoni,Artedius harringtoni,7.5,1,6.8672,POINT (-125.19999694824219 48.83000183105469)
ep_m2_cryptic_fish_public_data.fid-1acd095e_191e9c2e144_-5aca,923400143,Canada,British Columbia,"Oregon, Washington, Vancouver Coast and Shelf",Temperate Northern Pacific,Vancouver Island,BMSC5,Taylor Rock,48.83,-125.2,2021-04-28,6.5,RLS,4,14:50:00,,,2,1,Chordata,Actinopterygii,Scorpaeniformes,Cottidae,Jordania zonope,Jordania zonope,7.5,1,6.8672,POINT (-125.19999694824219 48.83000183105469)
ep_m2_cryptic_fish_public_data.fid-1acd095e_191e9c2e144_-5ac9,923400143,Canada,British Columbia,"Oregon, Washington, Vancouver Coast and Shelf",Temperate Northern Pacific,Vancouver Island,BMSC5,Taylor Rock,48.83,-125.2,2021-04-28,6.5,RLS,4,14:50:00,,,2,2,Chordata,Actinopterygii,Perciformes,Gobiidae,Rhinogobiops nicholsii,Rhinogobiops nicholsii,10,2,37.3708,POINT (-125.19999694824219 48.83000183105469)
ep_m2_cryptic_fish_public_data.fid-1acd095e_191e9c2e144_-5ac8,923400143,Canada,British Columbia,"Oregon, Washington, Vancouver Coast and Shelf",Temperate Northern Pacific,Vancouver Island,BMSC5,Taylor Rock,48.83,-125.2,2021-04-28,6.5,RLS,4,14:50:00,,,2,2,Chordata,Actinopterygii,Perciformes,Gobiidae,Rhinogobiops nicholsii,Rhinogobiops nicholsii,12.5,1,36.9044,POINT (-125.19999694824219 48.83000183105469)
ep_m2_cryptic_fish_public_data.fid-1acd095e_191e9c2e144_-5ac7,923400143,Canada,British Columbia,"Oregon, Washington, Vancouver Coast and Shelf",Temperate Northern Pacific,Vancouver Island,BMSC5,Taylor Rock,48.83,-125.2,2021-04-28,6.5,RLS,4,14:50:00,,,2,2,Chordata,Actinopterygii,Scorpaeniformes,Cottidae,Artedius harringtoni,Artedius harringtoni,2.5,1,0.2205,POINT (-125.19999694824219 48.83000183105469)
ep_m2_cryptic_fish_public_data.fid-1acd095e_191e9c2e144_-5ac6,923400143,Canada,British Columbia,"Oregon, Washington, Vancouver Coast and Shelf",Temperate Northern Pacific,Vancouver Island,BMSC5,Taylor Rock,48.83,-125.2,2021-04-28,6.5,RLS,4,14:50:00,,,2,2,Chordata,Actinopterygii,Scorpaeniformes,Cottidae,Jordania zonope,Jordania zonope,7.5,1,6.8672,POINT (-125.19999694824219 48.83000183105469)
ep_m2_cryptic_fish_public_data.fid-1acd095e_191e9c2e144_-5ac5,923400149,Canada,British Columbia,"Oregon, Washington, Vancouver Coast and Shelf",Temperate Northern Pacific,Vancouver Island,BMSC1,Dodger Channel,48.83,-125.2,2021-04-26,6.5,RLS,2,12:17:00,48.83,-125.2,2,1,Chordata,Actinopterygii,Perciformes,Gobiidae,Rhinogobiops nicholsii,Rhinogobiops nicholsii,7.5,1,7.7703,POINT (-125.2 48.83)
ep_m2_cryptic_fish_public_data.fid-1acd095e_191e9c2e144_-5ac4,923400156,Canada,British Columbia,"Oregon, Washington, Vancouver Coast and Shelf",Temperate Northern Pacific,Vancouver Island,BMSC1,Dodger Channel,48.83,-125.2,2021-04-26,5.5,RLS,2,10:30:00,,,2,2,Chordata,Actinopterygii,Perciformes,Gobiidae,Rhinogobiops nicholsii,Rhinogobiops nicholsii,7.5,1,7.7703,POINT (-125.19999694824219 48.83000183105469)
ep_m2_cryptic_fish_public_data.fid-1acd095e_191e9c2e144_-5ac3,923400156,Canada,British Columbia,"Oregon, Washington, Vancouver Coast and Shelf",Temperate Northern Pacific,Vancouver Island,BMSC1,Dodger Channel,48.83,-125.2,2021-04-26,5.5,RLS,2,10:30:00,,,2,2,Chordata,Actinopterygii,Perciformes,Gobiidae,Rhinogobiops nicholsii,Rhinogobiops nicholsii,10,1,18.6854,POINT (-125.19999694824219 48.83000183105469)
ep_m2_cryptic_fish_public_data.fid-1acd095e_191e9c2e144_-5ac2,923400156,Canada,British Columbia,"Oregon, Washington, Vancouver Coast and Shelf",Temperate Northern Pacific,Vancouver Island,BMSC1,Dodger Channel,48.83,-125.2,2021-04-26,5.5,RLS,2,10:30:00,,,2,2,Chordata,Actinopterygii,Scorpaeniformes,Cottidae,Artedius harringtoni,Artedius harringtoni,7.5,1,6.8672,POINT (-125.19999694824219 48.83000183105469)
ep_m2_cryptic_fish_public_data.fid-1acd095e_191e9c2e144_-5ac1,923401189,Canada,British Columbia,"Oregon, Washington, Vancouver Coast and Shelf",Temperate Northern Pacific,Vancouver Island,BMSC1,Dodger Channel,48.83,-125.2,2022-05-04,4.7,RLS,3,10:15:00,,,2,1,Chordata,Actinopterygii,Perciformes,Gobiidae,Rhinogobiops nicholsii,Rhinogobiops nicholsii,7.5,1,7.7703,POINT (-125.19999694824219 48.83000183105469)
ep_m2_cryptic_fish_public_data.fid-1acd095e_191e9c2e144_-5ac0,923401189,Canada,British Columbia,"Oregon, Washington, Vancouver Coast and Shelf",Temperate Northern Pacific,Vancouver Island,BMSC1,Dodger Channel,48.83,-125.2,2022-05-04,4.7,RLS,3,10:15:00,,,2,1,Chordata,Actinopterygii,Scorpaeniformes,Cottidae,Artedius harringtoni,Artedius harringtoni,2.5,2,0.441,POINT (-125.19999694824219 48.83000183105469)
ep_m2_cryptic_fish_public_data.fid-1acd095e_191e9c2e144_-5abf,923401189,Canada,British Columbia,"Oregon, Washington, Vancouver Coast and Shelf",Temperate Northern Pacific,Vancouver Island,BMSC1,Dodger Channel,48.83,-125.2,2022-05-04,4.7,RLS,3,10:15:00,,,2,1,Chordata,Actinopterygii,Scorpaeniformes,Cottidae,Artedius harringtoni,Artedius harringtoni,5,2,3.8605,POINT (-125.19999694824219 48.83000183105469)
ep_m2_cryptic_fish_public_data.fid-1acd095e_191e9c2e144_-5abe,923401189,Canada,British Columbia,"Oregon, Washington, Vancouver Coast and Shelf",Temperate Northern Pacific,Vancouver Island,BMSC1,Dodger Channel,48.83,-125.2,2022-05-04,4.7,RLS,3,10:15:00,,,2,1,Chordata,Actinopterygii,Scorpaeniformes,Cottidae,Artedius harringtoni,Artedius harringtoni,10,1,16.8981,POINT (-125.19999694824219 48.83000183105469)
ep_m2_cryptic_fish_public_data.fid-1acd095e_191e9c2e144_-5abd,923401191,Canada,British Columbia,"Oregon, Washington, Vancouver Coast and Shelf",Temperate Northern Pacific,Vancouver Island,BMSC5,Taylor Rock,48.83,-125.2,2022-05-04,6.2,RLS,3,12:40:00,,,2,2,Chordata,Actinopterygii,Perciformes,Gobiidae,Rhinogobiops nicholsii,Rhinogobiops nicholsii,2.5,1,0.2724,POINT (-125.19999694824219 48.83000183105469)
ep_m2_cryptic_fish_public_data.fid-1acd095e_191e9c2e144_-5abc,923401191,Canada,British Columbia,"Oregon, Washington, Vancouver Coast and Shelf",Temperate Northern Pacific,Vancouver Island,BMSC5,Taylor Rock,48.83,-125.2,2022-05-04,6.2,RLS,3,12:40:00,,,2,2,Chordata,Actinopterygii,Perciformes,Gobiidae,Rhinogobiops nicholsii,Rhinogobiops nicholsii,5,3,6.7683,POINT (-125.19999694824219 48.83000183105469)
ep_m2_cryptic_fish_public_data.fid-1acd095e_191e9c2e144_-5abb,923401191,Canada,British Columbia,"Oregon, Washington, Vancouver Coast and Shelf",Temperate Northern Pacific,Vancouver Island,BMSC5,Taylor Rock,48.83,-125.2,2022-05-04,6.2,RLS,3,12:40:00,,,2,2,Chordata,Actinopterygii,Perciformes,Gobiidae,Rhinogobiops nicholsii,Rhinogobiops nicholsii,7.5,3,23.311,POINT (-125.19999694824219 48.83000183105469)
ep_m2_cryptic_fish_public_data.fid-1acd095e_191e9c2e144_-5aba,923401191,Canada,British Columbia,"Oregon, Washington, Vancouver Coast and Shelf",Temperate Northern Pacific,Vancouver Island,BMSC5,Taylor Rock,48.83,-125.2,2022-05-04,6.2,RLS,3,12:40:00,,,2,2,Chordata,Actinopterygii,Perciformes,Gobiidae,Rhinogobiops nicholsii,Rhinogobiops nicholsii,10,3,56.0563,POINT (-125.19999694824219 48.83000183105469)
ep_m2_cryptic_fish_public_data.fid-1acd095e_191e9c2e144_-5ab9,923401191,Canada,British Columbia,"Oregon, Washington, Vancouver Coast and Shelf",Temperate Northern Pacific,Vancouver Island,BMSC5,Taylor Rock,48.83,-125.2,2022-05-04,6.2,RLS,3,12:40:00,,,2,2,Chordata,Actinopterygii,Scorpaeniformes,Cottidae,Artedius harringtoni,Artedius harringtoni,5,2,3.8605,POINT (-125.19999694824219 48.83000183105469)
ep_m2_cryptic_fish_public_data.fid-1acd095e_191e9c2e144_-5ab8,923401191,Canada,British Columbia,"Oregon, Washington, Vancouver Coast and Shelf",Temperate Northern Pacific,Vancouver Island,BMSC5,Taylor Rock,48.83,-125.2,2022-05-04,6.2,RLS,3,12:40:00,,,2,2,Chordata,Actinopterygii,Scorpaeniformes,Cottidae,Artedius harringtoni,Artedius harringtoni,7.5,1,6.8672,POINT (-125.19999694824219 48.83000183105469)
ep_m2_cryptic_fish_public_data.fid-1acd095e_191e9c2e144_-5ab7,923401191,Canada,British Columbia,"Oregon, Washington, Vancouver Coast and Shelf",Temperate Northern Pacific,Vancouver Island,BMSC5,Taylor Rock,48.83,-125.2,2022-05-04,6.2,RLS,3,12:40:00,,,2,1,Chordata,Actinopterygii,Perciformes,Gobiidae,Rhinogobiops nicholsii,Rhinogobiops nicholsii,2.5,1,0.2724,POINT (-125.19999694824219 48.83000183105469)
ep_m2_cryptic_fish_public_data.fid-1acd095e_191e9c2e144_-5ab6,923401191,Canada,British Columbia,"Oregon, Washington, Vancouver Coast and Shelf",Temperate Northern Pacific,Vancouver Island,BMSC5,Taylor Rock,48.83,-125.2,2022-05-04,6.2,RLS,3,12:40:00,,,2,1,Chordata,Actinopterygii,Perciformes,Gobiidae,Rhinogobiops nicholsii,Rhinogobiops nicholsii,7.5,5,38.8517,POINT (-125.19999694824219 48.83000183105469)
ep_m2_cryptic_fish_public_data.fid-1acd095e_191e9c2e144_-5ab5,923401191,Canada,British Columbia,"Oregon, Washington, Vancouver Coast and Shelf",Temperate Northern Pacific,Vancouver Island,BMSC5,Taylor Rock,48.83,-125.2,2022-05-04,6.2,RLS,3,12:40:00,,,2,1,Chordata,Actinopterygii,Scorpaeniformes,Cottidae,Artedius harringtoni,Artedius harringtoni,5,1,1.9303,POINT (-125.19999694824219 48.83000183105469)
ep_m2_cryptic_fish_public_data.fid-1acd095e_191e9c2e144_-5ab4,923401191,Canada,British Columbia,"Oregon, Washington, Vancouver Coast and Shelf",Temperate Northern Pacific,Vancouver Island,BMSC5,Taylor Rock,48.83,-125.2,2022-05-04,6.2,RLS,3,12:40:00,,,2,1,Chordata,Actinopterygii,Scorpaeniformes,Cottidae,Jordania zonope,Jordania zonope,2.5,1,0.2205,POINT (-125.19999694824219 48.83000183105469)
ep_m2_cryptic_fish_public_data.fid-1acd095e_191e9c2e144_-5ab3,923401191,Canada,British Columbia,"Oregon, Washington, Vancouver Coast and Shelf",Temperate Northern Pacific,Vancouver Island,BMSC5,Taylor Rock,48.83,-125.2,2022-05-04,6.2,RLS,3,12:40:00,,,2,1,Chordata,Actinopterygii,Scorpaeniformes,Cottidae,Jordania zonope,Jordania zonope,5,2,3.8605,POINT (-125.19999694824219 48.83000183105469)
ep_m2_cryptic_fish_public_data.fid-1acd095e_191e9c2e144_-5ab2,923401191,Canada,British Columbia,"Oregon, Washington, Vancouver Coast and Shelf",Temperate Northern Pacific,Vancouver Island,BMSC5,Taylor Rock,48.83,-125.2,2022-05-04,6.2,RLS,3,12:40:00,,,2,1,Chordata,Actinopterygii,Scorpaeniformes,Cottidae,Jordania zonope,Jordania zonope,7.5,1,6.8672,POINT (-125.19999694824219 48.83000183105469)
ep_m2_cryptic_fish_public_data.fid-1acd095e_191e9c2e144_-5ab1,923401192,Canada,British Columbia,"Oregon, Washington, Vancouver Coast and Shelf",Temperate Northern Pacific,Vancouver Island,BMSC5,Taylor Rock,48.83,-125.2,2022-05-04,6,RLS,4,12:45:00,,,2,2,Chordata,Actinopterygii,Perciformes,Gobiidae,Rhinogobiops nicholsii,Rhinogobiops nicholsii,5,1,2.2561,POINT (-125.19999694824219 48.83000183105469)
ep_m2_cryptic_fish_public_data.fid-1acd095e_191e9c2e144_-5ab0,923401192,Canada,British Columbia,"Oregon, Washington, Vancouver Coast and Shelf",Temperate Northern Pacific,Vancouver Island,BMSC5,Taylor Rock,48.83,-125.2,2022-05-04,6,RLS,4,12:45:00,,,2,2,Chordata,Actinopterygii,Perciformes,Gobiidae,Rhinogobiops nicholsii,Rhinogobiops nicholsii,7.5,9,69.933,POINT (-125.19999694824219 48.83000183105469)
ep_m2_cryptic_fish_public_data.fid-1acd095e_191e9c2e144_-5aaf,923401192,Canada,British Columbia,"Oregon, Washington, Vancouver Coast and Shelf",Temperate Northern Pacific,Vancouver Island,BMSC5,Taylor Rock,48.83,-125.2,2022-05-04,6,RLS,4,12:45:00,,,2,2,Chordata,Actinopterygii,Scorpaeniformes,Cottidae,Artedius harringtoni,Artedius harringtoni,5,2,3.8605,POINT (-125.19999694824219 48.83000183105469)
ep_m2_cryptic_fish_public_data.fid-1acd095e_191e9c2e144_-5aae,923401192,Canada,British Columbia,"Oregon, Washington, Vancouver Coast and Shelf",Temperate Northern Pacific,Vancouver Island,BMSC5,Taylor Rock,48.83,-125.2,2022-05-04,6,RLS,4,12:45:00,,,2,2,Chordata,Actinopterygii,Scorpaeniformes,Cottidae,Artedius harringtoni,Artedius harringtoni,7.5,1,6.8672,POINT (-125.19999694824219 48.83000183105469)
ep_m2_cryptic_fish_public_data.fid-1acd095e_191e9c2e144_-5aad,923401192,Canada,British Columbia,"Oregon, Washington, Vancouver Coast and Shelf",Temperate Northern Pacific,Vancouver Island,BMSC5,Taylor Rock,48.83,-125.2,2022-05-04,6,RLS,4,12:45:00,,,2,2,Chordata,Actinopterygii,Scorpaeniformes,Cottidae,Jordania zonope,Jordania zonope,7.5,1,6.8672,POINT (-125.19999694824219 48.83000183105469)
ep_m2_cryptic_fish_public_data.fid-1acd095e_191e9c2e144_-5aac,923401192,Canada,British Columbia,"Oregon, Washington, Vancouver Coast and Shelf",Temperate Northern Pacific,Vancouver Island,BMSC5,Taylor Rock,48.83,-125.2,2022-05-04,6,RLS,4,12:45:00,,,2,1,Chordata,Actinopterygii,Perciformes,Gobiidae,Rhinogobiops nicholsii,Rhinogobiops nicholsii,7.5,2,15.5407,POINT (-125.19999694824219 48.83000183105469)
ep_m2_cryptic_fish_public_data.fid-1acd095e_191e9c2e144_-5aab,923401192,Canada,British Columbia,"Oregon, Washington, Vancouver Coast and Shelf",Temperate Northern Pacific,Vancouver Island,BMSC5,Taylor Rock,48.83,-125.2,2022-05-04,6,RLS,4,12:45:00,,,2,1,Chordata,Actinopterygii,Perciformes,Gobiidae,Rhinogobiops nicholsii,Rhinogobiops nicholsii,10,3,56.0563,POINT (-125.19999694824219 48.83000183105469)
ep_m2_cryptic_fish_public_data.fid-1acd095e_191e9c2e144_-5aaa,923401192,Canada,British Columbia,"Oregon, Washington, Vancouver Coast and Shelf",Temperate Northern Pacific,Vancouver Island,BMSC5,Taylor Rock,48.83,-125.2,2022-05-04,6,RLS,4,12:45:00,,,2,1,Chordata,Actinopterygii,Scorpaeniformes,Cottidae,Artedius harringtoni,Artedius harringtoni,5,2,3.8605,POINT (-125.19999694824219 48.83000183105469)
ep_m2_cryptic_fish_public_data.fid-1acd095e_191e9c2e144_-5aa9,923401192,Canada,British Columbia,"Oregon, Washington, Vancouver Coast and Shelf",Temperate Northern Pacific,Vancouver Island,BMSC5,Taylor Rock,48.83,-125.2,2022-05-04,6,RLS,4,12:45:00,,,2,1,Chordata,Actinopterygii,Scorpaeniformes,Cottidae,Artedius harringtoni,Artedius harringtoni,7.5,1,6.8672,POINT (-125.19999694824219 48.83000183105469)
ep_m2_cryptic_fish_public_data.fid-1acd095e_191e9c2e144_-5aa8,923401203,Canada,British Columbia,"Oregon, Washington, Vancouver Coast and Shelf",Temperate Northern Pacific,Vancouver Island,BMSC1,Dodger Channel,48.83,-125.2,2022-05-04,5.5,RLS,3,10:15:00,,,2,1,Chordata,Actinopterygii,Perciformes,Gobiidae,Rhinogobiops nicholsii,Rhinogobiops nicholsii,5,1,2.2561,POINT (-125.19999694824219 48.83000183105469)
ep_m2_cryptic_fish_public_data.fid-1acd095e_191e9c2e144_-5aa7,923401203,Canada,British Columbia,"Oregon, Washington, Vancouver Coast and Shelf",Temperate Northern Pacific,Vancouver Island,BMSC1,Dodger Channel,48.83,-125.2,2022-05-04,5.5,RLS,3,10:15:00,,,2,1,Chordata,Actinopterygii,Scorpaeniformes,Cottidae,Artedius harringtoni,Artedius harringtoni,5,2,3.8605,POINT (-125.19999694824219 48.83000183105469)
ep_m2_cryptic_fish_public_data.fid-1acd095e_191e9c2e144_-5aa6,923401203,Canada,British Columbia,"Oregon, Washington, Vancouver Coast and Shelf",Temperate Northern Pacific,Vancouver Island,BMSC1,Dodger Channel,48.83,-125.2,2022-05-04,5.5,RLS,3,10:15:00,,,2,1,Chordata,Actinopterygii,Scorpaeniformes,Cottidae,Jordania zonope,Jordania zonope,5,1,1.9303,POINT (-125.19999694824219 48.83000183105469)
ep_m2_cryptic_fish_public_data.fid-1acd095e_191e9c2e144_-5aa5,923401203,Canada,British Columbia,"Oregon, Washington, Vancouver Coast and Shelf",Temperate Northern Pacific,Vancouver Island,BMSC1,Dodger Channel,48.83,-125.2,2022-05-04,5.5,RLS,3,10:15:00,,,2,2,Chordata,Actinopterygii,Perciformes,Gobiidae,Rhinogobiops nicholsii,Rhinogobiops nicholsii,5,1,2.2561,POINT (-125.19999694824219 48.83000183105469)
ep_m2_cryptic_fish_public_data.fid-1acd095e_191e9c2e144_-5aa4,923401203,Canada,British Columbia,"Oregon, Washington, Vancouver Coast and Shelf",Temperate Northern Pacific,Vancouver Island,BMSC1,Dodger Channel,48.83,-125.2,2022-05-04,5.5,RLS,3,10:15:00,,,2,2,Chordata,Actinopterygii,Perciformes,Gobiidae,Rhinogobiops nicholsii,Rhinogobiops nicholsii,7.5,4,31.0813,POINT (-125.19999694824219 48.83000183105469)
ep_m2_cryptic_fish_public_data.fid-1acd095e_191e9c2e144_-5aa3,923401203,Canada,British Columbia,"Oregon, Washington, Vancouver Coast and Shelf",Temperate Northern Pacific,Vancouver Island,BMSC1,Dodger Channel,48.83,-125.2,2022-05-04,5.5,RLS,3,10:15:00,,,2,2,Chordata,Actinopterygii,Scorpaeniformes,Cottidae,Artedius harringtoni,Artedius harringtoni,0,2,,POINT (-125.19999694824219 48.83000183105469)
ep_m2_cryptic_fish_public_data.fid-1acd095e_191e9c2e144_-5aa2,923402221,Canada,British Columbia,"Oregon, Washington, Vancouver Coast and Shelf",Temperate Northern Pacific,Vancouver Island,BMSC1,Dodger Channel,48.83,-125.2,2023-05-15,8,RLS,1,09:54:00,,,2,2,Chordata,Actinopterygii,Scorpaeniformes,Cottidae,Artedius harringtoni,Artedius harringtoni,2.5,2,0.441,POINT (-125.19999694824219 48.83000183105469)
ep_m2_cryptic_fish_public_data.fid-1acd095e_191e9c2e144_-5aa1,923402221,Canada,British Columbia,"Oregon, Washington, Vancouver Coast and Shelf",Temperate Northern Pacific,Vancouver Island,BMSC1,Dodger Channel,48.83,-125.2,2023-05-15,8,RLS,1,09:54:00,,,2,1,Chordata,Actinopterygii,Perciformes,Gobiidae,Rhinogobiops nicholsii,Rhinogobiops nicholsii,7.5,2,15.5407,POINT (-125.19999694824219 48.83000183105469)
ep_m2_cryptic_fish_public_data.fid-1acd095e_191e9c2e144_-5aa0,923402221,Canada,British Columbia,"Oregon, Washington, Vancouver Coast and Shelf",Temperate Northern Pacific,Vancouver Island,BMSC1,Dodger Channel,48.83,-125.2,2023-05-15,8,RLS,1,09:54:00,,,2,1,Chordata,Actinopterygii,Scorpaeniformes,Cottidae,Artedius harringtoni,Artedius harringtoni,2.5,4,0.882,POINT (-125.19999694824219 48.83000183105469)
ep_m2_cryptic_fish_public_data.fid-1acd095e_191e9c2e144_-5a9f,923402221,Canada,British Columbia,"Oregon, Washington, Vancouver Coast and Shelf",Temperate Northern Pacific,Vancouver Island,BMSC1,Dodger Channel,48.83,-125.2,2023-05-15,8,RLS,1,09:54:00,,,2,1,Chordata,Actinopterygii,Scorpaeniformes,Cottidae,Artedius harringtoni,Artedius harringtoni,5,2,3.8605,POINT (-125.19999694824219 48.83000183105469)
ep_m2_cryptic_fish_public_data.fid-1acd095e_191e9c2e144_-5a9e,923402221,Canada,British Columbia,"Oregon, Washington, Vancouver Coast and Shelf",Temperate Northern Pacific,Vancouver Island,BMSC1,Dodger Channel,48.83,-125.2,2023-05-15,8,RLS,1,09:54:00,,,2,1,Chordata,Actinopterygii,Scorpaeniformes,Cottidae,Artedius harringtoni,Artedius harringtoni,7.5,1,6.8672,POINT (-125.19999694824219 48.83000183105469)
ep_m2_cryptic_fish_public_data.fid-1acd095e_191e9c2e144_-5a9d,923402224,Canada,British Columbia,"Oregon, Washington, Vancouver Coast and Shelf",Temperate Northern Pacific,Vancouver Island,BMSC5,Taylor Rock,48.83,-125.2,2023-05-15,5.5,RLS,1,12:18:00,,,2,2,Chordata,Actinopterygii,Perciformes,Gobiidae,Rhinogobiops nicholsii,Rhinogobiops nicholsii,2.5,1,0.2724,POINT (-125.19999694824219 48.83000183105469)
ep_m2_cryptic_fish_public_data.fid-1acd095e_191e9c2e144_-5a9c,923402224,Canada,British Columbia,"Oregon, Washington, Vancouver Coast and Shelf",Temperate Northern Pacific,Vancouver Island,BMSC5,Taylor Rock,48.83,-125.2,2023-05-15,5.5,RLS,1,12:18:00,,,2,2,Chordata,Actinopterygii,Perciformes,Gobiidae,Rhinogobiops nicholsii,Rhinogobiops nicholsii,5,3,6.7683,POINT (-125.19999694824219 48.83000183105469)
ep_m2_cryptic_fish_public_data.fid-1acd095e_191e9c2e144_-5a9b,923402224,Canada,British Columbia,"Oregon, Washington, Vancouver Coast and Shelf",Temperate Northern Pacific,Vancouver Island,BMSC5,Taylor Rock,48.83,-125.2,2023-05-15,5.5,RLS,1,12:18:00,,,2,2,Chordata,Actinopterygii,Perciformes,Gobiidae,Rhinogobiops nicholsii,Rhinogobiops nicholsii,7.5,2,15.5407,POINT (-125.19999694824219 48.83000183105469)
ep_m2_cryptic_fish_public_data.fid-1acd095e_191e9c2e144_-5a9a,923402224,Canada,British Columbia,"Oregon, Washington, Vancouver Coast and Shelf",Temperate Northern Pacific,Vancouver Island,BMSC5,Taylor Rock,48.83,-125.2,2023-05-15,5.5,RLS,1,12:18:00,,,2,2,Chordata,Actinopterygii,Scorpaeniformes,Cottidae,Artedius harringtoni,Artedius harringtoni,2.5,1,0.2205,POINT (-125.19999694824219 48.83000183105469)
ep_m2_cryptic_fish_public_data.fid-1acd095e_191e9c2e144_-5a99,923402224,Canada,British Columbia,"Oregon, Washington, Vancouver Coast and Shelf",Temperate Northern Pacific,Vancouver Island,BMSC5,Taylor Rock,48.83,-125.2,2023-05-15,5.5,RLS,1,12:18:00,,,2,2,Chordata,Actinopterygii,Scorpaeniformes,Cottidae,Artedius harringtoni,Artedius harringtoni,5,5,9.6513,POINT (-125.19999694824219 48.83000183105469)
ep_m2_cryptic_fish_public_data.fid-1acd095e_191e9c2e144_-5a98,923402224,Canada,British Columbia,"Oregon, Washington, Vancouver Coast and Shelf",Temperate Northern Pacific,Vancouver Island,BMSC5,Taylor Rock,48.83,-125.2,2023-05-15,5.5,RLS,1,12:18:00,,,2,2,Chordata,Actinopterygii,Scorpaeniformes,Cottidae,Artedius harringtoni,Artedius harringtoni,7.5,1,6.8672,POINT (-125.19999694824219 48.83000183105469)
ep_m2_cryptic_fish_public_data.fid-1acd095e_191e9c2e144_-5a97,923402224,Canada,British Columbia,"Oregon, Washington, Vancouver Coast and Shelf",Temperate Northern Pacific,Vancouver Island,BMSC5,Taylor Rock,48.83,-125.2,2023-05-15,5.5,RLS,1,12:18:00,,,2,1,Chordata,Actinopterygii,Perciformes,Gobiidae,Rhinogobiops nicholsii,Rhinogobiops nicholsii,2.5,1,0.2724,POINT (-125.19999694824219 48.83000183105469)
ep_m2_cryptic_fish_public_data.fid-1acd095e_191e9c2e144_-5a96,923402224,Canada,British Columbia,"Oregon, Washington, Vancouver Coast and Shelf",Temperate Northern Pacific,Vancouver Island,BMSC5,Taylor Rock,48.83,-125.2,2023-05-15,5.5,RLS,1,12:18:00,,,2,1,Chordata,Actinopterygii,Perciformes,Gobiidae,Rhinogobiops nicholsii,Rhinogobiops nicholsii,5,5,11.2806,POINT (-125.19999694824219 48.83000183105469)
ep_m2_cryptic_fish_public_data.fid-1acd095e_191e9c2e144_-5a95,923402224,Canada,British Columbia,"Oregon, Washington, Vancouver Coast and Shelf",Temperate Northern Pacific,Vancouver Island,BMSC5,Taylor Rock,48.83,-125.2,2023-05-15,5.5,RLS,1,12:18:00,,,2,1,Chordata,Actinopterygii,Scorpaeniformes,Cottidae,Artedius harringtoni,Artedius harringtoni,2.5,2,0.441,POINT (-125.19999694824219 48.83000183105469)
ep_m2_cryptic_fish_public_data.fid-1acd095e_191e9c2e144_-5a94,923402224,Canada,British Columbia,"Oregon, Washington, Vancouver Coast and Shelf",Temperate Northern Pacific,Vancouver Island,BMSC5,Taylor Rock,48.83,-125.2,2023-05-15,5.5,RLS,1,12:18:00,,,2,1,Chordata,Actinopterygii,Scorpaeniformes,Cottidae,Artedius harringtoni,Artedius harringtoni,5,4,7.721,POINT (-125.19999694824219 48.83000183105469)
ep_m2_cryptic_fish_public_data.fid-1acd095e_191e9c2e144_-5a93,923402224,Canada,British Columbia,"Oregon, Washington, Vancouver Coast and Shelf",Temperate Northern Pacific,Vancouver Island,BMSC5,Taylor Rock,48.83,-125.2,2023-05-15,5.5,RLS,1,12:18:00,,,2,1,Chordata,Actinopterygii,Scorpaeniformes,Cottidae,Jordania zonope,Jordania zonope,2.5,2,0.441,POINT (-125.19999694824219 48.83000183105469)
ep_m2_cryptic_fish_public_data.fid-1acd095e_191e9c2e144_-5a92,923402227,Canada,British Columbia,"Oregon, Washington, Vancouver Coast and Shelf",Temperate Northern Pacific,Vancouver Island,BMSC1,Dodger Channel,48.83,-125.2,2023-05-15,5.5,RLS,1,09:54:00,,,2,1,Chordata,Actinopterygii,Perciformes,Gobiidae,Rhinogobiops nicholsii,Rhinogobiops nicholsii,5,1,2.2561,POINT (-125.19999694824219 48.83000183105469)
ep_m2_cryptic_fish_public_data.fid-1acd095e_191e9c2e144_-5a91,923402227,Canada,British Columbia,"Oregon, Washington, Vancouver Coast and Shelf",Temperate Northern Pacific,Vancouver Island,BMSC1,Dodger Channel,48.83,-125.2,2023-05-15,5.5,RLS,1,09:54:00,,,2,1,Chordata,Actinopterygii,Scorpaeniformes,Cottidae,Artedius harringtoni,Artedius harringtoni,2.5,3,0.6615,POINT (-125.19999694824219 48.83000183105469)
ep_m2_cryptic_fish_public_data.fid-1acd095e_191e9c2e144_-5a90,923402227,Canada,British Columbia,"Oregon, Washington, Vancouver Coast and Shelf",Temperate Northern Pacific,Vancouver Island,BMSC1,Dodger Channel,48.83,-125.2,2023-05-15,5.5,RLS,1,09:54:00,,,2,1,Chordata,Actinopterygii,Scorpaeniformes,Cottidae,Artedius harringtoni,Artedius harringtoni,5,6,11.5815,POINT (-125.19999694824219 48.83000183105469)
ep_m2_cryptic_fish_public_data.fid-1acd095e_191e9c2e144_-5a8f,923402227,Canada,British Columbia,"Oregon, Washington, Vancouver Coast and Shelf",Temperate Northern Pacific,Vancouver Island,BMSC1,Dodger Channel,48.83,-125.2,2023-05-15,5.5,RLS,1,09:54:00,,,2,1,Chordata,Actinopterygii,Scorpaeniformes,Cottidae,Artedius harringtoni,Artedius harringtoni,7.5,1,6.8672,POINT (-125.19999694824219 48.83000183105469)
ep_m2_cryptic_fish_public_data.fid-1acd095e_191e9c2e144_-5a8e,923402227,Canada,British Columbia,"Oregon, Washington, Vancouver Coast and Shelf",Temperate Northern Pacific,Vancouver Island,BMSC1,Dodger Channel,48.83,-125.2,2023-05-15,5.5,RLS,1,09:54:00,,,2,1,Chordata,Actinopterygii,Scorpaeniformes,Cottidae,Jordania zonope,Jordania zonope,5,1,1.9303,POINT (-125.19999694824219 48.83000183105469)
ep_m2_cryptic_fish_public_data.fid-1acd095e_191e9c2e144_-5a8d,923402227,Canada,British Columbia,"Oregon, Washington, Vancouver Coast and Shelf",Temperate Northern Pacific,Vancouver Island,BMSC1,Dodger Channel,48.83,-125.2,2023-05-15,5.5,RLS,1,09:54:00,,,2,2,Chordata,Actinopterygii,Perciformes,Gobiidae,Rhinogobiops nicholsii,Rhinogobiops nicholsii,2.5,1,0.2724,POINT (-125.19999694824219 48.83000183105469)
ep_m2_cryptic_fish_public_data.fid-1acd095e_191e9c2e144_-5a8c,923402227,Canada,British Columbia,"Oregon, Washington, Vancouver Coast and Shelf",Temperate Northern Pacific,Vancouver Island,BMSC1,Dodger Channel,48.83,-125.2,2023-05-15,5.5,RLS,1,09:54:00,,,2,2,Chordata,Actinopterygii,Scorpaeniformes,Cottidae,Artedius harringtoni,Artedius harringtoni,5,4,7.721,POINT (-125.19999694824219 48.83000183105469)
ep_m2_cryptic_fish_public_data.fid-1acd095e_191e9c2e144_-5a8b,923402227,Canada,British Columbia,"Oregon, Washington, Vancouver Coast and Shelf",Temperate Northern Pacific,Vancouver Island,BMSC1,Dodger Channel,48.83,-125.2,2023-05-15,5.5,RLS,1,09:54:00,,,2,2,Chordata,Actinopterygii,Scorpaeniformes,Cottidae,Artedius harringtoni,Artedius harringtoni,7.5,1,6.8672,POINT (-125.19999694824219 48.83000183105469)
ep_m2_cryptic_fish_public_data.fid-1acd095e_191e9c2e144_-5a8a,923402237,Canada,British Columbia,"Oregon, Washington, Vancouver Coast and Shelf",Temperate Northern Pacific,Vancouver Island,BMSC5,Taylor Rock,48.83,-125.2,2023-05-15,8,RLS,1,12:18:00,,,2,1,Chordata,Actinopterygii,Perciformes,Gobiidae,Rhinogobiops nicholsii,Rhinogobiops nicholsii,2.5,4,1.0896,POINT (-125.19999694824219 48.83000183105469)
ep_m2_cryptic_fish_public_data.fid-1acd095e_191e9c2e144_-5a89,923402237,Canada,British Columbia,"Oregon, Washington, Vancouver Coast and Shelf",Temperate Northern Pacific,Vancouver Island,BMSC5,Taylor Rock,48.83,-125.2,2023-05-15,8,RLS,1,12:18:00,,,2,1,Chordata,Actinopterygii,Perciformes,Gobiidae,Rhinogobiops nicholsii,Rhinogobiops nicholsii,5,4,9.0245,POINT (-125.19999694824219 48.83000183105469)
ep_m2_cryptic_fish_public_data.fid-1acd095e_191e9c2e144_-5a88,923402237,Canada,British Columbia,"Oregon, Washington, Vancouver Coast and Shelf",Temperate Northern Pacific,Vancouver Island,BMSC5,Taylor Rock,48.83,-125.2,2023-05-15,8,RLS,1,12:18:00,,,2,1,Chordata,Actinopterygii,Perciformes,Gobiidae,Rhinogobiops nicholsii,Rhinogobiops nicholsii,7.5,1,7.7703,POINT (-125.19999694824219 48.83000183105469)
ep_m2_cryptic_fish_public_data.fid-1acd095e_191e9c2e144_-5a87,923402237,Canada,British Columbia,"Oregon, Washington, Vancouver Coast and Shelf",Temperate Northern Pacific,Vancouver Island,BMSC5,Taylor Rock,48.83,-125.2,2023-05-15,8,RLS,1,12:18:00,,,2,1,Chordata,Actinopterygii,Scorpaeniformes,Cottidae,Artedius harringtoni,Artedius harringtoni,2.5,6,1.3229,POINT (-125.19999694824219 48.83000183105469)
ep_m2_cryptic_fish_public_data.fid-1acd095e_191e9c2e144_-5a86,923402237,Canada,British Columbia,"Oregon, Washington, Vancouver Coast and Shelf",Temperate Northern Pacific,Vancouver Island,BMSC5,Taylor Rock,48.83,-125.2,2023-05-15,8,RLS,1,12:18:00,,,2,1,Chordata,Actinopterygii,Scorpaeniformes,Cottidae,Artedius harringtoni,Artedius harringtoni,5,1,1.9303,POINT (-125.19999694824219 48.83000183105469)
ep_m2_cryptic_fish_public_data.fid-1acd095e_191e9c2e144_-5a85,923402237,Canada,British Columbia,"Oregon, Washington, Vancouver Coast and Shelf",Temperate Northern Pacific,Vancouver Island,BMSC5,Taylor Rock,48.83,-125.2,2023-05-15,8,RLS,1,12:18:00,,,2,2,Chordata,Actinopterygii,Perciformes,Gobiidae,Rhinogobiops nicholsii,Rhinogobiops nicholsii,7.5,4,31.0813,POINT (-125.19999694824219 48.83000183105469)
ep_m2_cryptic_fish_public_data.fid-1acd095e_191e9c2e144_-5a84,923402237,Canada,British Columbia,"Oregon, Washington, Vancouver Coast and Shelf",Temperate Northern Pacific,Vancouver Island,BMSC5,Taylor Rock,48.83,-125.2,2023-05-15,8,RLS,1,12:18:00,,,2,2,Chordata,Actinopterygii,Perciformes,Gobiidae,Rhinogobiops nicholsii,Rhinogobiops nicholsii,10,4,74.7417,POINT (-125.19999694824219 48.83000183105469)
ep_m2_cryptic_fish_public_data.fid-1acd095e_191e9c2e144_-5a83,923402237,Canada,British Columbia,"Oregon, Washington, Vancouver Coast and Shelf",Temperate Northern Pacific,Vancouver Island,BMSC5,Taylor Rock,48.83,-125.2,2023-05-15,8,RLS,1,12:18:00,,,2,2,Chordata,Actinopterygii,Perciformes,Gobiidae,Rhinogobiops nicholsii,Rhinogobiops nicholsii,12.5,2,73.8089,POINT (-125.19999694824219 48.83000183105469)
ep_m2_cryptic_fish_public_data.fid-1acd095e_191e9c2e144_-5a82,923402237,Canada,British Columbia,"Oregon, Washington, Vancouver Coast and Shelf",Temperate Northern Pacific,Vancouver Island,BMSC5,Taylor Rock,48.83,-125.2,2023-05-15,8,RLS,1,12:18:00,,,2,2,Chordata,Actinopterygii,Scorpaeniformes,Cottidae,Artedius harringtoni,Artedius harringtoni,2.5,1,0.2205,POINT (-125.19999694824219 48.83000183105469)
ep_m2_cryptic_fish_public_data.fid-1acd095e_191e9c2e144_-5a81,923402237,Canada,British Columbia,"Oregon, Washington, Vancouver Coast and Shelf",Temperate Northern Pacific,Vancouver Island,BMSC5,Taylor Rock,48.83,-125.2,2023-05-15,8,RLS,1,12:18:00,,,2,2,Chordata,Actinopterygii,Scorpaeniformes,Cottidae,Artedius harringtoni,Artedius harringtoni,5,2,3.8605,POINT (-125.19999694824219 48.83000183105469)
ep_m2_cryptic_fish_public_data.fid-1acd095e_191e9c2e144_-5a80,923402237,Canada,British Columbia,"Oregon, Washington, Vancouver Coast and Shelf",Temperate Northern Pacific,Vancouver Island,BMSC5,Taylor Rock,48.83,-125.2,2023-05-15,8,RLS,1,12:18:00,,,2,2,Chordata,Actinopterygii,Scorpaeniformes,Cottidae,Artedius harringtoni,Artedius harringtoni,7.5,1,6.8672,POINT (-125.19999694824219 48.83000183105469)
ep_m2_cryptic_fish_public_data.fid-1acd095e_191e9c2e144_-5a7f,923402237,Canada,British Columbia,"Oregon, Washington, Vancouver Coast and Shelf",Temperate Northern Pacific,Vancouver Island,BMSC5,Taylor Rock,48.83,-125.2,2023-05-15,8,RLS,1,12:18:00,,,2,2,Chordata,Actinopterygii,Scorpaeniformes,Cottidae,Artedius harringtoni,Artedius harringtoni,10,1,16.8981,POINT (-125.19999694824219 48.83000183105469)
ep_m2_cryptic_fish_public_data.fid-1acd095e_191e9c2e144_-5a7e,923400152,Canada,British Columbia,"Oregon, Washington, Vancouver Coast and Shelf",Temperate Northern Pacific,Vancouver Island,BMSC16,Faber Islets,48.89,-125.3,2021-05-05,6,RLS,3,10:35:00,,,2,2,Chordata,Actinopterygii,Perciformes,Gobiidae,Rhinogobiops nicholsii,Rhinogobiops nicholsii,5,1,2.2561,POINT (-125.30000305175781 48.88999938964844)
ep_m2_cryptic_fish_public_data.fid-1acd095e_191e9c2e144_-5a7d,923400152,Canada,British Columbia,"Oregon, Washington, Vancouver Coast and Shelf",Temperate Northern Pacific,Vancouver Island,BMSC16,Faber Islets,48.89,-125.3,2021-05-05,6,RLS,3,10:35:00,,,2,2,Chordata,Actinopterygii,Perciformes,Gobiidae,Rhinogobiops nicholsii,Rhinogobiops nicholsii,7.5,10,77.7034,POINT (-125.30000305175781 48.88999938964844)
ep_m2_cryptic_fish_public_data.fid-1acd095e_191e9c2e144_-5a7c,923400152,Canada,British Columbia,"Oregon, Washington, Vancouver Coast and Shelf",Temperate Northern Pacific,Vancouver Island,BMSC16,Faber Islets,48.89,-125.3,2021-05-05,6,RLS,3,10:35:00,,,2,2,Chordata,Actinopterygii,Perciformes,Gobiidae,Rhinogobiops nicholsii,Rhinogobiops nicholsii,10,3,56.0563,POINT (-125.30000305175781 48.88999938964844)
ep_m2_cryptic_fish_public_data.fid-1acd095e_191e9c2e144_-5a7b,923400152,Canada,British Columbia,"Oregon, Washington, Vancouver Coast and Shelf",Temperate Northern Pacific,Vancouver Island,BMSC16,Faber Islets,48.89,-125.3,2021-05-05,6,RLS,3,10:35:00,,,2,2,Chordata,Actinopterygii,Scorpaeniformes,Cottidae,Artedius harringtoni,Artedius harringtoni,5,2,3.8605,POINT (-125.30000305175781 48.88999938964844)
ep_m2_cryptic_fish_public_data.fid-1acd095e_191e9c2e144_-5a7a,923400152,Canada,British Columbia,"Oregon, Washington, Vancouver Coast and Shelf",Temperate Northern Pacific,Vancouver Island,BMSC16,Faber Islets,48.89,-125.3,2021-05-05,6,RLS,3,10:35:00,,,2,2,Chordata,Actinopterygii,Scorpaeniformes,Cottidae,Jordania zonope,Jordania zonope,5,1,1.9303,POINT (-125.30000305175781 48.88999938964844)
ep_m2_cryptic_fish_public_data.fid-1acd095e_191e9c2e144_-5a79,923400152,Canada,British Columbia,"Oregon, Washington, Vancouver Coast and Shelf",Temperate Northern Pacific,Vancouver Island,BMSC16,Faber Islets,48.89,-125.3,2021-05-05,6,RLS,3,10:35:00,,,2,2,Chordata,Actinopterygii,Scorpaeniformes,Cottidae,Jordania zonope,Jordania zonope,7.5,1,6.8672,POINT (-125.30000305175781 48.88999938964844)
ep_m2_cryptic_fish_public_data.fid-1acd095e_191e9c2e144_-5a78,923400152,Canada,British Columbia,"Oregon, Washington, Vancouver Coast and Shelf",Temperate Northern Pacific,Vancouver Island,BMSC16,Faber Islets,48.89,-125.3,2021-05-05,6,RLS,3,10:35:00,,,2,1,Chordata,Actinopterygii,Perciformes,Gobiidae,Rhinogobiops nicholsii,Rhinogobiops nicholsii,7.5,2,15.5407,POINT (-125.30000305175781 48.88999938964844)
ep_m2_cryptic_fish_public_data.fid-1acd095e_191e9c2e144_-5a77,923400152,Canada,British Columbia,"Oregon, Washington, Vancouver Coast and Shelf",Temperate Northern Pacific,Vancouver Island,BMSC16,Faber Islets,48.89,-125.3,2021-05-05,6,RLS,3,10:35:00,,,2,1,Chordata,Actinopterygii,Perciformes,Gobiidae,Rhinogobiops nicholsii,Rhinogobiops nicholsii,10,7,130.798,POINT (-125.30000305175781 48.88999938964844)
ep_m2_cryptic_fish_public_data.fid-1acd095e_191e9c2e144_-5a76,923400152,Canada,British Columbia,"Oregon, Washington, Vancouver Coast and Shelf",Temperate Northern Pacific,Vancouver Island,BMSC16,Faber Islets,48.89,-125.3,2021-05-05,6,RLS,3,10:35:00,,,2,1,Chordata,Actinopterygii,Perciformes,Gobiidae,Rhinogobiops nicholsii,Rhinogobiops nicholsii,12.5,1,36.9044,POINT (-125.30000305175781 48.88999938964844)
ep_m2_cryptic_fish_public_data.fid-1acd095e_191e9c2e144_-5a75,923400152,Canada,British Columbia,"Oregon, Washington, Vancouver Coast and Shelf",Temperate Northern Pacific,Vancouver Island,BMSC16,Faber Islets,48.89,-125.3,2021-05-05,6,RLS,3,10:35:00,,,2,1,Chordata,Actinopterygii,Scorpaeniformes,Cottidae,Artedius harringtoni,Artedius harringtoni,2.5,1,0.2205,POINT (-125.30000305175781 48.88999938964844)
ep_m2_cryptic_fish_public_data.fid-1acd095e_191e9c2e144_-5a74,923400152,Canada,British Columbia,"Oregon, Washington, Vancouver Coast and Shelf",Temperate Northern Pacific,Vancouver Island,BMSC16,Faber Islets,48.89,-125.3,2021-05-05,6,RLS,3,10:35:00,,,2,1,Chordata,Actinopterygii,Scorpaeniformes,Cottidae,Artedius harringtoni,Artedius harringtoni,7.5,1,6.8672,POINT (-125.30000305175781 48.88999938964844)
ep_m2_cryptic_fish_public_data.fid-1acd095e_191e9c2e144_-5a73,923401184,Canada,British Columbia,"Oregon, Washington, Vancouver Coast and Shelf",Temperate Northern Pacific,Vancouver Island,BMSC16,Faber Islets,48.89,-125.3,2022-04-27,5.5,RLS,2,12:40:00,,,2,2,Chordata,Actinopterygii,Perciformes,Gobiidae,Rhinogobiops nicholsii,Rhinogobiops nicholsii,5,1,2.2561,POINT (-125.30000305175781 48.88999938964844)
ep_m2_cryptic_fish_public_data.fid-1acd095e_191e9c2e144_-5a72,923401184,Canada,British Columbia,"Oregon, Washington, Vancouver Coast and Shelf",Temperate Northern Pacific,Vancouver Island,BMSC16,Faber Islets,48.89,-125.3,2022-04-27,5.5,RLS,2,12:40:00,,,2,2,Chordata,Actinopterygii,Perciformes,Gobiidae,Rhinogobiops nicholsii,Rhinogobiops nicholsii,7.5,2,15.5407,POINT (-125.30000305175781 48.88999938964844)
ep_m2_cryptic_fish_public_data.fid-1acd095e_191e9c2e144_-5a71,923401184,Canada,British Columbia,"Oregon, Washington, Vancouver Coast and Shelf",Temperate Northern Pacific,Vancouver Island,BMSC16,Faber Islets,48.89,-125.3,2022-04-27,5.5,RLS,2,12:40:00,,,2,2,Chordata,Actinopterygii,Scorpaeniformes,Cottidae,Artedius harringtoni,Artedius harringtoni,2.5,1,0.2205,POINT (-125.30000305175781 48.88999938964844)
ep_m2_cryptic_fish_public_data.fid-1acd095e_191e9c2e144_-5a70,923401184,Canada,British Columbia,"Oregon, Washington, Vancouver Coast and Shelf",Temperate Northern Pacific,Vancouver Island,BMSC16,Faber Islets,48.89,-125.3,2022-04-27,5.5,RLS,2,12:40:00,,,2,2,Chordata,Actinopterygii,Scorpaeniformes,Cottidae,Jordania zonope,Jordania zonope,7.5,1,6.8672,POINT (-125.30000305175781 48.88999938964844)
ep_m2_cryptic_fish_public_data.fid-1acd095e_191e9c2e144_-5a6f,923401184,Canada,British Columbia,"Oregon, Washington, Vancouver Coast and Shelf",Temperate Northern Pacific,Vancouver Island,BMSC16,Faber Islets,48.89,-125.3,2022-04-27,5.5,RLS,2,12:40:00,,,2,1,Chordata,Actinopterygii,Perciformes,Gobiidae,Rhinogobiops nicholsii,Rhinogobiops nicholsii,7.5,1,7.7703,POINT (-125.30000305175781 48.88999938964844)
ep_m2_cryptic_fish_public_data.fid-1acd095e_191e9c2e144_-5a6e,923401184,Canada,British Columbia,"Oregon, Washington, Vancouver Coast and Shelf",Temperate Northern Pacific,Vancouver Island,BMSC16,Faber Islets,48.89,-125.3,2022-04-27,5.5,RLS,2,12:40:00,,,2,1,Chordata,Actinopterygii,Perciformes,Gobiidae,Rhinogobiops nicholsii,Rhinogobiops nicholsii,10,1,18.6854,POINT (-125.30000305175781 48.88999938964844)
ep_m2_cryptic_fish_public_data.fid-1acd095e_191e9c2e144_-5a6d,923401184,Canada,British Columbia,"Oregon, Washington, Vancouver Coast and Shelf",Temperate Northern Pacific,Vancouver Island,BMSC16,Faber Islets,48.89,-125.3,2022-04-27,5.5,RLS,2,12:40:00,,,2,1,Chordata,Actinopterygii,Perciformes,Gobiidae,Rhinogobiops nicholsii,Rhinogobiops nicholsii,12.5,1,36.9044,POINT (-125.30000305175781 48.88999938964844)
ep_m2_cryptic_fish_public_data.fid-1acd095e_191e9c2e144_-5a6c,923402374,Canada,British Columbia,"Oregon, Washington, Vancouver Coast and Shelf",Temperate Northern Pacific,Vancouver Island,KCCA23,Flemming 114,48.89,-125.11,2023-05-28,10,RLS,1,10:15:00,,,2,1,Chordata,Actinopterygii,Perciformes,Gobiidae,Rhinogobiops nicholsii,Rhinogobiops nicholsii,2.5,7,1.9069,POINT (-125.11000061035156 48.88999938964844)
ep_m2_cryptic_fish_public_data.fid-1acd095e_191e9c2e144_-5a6b,923402374,Canada,British Columbia,"Oregon, Washington, Vancouver Coast and Shelf",Temperate Northern Pacific,Vancouver Island,KCCA23,Flemming 114,48.89,-125.11,2023-05-28,10,RLS,1,10:15:00,,,2,1,Chordata,Actinopterygii,Perciformes,Gobiidae,Rhinogobiops nicholsii,Rhinogobiops nicholsii,5,21,47.3784,POINT (-125.11000061035156 48.88999938964844)
ep_m2_cryptic_fish_public_data.fid-1acd095e_191e9c2e144_-5a6a,923402374,Canada,British Columbia,"Oregon, Washington, Vancouver Coast and Shelf",Temperate Northern Pacific,Vancouver Island,KCCA23,Flemming 114,48.89,-125.11,2023-05-28,10,RLS,1,10:15:00,,,2,1,Chordata,Actinopterygii,Perciformes,Gobiidae,Rhinogobiops nicholsii,Rhinogobiops nicholsii,7.5,8,62.1627,POINT (-125.11000061035156 48.88999938964844)
ep_m2_cryptic_fish_public_data.fid-1acd095e_191e9c2e144_-5a69,923402374,Canada,British Columbia,"Oregon, Washington, Vancouver Coast and Shelf",Temperate Northern Pacific,Vancouver Island,KCCA23,Flemming 114,48.89,-125.11,2023-05-28,10,RLS,1,10:15:00,,,2,1,Chordata,Teleostei,Perciformes,Pholidae,Pholis clemensi,Pholis clemensi,7.5,1,,POINT (-125.11000061035156 48.88999938964844)
ep_m2_cryptic_fish_public_data.fid-1acd095e_191e9c2e144_-5a68,923402374,Canada,British Columbia,"Oregon, Washington, Vancouver Coast and Shelf",Temperate Northern Pacific,Vancouver Island,KCCA23,Flemming 114,48.89,-125.11,2023-05-28,10,RLS,1,10:15:00,,,2,2,Chordata,Actinopterygii,Perciformes,Gobiidae,Rhinogobiops nicholsii,Rhinogobiops nicholsii,2.5,17,4.6309,POINT (-125.11000061035156 48.88999938964844)
ep_m2_cryptic_fish_public_data.fid-1acd095e_191e9c2e144_-5a67,923402374,Canada,British Columbia,"Oregon, Washington, Vancouver Coast and Shelf",Temperate Northern Pacific,Vancouver Island,KCCA23,Flemming 114,48.89,-125.11,2023-05-28,10,RLS,1,10:15:00,,,2,2,Chordata,Actinopterygii,Perciformes,Gobiidae,Rhinogobiops nicholsii,Rhinogobiops nicholsii,5,12,27.0734,POINT (-125.11000061035156 48.88999938964844)
ep_m2_cryptic_fish_public_data.fid-1acd095e_191e9c2e144_-5a66,923402374,Canada,British Columbia,"Oregon, Washington, Vancouver Coast and Shelf",Temperate Northern Pacific,Vancouver Island,KCCA23,Flemming 114,48.89,-125.11,2023-05-28,10,RLS,1,10:15:00,,,2,2,Chordata,Actinopterygii,Perciformes,Gobiidae,Rhinogobiops nicholsii,Rhinogobiops nicholsii,7.5,10,77.7034,POINT (-125.11000061035156 48.88999938964844)
ep_m2_cryptic_fish_public_data.fid-1acd095e_191e9c2e144_-5a65,923402374,Canada,British Columbia,"Oregon, Washington, Vancouver Coast and Shelf",Temperate Northern Pacific,Vancouver Island,KCCA23,Flemming 114,48.89,-125.11,2023-05-28,10,RLS,1,10:15:00,,,2,2,Chordata,Actinopterygii,Pleuronectiformes,Paralichthyidae,Citharichthys stigmaeus,Citharichthys stigmaeus,12.5,1,36.4054,POINT (-125.11000061035156 48.88999938964844)
ep_m2_cryptic_fish_public_data.fid-1acd095e_191e9c2e144_-5a64,923402374,Canada,British Columbia,"Oregon, Washington, Vancouver Coast and Shelf",Temperate Northern Pacific,Vancouver Island,KCCA23,Flemming 114,48.89,-125.11,2023-05-28,10,RLS,1,10:15:00,,,2,2,Chordata,Actinopterygii,Pleuronectiformes,Pleuronectidae,Pleuronichthys coenosus,Pleuronichthys coenosus,15,1,99.6256,POINT (-125.11000061035156 48.88999938964844)
ep_m2_cryptic_fish_public_data.fid-1acd095e_191e9c2e144_-5a63,923400147,Canada,British Columbia,"Oregon, Washington, Vancouver Coast and Shelf",Temperate Northern Pacific,Vancouver Island,BMSC21,Dixon SW,48.85,-125.12,2021-05-20,5,RLS,0,10:40:00,,,2,1,Chordata,Actinopterygii,Perciformes,Gobiidae,Rhinogobiops nicholsii,Rhinogobiops nicholsii,2.5,1,0.2724,POINT (-125.12000274658203 48.849998474121094)
ep_m2_cryptic_fish_public_data.fid-1acd095e_191e9c2e144_-5a62,923400147,Canada,British Columbia,"Oregon, Washington, Vancouver Coast and Shelf",Temperate Northern Pacific,Vancouver Island,BMSC21,Dixon SW,48.85,-125.12,2021-05-20,5,RLS,0,10:40:00,,,2,1,Chordata,Actinopterygii,Perciformes,Gobiidae,Rhinogobiops nicholsii,Rhinogobiops nicholsii,5,6,13.5367,POINT (-125.12000274658203 48.849998474121094)
ep_m2_cryptic_fish_public_data.fid-1acd095e_191e9c2e144_-5a61,923400147,Canada,British Columbia,"Oregon, Washington, Vancouver Coast and Shelf",Temperate Northern Pacific,Vancouver Island,BMSC21,Dixon SW,48.85,-125.12,2021-05-20,5,RLS,0,10:40:00,,,2,1,Chordata,Actinopterygii,Perciformes,Gobiidae,Rhinogobiops nicholsii,Rhinogobiops nicholsii,7.5,7,54.3924,POINT (-125.12000274658203 48.849998474121094)
ep_m2_cryptic_fish_public_data.fid-1acd095e_191e9c2e144_-5a60,923400147,Canada,British Columbia,"Oregon, Washington, Vancouver Coast and Shelf",Temperate Northern Pacific,Vancouver Island,BMSC21,Dixon SW,48.85,-125.12,2021-05-20,5,RLS,0,10:40:00,,,2,1,Chordata,Actinopterygii,Perciformes,Gobiidae,Rhinogobiops nicholsii,Rhinogobiops nicholsii,10,4,74.7417,POINT (-125.12000274658203 48.849998474121094)
ep_m2_cryptic_fish_public_data.fid-1acd095e_191e9c2e144_-5a5f,923400147,Canada,British Columbia,"Oregon, Washington, Vancouver Coast and Shelf",Temperate Northern Pacific,Vancouver Island,BMSC21,Dixon SW,48.85,-125.12,2021-05-20,5,RLS,0,10:40:00,,,2,1,Chordata,Actinopterygii,Perciformes,Gobiidae,Rhinogobiops nicholsii,Rhinogobiops nicholsii,12.5,1,36.9044,POINT (-125.12000274658203 48.849998474121094)
ep_m2_cryptic_fish_public_data.fid-1acd095e_191e9c2e144_-5a5e,923400147,Canada,British Columbia,"Oregon, Washington, Vancouver Coast and Shelf",Temperate Northern Pacific,Vancouver Island,BMSC21,Dixon SW,48.85,-125.12,2021-05-20,5,RLS,0,10:40:00,,,2,1,Chordata,Actinopterygii,Scorpaeniformes,Cottidae,Artedius harringtoni,Artedius harringtoni,2.5,1,0.2205,POINT (-125.12000274658203 48.849998474121094)
ep_m2_cryptic_fish_public_data.fid-1acd095e_191e9c2e144_-5a5d,923400147,Canada,British Columbia,"Oregon, Washington, Vancouver Coast and Shelf",Temperate Northern Pacific,Vancouver Island,BMSC21,Dixon SW,48.85,-125.12,2021-05-20,5,RLS,0,10:40:00,,,2,1,Chordata,Actinopterygii,Scorpaeniformes,Cottidae,Artedius harringtoni,Artedius harringtoni,5,4,7.721,POINT (-125.12000274658203 48.849998474121094)
ep_m2_cryptic_fish_public_data.fid-1acd095e_191e9c2e144_-5a5c,923400147,Canada,British Columbia,"Oregon, Washington, Vancouver Coast and Shelf",Temperate Northern Pacific,Vancouver Island,BMSC21,Dixon SW,48.85,-125.12,2021-05-20,5,RLS,0,10:40:00,,,2,1,Chordata,Actinopterygii,Scorpaeniformes,Cottidae,Artedius harringtoni,Artedius harringtoni,7.5,1,6.8672,POINT (-125.12000274658203 48.849998474121094)
ep_m2_cryptic_fish_public_data.fid-1acd095e_191e9c2e144_-5a5b,923400147,Canada,British Columbia,"Oregon, Washington, Vancouver Coast and Shelf",Temperate Northern Pacific,Vancouver Island,BMSC21,Dixon SW,48.85,-125.12,2021-05-20,5,RLS,0,10:40:00,,,2,1,Chordata,Actinopterygii,Scorpaeniformes,Cottidae,Jordania zonope,Jordania zonope,7.5,1,6.8672,POINT (-125.12000274658203 48.849998474121094)
ep_m2_cryptic_fish_public_data.fid-1acd095e_191e9c2e144_-5a5a,923400147,Canada,British Columbia,"Oregon, Washington, Vancouver Coast and Shelf",Temperate Northern Pacific,Vancouver Island,BMSC21,Dixon SW,48.85,-125.12,2021-05-20,5,RLS,0,10:40:00,,,2,2,Chordata,Actinopterygii,Perciformes,Gobiidae,Rhinogobiops nicholsii,Rhinogobiops nicholsii,5,1,2.2561,POINT (-125.12000274658203 48.849998474121094)
ep_m2_cryptic_fish_public_data.fid-1acd095e_191e9c2e144_-5a59,923400147,Canada,British Columbia,"Oregon, Washington, Vancouver Coast and Shelf",Temperate Northern Pacific,Vancouver Island,BMSC21,Dixon SW,48.85,-125.12,2021-05-20,5,RLS,0,10:40:00,,,2,2,Chordata,Actinopterygii,Perciformes,Gobiidae,Rhinogobiops nicholsii,Rhinogobiops nicholsii,7.5,2,15.5407,POINT (-125.12000274658203 48.849998474121094)
ep_m2_cryptic_fish_public_data.fid-1acd095e_191e9c2e144_-5a58,923400147,Canada,British Columbia,"Oregon, Washington, Vancouver Coast and Shelf",Temperate Northern Pacific,Vancouver Island,BMSC21,Dixon SW,48.85,-125.12,2021-05-20,5,RLS,0,10:40:00,,,2,2,Chordata,Actinopterygii,Perciformes,Gobiidae,Rhinogobiops nicholsii,Rhinogobiops nicholsii,10,5,93.4271,POINT (-125.12000274658203 48.849998474121094)
ep_m2_cryptic_fish_public_data.fid-1acd095e_191e9c2e144_-5a57,923400147,Canada,British Columbia,"Oregon, Washington, Vancouver Coast and Shelf",Temperate Northern Pacific,Vancouver Island,BMSC21,Dixon SW,48.85,-125.12,2021-05-20,5,RLS,0,10:40:00,,,2,2,Chordata,Actinopterygii,Perciformes,Gobiidae,Rhinogobiops nicholsii,Rhinogobiops nicholsii,12.5,4,147.6177,POINT (-125.12000274658203 48.849998474121094)
ep_m2_cryptic_fish_public_data.fid-1acd095e_191e9c2e144_-5a56,923400147,Canada,British Columbia,"Oregon, Washington, Vancouver Coast and Shelf",Temperate Northern Pacific,Vancouver Island,BMSC21,Dixon SW,48.85,-125.12,2021-05-20,5,RLS,0,10:40:00,,,2,2,Chordata,Actinopterygii,Perciformes,Gobiidae,Rhinogobiops nicholsii,Rhinogobiops nicholsii,15,2,128.7097,POINT (-125.12000274658203 48.849998474121094)
ep_m2_cryptic_fish_public_data.fid-1acd095e_191e9c2e144_-5a55,923400147,Canada,British Columbia,"Oregon, Washington, Vancouver Coast and Shelf",Temperate Northern Pacific,Vancouver Island,BMSC21,Dixon SW,48.85,-125.12,2021-05-20,5,RLS,0,10:40:00,,,2,2,Chordata,Actinopterygii,Scorpaeniformes,Cottidae,Artedius harringtoni,Artedius harringtoni,5,1,1.9303,POINT (-125.12000274658203 48.849998474121094)
ep_m2_cryptic_fish_public_data.fid-1acd095e_191e9c2e144_-5a54,923400147,Canada,British Columbia,"Oregon, Washington, Vancouver Coast and Shelf",Temperate Northern Pacific,Vancouver Island,BMSC21,Dixon SW,48.85,-125.12,2021-05-20,5,RLS,0,10:40:00,,,2,2,Chordata,Actinopterygii,Scorpaeniformes,Cottidae,Artedius harringtoni,Artedius harringtoni,7.5,1,6.8672,POINT (-125.12000274658203 48.849998474121094)
ep_m2_cryptic_fish_public_data.fid-1acd095e_191e9c2e144_-5a53,923400147,Canada,British Columbia,"Oregon, Washington, Vancouver Coast and Shelf",Temperate Northern Pacific,Vancouver Island,BMSC21,Dixon SW,48.85,-125.12,2021-05-20,5,RLS,0,10:40:00,,,2,2,Chordata,Actinopterygii,Scorpaeniformes,Cottidae,Artedius harringtoni,Artedius harringtoni,10,1,16.8981,POINT (-125.12000274658203 48.849998474121094)
ep_m2_cryptic_fish_public_data.fid-1acd095e_191e9c2e144_-5a52,923400147,Canada,British Columbia,"Oregon, Washington, Vancouver Coast and Shelf",Temperate Northern Pacific,Vancouver Island,BMSC21,Dixon SW,48.85,-125.12,2021-05-20,5,RLS,0,10:40:00,,,2,2,Chordata,Actinopterygii,Scorpaeniformes,Cottidae,Jordania zonope,Jordania zonope,7.5,1,6.8672,POINT (-125.12000274658203 48.849998474121094)
ep_m2_cryptic_fish_public_data.fid-1acd095e_191e9c2e144_-5a51,923400147,Canada,British Columbia,"Oregon, Washington, Vancouver Coast and Shelf",Temperate Northern Pacific,Vancouver Island,BMSC21,Dixon SW,48.85,-125.12,2021-05-20,5,RLS,0,10:40:00,,,2,2,Chordata,Actinopterygii,Scorpaeniformes,Cottidae,Jordania zonope,Jordania zonope,10,1,16.8981,POINT (-125.12000274658203 48.849998474121094)
ep_m2_cryptic_fish_public_data.fid-1acd095e_191e9c2e144_-5a50,923400150,Canada,British Columbia,"Oregon, Washington, Vancouver Coast and Shelf",Temperate Northern Pacific,Vancouver Island,BMSC22,Dixon Inside,48.85,-125.12,2021-05-20,6.5,RLS,1,12:55:00,,,2,2,Chordata,Actinopteri,Perciformes,Pholidae,Apodichthys flavidus,Apodichthys flavidus,20,1,15.6354,POINT (-125.12000274658203 48.849998474121094)
ep_m2_cryptic_fish_public_data.fid-1acd095e_191e9c2e144_-5a4f,923400150,Canada,British Columbia,"Oregon, Washington, Vancouver Coast and Shelf",Temperate Northern Pacific,Vancouver Island,BMSC22,Dixon Inside,48.85,-125.12,2021-05-20,6.5,RLS,1,12:55:00,,,2,2,Chordata,Actinopteri,Perciformes,Pholidae,Pholis ornata,Pholis ornata,15,1,16.2763,POINT (-125.12000274658203 48.849998474121094)
ep_m2_cryptic_fish_public_data.fid-1acd095e_191e9c2e144_-5a4e,923400150,Canada,British Columbia,"Oregon, Washington, Vancouver Coast and Shelf",Temperate Northern Pacific,Vancouver Island,BMSC22,Dixon Inside,48.85,-125.12,2021-05-20,6.5,RLS,1,12:55:00,,,2,2,Chordata,Actinopterygii,Perciformes,Gobiidae,Rhinogobiops nicholsii,Rhinogobiops nicholsii,5,9,20.305,POINT (-125.12000274658203 48.849998474121094)
ep_m2_cryptic_fish_public_data.fid-1acd095e_191e9c2e144_-5a4d,923400150,Canada,British Columbia,"Oregon, Washington, Vancouver Coast and Shelf",Temperate Northern Pacific,Vancouver Island,BMSC22,Dixon Inside,48.85,-125.12,2021-05-20,6.5,RLS,1,12:55:00,,,2,2,Chordata,Actinopterygii,Perciformes,Gobiidae,Rhinogobiops nicholsii,Rhinogobiops nicholsii,7.5,12,93.244,POINT (-125.12000274658203 48.849998474121094)
ep_m2_cryptic_fish_public_data.fid-1acd095e_191e9c2e144_-5a4c,923400150,Canada,British Columbia,"Oregon, Washington, Vancouver Coast and Shelf",Temperate Northern Pacific,Vancouver Island,BMSC22,Dixon Inside,48.85,-125.12,2021-05-20,6.5,RLS,1,12:55:00,,,2,2,Chordata,Actinopterygii,Perciformes,Gobiidae,Rhinogobiops nicholsii,Rhinogobiops nicholsii,10,19,355.023,POINT (-125.12000274658203 48.849998474121094)
ep_m2_cryptic_fish_public_data.fid-1acd095e_191e9c2e144_-5a4b,923400150,Canada,British Columbia,"Oregon, Washington, Vancouver Coast and Shelf",Temperate Northern Pacific,Vancouver Island,BMSC22,Dixon Inside,48.85,-125.12,2021-05-20,6.5,RLS,1,12:55:00,,,2,2,Chordata,Actinopterygii,Perciformes,Gobiidae,Rhinogobiops nicholsii,Rhinogobiops nicholsii,12.5,17,627.3752,POINT (-125.12000274658203 48.849998474121094)
ep_m2_cryptic_fish_public_data.fid-1acd095e_191e9c2e144_-5a4a,923400150,Canada,British Columbia,"Oregon, Washington, Vancouver Coast and Shelf",Temperate Northern Pacific,Vancouver Island,BMSC22,Dixon Inside,48.85,-125.12,2021-05-20,6.5,RLS,1,12:55:00,,,2,2,Chordata,Actinopterygii,Perciformes,Gobiidae,Rhinogobiops nicholsii,Rhinogobiops nicholsii,15,7,450.4839,POINT (-125.12000274658203 48.849998474121094)
ep_m2_cryptic_fish_public_data.fid-1acd095e_191e9c2e144_-5a49,923400150,Canada,British Columbia,"Oregon, Washington, Vancouver Coast and Shelf",Temperate Northern Pacific,Vancouver Island,BMSC22,Dixon Inside,48.85,-125.12,2021-05-20,6.5,RLS,1,12:55:00,,,2,1,Chordata,Actinopteri,Perciformes,Cottidae,Oligocottus maculosus,Oligocottus maculosus,12.5,1,33.9755,POINT (-125.12000274658203 48.849998474121094)
ep_m2_cryptic_fish_public_data.fid-1acd095e_191e9c2e144_-5a48,923400150,Canada,British Columbia,"Oregon, Washington, Vancouver Coast and Shelf",Temperate Northern Pacific,Vancouver Island,BMSC22,Dixon Inside,48.85,-125.12,2021-05-20,6.5,RLS,1,12:55:00,,,2,1,Chordata,Actinopterygii,Perciformes,Gobiidae,Rhinogobiops nicholsii,Rhinogobiops nicholsii,2.5,5,1.362,POINT (-125.12000274658203 48.849998474121094)
ep_m2_cryptic_fish_public_data.fid-1acd095e_191e9c2e144_-5a47,923400150,Canada,British Columbia,"Oregon, Washington, Vancouver Coast and Shelf",Temperate Northern Pacific,Vancouver Island,BMSC22,Dixon Inside,48.85,-125.12,2021-05-20,6.5,RLS,1,12:55:00,,,2,1,Chordata,Actinopterygii,Perciformes,Gobiidae,Rhinogobiops nicholsii,Rhinogobiops nicholsii,5,28,63.1713,POINT (-125.12000274658203 48.849998474121094)
ep_m2_cryptic_fish_public_data.fid-1acd095e_191e9c2e144_-5a46,923400150,Canada,British Columbia,"Oregon, Washington, Vancouver Coast and Shelf",Temperate Northern Pacific,Vancouver Island,BMSC22,Dixon Inside,48.85,-125.12,2021-05-20,6.5,RLS,1,12:55:00,,,2,1,Chordata,Actinopterygii,Perciformes,Gobiidae,Rhinogobiops nicholsii,Rhinogobiops nicholsii,7.5,38,295.2728,POINT (-125.12000274658203 48.849998474121094)
ep_m2_cryptic_fish_public_data.fid-1acd095e_191e9c2e144_-5a45,923400150,Canada,British Columbia,"Oregon, Washington, Vancouver Coast and Shelf",Temperate Northern Pacific,Vancouver Island,BMSC22,Dixon Inside,48.85,-125.12,2021-05-20,6.5,RLS,1,12:55:00,,,2,1,Chordata,Actinopterygii,Perciformes,Gobiidae,Rhinogobiops nicholsii,Rhinogobiops nicholsii,10,50,934.2711,POINT (-125.12000274658203 48.849998474121094)
ep_m2_cryptic_fish_public_data.fid-1acd095e_191e9c2e144_-5a44,923400150,Canada,British Columbia,"Oregon, Washington, Vancouver Coast and Shelf",Temperate Northern Pacific,Vancouver Island,BMSC22,Dixon Inside,48.85,-125.12,2021-05-20,6.5,RLS,1,12:55:00,,,2,1,Chordata,Actinopterygii,Perciformes,Gobiidae,Rhinogobiops nicholsii,Rhinogobiops nicholsii,12.5,26,959.5151,POINT (-125.12000274658203 48.849998474121094)
ep_m2_cryptic_fish_public_data.fid-1acd095e_191e9c2e144_-5a43,923400150,Canada,British Columbia,"Oregon, Washington, Vancouver Coast and Shelf",Temperate Northern Pacific,Vancouver Island,BMSC22,Dixon Inside,48.85,-125.12,2021-05-20,6.5,RLS,1,12:55:00,,,2,1,Chordata,Actinopterygii,Perciformes,Gobiidae,Rhinogobiops nicholsii,Rhinogobiops nicholsii,15,11,707.9033,POINT (-125.12000274658203 48.849998474121094)
ep_m2_cryptic_fish_public_data.fid-1acd095e_191e9c2e144_-5a42,923401197,Canada,British Columbia,"Oregon, Washington, Vancouver Coast and Shelf",Temperate Northern Pacific,Vancouver Island,BMSC21,Dixon SW,48.85,-125.12,2022-04-25,4.5,RLS,2,12:30:00,,,2,2,Chordata,Actinopterygii,Perciformes,Gobiidae,Rhinogobiops nicholsii,Rhinogobiops nicholsii,7.5,4,31.0813,POINT (-125.12000274658203 48.849998474121094)
ep_m2_cryptic_fish_public_data.fid-1acd095e_191e9c2e144_-5a41,923401197,Canada,British Columbia,"Oregon, Washington, Vancouver Coast and Shelf",Temperate Northern Pacific,Vancouver Island,BMSC21,Dixon SW,48.85,-125.12,2022-04-25,4.5,RLS,2,12:30:00,,,2,2,Chordata,Actinopterygii,Scorpaeniformes,Cottidae,Artedius harringtoni,Artedius harringtoni,2.5,2,0.441,POINT (-125.12000274658203 48.849998474121094)
ep_m2_cryptic_fish_public_data.fid-1acd095e_191e9c2e144_-5a40,923401197,Canada,British Columbia,"Oregon, Washington, Vancouver Coast and Shelf",Temperate Northern Pacific,Vancouver Island,BMSC21,Dixon SW,48.85,-125.12,2022-04-25,4.5,RLS,2,12:30:00,,,2,2,Chordata,Actinopterygii,Scorpaeniformes,Cottidae,Artedius harringtoni,Artedius harringtoni,5,3,5.7908,POINT (-125.12000274658203 48.849998474121094)
ep_m2_cryptic_fish_public_data.fid-1acd095e_191e9c2e144_-5a3f,923401197,Canada,British Columbia,"Oregon, Washington, Vancouver Coast and Shelf",Temperate Northern Pacific,Vancouver Island,BMSC21,Dixon SW,48.85,-125.12,2022-04-25,4.5,RLS,2,12:30:00,,,2,2,Chordata,Actinopterygii,Scorpaeniformes,Cottidae,Jordania zonope,Jordania zonope,7.5,1,6.8672,POINT (-125.12000274658203 48.849998474121094)
ep_m2_cryptic_fish_public_data.fid-1acd095e_191e9c2e144_-5a3e,923401197,Canada,British Columbia,"Oregon, Washington, Vancouver Coast and Shelf",Temperate Northern Pacific,Vancouver Island,BMSC21,Dixon SW,48.85,-125.12,2022-04-25,4.5,RLS,2,12:30:00,,,2,1,Chordata,Actinopterygii,Scorpaeniformes,Cottidae,Jordania zonope,Jordania zonope,0,4,,POINT (-125.12000274658203 48.849998474121094)
ep_m2_cryptic_fish_public_data.fid-1acd095e_191e9c2e144_-5a3d,923401201,Canada,British Columbia,"Oregon, Washington, Vancouver Coast and Shelf",Temperate Northern Pacific,Vancouver Island,BMSC22,Dixon Inside,48.85,-125.12,2022-04-25,8.3,RLS,2,10:50:00,,,2,2,Chordata,Actinopterygii,Perciformes,Gobiidae,Rhinogobiops nicholsii,Rhinogobiops nicholsii,2.5,2,0.5448,POINT (-125.12000274658203 48.849998474121094)
ep_m2_cryptic_fish_public_data.fid-1acd095e_191e9c2e144_-5a3c,923401201,Canada,British Columbia,"Oregon, Washington, Vancouver Coast and Shelf",Temperate Northern Pacific,Vancouver Island,BMSC22,Dixon Inside,48.85,-125.12,2022-04-25,8.3,RLS,2,10:50:00,,,2,2,Chordata,Actinopterygii,Perciformes,Gobiidae,Rhinogobiops nicholsii,Rhinogobiops nicholsii,5,23,51.8907,POINT (-125.12000274658203 48.849998474121094)
ep_m2_cryptic_fish_public_data.fid-1acd095e_191e9c2e144_-5a3b,923401201,Canada,British Columbia,"Oregon, Washington, Vancouver Coast and Shelf",Temperate Northern Pacific,Vancouver Island,BMSC22,Dixon Inside,48.85,-125.12,2022-04-25,8.3,RLS,2,10:50:00,,,2,2,Chordata,Actinopterygii,Perciformes,Gobiidae,Rhinogobiops nicholsii,Rhinogobiops nicholsii,7.5,53,411.8278,POINT (-125.12000274658203 48.849998474121094)
ep_m2_cryptic_fish_public_data.fid-1acd095e_191e9c2e144_-5a3a,923401201,Canada,British Columbia,"Oregon, Washington, Vancouver Coast and Shelf",Temperate Northern Pacific,Vancouver Island,BMSC22,Dixon Inside,48.85,-125.12,2022-04-25,8.3,RLS,2,10:50:00,,,2,2,Chordata,Actinopterygii,Perciformes,Gobiidae,Rhinogobiops nicholsii,Rhinogobiops nicholsii,10,19,355.023,POINT (-125.12000274658203 48.849998474121094)
ep_m2_cryptic_fish_public_data.fid-1acd095e_191e9c2e144_-5a39,923401201,Canada,British Columbia,"Oregon, Washington, Vancouver Coast and Shelf",Temperate Northern Pacific,Vancouver Island,BMSC22,Dixon Inside,48.85,-125.12,2022-04-25,8.3,RLS,2,10:50:00,,,2,1,Chordata,Actinopterygii,Perciformes,Gobiidae,Rhinogobiops nicholsii,Rhinogobiops nicholsii,2.5,1,0.2724,POINT (-125.12000274658203 48.849998474121094)
ep_m2_cryptic_fish_public_data.fid-1acd095e_191e9c2e144_-5a38,923401201,Canada,British Columbia,"Oregon, Washington, Vancouver Coast and Shelf",Temperate Northern Pacific,Vancouver Island,BMSC22,Dixon Inside,48.85,-125.12,2022-04-25,8.3,RLS,2,10:50:00,,,2,1,Chordata,Actinopterygii,Perciformes,Gobiidae,Rhinogobiops nicholsii,Rhinogobiops nicholsii,5,8,18.0489,POINT (-125.12000274658203 48.849998474121094)
ep_m2_cryptic_fish_public_data.fid-1acd095e_191e9c2e144_-5a37,923401201,Canada,British Columbia,"Oregon, Washington, Vancouver Coast and Shelf",Temperate Northern Pacific,Vancouver Island,BMSC22,Dixon Inside,48.85,-125.12,2022-04-25,8.3,RLS,2,10:50:00,,,2,1,Chordata,Actinopterygii,Perciformes,Gobiidae,Rhinogobiops nicholsii,Rhinogobiops nicholsii,7.5,9,69.933,POINT (-125.12000274658203 48.849998474121094)
ep_m2_cryptic_fish_public_data.fid-1acd095e_191e9c2e144_-5a36,923401201,Canada,British Columbia,"Oregon, Washington, Vancouver Coast and Shelf",Temperate Northern Pacific,Vancouver Island,BMSC22,Dixon Inside,48.85,-125.12,2022-04-25,8.3,RLS,2,10:50:00,,,2,1,Chordata,Actinopterygii,Perciformes,Gobiidae,Rhinogobiops nicholsii,Rhinogobiops nicholsii,10,9,168.1688,POINT (-125.12000274658203 48.849998474121094)
ep_m2_cryptic_fish_public_data.fid-1acd095e_191e9c2e144_-5a35,923401201,Canada,British Columbia,"Oregon, Washington, Vancouver Coast and Shelf",Temperate Northern Pacific,Vancouver Island,BMSC22,Dixon Inside,48.85,-125.12,2022-04-25,8.3,RLS,2,10:50:00,,,2,1,Chordata,Actinopterygii,Perciformes,Gobiidae,Rhinogobiops nicholsii,Rhinogobiops nicholsii,12.5,7,258.331,POINT (-125.12000274658203 48.849998474121094)
ep_m2_cryptic_fish_public_data.fid-1acd095e_191e9c2e144_-5a34,923401201,Canada,British Columbia,"Oregon, Washington, Vancouver Coast and Shelf",Temperate Northern Pacific,Vancouver Island,BMSC22,Dixon Inside,48.85,-125.12,2022-04-25,8.3,RLS,2,10:50:00,,,2,1,Chordata,Actinopterygii,Perciformes,Gobiidae,Rhinogobiops nicholsii,Rhinogobiops nicholsii,15,5,321.7742,POINT (-125.12000274658203 48.849998474121094)
ep_m2_cryptic_fish_public_data.fid-1acd095e_191e9c2e144_-5a33,923402245,Canada,British Columbia,"Oregon, Washington, Vancouver Coast and Shelf",Temperate Northern Pacific,Vancouver Island,BMSC22,Dixon Inside,48.85,-125.12,2023-05-08,5.5,RLS,3,10:14:00,,,2,1,Chordata,Actinopterygii,Perciformes,Gobiidae,Rhinogobiops nicholsii,Rhinogobiops nicholsii,2.5,5,1.362,POINT (-125.12000274658203 48.849998474121094)
ep_m2_cryptic_fish_public_data.fid-1acd095e_191e9c2e144_-5a32,923402245,Canada,British Columbia,"Oregon, Washington, Vancouver Coast and Shelf",Temperate Northern Pacific,Vancouver Island,BMSC22,Dixon Inside,48.85,-125.12,2023-05-08,5.5,RLS,3,10:14:00,,,2,1,Chordata,Actinopterygii,Perciformes,Gobiidae,Rhinogobiops nicholsii,Rhinogobiops nicholsii,5,59,133.1109,POINT (-125.12000274658203 48.849998474121094)
ep_m2_cryptic_fish_public_data.fid-1acd095e_191e9c2e144_-5a31,923402245,Canada,British Columbia,"Oregon, Washington, Vancouver Coast and Shelf",Temperate Northern Pacific,Vancouver Island,BMSC22,Dixon Inside,48.85,-125.12,2023-05-08,5.5,RLS,3,10:14:00,,,2,1,Chordata,Actinopterygii,Perciformes,Gobiidae,Rhinogobiops nicholsii,Rhinogobiops nicholsii,7.5,52,404.0575,POINT (-125.12000274658203 48.849998474121094)
ep_m2_cryptic_fish_public_data.fid-1acd095e_191e9c2e144_-5a30,923402245,Canada,British Columbia,"Oregon, Washington, Vancouver Coast and Shelf",Temperate Northern Pacific,Vancouver Island,BMSC22,Dixon Inside,48.85,-125.12,2023-05-08,5.5,RLS,3,10:14:00,,,2,1,Chordata,Actinopterygii,Perciformes,Gobiidae,Rhinogobiops nicholsii,Rhinogobiops nicholsii,10,28,523.1918,POINT (-125.12000274658203 48.849998474121094)
ep_m2_cryptic_fish_public_data.fid-1acd095e_191e9c2e144_-5a2f,923402245,Canada,British Columbia,"Oregon, Washington, Vancouver Coast and Shelf",Temperate Northern Pacific,Vancouver Island,BMSC22,Dixon Inside,48.85,-125.12,2023-05-08,5.5,RLS,3,10:14:00,,,2,1,Chordata,Actinopterygii,Perciformes,Gobiidae,Rhinogobiops nicholsii,Rhinogobiops nicholsii,12.5,4,147.6177,POINT (-125.12000274658203 48.849998474121094)
ep_m2_cryptic_fish_public_data.fid-1acd095e_191e9c2e144_-5a2e,923402245,Canada,British Columbia,"Oregon, Washington, Vancouver Coast and Shelf",Temperate Northern Pacific,Vancouver Island,BMSC22,Dixon Inside,48.85,-125.12,2023-05-08,5.5,RLS,3,10:14:00,,,2,2,Chordata,Actinopterygii,Perciformes,Gobiidae,Rhinogobiops nicholsii,Rhinogobiops nicholsii,2.5,23,6.2654,POINT (-125.12000274658203 48.849998474121094)
ep_m2_cryptic_fish_public_data.fid-1acd095e_191e9c2e144_-5a2d,923402245,Canada,British Columbia,"Oregon, Washington, Vancouver Coast and Shelf",Temperate Northern Pacific,Vancouver Island,BMSC22,Dixon Inside,48.85,-125.12,2023-05-08,5.5,RLS,3,10:14:00,,,2,2,Chordata,Actinopterygii,Perciformes,Gobiidae,Rhinogobiops nicholsii,Rhinogobiops nicholsii,5,44,99.2691,POINT (-125.12000274658203 48.849998474121094)
ep_m2_cryptic_fish_public_data.fid-1acd095e_191e9c2e144_-5a2c,923402245,Canada,British Columbia,"Oregon, Washington, Vancouver Coast and Shelf",Temperate Northern Pacific,Vancouver Island,BMSC22,Dixon Inside,48.85,-125.12,2023-05-08,5.5,RLS,3,10:14:00,,,2,2,Chordata,Actinopterygii,Perciformes,Gobiidae,Rhinogobiops nicholsii,Rhinogobiops nicholsii,7.5,40,310.8134,POINT (-125.12000274658203 48.849998474121094)
ep_m2_cryptic_fish_public_data.fid-1acd095e_191e9c2e144_-5a2b,923402245,Canada,British Columbia,"Oregon, Washington, Vancouver Coast and Shelf",Temperate Northern Pacific,Vancouver Island,BMSC22,Dixon Inside,48.85,-125.12,2023-05-08,5.5,RLS,3,10:14:00,,,2,2,Chordata,Actinopterygii,Perciformes,Gobiidae,Rhinogobiops nicholsii,Rhinogobiops nicholsii,10,10,186.8542,POINT (-125.12000274658203 48.849998474121094)
ep_m2_cryptic_fish_public_data.fid-1acd095e_191e9c2e144_-5a2a,923402245,Canada,British Columbia,"Oregon, Washington, Vancouver Coast and Shelf",Temperate Northern Pacific,Vancouver Island,BMSC22,Dixon Inside,48.85,-125.12,2023-05-08,5.5,RLS,3,10:14:00,,,2,2,Chordata,Actinopterygii,Scorpaeniformes,Cottidae,Artedius harringtoni,Artedius harringtoni,2.5,1,0.2205,POINT (-125.12000274658203 48.849998474121094)
ep_m2_cryptic_fish_public_data.fid-1acd095e_191e9c2e144_-5a29,923402248,Canada,British Columbia,"Oregon, Washington, Vancouver Coast and Shelf",Temperate Northern Pacific,Vancouver Island,BMSC21,Dixon SW,48.85,-125.12,2023-05-08,6,RLS,2,13:00:00,,,2,2,Chordata,Actinopterygii,Perciformes,Gobiidae,Rhinogobiops nicholsii,Rhinogobiops nicholsii,2.5,1,0.2724,POINT (-125.12000274658203 48.849998474121094)
ep_m2_cryptic_fish_public_data.fid-1acd095e_191e9c2e144_-5a28,923402248,Canada,British Columbia,"Oregon, Washington, Vancouver Coast and Shelf",Temperate Northern Pacific,Vancouver Island,BMSC21,Dixon SW,48.85,-125.12,2023-05-08,6,RLS,2,13:00:00,,,2,2,Chordata,Actinopterygii,Perciformes,Gobiidae,Rhinogobiops nicholsii,Rhinogobiops nicholsii,5,7,15.7928,POINT (-125.12000274658203 48.849998474121094)
ep_m2_cryptic_fish_public_data.fid-1acd095e_191e9c2e144_-5a27,923402248,Canada,British Columbia,"Oregon, Washington, Vancouver Coast and Shelf",Temperate Northern Pacific,Vancouver Island,BMSC21,Dixon SW,48.85,-125.12,2023-05-08,6,RLS,2,13:00:00,,,2,2,Chordata,Actinopterygii,Perciformes,Gobiidae,Rhinogobiops nicholsii,Rhinogobiops nicholsii,7.5,3,23.311,POINT (-125.12000274658203 48.849998474121094)
ep_m2_cryptic_fish_public_data.fid-1acd095e_191e9c2e144_-5a26,923402248,Canada,British Columbia,"Oregon, Washington, Vancouver Coast and Shelf",Temperate Northern Pacific,Vancouver Island,BMSC21,Dixon SW,48.85,-125.12,2023-05-08,6,RLS,2,13:00:00,,,2,2,Chordata,Actinopterygii,Perciformes,Gobiidae,Rhinogobiops nicholsii,Rhinogobiops nicholsii,10,1,18.6854,POINT (-125.12000274658203 48.849998474121094)
ep_m2_cryptic_fish_public_data.fid-1acd095e_191e9c2e144_-5a25,923402248,Canada,British Columbia,"Oregon, Washington, Vancouver Coast and Shelf",Temperate Northern Pacific,Vancouver Island,BMSC21,Dixon SW,48.85,-125.12,2023-05-08,6,RLS,2,13:00:00,,,2,2,Chordata,Actinopterygii,Scorpaeniformes,Cottidae,Artedius harringtoni,Artedius harringtoni,2.5,1,0.2205,POINT (-125.12000274658203 48.849998474121094)
ep_m2_cryptic_fish_public_data.fid-1acd095e_191e9c2e144_-5a24,923402248,Canada,British Columbia,"Oregon, Washington, Vancouver Coast and Shelf",Temperate Northern Pacific,Vancouver Island,BMSC21,Dixon SW,48.85,-125.12,2023-05-08,6,RLS,2,13:00:00,,,2,2,Chordata,Actinopterygii,Scorpaeniformes,Cottidae,Artedius harringtoni,Artedius harringtoni,5,5,9.6513,POINT (-125.12000274658203 48.849998474121094)
ep_m2_cryptic_fish_public_data.fid-1acd095e_191e9c2e144_-5a23,923402248,Canada,British Columbia,"Oregon, Washington, Vancouver Coast and Shelf",Temperate Northern Pacific,Vancouver Island,BMSC21,Dixon SW,48.85,-125.12,2023-05-08,6,RLS,2,13:00:00,,,2,2,Chordata,Actinopterygii,Scorpaeniformes,Cottidae,Artedius harringtoni,Artedius harringtoni,7.5,1,6.8672,POINT (-125.12000274658203 48.849998474121094)
ep_m2_cryptic_fish_public_data.fid-1acd095e_191e9c2e144_-5a22,923402248,Canada,British Columbia,"Oregon, Washington, Vancouver Coast and Shelf",Temperate Northern Pacific,Vancouver Island,BMSC21,Dixon SW,48.85,-125.12,2023-05-08,6,RLS,2,13:00:00,,,2,1,Chordata,Actinopterygii,Perciformes,Gobiidae,Rhinogobiops nicholsii,Rhinogobiops nicholsii,2.5,9,2.4517,POINT (-125.12000274658203 48.849998474121094)
ep_m2_cryptic_fish_public_data.fid-1acd095e_191e9c2e144_-5a21,923402248,Canada,British Columbia,"Oregon, Washington, Vancouver Coast and Shelf",Temperate Northern Pacific,Vancouver Island,BMSC21,Dixon SW,48.85,-125.12,2023-05-08,6,RLS,2,13:00:00,,,2,1,Chordata,Actinopterygii,Perciformes,Gobiidae,Rhinogobiops nicholsii,Rhinogobiops nicholsii,5,8,18.0489,POINT (-125.12000274658203 48.849998474121094)
ep_m2_cryptic_fish_public_data.fid-1acd095e_191e9c2e144_-5a20,923402248,Canada,British Columbia,"Oregon, Washington, Vancouver Coast and Shelf",Temperate Northern Pacific,Vancouver Island,BMSC21,Dixon SW,48.85,-125.12,2023-05-08,6,RLS,2,13:00:00,,,2,1,Chordata,Actinopterygii,Perciformes,Gobiidae,Rhinogobiops nicholsii,Rhinogobiops nicholsii,7.5,7,54.3924,POINT (-125.12000274658203 48.849998474121094)
ep_m2_cryptic_fish_public_data.fid-1acd095e_191e9c2e144_-5a1f,923402248,Canada,British Columbia,"Oregon, Washington, Vancouver Coast and Shelf",Temperate Northern Pacific,Vancouver Island,BMSC21,Dixon SW,48.85,-125.12,2023-05-08,6,RLS,2,13:00:00,,,2,1,Chordata,Actinopterygii,Perciformes,Gobiidae,Rhinogobiops nicholsii,Rhinogobiops nicholsii,10,1,18.6854,POINT (-125.12000274658203 48.849998474121094)
ep_m2_cryptic_fish_public_data.fid-1acd095e_191e9c2e144_-5a1e,923402248,Canada,British Columbia,"Oregon, Washington, Vancouver Coast and Shelf",Temperate Northern Pacific,Vancouver Island,BMSC21,Dixon SW,48.85,-125.12,2023-05-08,6,RLS,2,13:00:00,,,2,1,Chordata,Actinopterygii,Scorpaeniformes,Cottidae,Artedius harringtoni,Artedius harringtoni,2.5,4,0.882,POINT (-125.12000274658203 48.849998474121094)
ep_m2_cryptic_fish_public_data.fid-1acd095e_191e9c2e144_-5a1d,923402377,Canada,British Columbia,"Oregon, Washington, Vancouver Coast and Shelf",Temperate Northern Pacific,Vancouver Island,BMKC1,Dixon Bay 2,48.85,-125.12,2023-05-29,6,RLS,2,07:40:00,,,2,1,Chordata,Actinopteri,Perciformes,Hexagrammidae,Hexagrammos spp.,Hexagrammos ,5,1,,POINT (-125.12000274658203 48.849998474121094)
ep_m2_cryptic_fish_public_data.fid-1acd095e_191e9c2e144_-5a1c,923402377,Canada,British Columbia,"Oregon, Washington, Vancouver Coast and Shelf",Temperate Northern Pacific,Vancouver Island,BMKC1,Dixon Bay 2,48.85,-125.12,2023-05-29,6,RLS,2,07:40:00,,,2,1,Chordata,Actinopterygii,Perciformes,Gobiidae,Rhinogobiops nicholsii,Rhinogobiops nicholsii,2.5,2,0.5448,POINT (-125.12000274658203 48.849998474121094)
ep_m2_cryptic_fish_public_data.fid-1acd095e_191e9c2e144_-5a1b,923402377,Canada,British Columbia,"Oregon, Washington, Vancouver Coast and Shelf",Temperate Northern Pacific,Vancouver Island,BMKC1,Dixon Bay 2,48.85,-125.12,2023-05-29,6,RLS,2,07:40:00,,,2,1,Chordata,Actinopterygii,Perciformes,Gobiidae,Rhinogobiops nicholsii,Rhinogobiops nicholsii,5,4,9.0245,POINT (-125.12000274658203 48.849998474121094)
ep_m2_cryptic_fish_public_data.fid-1acd095e_191e9c2e144_-5a1a,923402377,Canada,British Columbia,"Oregon, Washington, Vancouver Coast and Shelf",Temperate Northern Pacific,Vancouver Island,BMKC1,Dixon Bay 2,48.85,-125.12,2023-05-29,6,RLS,2,07:40:00,,,2,1,Chordata,Actinopterygii,Perciformes,Gobiidae,Rhinogobiops nicholsii,Rhinogobiops nicholsii,7.5,4,31.0813,POINT (-125.12000274658203 48.849998474121094)
ep_m2_cryptic_fish_public_data.fid-1acd095e_191e9c2e144_-5a19,923402377,Canada,British Columbia,"Oregon, Washington, Vancouver Coast and Shelf",Temperate Northern Pacific,Vancouver Island,BMKC1,Dixon Bay 2,48.85,-125.12,2023-05-29,6,RLS,2,07:40:00,,,2,1,Chordata,Actinopterygii,Scorpaeniformes,Cottidae,Hemilepidotus hemilepidotus,Hemilepidotus hemilepidotus,15,1,61.5181,POINT (-125.12000274658203 48.849998474121094)
ep_m2_cryptic_fish_public_data.fid-1acd095e_191e9c2e144_-5a18,923402377,Canada,British Columbia,"Oregon, Washington, Vancouver Coast and Shelf",Temperate Northern Pacific,Vancouver Island,BMKC1,Dixon Bay 2,48.85,-125.12,2023-05-29,6,RLS,2,07:40:00,,,2,2,Chordata,Actinopterygii,Batrachoidiformes,Batrachoididae,Porichthys notatus,Porichthys notatus,10,1,14.4615,POINT (-125.12000274658203 48.849998474121094)
ep_m2_cryptic_fish_public_data.fid-1acd095e_191e9c2e144_-5a17,923402377,Canada,British Columbia,"Oregon, Washington, Vancouver Coast and Shelf",Temperate Northern Pacific,Vancouver Island,BMKC1,Dixon Bay 2,48.85,-125.12,2023-05-29,6,RLS,2,07:40:00,,,2,2,Chordata,Actinopterygii,Perciformes,Gobiidae,Rhinogobiops nicholsii,Rhinogobiops nicholsii,2.5,7,1.9069,POINT (-125.12000274658203 48.849998474121094)
ep_m2_cryptic_fish_public_data.fid-1acd095e_191e9c2e144_-5a16,923402377,Canada,British Columbia,"Oregon, Washington, Vancouver Coast and Shelf",Temperate Northern Pacific,Vancouver Island,BMKC1,Dixon Bay 2,48.85,-125.12,2023-05-29,6,RLS,2,07:40:00,,,2,2,Chordata,Actinopterygii,Perciformes,Gobiidae,Rhinogobiops nicholsii,Rhinogobiops nicholsii,5,4,9.0245,POINT (-125.12000274658203 48.849998474121094)
ep_m2_cryptic_fish_public_data.fid-1acd095e_191e9c2e144_-5a15,923402377,Canada,British Columbia,"Oregon, Washington, Vancouver Coast and Shelf",Temperate Northern Pacific,Vancouver Island,BMKC1,Dixon Bay 2,48.85,-125.12,2023-05-29,6,RLS,2,07:40:00,,,2,2,Chordata,Actinopterygii,Perciformes,Gobiidae,Rhinogobiops nicholsii,Rhinogobiops nicholsii,7.5,3,23.311,POINT (-125.12000274658203 48.849998474121094)
ep_m2_cryptic_fish_public_data.fid-1acd095e_191e9c2e144_-5a14,923402377,Canada,British Columbia,"Oregon, Washington, Vancouver Coast and Shelf",Temperate Northern Pacific,Vancouver Island,BMKC1,Dixon Bay 2,48.85,-125.12,2023-05-29,6,RLS,2,07:40:00,,,2,2,Chordata,Actinopterygii,Perciformes,Pholidae,Pholis gunnellus,Pholis gunnellus,2.5,2,0.146,POINT (-125.12000274658203 48.849998474121094)
ep_m2_cryptic_fish_public_data.fid-1acd095e_191e9c2e144_-5a13,923402377,Canada,British Columbia,"Oregon, Washington, Vancouver Coast and Shelf",Temperate Northern Pacific,Vancouver Island,BMKC1,Dixon Bay 2,48.85,-125.12,2023-05-29,6,RLS,2,07:40:00,,,2,2,Chordata,Actinopterygii,Perciformes,Pholidae,Pholis laeta,Pholis laeta,10,1,4.5565,POINT (-125.12000274658203 48.849998474121094)
ep_m2_cryptic_fish_public_data.fid-1acd095e_191e9c2e144_-5a12,923400142,Canada,British Columbia,"Oregon, Washington, Vancouver Coast and Shelf",Temperate Northern Pacific,Vancouver Island,BMSC11,Wizard Island South,48.86,-125.16,2021-05-03,5.5,RLS,7,10:30:00,,,2,2,Chordata,Actinopterygii,Perciformes,Gobiidae,Rhinogobiops nicholsii,Rhinogobiops nicholsii,5,13,29.3295,POINT (-125.16000366210938 48.86000061035156)
ep_m2_cryptic_fish_public_data.fid-1acd095e_191e9c2e144_-5a11,923400142,Canada,British Columbia,"Oregon, Washington, Vancouver Coast and Shelf",Temperate Northern Pacific,Vancouver Island,BMSC11,Wizard Island South,48.86,-125.16,2021-05-03,5.5,RLS,7,10:30:00,,,2,2,Chordata,Actinopterygii,Scorpaeniformes,Cottidae,Artedius harringtoni,Artedius harringtoni,7.5,2,13.7344,POINT (-125.16000366210938 48.86000061035156)
ep_m2_cryptic_fish_public_data.fid-1acd095e_191e9c2e144_-5a10,923400142,Canada,British Columbia,"Oregon, Washington, Vancouver Coast and Shelf",Temperate Northern Pacific,Vancouver Island,BMSC11,Wizard Island South,48.86,-125.16,2021-05-03,5.5,RLS,7,10:30:00,,,2,1,Chordata,Actinopterygii,Perciformes,Gobiidae,Rhinogobiops nicholsii,Rhinogobiops nicholsii,2.5,18,4.9033,POINT (-125.16000366210938 48.86000061035156)
ep_m2_cryptic_fish_public_data.fid-1acd095e_191e9c2e144_-5a0f,923400142,Canada,British Columbia,"Oregon, Washington, Vancouver Coast and Shelf",Temperate Northern Pacific,Vancouver Island,BMSC11,Wizard Island South,48.86,-125.16,2021-05-03,5.5,RLS,7,10:30:00,,,2,1,Chordata,Actinopterygii,Perciformes,Gobiidae,Rhinogobiops nicholsii,Rhinogobiops nicholsii,7.5,19,147.6364,POINT (-125.16000366210938 48.86000061035156)
ep_m2_cryptic_fish_public_data.fid-1acd095e_191e9c2e144_-5a0e,923400155,Canada,British Columbia,"Oregon, Washington, Vancouver Coast and Shelf",Temperate Northern Pacific,Vancouver Island,BMSC12,Wizard Island North,48.86,-125.16,2021-05-03,5.5,RLS,6,12:20:00,,,2,1,Chordata,Actinopterygii,Perciformes,Gobiidae,Rhinogobiops nicholsii,Rhinogobiops nicholsii,5,1,2.2561,POINT (-125.16000366210938 48.86000061035156)
ep_m2_cryptic_fish_public_data.fid-1acd095e_191e9c2e144_-5a0d,923400155,Canada,British Columbia,"Oregon, Washington, Vancouver Coast and Shelf",Temperate Northern Pacific,Vancouver Island,BMSC12,Wizard Island North,48.86,-125.16,2021-05-03,5.5,RLS,6,12:20:00,,,2,1,Chordata,Actinopterygii,Perciformes,Gobiidae,Rhinogobiops nicholsii,Rhinogobiops nicholsii,10,3,56.0563,POINT (-125.16000366210938 48.86000061035156)
ep_m2_cryptic_fish_public_data.fid-1acd095e_191e9c2e144_-5a0c,923400155,Canada,British Columbia,"Oregon, Washington, Vancouver Coast and Shelf",Temperate Northern Pacific,Vancouver Island,BMSC12,Wizard Island North,48.86,-125.16,2021-05-03,5.5,RLS,6,12:20:00,,,2,1,Chordata,Actinopterygii,Perciformes,Gobiidae,Rhinogobiops nicholsii,Rhinogobiops nicholsii,12.5,3,110.7133,POINT (-125.16000366210938 48.86000061035156)
ep_m2_cryptic_fish_public_data.fid-1acd095e_191e9c2e144_-5a0b,923401181,Canada,British Columbia,"Oregon, Washington, Vancouver Coast and Shelf",Temperate Northern Pacific,Vancouver Island,BMSC11,Wizard Island South,48.86,-125.16,2022-05-03,8.5,RLS,3,09:50:00,,,2,1,Chordata,Actinopterygii,Perciformes,Gobiidae,Rhinogobiops nicholsii,Rhinogobiops nicholsii,2.5,11,2.9965,POINT (-125.16000366210938 48.86000061035156)
ep_m2_cryptic_fish_public_data.fid-1acd095e_191e9c2e144_-5a0a,923401181,Canada,British Columbia,"Oregon, Washington, Vancouver Coast and Shelf",Temperate Northern Pacific,Vancouver Island,BMSC11,Wizard Island South,48.86,-125.16,2022-05-03,8.5,RLS,3,09:50:00,,,2,1,Chordata,Actinopterygii,Perciformes,Gobiidae,Rhinogobiops nicholsii,Rhinogobiops nicholsii,7.5,12,93.244,POINT (-125.16000366210938 48.86000061035156)
ep_m2_cryptic_fish_public_data.fid-1acd095e_191e9c2e144_-5a09,923401181,Canada,British Columbia,"Oregon, Washington, Vancouver Coast and Shelf",Temperate Northern Pacific,Vancouver Island,BMSC11,Wizard Island South,48.86,-125.16,2022-05-03,8.5,RLS,3,09:50:00,,,2,1,Chordata,Actinopterygii,Perciformes,Gobiidae,Rhinogobiops nicholsii,Rhinogobiops nicholsii,10,7,130.798,POINT (-125.16000366210938 48.86000061035156)
ep_m2_cryptic_fish_public_data.fid-1acd095e_191e9c2e144_-5a08,923401181,Canada,British Columbia,"Oregon, Washington, Vancouver Coast and Shelf",Temperate Northern Pacific,Vancouver Island,BMSC11,Wizard Island South,48.86,-125.16,2022-05-03,8.5,RLS,3,09:50:00,,,2,1,Chordata,Actinopterygii,Perciformes,Gobiidae,Rhinogobiops nicholsii,Rhinogobiops nicholsii,12.5,1,36.9044,POINT (-125.16000366210938 48.86000061035156)
ep_m2_cryptic_fish_public_data.fid-1acd095e_191e9c2e144_-5a07,923401181,Canada,British Columbia,"Oregon, Washington, Vancouver Coast and Shelf",Temperate Northern Pacific,Vancouver Island,BMSC11,Wizard Island South,48.86,-125.16,2022-05-03,8.5,RLS,3,09:50:00,,,2,1,Chordata,Actinopterygii,Scorpaeniformes,Cottidae,Artedius harringtoni,Artedius harringtoni,2.5,1,0.2205,POINT (-125.16000366210938 48.86000061035156)
ep_m2_cryptic_fish_public_data.fid-1acd095e_191e9c2e144_-5a06,923401181,Canada,British Columbia,"Oregon, Washington, Vancouver Coast and Shelf",Temperate Northern Pacific,Vancouver Island,BMSC11,Wizard Island South,48.86,-125.16,2022-05-03,8.5,RLS,3,09:50:00,,,2,1,Chordata,Actinopterygii,Scorpaeniformes,Cottidae,Artedius harringtoni,Artedius harringtoni,5,1,1.9303,POINT (-125.16000366210938 48.86000061035156)
ep_m2_cryptic_fish_public_data.fid-1acd095e_191e9c2e144_-5a05,923401185,Canada,British Columbia,"Oregon, Washington, Vancouver Coast and Shelf",Temperate Northern Pacific,Vancouver Island,BMSC12,Wizard Island North,48.86,-125.16,2022-05-03,9,RLS,3,12:50:00,,,2,1,Chordata,Actinopterygii,Perciformes,Gobiidae,Rhinogobiops nicholsii,Rhinogobiops nicholsii,2.5,4,1.0896,POINT (-125.16000366210938 48.86000061035156)
ep_m2_cryptic_fish_public_data.fid-1acd095e_191e9c2e144_-5a04,923401190,Canada,British Columbia,"Oregon, Washington, Vancouver Coast and Shelf",Temperate Northern Pacific,Vancouver Island,BMSC11,Wizard Island South,48.86,-125.16,2022-05-03,4,RLS,3,09:59:00,,,2,2,Chordata,Actinopterygii,Perciformes,Gobiidae,Rhinogobiops nicholsii,Rhinogobiops nicholsii,2.5,3,0.8172,POINT (-125.16000366210938 48.86000061035156)
ep_m2_cryptic_fish_public_data.fid-1acd095e_191e9c2e144_-5a03,923401190,Canada,British Columbia,"Oregon, Washington, Vancouver Coast and Shelf",Temperate Northern Pacific,Vancouver Island,BMSC11,Wizard Island South,48.86,-125.16,2022-05-03,4,RLS,3,09:59:00,,,2,2,Chordata,Actinopterygii,Perciformes,Gobiidae,Rhinogobiops nicholsii,Rhinogobiops nicholsii,5,22,49.6346,POINT (-125.16000366210938 48.86000061035156)
ep_m2_cryptic_fish_public_data.fid-1acd095e_191e9c2e144_-5a02,923401190,Canada,British Columbia,"Oregon, Washington, Vancouver Coast and Shelf",Temperate Northern Pacific,Vancouver Island,BMSC11,Wizard Island South,48.86,-125.16,2022-05-03,4,RLS,3,09:59:00,,,2,2,Chordata,Actinopterygii,Perciformes,Gobiidae,Rhinogobiops nicholsii,Rhinogobiops nicholsii,7.5,8,62.1627,POINT (-125.16000366210938 48.86000061035156)
ep_m2_cryptic_fish_public_data.fid-1acd095e_191e9c2e144_-5a01,923401190,Canada,British Columbia,"Oregon, Washington, Vancouver Coast and Shelf",Temperate Northern Pacific,Vancouver Island,BMSC11,Wizard Island South,48.86,-125.16,2022-05-03,4,RLS,3,09:59:00,,,2,1,Chordata,Actinopterygii,Perciformes,Gobiidae,Rhinogobiops nicholsii,Rhinogobiops nicholsii,2.5,2,0.5448,POINT (-125.16000366210938 48.86000061035156)
ep_m2_cryptic_fish_public_data.fid-1acd095e_191e9c2e144_-5a00,923401190,Canada,British Columbia,"Oregon, Washington, Vancouver Coast and Shelf",Temperate Northern Pacific,Vancouver Island,BMSC11,Wizard Island South,48.86,-125.16,2022-05-03,4,RLS,3,09:59:00,,,2,1,Chordata,Actinopterygii,Perciformes,Gobiidae,Rhinogobiops nicholsii,Rhinogobiops nicholsii,5,5,11.2806,POINT (-125.16000366210938 48.86000061035156)
ep_m2_cryptic_fish_public_data.fid-1acd095e_191e9c2e144_-59ff,923401190,Canada,British Columbia,"Oregon, Washington, Vancouver Coast and Shelf",Temperate Northern Pacific,Vancouver Island,BMSC11,Wizard Island South,48.86,-125.16,2022-05-03,4,RLS,3,09:59:00,,,2,1,Chordata,Actinopterygii,Perciformes,Gobiidae,Rhinogobiops nicholsii,Rhinogobiops nicholsii,7.5,2,15.5407,POINT (-125.16000366210938 48.86000061035156)
ep_m2_cryptic_fish_public_data.fid-1acd095e_191e9c2e144_-59fe,923401190,Canada,British Columbia,"Oregon, Washington, Vancouver Coast and Shelf",Temperate Northern Pacific,Vancouver Island,BMSC11,Wizard Island South,48.86,-125.16,2022-05-03,4,RLS,3,09:59:00,,,2,1,Chordata,Actinopterygii,Perciformes,Gobiidae,Rhinogobiops nicholsii,Rhinogobiops nicholsii,10,1,18.6854,POINT (-125.16000366210938 48.86000061035156)
ep_m2_cryptic_fish_public_data.fid-1acd095e_191e9c2e144_-59fd,923401190,Canada,British Columbia,"Oregon, Washington, Vancouver Coast and Shelf",Temperate Northern Pacific,Vancouver Island,BMSC11,Wizard Island South,48.86,-125.16,2022-05-03,4,RLS,3,09:59:00,,,2,1,Chordata,Actinopterygii,Scorpaeniformes,Cottidae,Artedius harringtoni,Artedius harringtoni,2.5,3,0.6615,POINT (-125.16000366210938 48.86000061035156)
ep_m2_cryptic_fish_public_data.fid-1acd095e_191e9c2e144_-59fc,923401190,Canada,British Columbia,"Oregon, Washington, Vancouver Coast and Shelf",Temperate Northern Pacific,Vancouver Island,BMSC11,Wizard Island South,48.86,-125.16,2022-05-03,4,RLS,3,09:59:00,,,2,1,Chordata,Actinopterygii,Scorpaeniformes,Cottidae,Artedius harringtoni,Artedius harringtoni,5,6,11.5815,POINT (-125.16000366210938 48.86000061035156)
ep_m2_cryptic_fish_public_data.fid-1acd095e_191e9c2e144_-59fb,923401195,Canada,British Columbia,"Oregon, Washington, Vancouver Coast and Shelf",Temperate Northern Pacific,Vancouver Island,BMSC12,Wizard Island North,48.86,-125.16,2022-05-03,5,RLS,3,12:15:00,,,2,2,Chordata,Actinopterygii,Scorpaeniformes,Cottidae,Artedius harringtoni,Artedius harringtoni,5,5,9.6513,POINT (-125.16000366210938 48.86000061035156)
ep_m2_cryptic_fish_public_data.fid-1acd095e_191e9c2e144_-59fa,923401195,Canada,British Columbia,"Oregon, Washington, Vancouver Coast and Shelf",Temperate Northern Pacific,Vancouver Island,BMSC12,Wizard Island North,48.86,-125.16,2022-05-03,5,RLS,3,12:15:00,,,2,2,Chordata,Actinopterygii,Scorpaeniformes,Cottidae,Hemilepidotus hemilepidotus,Hemilepidotus hemilepidotus,25,1,213.8268,POINT (-125.16000366210938 48.86000061035156)
ep_m2_cryptic_fish_public_data.fid-1acd095e_191e9c2e144_-59f9,923401195,Canada,British Columbia,"Oregon, Washington, Vancouver Coast and Shelf",Temperate Northern Pacific,Vancouver Island,BMSC12,Wizard Island North,48.86,-125.16,2022-05-03,5,RLS,3,12:15:00,,,2,1,Chordata,Actinopterygii,Perciformes,Gobiidae,Rhinogobiops nicholsii,Rhinogobiops nicholsii,7.5,1,7.7703,POINT (-125.16000366210938 48.86000061035156)
ep_m2_cryptic_fish_public_data.fid-1acd095e_191e9c2e144_-59f8,923401195,Canada,British Columbia,"Oregon, Washington, Vancouver Coast and Shelf",Temperate Northern Pacific,Vancouver Island,BMSC12,Wizard Island North,48.86,-125.16,2022-05-03,5,RLS,3,12:15:00,,,2,1,Chordata,Actinopterygii,Perciformes,Gobiidae,Rhinogobiops nicholsii,Rhinogobiops nicholsii,10,1,18.6854,POINT (-125.16000366210938 48.86000061035156)
ep_m2_cryptic_fish_public_data.fid-1acd095e_191e9c2e144_-59f7,923401195,Canada,British Columbia,"Oregon, Washington, Vancouver Coast and Shelf",Temperate Northern Pacific,Vancouver Island,BMSC12,Wizard Island North,48.86,-125.16,2022-05-03,5,RLS,3,12:15:00,,,2,1,Chordata,Actinopterygii,Scorpaeniformes,Cottidae,Artedius harringtoni,Artedius harringtoni,2.5,6,1.3229,POINT (-125.16000366210938 48.86000061035156)
ep_m2_cryptic_fish_public_data.fid-1acd095e_191e9c2e144_-59f6,923402220,Canada,British Columbia,"Oregon, Washington, Vancouver Coast and Shelf",Temperate Northern Pacific,Vancouver Island,BMSC12,Wizard Island North,48.86,-125.16,2023-05-16,9,RLS,2,12:50:00,,,2,2,Chordata,Actinopterygii,Perciformes,Gobiidae,Rhinogobiops nicholsii,Rhinogobiops nicholsii,2.5,5,1.362,POINT (-125.16000366210938 48.86000061035156)
ep_m2_cryptic_fish_public_data.fid-1acd095e_191e9c2e144_-59f5,923402220,Canada,British Columbia,"Oregon, Washington, Vancouver Coast and Shelf",Temperate Northern Pacific,Vancouver Island,BMSC12,Wizard Island North,48.86,-125.16,2023-05-16,9,RLS,2,12:50:00,,,2,2,Chordata,Actinopterygii,Scorpaeniformes,Cottidae,Artedius harringtoni,Artedius harringtoni,2.5,4,0.882,POINT (-125.16000366210938 48.86000061035156)
ep_m2_cryptic_fish_public_data.fid-1acd095e_191e9c2e144_-59f4,923402220,Canada,British Columbia,"Oregon, Washington, Vancouver Coast and Shelf",Temperate Northern Pacific,Vancouver Island,BMSC12,Wizard Island North,48.86,-125.16,2023-05-16,9,RLS,2,12:50:00,,,2,2,Chordata,Actinopterygii,Scorpaeniformes,Cottidae,Artedius harringtoni,Artedius harringtoni,7.5,1,6.8672,POINT (-125.16000366210938 48.86000061035156)
ep_m2_cryptic_fish_public_data.fid-1acd095e_191e9c2e144_-59f3,923402234,Canada,British Columbia,"Oregon, Washington, Vancouver Coast and Shelf",Temperate Northern Pacific,Vancouver Island,BMSC12,Wizard Island North,48.86,-125.16,2023-05-16,6.5,RLS,1,12:54:00,,,2,1,Chordata,Actinopterygii,Perciformes,Gobiidae,Rhinogobiops nicholsii,Rhinogobiops nicholsii,2.5,3,0.8172,POINT (-125.16000366210938 48.86000061035156)
ep_m2_cryptic_fish_public_data.fid-1acd095e_191e9c2e144_-59f2,923402234,Canada,British Columbia,"Oregon, Washington, Vancouver Coast and Shelf",Temperate Northern Pacific,Vancouver Island,BMSC12,Wizard Island North,48.86,-125.16,2023-05-16,6.5,RLS,1,12:54:00,,,2,1,Chordata,Actinopterygii,Pleuronectiformes,Pleuronectidae,Pleuronichthys coenosus,Pleuronichthys coenosus,20,1,216.6417,POINT (-125.16000366210938 48.86000061035156)
ep_m2_cryptic_fish_public_data.fid-1acd095e_191e9c2e144_-59f1,923402234,Canada,British Columbia,"Oregon, Washington, Vancouver Coast and Shelf",Temperate Northern Pacific,Vancouver Island,BMSC12,Wizard Island North,48.86,-125.16,2023-05-16,6.5,RLS,1,12:54:00,,,2,1,Chordata,Actinopterygii,Pleuronectiformes,Pleuronectidae,Pleuronichthys coenosus,Pleuronichthys coenosus,25,1,330.1312,POINT (-125.16000366210938 48.86000061035156)
ep_m2_cryptic_fish_public_data.fid-1acd095e_191e9c2e144_-59f0,923402234,Canada,British Columbia,"Oregon, Washington, Vancouver Coast and Shelf",Temperate Northern Pacific,Vancouver Island,BMSC12,Wizard Island North,48.86,-125.16,2023-05-16,6.5,RLS,1,12:54:00,,,2,1,Chordata,Actinopterygii,Scorpaeniformes,Cottidae,Artedius harringtoni,Artedius harringtoni,5,5,9.6513,POINT (-125.16000366210938 48.86000061035156)
ep_m2_cryptic_fish_public_data.fid-1acd095e_191e9c2e144_-59ef,923402234,Canada,British Columbia,"Oregon, Washington, Vancouver Coast and Shelf",Temperate Northern Pacific,Vancouver Island,BMSC12,Wizard Island North,48.86,-125.16,2023-05-16,6.5,RLS,1,12:54:00,,,2,2,Chordata,Actinopterygii,Perciformes,Gobiidae,Rhinogobiops nicholsii,Rhinogobiops nicholsii,7.5,2,15.5407,POINT (-125.16000366210938 48.86000061035156)
ep_m2_cryptic_fish_public_data.fid-1acd095e_191e9c2e144_-59ee,923402234,Canada,British Columbia,"Oregon, Washington, Vancouver Coast and Shelf",Temperate Northern Pacific,Vancouver Island,BMSC12,Wizard Island North,48.86,-125.16,2023-05-16,6.5,RLS,1,12:54:00,,,2,2,Chordata,Actinopterygii,Perciformes,Gobiidae,Rhinogobiops nicholsii,Rhinogobiops nicholsii,12.5,1,36.9044,POINT (-125.16000366210938 48.86000061035156)
ep_m2_cryptic_fish_public_data.fid-1acd095e_191e9c2e144_-59ed,923402234,Canada,British Columbia,"Oregon, Washington, Vancouver Coast and Shelf",Temperate Northern Pacific,Vancouver Island,BMSC12,Wizard Island North,48.86,-125.16,2023-05-16,6.5,RLS,1,12:54:00,,,2,2,Chordata,Actinopterygii,Scorpaeniformes,Cottidae,Artedius harringtoni,Artedius harringtoni,2.5,2,0.441,POINT (-125.16000366210938 48.86000061035156)
ep_m2_cryptic_fish_public_data.fid-1acd095e_191e9c2e144_-59ec,923402234,Canada,British Columbia,"Oregon, Washington, Vancouver Coast and Shelf",Temperate Northern Pacific,Vancouver Island,BMSC12,Wizard Island North,48.86,-125.16,2023-05-16,6.5,RLS,1,12:54:00,,,2,2,Chordata,Actinopterygii,Scorpaeniformes,Cottidae,Artedius harringtoni,Artedius harringtoni,5,3,5.7908,POINT (-125.16000366210938 48.86000061035156)
ep_m2_cryptic_fish_public_data.fid-1acd095e_191e9c2e144_-59eb,923402234,Canada,British Columbia,"Oregon, Washington, Vancouver Coast and Shelf",Temperate Northern Pacific,Vancouver Island,BMSC12,Wizard Island North,48.86,-125.16,2023-05-16,6.5,RLS,1,12:54:00,,,2,2,Chordata,Actinopterygii,Scorpaeniformes,Cottidae,Artedius harringtoni,Artedius harringtoni,10,2,33.7962,POINT (-125.16000366210938 48.86000061035156)
ep_m2_cryptic_fish_public_data.fid-1acd095e_191e9c2e144_-59ea,923402241,Canada,British Columbia,"Oregon, Washington, Vancouver Coast and Shelf",Temperate Northern Pacific,Vancouver Island,BMSC11,Wizard Island South,48.86,-125.16,2023-05-16,7.5,RLS,2,10:07:00,,,2,2,Chordata,Actinopterygii,Perciformes,Gobiidae,Rhinogobiops nicholsii,Rhinogobiops nicholsii,10,1,18.6854,POINT (-125.16000366210938 48.86000061035156)
ep_m2_cryptic_fish_public_data.fid-1acd095e_191e9c2e144_-59e9,923402241,Canada,British Columbia,"Oregon, Washington, Vancouver Coast and Shelf",Temperate Northern Pacific,Vancouver Island,BMSC11,Wizard Island South,48.86,-125.16,2023-05-16,7.5,RLS,2,10:07:00,,,2,2,Chordata,Actinopterygii,Scorpaeniformes,Cottidae,Artedius harringtoni,Artedius harringtoni,5,2,3.8605,POINT (-125.16000366210938 48.86000061035156)
ep_m2_cryptic_fish_public_data.fid-1acd095e_191e9c2e144_-59e8,923402241,Canada,British Columbia,"Oregon, Washington, Vancouver Coast and Shelf",Temperate Northern Pacific,Vancouver Island,BMSC11,Wizard Island South,48.86,-125.16,2023-05-16,7.5,RLS,2,10:07:00,,,2,1,Chordata,Actinopterygii,Scorpaeniformes,Cottidae,Jordania zonope,Jordania zonope,2.5,1,0.2205,POINT (-125.16000366210938 48.86000061035156)
ep_m2_cryptic_fish_public_data.fid-1acd095e_191e9c2e144_-59e7,923402241,Canada,British Columbia,"Oregon, Washington, Vancouver Coast and Shelf",Temperate Northern Pacific,Vancouver Island,BMSC11,Wizard Island South,48.86,-125.16,2023-05-16,7.5,RLS,2,10:07:00,,,2,1,Chordata,Actinopterygii,Scorpaeniformes,Cottidae,Jordania zonope,Jordania zonope,5,1,1.9303,POINT (-125.16000366210938 48.86000061035156)
ep_m2_cryptic_fish_public_data.fid-1acd095e_191e9c2e144_-59e6,923402242,Canada,British Columbia,"Oregon, Washington, Vancouver Coast and Shelf",Temperate Northern Pacific,Vancouver Island,BMSC11,Wizard Island South,48.86,-125.16,2023-05-16,5.5,RLS,1,10:12:00,,,2,1,Chordata,Actinopteri,Perciformes,Pholidae,Pholis spp.,Pholis ,0,1,,POINT (-125.16000366210938 48.86000061035156)
ep_m2_cryptic_fish_public_data.fid-1acd095e_191e9c2e144_-59e5,923402242,Canada,British Columbia,"Oregon, Washington, Vancouver Coast and Shelf",Temperate Northern Pacific,Vancouver Island,BMSC11,Wizard Island South,48.86,-125.16,2023-05-16,5.5,RLS,1,10:12:00,,,2,1,Chordata,Actinopterygii,Scorpaeniformes,Cottidae,Artedius harringtoni,Artedius harringtoni,0,7,,POINT (-125.16000366210938 48.86000061035156)
ep_m2_cryptic_fish_public_data.fid-1acd095e_191e9c2e144_-59e4,923402242,Canada,British Columbia,"Oregon, Washington, Vancouver Coast and Shelf",Temperate Northern Pacific,Vancouver Island,BMSC11,Wizard Island South,48.86,-125.16,2023-05-16,5.5,RLS,1,10:12:00,,,2,2,Chordata,Actinopterygii,Perciformes,Gobiidae,Rhinogobiops nicholsii,Rhinogobiops nicholsii,10,9,168.1688,POINT (-125.16000366210938 48.86000061035156)
ep_m2_cryptic_fish_public_data.fid-1acd095e_191e9c2e144_-59e3,923402242,Canada,British Columbia,"Oregon, Washington, Vancouver Coast and Shelf",Temperate Northern Pacific,Vancouver Island,BMSC11,Wizard Island South,48.86,-125.16,2023-05-16,5.5,RLS,1,10:12:00,,,2,2,Chordata,Actinopterygii,Perciformes,Gobiidae,Rhinogobiops nicholsii,Rhinogobiops nicholsii,15,1,64.3548,POINT (-125.16000366210938 48.86000061035156)
ep_m2_cryptic_fish_public_data.fid-1acd095e_191e9c2e144_-59e2,923402242,Canada,British Columbia,"Oregon, Washington, Vancouver Coast and Shelf",Temperate Northern Pacific,Vancouver Island,BMSC11,Wizard Island South,48.86,-125.16,2023-05-16,5.5,RLS,1,10:12:00,,,2,2,Chordata,Actinopterygii,Perciformes,Hexagrammidae,Hexagrammos decagrammus,Hexagrammos decagrammus,5,2,4.3537,POINT (-125.16000366210938 48.86000061035156)
ep_m2_cryptic_fish_public_data.fid-1acd095e_191e9c2e144_-59e1,923402242,Canada,British Columbia,"Oregon, Washington, Vancouver Coast and Shelf",Temperate Northern Pacific,Vancouver Island,BMSC11,Wizard Island South,48.86,-125.16,2023-05-16,5.5,RLS,1,10:12:00,,,2,2,Chordata,Actinopterygii,Scorpaeniformes,Cottidae,Artedius harringtoni,Artedius harringtoni,7.5,2,13.7344,POINT (-125.16000366210938 48.86000061035156)
ep_m2_cryptic_fish_public_data.fid-1acd095e_191e9c2e144_-59e0,923402380,Canada,British Columbia,"Oregon, Washington, Vancouver Coast and Shelf",Temperate Northern Pacific,Vancouver Island,KCCA19,Wizard Island North Kelp,48.86,-125.16,2023-06-08,5.5,RLS,1,10:30:00,,,2,1,Chordata,Actinopterygii,Perciformes,Gobiidae,Rhinogobiops nicholsii,Rhinogobiops nicholsii,5,3,6.7683,POINT (-125.16000366210938 48.86000061035156)
ep_m2_cryptic_fish_public_data.fid-1acd095e_191e9c2e144_-59df,923402380,Canada,British Columbia,"Oregon, Washington, Vancouver Coast and Shelf",Temperate Northern Pacific,Vancouver Island,KCCA19,Wizard Island North Kelp,48.86,-125.16,2023-06-08,5.5,RLS,1,10:30:00,,,2,1,Chordata,Actinopterygii,Perciformes,Gobiidae,Rhinogobiops nicholsii,Rhinogobiops nicholsii,10,3,56.0563,POINT (-125.16000366210938 48.86000061035156)
ep_m2_cryptic_fish_public_data.fid-1acd095e_191e9c2e144_-59de,923402380,Canada,British Columbia,"Oregon, Washington, Vancouver Coast and Shelf",Temperate Northern Pacific,Vancouver Island,KCCA19,Wizard Island North Kelp,48.86,-125.16,2023-06-08,5.5,RLS,1,10:30:00,,,2,1,Chordata,Actinopterygii,Perciformes,Gobiidae,Rhinogobiops nicholsii,Rhinogobiops nicholsii,12.5,6,221.4266,POINT (-125.16000366210938 48.86000061035156)
ep_m2_cryptic_fish_public_data.fid-1acd095e_191e9c2e144_-59dd,923402380,Canada,British Columbia,"Oregon, Washington, Vancouver Coast and Shelf",Temperate Northern Pacific,Vancouver Island,KCCA19,Wizard Island North Kelp,48.86,-125.16,2023-06-08,5.5,RLS,1,10:30:00,,,2,1,Chordata,Actinopterygii,Scorpaeniformes,Cottidae,Artedius harringtoni,Artedius harringtoni,7.5,3,20.6016,POINT (-125.16000366210938 48.86000061035156)
ep_m2_cryptic_fish_public_data.fid-1acd095e_191e9c2e144_-59dc,923402380,Canada,British Columbia,"Oregon, Washington, Vancouver Coast and Shelf",Temperate Northern Pacific,Vancouver Island,KCCA19,Wizard Island North Kelp,48.86,-125.16,2023-06-08,5.5,RLS,1,10:30:00,,,2,1,Chordata,Actinopterygii,Scorpaeniformes,Cottidae,Artedius harringtoni,Artedius harringtoni,10,4,67.5924,POINT (-125.16000366210938 48.86000061035156)
ep_m2_cryptic_fish_public_data.fid-1acd095e_191e9c2e144_-59db,923402380,Canada,British Columbia,"Oregon, Washington, Vancouver Coast and Shelf",Temperate Northern Pacific,Vancouver Island,KCCA19,Wizard Island North Kelp,48.86,-125.16,2023-06-08,5.5,RLS,1,10:30:00,,,2,1,Chordata,Actinopterygii,Scorpaeniformes,Cottidae,Artedius harringtoni,Artedius harringtoni,12.5,2,67.951,POINT (-125.16000366210938 48.86000061035156)
ep_m2_cryptic_fish_public_data.fid-1acd095e_191e9c2e144_-59da,923402380,Canada,British Columbia,"Oregon, Washington, Vancouver Coast and Shelf",Temperate Northern Pacific,Vancouver Island,KCCA19,Wizard Island North Kelp,48.86,-125.16,2023-06-08,5.5,RLS,1,10:30:00,,,2,2,Chordata,Actinopterygii,Perciformes,Gobiidae,Rhinogobiops nicholsii,Rhinogobiops nicholsii,2.5,3,0.8172,POINT (-125.16000366210938 48.86000061035156)
ep_m2_cryptic_fish_public_data.fid-1acd095e_191e9c2e144_-59d9,923402380,Canada,British Columbia,"Oregon, Washington, Vancouver Coast and Shelf",Temperate Northern Pacific,Vancouver Island,KCCA19,Wizard Island North Kelp,48.86,-125.16,2023-06-08,5.5,RLS,1,10:30:00,,,2,2,Chordata,Actinopterygii,Perciformes,Gobiidae,Rhinogobiops nicholsii,Rhinogobiops nicholsii,7.5,6,46.622,POINT (-125.16000366210938 48.86000061035156)
ep_m2_cryptic_fish_public_data.fid-1acd095e_191e9c2e144_-59d8,923402380,Canada,British Columbia,"Oregon, Washington, Vancouver Coast and Shelf",Temperate Northern Pacific,Vancouver Island,KCCA19,Wizard Island North Kelp,48.86,-125.16,2023-06-08,5.5,RLS,1,10:30:00,,,2,2,Chordata,Actinopterygii,Scorpaeniformes,Cottidae,Artedius harringtoni,Artedius harringtoni,5,5,9.6513,POINT (-125.16000366210938 48.86000061035156)
ep_m2_cryptic_fish_public_data.fid-1acd095e_191e9c2e144_-59d7,923402380,Canada,British Columbia,"Oregon, Washington, Vancouver Coast and Shelf",Temperate Northern Pacific,Vancouver Island,KCCA19,Wizard Island North Kelp,48.86,-125.16,2023-06-08,5.5,RLS,1,10:30:00,,,2,2,Chordata,Actinopterygii,Scorpaeniformes,Cottidae,Artedius harringtoni,Artedius harringtoni,7.5,4,27.4688,POINT (-125.16000366210938 48.86000061035156)
ep_m2_cryptic_fish_public_data.fid-1acd095e_191e9c2e144_-59d6,923402380,Canada,British Columbia,"Oregon, Washington, Vancouver Coast and Shelf",Temperate Northern Pacific,Vancouver Island,KCCA19,Wizard Island North Kelp,48.86,-125.16,2023-06-08,5.5,RLS,1,10:30:00,,,2,2,Chordata,Actinopterygii,Scorpaeniformes,Cottidae,Jordania zonope,Jordania zonope,2.5,4,0.882,POINT (-125.16000366210938 48.86000061035156)
ep_m2_cryptic_fish_public_data.fid-1acd095e_191e9c2e144_-59d5,923402380,Canada,British Columbia,"Oregon, Washington, Vancouver Coast and Shelf",Temperate Northern Pacific,Vancouver Island,KCCA19,Wizard Island North Kelp,48.86,-125.16,2023-06-08,5.5,RLS,1,10:30:00,,,2,2,Chordata,Actinopterygii,Scorpaeniformes,Hexagrammidae,Oxylebius pictus,Oxylebius pictus,10,1,21.4147,POINT (-125.16000366210938 48.86000061035156)
ep_m2_cryptic_fish_public_data.fid-1acd095e_191e9c2e144_-59d4,923400142,Canada,British Columbia,"Oregon, Washington, Vancouver Coast and Shelf",Temperate Northern Pacific,Vancouver Island,BMSC11,Wizard Island South,48.86,-125.16,2021-05-03,5.5,RLS,7,10:30:00,,,2,2,Chordata,Actinopterygii,Perciformes,Gobiidae,Rhinogobiops nicholsii,Rhinogobiops nicholsii,2.5,7,1.9069,POINT (-125.16000366210938 48.86000061035156)
ep_m2_cryptic_fish_public_data.fid-1acd095e_191e9c2e144_-59d3,923400142,Canada,British Columbia,"Oregon, Washington, Vancouver Coast and Shelf",Temperate Northern Pacific,Vancouver Island,BMSC11,Wizard Island South,48.86,-125.16,2021-05-03,5.5,RLS,7,10:30:00,,,2,2,Chordata,Actinopterygii,Perciformes,Gobiidae,Rhinogobiops nicholsii,Rhinogobiops nicholsii,7.5,11,85.4737,POINT (-125.16000366210938 48.86000061035156)
ep_m2_cryptic_fish_public_data.fid-1acd095e_191e9c2e144_-59d2,923400142,Canada,British Columbia,"Oregon, Washington, Vancouver Coast and Shelf",Temperate Northern Pacific,Vancouver Island,BMSC11,Wizard Island South,48.86,-125.16,2021-05-03,5.5,RLS,7,10:30:00,,,2,2,Chordata,Actinopterygii,Perciformes,Gobiidae,Rhinogobiops nicholsii,Rhinogobiops nicholsii,10,4,74.7417,POINT (-125.16000366210938 48.86000061035156)
ep_m2_cryptic_fish_public_data.fid-1acd095e_191e9c2e144_-59d1,923400142,Canada,British Columbia,"Oregon, Washington, Vancouver Coast and Shelf",Temperate Northern Pacific,Vancouver Island,BMSC11,Wizard Island South,48.86,-125.16,2021-05-03,5.5,RLS,7,10:30:00,,,2,2,Chordata,Actinopterygii,Perciformes,Gobiidae,Rhinogobiops nicholsii,Rhinogobiops nicholsii,12.5,1,36.9044,POINT (-125.16000366210938 48.86000061035156)
ep_m2_cryptic_fish_public_data.fid-1acd095e_191e9c2e144_-59d0,923400142,Canada,British Columbia,"Oregon, Washington, Vancouver Coast and Shelf",Temperate Northern Pacific,Vancouver Island,BMSC11,Wizard Island South,48.86,-125.16,2021-05-03,5.5,RLS,7,10:30:00,,,2,2,Chordata,Actinopterygii,Scorpaeniformes,Cottidae,Artedius harringtoni,Artedius harringtoni,5,5,9.6513,POINT (-125.16000366210938 48.86000061035156)
ep_m2_cryptic_fish_public_data.fid-1acd095e_191e9c2e144_-59cf,923400142,Canada,British Columbia,"Oregon, Washington, Vancouver Coast and Shelf",Temperate Northern Pacific,Vancouver Island,BMSC11,Wizard Island South,48.86,-125.16,2021-05-03,5.5,RLS,7,10:30:00,,,2,1,Chordata,Actinopterygii,Perciformes,Gobiidae,Rhinogobiops nicholsii,Rhinogobiops nicholsii,5,30,67.6835,POINT (-125.16000366210938 48.86000061035156)
ep_m2_cryptic_fish_public_data.fid-1acd095e_191e9c2e144_-59ce,923400142,Canada,British Columbia,"Oregon, Washington, Vancouver Coast and Shelf",Temperate Northern Pacific,Vancouver Island,BMSC11,Wizard Island South,48.86,-125.16,2021-05-03,5.5,RLS,7,10:30:00,,,2,1,Chordata,Actinopterygii,Perciformes,Gobiidae,Rhinogobiops nicholsii,Rhinogobiops nicholsii,10,2,37.3708,POINT (-125.16000366210938 48.86000061035156)
ep_m2_cryptic_fish_public_data.fid-1acd095e_191e9c2e144_-59cd,923400155,Canada,British Columbia,"Oregon, Washington, Vancouver Coast and Shelf",Temperate Northern Pacific,Vancouver Island,BMSC12,Wizard Island North,48.86,-125.16,2021-05-03,5.5,RLS,6,12:20:00,,,2,1,Chordata,Actinopterygii,Perciformes,Gobiidae,Rhinogobiops nicholsii,Rhinogobiops nicholsii,7.5,4,31.0813,POINT (-125.16000366210938 48.86000061035156)
ep_m2_cryptic_fish_public_data.fid-1acd095e_191e9c2e144_-59cc,923400155,Canada,British Columbia,"Oregon, Washington, Vancouver Coast and Shelf",Temperate Northern Pacific,Vancouver Island,BMSC12,Wizard Island North,48.86,-125.16,2021-05-03,5.5,RLS,6,12:20:00,,,2,1,Chordata,Actinopterygii,Scorpaeniformes,Cottidae,Artedius harringtoni,Artedius harringtoni,7.5,1,6.8672,POINT (-125.16000366210938 48.86000061035156)
ep_m2_cryptic_fish_public_data.fid-1acd095e_191e9c2e144_-59cb,923400155,Canada,British Columbia,"Oregon, Washington, Vancouver Coast and Shelf",Temperate Northern Pacific,Vancouver Island,BMSC12,Wizard Island North,48.86,-125.16,2021-05-03,5.5,RLS,6,12:20:00,,,2,2,Chordata,Actinopterygii,Perciformes,Gobiidae,Rhinogobiops nicholsii,Rhinogobiops nicholsii,5,2,4.5122,POINT (-125.16000366210938 48.86000061035156)
ep_m2_cryptic_fish_public_data.fid-1acd095e_191e9c2e144_-59ca,923400155,Canada,British Columbia,"Oregon, Washington, Vancouver Coast and Shelf",Temperate Northern Pacific,Vancouver Island,BMSC12,Wizard Island North,48.86,-125.16,2021-05-03,5.5,RLS,6,12:20:00,,,2,2,Chordata,Actinopterygii,Perciformes,Gobiidae,Rhinogobiops nicholsii,Rhinogobiops nicholsii,7.5,1,7.7703,POINT (-125.16000366210938 48.86000061035156)
ep_m2_cryptic_fish_public_data.fid-1acd095e_191e9c2e144_-59c9,923401181,Canada,British Columbia,"Oregon, Washington, Vancouver Coast and Shelf",Temperate Northern Pacific,Vancouver Island,BMSC11,Wizard Island South,48.86,-125.16,2022-05-03,8.5,RLS,3,09:50:00,,,2,1,Chordata,Actinopterygii,Perciformes,Gobiidae,Rhinogobiops nicholsii,Rhinogobiops nicholsii,5,15,33.8417,POINT (-125.16000366210938 48.86000061035156)
ep_m2_cryptic_fish_public_data.fid-1acd095e_191e9c2e144_-59c8,923401185,Canada,British Columbia,"Oregon, Washington, Vancouver Coast and Shelf",Temperate Northern Pacific,Vancouver Island,BMSC12,Wizard Island North,48.86,-125.16,2022-05-03,9,RLS,3,12:50:00,,,2,1,Chordata,Actinopterygii,Perciformes,Gobiidae,Rhinogobiops nicholsii,Rhinogobiops nicholsii,5,4,9.0245,POINT (-125.16000366210938 48.86000061035156)
ep_m2_cryptic_fish_public_data.fid-1acd095e_191e9c2e144_-59c7,923401185,Canada,British Columbia,"Oregon, Washington, Vancouver Coast and Shelf",Temperate Northern Pacific,Vancouver Island,BMSC12,Wizard Island North,48.86,-125.16,2022-05-03,9,RLS,3,12:50:00,,,2,1,Chordata,Actinopterygii,Perciformes,Gobiidae,Rhinogobiops nicholsii,Rhinogobiops nicholsii,7.5,2,15.5407,POINT (-125.16000366210938 48.86000061035156)
ep_m2_cryptic_fish_public_data.fid-1acd095e_191e9c2e144_-59c6,923401185,Canada,British Columbia,"Oregon, Washington, Vancouver Coast and Shelf",Temperate Northern Pacific,Vancouver Island,BMSC12,Wizard Island North,48.86,-125.16,2022-05-03,9,RLS,3,12:50:00,,,2,1,Chordata,Actinopterygii,Scorpaeniformes,Cottidae,Artedius harringtoni,Artedius harringtoni,5,1,1.9303,POINT (-125.16000366210938 48.86000061035156)
ep_m2_cryptic_fish_public_data.fid-1acd095e_191e9c2e144_-59c5,923401190,Canada,British Columbia,"Oregon, Washington, Vancouver Coast and Shelf",Temperate Northern Pacific,Vancouver Island,BMSC11,Wizard Island South,48.86,-125.16,2022-05-03,4,RLS,3,09:59:00,,,2,2,Chordata,Actinopterygii,Scorpaeniformes,Cottidae,Artedius harringtoni,Artedius harringtoni,5,1,1.9303,POINT (-125.16000366210938 48.86000061035156)
ep_m2_cryptic_fish_public_data.fid-1acd095e_191e9c2e144_-59c4,923401195,Canada,British Columbia,"Oregon, Washington, Vancouver Coast and Shelf",Temperate Northern Pacific,Vancouver Island,BMSC12,Wizard Island North,48.86,-125.16,2022-05-03,5,RLS,3,12:15:00,,,2,2,Chordata,Actinopterygii,Perciformes,Gobiidae,Rhinogobiops nicholsii,Rhinogobiops nicholsii,5,1,2.2561,POINT (-125.16000366210938 48.86000061035156)
ep_m2_cryptic_fish_public_data.fid-1acd095e_191e9c2e144_-59c3,923401195,Canada,British Columbia,"Oregon, Washington, Vancouver Coast and Shelf",Temperate Northern Pacific,Vancouver Island,BMSC12,Wizard Island North,48.86,-125.16,2022-05-03,5,RLS,3,12:15:00,,,2,2,Chordata,Actinopterygii,Perciformes,Gobiidae,Rhinogobiops nicholsii,Rhinogobiops nicholsii,7.5,1,7.7703,POINT (-125.16000366210938 48.86000061035156)
ep_m2_cryptic_fish_public_data.fid-1acd095e_191e9c2e144_-59c2,923401195,Canada,British Columbia,"Oregon, Washington, Vancouver Coast and Shelf",Temperate Northern Pacific,Vancouver Island,BMSC12,Wizard Island North,48.86,-125.16,2022-05-03,5,RLS,3,12:15:00,,,2,2,Chordata,Actinopterygii,Scorpaeniformes,Cottidae,Artedius harringtoni,Artedius harringtoni,2.5,1,0.2205,POINT (-125.16000366210938 48.86000061035156)
ep_m2_cryptic_fish_public_data.fid-1acd095e_191e9c2e144_-59c1,923401195,Canada,British Columbia,"Oregon, Washington, Vancouver Coast and Shelf",Temperate Northern Pacific,Vancouver Island,BMSC12,Wizard Island North,48.86,-125.16,2022-05-03,5,RLS,3,12:15:00,,,2,2,Chordata,Actinopterygii,Scorpaeniformes,Cottidae,Hemilepidotus hemilepidotus,Hemilepidotus hemilepidotus,35,2,892.3912,POINT (-125.16000366210938 48.86000061035156)
ep_m2_cryptic_fish_public_data.fid-1acd095e_191e9c2e144_-59c0,923401195,Canada,British Columbia,"Oregon, Washington, Vancouver Coast and Shelf",Temperate Northern Pacific,Vancouver Island,BMSC12,Wizard Island North,48.86,-125.16,2022-05-03,5,RLS,3,12:15:00,,,2,1,Chordata,Actinopterygii,Perciformes,Gobiidae,Rhinogobiops nicholsii,Rhinogobiops nicholsii,5,4,9.0245,POINT (-125.16000366210938 48.86000061035156)
ep_m2_cryptic_fish_public_data.fid-1acd095e_191e9c2e144_-59bf,923401195,Canada,British Columbia,"Oregon, Washington, Vancouver Coast and Shelf",Temperate Northern Pacific,Vancouver Island,BMSC12,Wizard Island North,48.86,-125.16,2022-05-03,5,RLS,3,12:15:00,,,2,1,Chordata,Actinopterygii,Scorpaeniformes,Cottidae,Artedius harringtoni,Artedius harringtoni,5,2,3.8605,POINT (-125.16000366210938 48.86000061035156)
ep_m2_cryptic_fish_public_data.fid-1acd095e_191e9c2e144_-59be,923402220,Canada,British Columbia,"Oregon, Washington, Vancouver Coast and Shelf",Temperate Northern Pacific,Vancouver Island,BMSC12,Wizard Island North,48.86,-125.16,2023-05-16,9,RLS,2,12:50:00,,,2,2,Chordata,Actinopterygii,Perciformes,Gobiidae,Rhinogobiops nicholsii,Rhinogobiops nicholsii,5,11,24.8173,POINT (-125.16000366210938 48.86000061035156)
ep_m2_cryptic_fish_public_data.fid-1acd095e_191e9c2e144_-59bd,923402220,Canada,British Columbia,"Oregon, Washington, Vancouver Coast and Shelf",Temperate Northern Pacific,Vancouver Island,BMSC12,Wizard Island North,48.86,-125.16,2023-05-16,9,RLS,2,12:50:00,,,2,2,Chordata,Actinopterygii,Perciformes,Gobiidae,Rhinogobiops nicholsii,Rhinogobiops nicholsii,7.5,3,23.311,POINT (-125.16000366210938 48.86000061035156)
ep_m2_cryptic_fish_public_data.fid-1acd095e_191e9c2e144_-59bc,923402220,Canada,British Columbia,"Oregon, Washington, Vancouver Coast and Shelf",Temperate Northern Pacific,Vancouver Island,BMSC12,Wizard Island North,48.86,-125.16,2023-05-16,9,RLS,2,12:50:00,,,2,2,Chordata,Actinopterygii,Scorpaeniformes,Cottidae,Artedius harringtoni,Artedius harringtoni,5,4,7.721,POINT (-125.16000366210938 48.86000061035156)
ep_m2_cryptic_fish_public_data.fid-1acd095e_191e9c2e144_-59bb,923402220,Canada,British Columbia,"Oregon, Washington, Vancouver Coast and Shelf",Temperate Northern Pacific,Vancouver Island,BMSC12,Wizard Island North,48.86,-125.16,2023-05-16,9,RLS,2,12:50:00,,,2,1,Chordata,Actinopterygii,Perciformes,Gobiidae,Rhinogobiops nicholsii,Rhinogobiops nicholsii,0,24,,POINT (-125.16000366210938 48.86000061035156)
ep_m2_cryptic_fish_public_data.fid-1acd095e_191e9c2e144_-59ba,923402220,Canada,British Columbia,"Oregon, Washington, Vancouver Coast and Shelf",Temperate Northern Pacific,Vancouver Island,BMSC12,Wizard Island North,48.86,-125.16,2023-05-16,9,RLS,2,12:50:00,,,2,1,Chordata,Actinopterygii,Scorpaeniformes,Cottidae,Artedius harringtoni,Artedius harringtoni,5,2,3.8605,POINT (-125.16000366210938 48.86000061035156)
ep_m2_cryptic_fish_public_data.fid-1acd095e_191e9c2e144_-59b9,923402220,Canada,British Columbia,"Oregon, Washington, Vancouver Coast and Shelf",Temperate Northern Pacific,Vancouver Island,BMSC12,Wizard Island North,48.86,-125.16,2023-05-16,9,RLS,2,12:50:00,,,2,1,Chordata,Actinopterygii,Scorpaeniformes,Cottidae,Artedius harringtoni,Artedius harringtoni,7.5,1,6.8672,POINT (-125.16000366210938 48.86000061035156)
ep_m2_cryptic_fish_public_data.fid-1acd095e_191e9c2e144_-59b8,923402234,Canada,British Columbia,"Oregon, Washington, Vancouver Coast and Shelf",Temperate Northern Pacific,Vancouver Island,BMSC12,Wizard Island North,48.86,-125.16,2023-05-16,6.5,RLS,1,12:54:00,,,2,1,Chordata,Actinopterygii,Perciformes,Gobiidae,Rhinogobiops nicholsii,Rhinogobiops nicholsii,5,6,13.5367,POINT (-125.16000366210938 48.86000061035156)
ep_m2_cryptic_fish_public_data.fid-1acd095e_191e9c2e144_-59b7,923402234,Canada,British Columbia,"Oregon, Washington, Vancouver Coast and Shelf",Temperate Northern Pacific,Vancouver Island,BMSC12,Wizard Island North,48.86,-125.16,2023-05-16,6.5,RLS,1,12:54:00,,,2,1,Chordata,Actinopterygii,Scorpaeniformes,Cottidae,Artedius harringtoni,Artedius harringtoni,2.5,1,0.2205,POINT (-125.16000366210938 48.86000061035156)
ep_m2_cryptic_fish_public_data.fid-1acd095e_191e9c2e144_-59b6,923402234,Canada,British Columbia,"Oregon, Washington, Vancouver Coast and Shelf",Temperate Northern Pacific,Vancouver Island,BMSC12,Wizard Island North,48.86,-125.16,2023-05-16,6.5,RLS,1,12:54:00,,,2,2,Chordata,Actinopterygii,Perciformes,Gobiidae,Rhinogobiops nicholsii,Rhinogobiops nicholsii,5,2,4.5122,POINT (-125.16000366210938 48.86000061035156)
ep_m2_cryptic_fish_public_data.fid-1acd095e_191e9c2e144_-59b5,923402234,Canada,British Columbia,"Oregon, Washington, Vancouver Coast and Shelf",Temperate Northern Pacific,Vancouver Island,BMSC12,Wizard Island North,48.86,-125.16,2023-05-16,6.5,RLS,1,12:54:00,,,2,2,Chordata,Actinopterygii,Perciformes,Gobiidae,Rhinogobiops nicholsii,Rhinogobiops nicholsii,10,2,37.3708,POINT (-125.16000366210938 48.86000061035156)
ep_m2_cryptic_fish_public_data.fid-1acd095e_191e9c2e144_-59b4,923402234,Canada,British Columbia,"Oregon, Washington, Vancouver Coast and Shelf",Temperate Northern Pacific,Vancouver Island,BMSC12,Wizard Island North,48.86,-125.16,2023-05-16,6.5,RLS,1,12:54:00,,,2,2,Chordata,Actinopterygii,Scorpaeniformes,Cottidae,Artedius harringtoni,Artedius harringtoni,7.5,4,27.4688,POINT (-125.16000366210938 48.86000061035156)
ep_m2_cryptic_fish_public_data.fid-1acd095e_191e9c2e144_-59b3,923402241,Canada,British Columbia,"Oregon, Washington, Vancouver Coast and Shelf",Temperate Northern Pacific,Vancouver Island,BMSC11,Wizard Island South,48.86,-125.16,2023-05-16,7.5,RLS,2,10:07:00,,,2,2,Chordata,Actinopterygii,Perciformes,Gobiidae,Rhinogobiops nicholsii,Rhinogobiops nicholsii,2.5,12,3.2689,POINT (-125.16000366210938 48.86000061035156)
ep_m2_cryptic_fish_public_data.fid-1acd095e_191e9c2e144_-59b2,923402241,Canada,British Columbia,"Oregon, Washington, Vancouver Coast and Shelf",Temperate Northern Pacific,Vancouver Island,BMSC11,Wizard Island South,48.86,-125.16,2023-05-16,7.5,RLS,2,10:07:00,,,2,2,Chordata,Actinopterygii,Perciformes,Gobiidae,Rhinogobiops nicholsii,Rhinogobiops nicholsii,5,19,42.8662,POINT (-125.16000366210938 48.86000061035156)
ep_m2_cryptic_fish_public_data.fid-1acd095e_191e9c2e144_-59b1,923402241,Canada,British Columbia,"Oregon, Washington, Vancouver Coast and Shelf",Temperate Northern Pacific,Vancouver Island,BMSC11,Wizard Island South,48.86,-125.16,2023-05-16,7.5,RLS,2,10:07:00,,,2,2,Chordata,Actinopterygii,Perciformes,Gobiidae,Rhinogobiops nicholsii,Rhinogobiops nicholsii,7.5,9,69.933,POINT (-125.16000366210938 48.86000061035156)
ep_m2_cryptic_fish_public_data.fid-1acd095e_191e9c2e144_-59b0,923402241,Canada,British Columbia,"Oregon, Washington, Vancouver Coast and Shelf",Temperate Northern Pacific,Vancouver Island,BMSC11,Wizard Island South,48.86,-125.16,2023-05-16,7.5,RLS,2,10:07:00,,,2,1,Chordata,Actinopterygii,Perciformes,Gobiidae,Rhinogobiops nicholsii,Rhinogobiops nicholsii,0,23,,POINT (-125.16000366210938 48.86000061035156)
ep_m2_cryptic_fish_public_data.fid-1acd095e_191e9c2e144_-59af,923402242,Canada,British Columbia,"Oregon, Washington, Vancouver Coast and Shelf",Temperate Northern Pacific,Vancouver Island,BMSC11,Wizard Island South,48.86,-125.16,2023-05-16,5.5,RLS,1,10:12:00,,,2,2,Chordata,Actinopterygii,Perciformes,Gobiidae,Rhinogobiops nicholsii,Rhinogobiops nicholsii,2.5,1,0.2724,POINT (-125.16000366210938 48.86000061035156)
ep_m2_cryptic_fish_public_data.fid-1acd095e_191e9c2e144_-59ae,923402242,Canada,British Columbia,"Oregon, Washington, Vancouver Coast and Shelf",Temperate Northern Pacific,Vancouver Island,BMSC11,Wizard Island South,48.86,-125.16,2023-05-16,5.5,RLS,1,10:12:00,,,2,2,Chordata,Actinopterygii,Perciformes,Gobiidae,Rhinogobiops nicholsii,Rhinogobiops nicholsii,5,5,11.2806,POINT (-125.16000366210938 48.86000061035156)
ep_m2_cryptic_fish_public_data.fid-1acd095e_191e9c2e144_-59ad,923402242,Canada,British Columbia,"Oregon, Washington, Vancouver Coast and Shelf",Temperate Northern Pacific,Vancouver Island,BMSC11,Wizard Island South,48.86,-125.16,2023-05-16,5.5,RLS,1,10:12:00,,,2,2,Chordata,Actinopterygii,Perciformes,Gobiidae,Rhinogobiops nicholsii,Rhinogobiops nicholsii,7.5,9,69.933,POINT (-125.16000366210938 48.86000061035156)
ep_m2_cryptic_fish_public_data.fid-1acd095e_191e9c2e144_-59ac,923402242,Canada,British Columbia,"Oregon, Washington, Vancouver Coast and Shelf",Temperate Northern Pacific,Vancouver Island,BMSC11,Wizard Island South,48.86,-125.16,2023-05-16,5.5,RLS,1,10:12:00,,,2,2,Chordata,Actinopterygii,Perciformes,Gobiidae,Rhinogobiops nicholsii,Rhinogobiops nicholsii,12.5,1,36.9044,POINT (-125.16000366210938 48.86000061035156)
ep_m2_cryptic_fish_public_data.fid-1acd095e_191e9c2e144_-59ab,923402242,Canada,British Columbia,"Oregon, Washington, Vancouver Coast and Shelf",Temperate Northern Pacific,Vancouver Island,BMSC11,Wizard Island South,48.86,-125.16,2023-05-16,5.5,RLS,1,10:12:00,,,2,2,Chordata,Actinopterygii,Scorpaeniformes,Cottidae,Artedius harringtoni,Artedius harringtoni,2.5,3,0.6615,POINT (-125.16000366210938 48.86000061035156)
ep_m2_cryptic_fish_public_data.fid-1acd095e_191e9c2e144_-59aa,923402380,Canada,British Columbia,"Oregon, Washington, Vancouver Coast and Shelf",Temperate Northern Pacific,Vancouver Island,KCCA19,Wizard Island North Kelp,48.86,-125.16,2023-06-08,5.5,RLS,1,10:30:00,,,2,1,Chordata,Actinopterygii,Perciformes,Gobiidae,Rhinogobiops nicholsii,Rhinogobiops nicholsii,7.5,6,46.622,POINT (-125.16000366210938 48.86000061035156)
ep_m2_cryptic_fish_public_data.fid-1acd095e_191e9c2e144_-59a9,923402380,Canada,British Columbia,"Oregon, Washington, Vancouver Coast and Shelf",Temperate Northern Pacific,Vancouver Island,KCCA19,Wizard Island North Kelp,48.86,-125.16,2023-06-08,5.5,RLS,1,10:30:00,,,2,1,Chordata,Actinopterygii,Perciformes,Gobiidae,Rhinogobiops nicholsii,Rhinogobiops nicholsii,15,3,193.0645,POINT (-125.16000366210938 48.86000061035156)
ep_m2_cryptic_fish_public_data.fid-1acd095e_191e9c2e144_-59a8,923402380,Canada,British Columbia,"Oregon, Washington, Vancouver Coast and Shelf",Temperate Northern Pacific,Vancouver Island,KCCA19,Wizard Island North Kelp,48.86,-125.16,2023-06-08,5.5,RLS,1,10:30:00,,,2,1,Chordata,Actinopterygii,Scorpaeniformes,Cottidae,Artedius harringtoni,Artedius harringtoni,5,3,5.7908,POINT (-125.16000366210938 48.86000061035156)
ep_m2_cryptic_fish_public_data.fid-1acd095e_191e9c2e144_-59a7,923402380,Canada,British Columbia,"Oregon, Washington, Vancouver Coast and Shelf",Temperate Northern Pacific,Vancouver Island,KCCA19,Wizard Island North Kelp,48.86,-125.16,2023-06-08,5.5,RLS,1,10:30:00,,,2,1,Chordata,Actinopterygii,Scorpaeniformes,Cottidae,Jordania zonope,Jordania zonope,5,2,3.8605,POINT (-125.16000366210938 48.86000061035156)
ep_m2_cryptic_fish_public_data.fid-1acd095e_191e9c2e144_-59a6,923402380,Canada,British Columbia,"Oregon, Washington, Vancouver Coast and Shelf",Temperate Northern Pacific,Vancouver Island,KCCA19,Wizard Island North Kelp,48.86,-125.16,2023-06-08,5.5,RLS,1,10:30:00,,,2,2,Chordata,Actinopteri,Perciformes,Cottidae,Asemichthys taylori,Asemichthys taylori,5,2,3.8605,POINT (-125.16000366210938 48.86000061035156)
ep_m2_cryptic_fish_public_data.fid-1acd095e_191e9c2e144_-59a5,923402380,Canada,British Columbia,"Oregon, Washington, Vancouver Coast and Shelf",Temperate Northern Pacific,Vancouver Island,KCCA19,Wizard Island North Kelp,48.86,-125.16,2023-06-08,5.5,RLS,1,10:30:00,,,2,2,Chordata,Actinopterygii,Perciformes,Gobiidae,Rhinogobiops nicholsii,Rhinogobiops nicholsii,5,4,9.0245,POINT (-125.16000366210938 48.86000061035156)
ep_m2_cryptic_fish_public_data.fid-1acd095e_191e9c2e144_-59a4,923402380,Canada,British Columbia,"Oregon, Washington, Vancouver Coast and Shelf",Temperate Northern Pacific,Vancouver Island,KCCA19,Wizard Island North Kelp,48.86,-125.16,2023-06-08,5.5,RLS,1,10:30:00,,,2,2,Chordata,Actinopterygii,Scorpaeniformes,Cottidae,Artedius harringtoni,Artedius harringtoni,2.5,4,0.882,POINT (-125.16000366210938 48.86000061035156)
ep_m2_cryptic_fish_public_data.fid-1acd095e_191e9c2e144_-59a3,923402238,Canada,British Columbia,"Oregon, Washington, Vancouver Coast and Shelf",Temperate Northern Pacific,Vancouver Island,BMSC28,Swiss Boy,48.92,-125.13,2023-05-18,11,RLS,6,10:27:00,,,2,2,Chordata,Actinopterygii,Perciformes,Gobiidae,Rhinogobiops nicholsii,Rhinogobiops nicholsii,5,3,6.7683,POINT (-125.12999725341797 48.91999816894531)
ep_m2_cryptic_fish_public_data.fid-1acd095e_191e9c2e144_-59a2,923402238,Canada,British Columbia,"Oregon, Washington, Vancouver Coast and Shelf",Temperate Northern Pacific,Vancouver Island,BMSC28,Swiss Boy,48.92,-125.13,2023-05-18,11,RLS,6,10:27:00,,,2,2,Chordata,Actinopterygii,Perciformes,Gobiidae,Rhinogobiops nicholsii,Rhinogobiops nicholsii,7.5,1,7.7703,POINT (-125.12999725341797 48.91999816894531)
ep_m2_cryptic_fish_public_data.fid-1acd095e_191e9c2e144_-59a1,923402238,Canada,British Columbia,"Oregon, Washington, Vancouver Coast and Shelf",Temperate Northern Pacific,Vancouver Island,BMSC28,Swiss Boy,48.92,-125.13,2023-05-18,11,RLS,6,10:27:00,,,2,2,Chordata,Actinopterygii,Scorpaeniformes,Cottidae,Artedius harringtoni,Artedius harringtoni,0,1,,POINT (-125.12999725341797 48.91999816894531)
ep_m2_cryptic_fish_public_data.fid-1acd095e_191e9c2e144_-59a0,923402238,Canada,British Columbia,"Oregon, Washington, Vancouver Coast and Shelf",Temperate Northern Pacific,Vancouver Island,BMSC28,Swiss Boy,48.92,-125.13,2023-05-18,11,RLS,6,10:27:00,,,2,2,Chordata,Actinopterygii,Scorpaeniformes,Cottidae,Artedius harringtoni,Artedius harringtoni,2.5,1,0.2205,POINT (-125.12999725341797 48.91999816894531)
ep_m2_cryptic_fish_public_data.fid-1acd095e_191e9c2e144_-599f,923402238,Canada,British Columbia,"Oregon, Washington, Vancouver Coast and Shelf",Temperate Northern Pacific,Vancouver Island,BMSC28,Swiss Boy,48.92,-125.13,2023-05-18,11,RLS,6,10:27:00,,,2,2,Chordata,Actinopterygii,Scorpaeniformes,Cottidae,Artedius harringtoni,Artedius harringtoni,5,2,3.8605,POINT (-125.12999725341797 48.91999816894531)
ep_m2_cryptic_fish_public_data.fid-1acd095e_191e9c2e144_-599e,923402238,Canada,British Columbia,"Oregon, Washington, Vancouver Coast and Shelf",Temperate Northern Pacific,Vancouver Island,BMSC28,Swiss Boy,48.92,-125.13,2023-05-18,11,RLS,6,10:27:00,,,2,2,Chordata,Actinopterygii,Scorpaeniformes,Cottidae,Jordania zonope,Jordania zonope,2.5,4,0.882,POINT (-125.12999725341797 48.91999816894531)
ep_m2_cryptic_fish_public_data.fid-1acd095e_191e9c2e144_-599d,923402238,Canada,British Columbia,"Oregon, Washington, Vancouver Coast and Shelf",Temperate Northern Pacific,Vancouver Island,BMSC28,Swiss Boy,48.92,-125.13,2023-05-18,11,RLS,6,10:27:00,,,2,2,Chordata,Actinopterygii,Scorpaeniformes,Cottidae,Jordania zonope,Jordania zonope,5,5,9.6513,POINT (-125.12999725341797 48.91999816894531)
ep_m2_cryptic_fish_public_data.fid-1acd095e_191e9c2e144_-599c,923402238,Canada,British Columbia,"Oregon, Washington, Vancouver Coast and Shelf",Temperate Northern Pacific,Vancouver Island,BMSC28,Swiss Boy,48.92,-125.13,2023-05-18,11,RLS,6,10:27:00,,,2,2,Chordata,Actinopterygii,Scorpaeniformes,Cottidae,Jordania zonope,Jordania zonope,7.5,1,6.8672,POINT (-125.12999725341797 48.91999816894531)
ep_m2_cryptic_fish_public_data.fid-1acd095e_191e9c2e144_-599b,923402238,Canada,British Columbia,"Oregon, Washington, Vancouver Coast and Shelf",Temperate Northern Pacific,Vancouver Island,BMSC28,Swiss Boy,48.92,-125.13,2023-05-18,11,RLS,6,10:27:00,,,2,1,Chordata,Actinopterygii,Perciformes,Gobiidae,Rhinogobiops nicholsii,Rhinogobiops nicholsii,7.5,1,7.7703,POINT (-125.12999725341797 48.91999816894531)
ep_m2_cryptic_fish_public_data.fid-1acd095e_191e9c2e144_-599a,923402238,Canada,British Columbia,"Oregon, Washington, Vancouver Coast and Shelf",Temperate Northern Pacific,Vancouver Island,BMSC28,Swiss Boy,48.92,-125.13,2023-05-18,11,RLS,6,10:27:00,,,2,1,Chordata,Actinopterygii,Scorpaeniformes,Cottidae,Artedius harringtoni,Artedius harringtoni,2.5,1,0.2205,POINT (-125.12999725341797 48.91999816894531)
ep_m2_cryptic_fish_public_data.fid-1acd095e_191e9c2e144_-5999,923402238,Canada,British Columbia,"Oregon, Washington, Vancouver Coast and Shelf",Temperate Northern Pacific,Vancouver Island,BMSC28,Swiss Boy,48.92,-125.13,2023-05-18,11,RLS,6,10:27:00,,,2,1,Chordata,Actinopterygii,Scorpaeniformes,Cottidae,Artedius harringtoni,Artedius harringtoni,5,2,3.8605,POINT (-125.12999725341797 48.91999816894531)
ep_m2_cryptic_fish_public_data.fid-1acd095e_191e9c2e144_-5998,923402239,Canada,British Columbia,"Oregon, Washington, Vancouver Coast and Shelf",Temperate Northern Pacific,Vancouver Island,BMSC28,Swiss Boy,48.92,-125.13,2023-05-18,7.5,RLS,6,10:30:00,,,2,1,Chordata,Actinopterygii,Scorpaeniformes,Cottidae,Artedius harringtoni,Artedius harringtoni,2.5,2,0.441,POINT (-125.12999725341797 48.91999816894531)
ep_m2_cryptic_fish_public_data.fid-1acd095e_191e9c2e144_-5997,923402239,Canada,British Columbia,"Oregon, Washington, Vancouver Coast and Shelf",Temperate Northern Pacific,Vancouver Island,BMSC28,Swiss Boy,48.92,-125.13,2023-05-18,7.5,RLS,6,10:30:00,,,2,1,Chordata,Actinopterygii,Scorpaeniformes,Cottidae,Artedius harringtoni,Artedius harringtoni,5,11,21.2328,POINT (-125.12999725341797 48.91999816894531)
ep_m2_cryptic_fish_public_data.fid-1acd095e_191e9c2e144_-5996,923402239,Canada,British Columbia,"Oregon, Washington, Vancouver Coast and Shelf",Temperate Northern Pacific,Vancouver Island,BMSC28,Swiss Boy,48.92,-125.13,2023-05-18,7.5,RLS,6,10:30:00,,,2,1,Chordata,Actinopterygii,Scorpaeniformes,Cottidae,Artedius harringtoni,Artedius harringtoni,7.5,2,13.7344,POINT (-125.12999725341797 48.91999816894531)
ep_m2_cryptic_fish_public_data.fid-1acd095e_191e9c2e144_-5995,923402239,Canada,British Columbia,"Oregon, Washington, Vancouver Coast and Shelf",Temperate Northern Pacific,Vancouver Island,BMSC28,Swiss Boy,48.92,-125.13,2023-05-18,7.5,RLS,6,10:30:00,,,2,1,Chordata,Actinopterygii,Scorpaeniformes,Cottidae,Jordania zonope,Jordania zonope,5,1,1.9303,POINT (-125.12999725341797 48.91999816894531)
ep_m2_cryptic_fish_public_data.fid-1acd095e_191e9c2e144_-5994,923402239,Canada,British Columbia,"Oregon, Washington, Vancouver Coast and Shelf",Temperate Northern Pacific,Vancouver Island,BMSC28,Swiss Boy,48.92,-125.13,2023-05-18,7.5,RLS,6,10:30:00,,,2,1,Chordata,Actinopterygii,Scorpaeniformes,Cottidae,Jordania zonope,Jordania zonope,7.5,1,6.8672,POINT (-125.12999725341797 48.91999816894531)
ep_m2_cryptic_fish_public_data.fid-1acd095e_191e9c2e144_-5993,923402239,Canada,British Columbia,"Oregon, Washington, Vancouver Coast and Shelf",Temperate Northern Pacific,Vancouver Island,BMSC28,Swiss Boy,48.92,-125.13,2023-05-18,7.5,RLS,6,10:30:00,,,2,2,Chordata,Actinopteri,Perciformes,Pholidae,Pholis spp.,Pholis ,10,1,,POINT (-125.12999725341797 48.91999816894531)
ep_m2_cryptic_fish_public_data.fid-1acd095e_191e9c2e144_-5992,923402239,Canada,British Columbia,"Oregon, Washington, Vancouver Coast and Shelf",Temperate Northern Pacific,Vancouver Island,BMSC28,Swiss Boy,48.92,-125.13,2023-05-18,7.5,RLS,6,10:30:00,,,2,2,Chordata,Actinopterygii,Perciformes,Gobiidae,Rhinogobiops nicholsii,Rhinogobiops nicholsii,10,2,37.3708,POINT (-125.12999725341797 48.91999816894531)
ep_m2_cryptic_fish_public_data.fid-1acd095e_191e9c2e144_-5991,923402239,Canada,British Columbia,"Oregon, Washington, Vancouver Coast and Shelf",Temperate Northern Pacific,Vancouver Island,BMSC28,Swiss Boy,48.92,-125.13,2023-05-18,7.5,RLS,6,10:30:00,,,2,2,Chordata,Actinopterygii,Scorpaeniformes,Cottidae,Artedius harringtoni,Artedius harringtoni,2.5,6,1.3229,POINT (-125.12999725341797 48.91999816894531)
ep_m2_cryptic_fish_public_data.fid-1acd095e_191e9c2e144_-5990,923402239,Canada,British Columbia,"Oregon, Washington, Vancouver Coast and Shelf",Temperate Northern Pacific,Vancouver Island,BMSC28,Swiss Boy,48.92,-125.13,2023-05-18,7.5,RLS,6,10:30:00,,,2,2,Chordata,Actinopterygii,Scorpaeniformes,Cottidae,Artedius harringtoni,Artedius harringtoni,5,5,9.6513,POINT (-125.12999725341797 48.91999816894531)
ep_m2_cryptic_fish_public_data.fid-1acd095e_191e9c2e144_-598f,923402239,Canada,British Columbia,"Oregon, Washington, Vancouver Coast and Shelf",Temperate Northern Pacific,Vancouver Island,BMSC28,Swiss Boy,48.92,-125.13,2023-05-18,7.5,RLS,6,10:30:00,,,2,2,Chordata,Actinopterygii,Scorpaeniformes,Cottidae,Jordania zonope,Jordania zonope,2.5,7,1.5434,POINT (-125.12999725341797 48.91999816894531)
ep_m2_cryptic_fish_public_data.fid-1acd095e_191e9c2e144_-598e,923402239,Canada,British Columbia,"Oregon, Washington, Vancouver Coast and Shelf",Temperate Northern Pacific,Vancouver Island,BMSC28,Swiss Boy,48.92,-125.13,2023-05-18,7.5,RLS,6,10:30:00,,,2,2,Chordata,Actinopterygii,Scorpaeniformes,Cottidae,Jordania zonope,Jordania zonope,5,4,7.721,POINT (-125.12999725341797 48.91999816894531)
ep_m2_cryptic_fish_public_data.fid-1acd095e_191e9c2e144_-598d,923402239,Canada,British Columbia,"Oregon, Washington, Vancouver Coast and Shelf",Temperate Northern Pacific,Vancouver Island,BMSC28,Swiss Boy,48.92,-125.13,2023-05-18,7.5,RLS,6,10:30:00,,,2,2,Chordata,Actinopterygii,Scorpaeniformes,Cottidae,Jordania zonope,Jordania zonope,7.5,2,13.7344,POINT (-125.12999725341797 48.91999816894531)
ep_m2_cryptic_fish_public_data.fid-1acd095e_191e9c2e144_-598c,923402239,Canada,British Columbia,"Oregon, Washington, Vancouver Coast and Shelf",Temperate Northern Pacific,Vancouver Island,BMSC28,Swiss Boy,48.92,-125.13,2023-05-18,7.5,RLS,6,10:30:00,,,2,2,Chordata,Actinopterygii,Scorpaeniformes,Hexagrammidae,Oxylebius pictus,Oxylebius pictus,10,1,21.4147,POINT (-125.12999725341797 48.91999816894531)
ep_m2_cryptic_fish_public_data.fid-1acd095e_191e9c2e144_-598b,923400144,Canada,British Columbia,"Oregon, Washington, Vancouver Coast and Shelf",Temperate Northern Pacific,Vancouver Island,BMSC9,Eagle Bay,48.83,-125.15,2021-04-30,6,RLS,3,10:30:00,,,2,1,Chordata,Actinopterygii,Perciformes,Gobiidae,Rhinogobiops nicholsii,Rhinogobiops nicholsii,7.5,3,23.311,POINT (-125.1500015258789 48.83000183105469)
ep_m2_cryptic_fish_public_data.fid-1acd095e_191e9c2e144_-598a,923400144,Canada,British Columbia,"Oregon, Washington, Vancouver Coast and Shelf",Temperate Northern Pacific,Vancouver Island,BMSC9,Eagle Bay,48.83,-125.15,2021-04-30,6,RLS,3,10:30:00,,,2,1,Chordata,Actinopterygii,Perciformes,Gobiidae,Rhinogobiops nicholsii,Rhinogobiops nicholsii,10,4,74.7417,POINT (-125.1500015258789 48.83000183105469)
ep_m2_cryptic_fish_public_data.fid-1acd095e_191e9c2e144_-5989,923400144,Canada,British Columbia,"Oregon, Washington, Vancouver Coast and Shelf",Temperate Northern Pacific,Vancouver Island,BMSC9,Eagle Bay,48.83,-125.15,2021-04-30,6,RLS,3,10:30:00,,,2,1,Chordata,Actinopterygii,Perciformes,Gobiidae,Rhinogobiops nicholsii,Rhinogobiops nicholsii,12.5,3,110.7133,POINT (-125.1500015258789 48.83000183105469)
ep_m2_cryptic_fish_public_data.fid-1acd095e_191e9c2e144_-5988,923400144,Canada,British Columbia,"Oregon, Washington, Vancouver Coast and Shelf",Temperate Northern Pacific,Vancouver Island,BMSC9,Eagle Bay,48.83,-125.15,2021-04-30,6,RLS,3,10:30:00,,,2,1,Chordata,Actinopterygii,Scorpaeniformes,Cottidae,Hemilepidotus hemilepidotus,Hemilepidotus hemilepidotus,20,1,137.9826,POINT (-125.1500015258789 48.83000183105469)
ep_m2_cryptic_fish_public_data.fid-1acd095e_191e9c2e144_-5987,923400144,Canada,British Columbia,"Oregon, Washington, Vancouver Coast and Shelf",Temperate Northern Pacific,Vancouver Island,BMSC9,Eagle Bay,48.83,-125.15,2021-04-30,6,RLS,3,10:30:00,,,2,2,Chordata,Actinopterygii,Perciformes,Gobiidae,Rhinogobiops nicholsii,Rhinogobiops nicholsii,2.5,1,0.2724,POINT (-125.1500015258789 48.83000183105469)
ep_m2_cryptic_fish_public_data.fid-1acd095e_191e9c2e144_-5986,923400144,Canada,British Columbia,"Oregon, Washington, Vancouver Coast and Shelf",Temperate Northern Pacific,Vancouver Island,BMSC9,Eagle Bay,48.83,-125.15,2021-04-30,6,RLS,3,10:30:00,,,2,2,Chordata,Actinopterygii,Perciformes,Gobiidae,Rhinogobiops nicholsii,Rhinogobiops nicholsii,5,4,9.0245,POINT (-125.1500015258789 48.83000183105469)
ep_m2_cryptic_fish_public_data.fid-1acd095e_191e9c2e144_-5985,923400144,Canada,British Columbia,"Oregon, Washington, Vancouver Coast and Shelf",Temperate Northern Pacific,Vancouver Island,BMSC9,Eagle Bay,48.83,-125.15,2021-04-30,6,RLS,3,10:30:00,,,2,2,Chordata,Actinopterygii,Perciformes,Gobiidae,Rhinogobiops nicholsii,Rhinogobiops nicholsii,7.5,10,77.7034,POINT (-125.1500015258789 48.83000183105469)
ep_m2_cryptic_fish_public_data.fid-1acd095e_191e9c2e144_-5984,923400144,Canada,British Columbia,"Oregon, Washington, Vancouver Coast and Shelf",Temperate Northern Pacific,Vancouver Island,BMSC9,Eagle Bay,48.83,-125.15,2021-04-30,6,RLS,3,10:30:00,,,2,2,Chordata,Actinopterygii,Perciformes,Gobiidae,Rhinogobiops nicholsii,Rhinogobiops nicholsii,10,4,74.7417,POINT (-125.1500015258789 48.83000183105469)
ep_m2_cryptic_fish_public_data.fid-1acd095e_191e9c2e144_-5983,923400144,Canada,British Columbia,"Oregon, Washington, Vancouver Coast and Shelf",Temperate Northern Pacific,Vancouver Island,BMSC9,Eagle Bay,48.83,-125.15,2021-04-30,6,RLS,3,10:30:00,,,2,2,Chordata,Actinopterygii,Perciformes,Gobiidae,Rhinogobiops nicholsii,Rhinogobiops nicholsii,12.5,3,110.7133,POINT (-125.1500015258789 48.83000183105469)
ep_m2_cryptic_fish_public_data.fid-1acd095e_191e9c2e144_-5982,923400153,Canada,British Columbia,"Oregon, Washington, Vancouver Coast and Shelf",Temperate Northern Pacific,Vancouver Island,BMSC4,Kii xin,48.82,-125.18,2021-04-28,7.5,RLS,2,12:30:00,,,2,1,Chordata,Actinopteri,Perciformes,Liparidae,Liparis florae,Liparis florae,5,1,1.3701,POINT (-125.18000030517578 48.81999969482422)
ep_m2_cryptic_fish_public_data.fid-1acd095e_191e9c2e144_-5981,923400153,Canada,British Columbia,"Oregon, Washington, Vancouver Coast and Shelf",Temperate Northern Pacific,Vancouver Island,BMSC4,Kii xin,48.82,-125.18,2021-04-28,7.5,RLS,2,12:30:00,,,2,1,Chordata,Actinopterygii,Scorpaeniformes,Cottidae,Artedius harringtoni,Artedius harringtoni,5,1,1.9303,POINT (-125.18000030517578 48.81999969482422)
ep_m2_cryptic_fish_public_data.fid-1acd095e_191e9c2e144_-5980,923401193,Canada,British Columbia,"Oregon, Washington, Vancouver Coast and Shelf",Temperate Northern Pacific,Vancouver Island,BMSC9,Eagle Bay,48.83,-125.15,2022-05-02,6.5,RLS,3,13:45:00,,,2,2,Chordata,Actinopterygii,Perciformes,Gobiidae,Rhinogobiops nicholsii,Rhinogobiops nicholsii,2.5,1,0.2724,POINT (-125.1500015258789 48.83000183105469)
ep_m2_cryptic_fish_public_data.fid-1acd095e_191e9c2e144_-597f,923401193,Canada,British Columbia,"Oregon, Washington, Vancouver Coast and Shelf",Temperate Northern Pacific,Vancouver Island,BMSC9,Eagle Bay,48.83,-125.15,2022-05-02,6.5,RLS,3,13:45:00,,,2,2,Chordata,Actinopterygii,Perciformes,Gobiidae,Rhinogobiops nicholsii,Rhinogobiops nicholsii,5,3,6.7683,POINT (-125.1500015258789 48.83000183105469)
ep_m2_cryptic_fish_public_data.fid-1acd095e_191e9c2e144_-597e,923401193,Canada,British Columbia,"Oregon, Washington, Vancouver Coast and Shelf",Temperate Northern Pacific,Vancouver Island,BMSC9,Eagle Bay,48.83,-125.15,2022-05-02,6.5,RLS,3,13:45:00,,,2,2,Chordata,Actinopterygii,Perciformes,Gobiidae,Rhinogobiops nicholsii,Rhinogobiops nicholsii,7.5,8,62.1627,POINT (-125.1500015258789 48.83000183105469)
ep_m2_cryptic_fish_public_data.fid-1acd095e_191e9c2e144_-597d,923401193,Canada,British Columbia,"Oregon, Washington, Vancouver Coast and Shelf",Temperate Northern Pacific,Vancouver Island,BMSC9,Eagle Bay,48.83,-125.15,2022-05-02,6.5,RLS,3,13:45:00,,,2,2,Chordata,Actinopterygii,Perciformes,Gobiidae,Rhinogobiops nicholsii,Rhinogobiops nicholsii,10,3,56.0563,POINT (-125.1500015258789 48.83000183105469)
ep_m2_cryptic_fish_public_data.fid-1acd095e_191e9c2e144_-597c,923401193,Canada,British Columbia,"Oregon, Washington, Vancouver Coast and Shelf",Temperate Northern Pacific,Vancouver Island,BMSC9,Eagle Bay,48.83,-125.15,2022-05-02,6.5,RLS,3,13:45:00,,,2,2,Chordata,Actinopterygii,Scorpaeniformes,Cottidae,Artedius harringtoni,Artedius harringtoni,2.5,2,0.441,POINT (-125.1500015258789 48.83000183105469)
ep_m2_cryptic_fish_public_data.fid-1acd095e_191e9c2e144_-597b,923401193,Canada,British Columbia,"Oregon, Washington, Vancouver Coast and Shelf",Temperate Northern Pacific,Vancouver Island,BMSC9,Eagle Bay,48.83,-125.15,2022-05-02,6.5,RLS,3,13:45:00,,,2,2,Chordata,Actinopterygii,Scorpaeniformes,Cottidae,Artedius harringtoni,Artedius harringtoni,5,2,3.8605,POINT (-125.1500015258789 48.83000183105469)
ep_m2_cryptic_fish_public_data.fid-1acd095e_191e9c2e144_-597a,923401193,Canada,British Columbia,"Oregon, Washington, Vancouver Coast and Shelf",Temperate Northern Pacific,Vancouver Island,BMSC9,Eagle Bay,48.83,-125.15,2022-05-02,6.5,RLS,3,13:45:00,,,2,1,Chordata,Actinopterygii,Perciformes,Gobiidae,Rhinogobiops nicholsii,Rhinogobiops nicholsii,2.5,2,0.5448,POINT (-125.1500015258789 48.83000183105469)
ep_m2_cryptic_fish_public_data.fid-1acd095e_191e9c2e144_-5979,923401193,Canada,British Columbia,"Oregon, Washington, Vancouver Coast and Shelf",Temperate Northern Pacific,Vancouver Island,BMSC9,Eagle Bay,48.83,-125.15,2022-05-02,6.5,RLS,3,13:45:00,,,2,1,Chordata,Actinopterygii,Perciformes,Gobiidae,Rhinogobiops nicholsii,Rhinogobiops nicholsii,5,9,20.305,POINT (-125.1500015258789 48.83000183105469)
ep_m2_cryptic_fish_public_data.fid-1acd095e_191e9c2e144_-5978,923401193,Canada,British Columbia,"Oregon, Washington, Vancouver Coast and Shelf",Temperate Northern Pacific,Vancouver Island,BMSC9,Eagle Bay,48.83,-125.15,2022-05-02,6.5,RLS,3,13:45:00,,,2,1,Chordata,Actinopterygii,Perciformes,Gobiidae,Rhinogobiops nicholsii,Rhinogobiops nicholsii,7.5,8,62.1627,POINT (-125.1500015258789 48.83000183105469)
ep_m2_cryptic_fish_public_data.fid-1acd095e_191e9c2e144_-5977,923401193,Canada,British Columbia,"Oregon, Washington, Vancouver Coast and Shelf",Temperate Northern Pacific,Vancouver Island,BMSC9,Eagle Bay,48.83,-125.15,2022-05-02,6.5,RLS,3,13:45:00,,,2,1,Chordata,Actinopterygii,Perciformes,Gobiidae,Rhinogobiops nicholsii,Rhinogobiops nicholsii,10,7,130.798,POINT (-125.1500015258789 48.83000183105469)
ep_m2_cryptic_fish_public_data.fid-1acd095e_191e9c2e144_-5976,923401193,Canada,British Columbia,"Oregon, Washington, Vancouver Coast and Shelf",Temperate Northern Pacific,Vancouver Island,BMSC9,Eagle Bay,48.83,-125.15,2022-05-02,6.5,RLS,3,13:45:00,,,2,1,Chordata,Actinopterygii,Perciformes,Gobiidae,Rhinogobiops nicholsii,Rhinogobiops nicholsii,12.5,3,110.7133,POINT (-125.1500015258789 48.83000183105469)
ep_m2_cryptic_fish_public_data.fid-1acd095e_191e9c2e144_-5975,923401193,Canada,British Columbia,"Oregon, Washington, Vancouver Coast and Shelf",Temperate Northern Pacific,Vancouver Island,BMSC9,Eagle Bay,48.83,-125.15,2022-05-02,6.5,RLS,3,13:45:00,,,2,1,Chordata,Actinopterygii,Perciformes,Pholidae,Pholis laeta,Pholis laeta,15,1,16.2763,POINT (-125.1500015258789 48.83000183105469)
ep_m2_cryptic_fish_public_data.fid-1acd095e_191e9c2e144_-5974,923401193,Canada,British Columbia,"Oregon, Washington, Vancouver Coast and Shelf",Temperate Northern Pacific,Vancouver Island,BMSC9,Eagle Bay,48.83,-125.15,2022-05-02,6.5,RLS,3,13:45:00,,,2,1,Chordata,Actinopterygii,Scorpaeniformes,Cottidae,Artedius harringtoni,Artedius harringtoni,5,1,1.9303,POINT (-125.1500015258789 48.83000183105469)
ep_m2_cryptic_fish_public_data.fid-1acd095e_191e9c2e144_-5973,923401193,Canada,British Columbia,"Oregon, Washington, Vancouver Coast and Shelf",Temperate Northern Pacific,Vancouver Island,BMSC9,Eagle Bay,48.83,-125.15,2022-05-02,6.5,RLS,3,13:45:00,,,2,1,Chordata,Actinopterygii,Scorpaeniformes,Cottidae,Hemilepidotus hemilepidotus,Hemilepidotus hemilepidotus,20,1,137.9826,POINT (-125.1500015258789 48.83000183105469)
ep_m2_cryptic_fish_public_data.fid-1acd095e_191e9c2e144_-5972,923402230,Canada,British Columbia,"Oregon, Washington, Vancouver Coast and Shelf",Temperate Northern Pacific,Vancouver Island,BMSC4,Kii xin,48.82,-125.18,2023-05-12,8.5,RLS,2,10:07:00,,,2,2,Chordata,Actinopterygii,Scorpaeniformes,Cottidae,Artedius harringtoni,Artedius harringtoni,0,6,,POINT (-125.18000030517578 48.81999969482422)
ep_m2_cryptic_fish_public_data.fid-1acd095e_191e9c2e144_-5971,923402230,Canada,British Columbia,"Oregon, Washington, Vancouver Coast and Shelf",Temperate Northern Pacific,Vancouver Island,BMSC4,Kii xin,48.82,-125.18,2023-05-12,8.5,RLS,2,10:07:00,,,2,1,Chordata,Actinopterygii,Scorpaeniformes,Cottidae,Artedius harringtoni,Artedius harringtoni,2.5,5,1.1025,POINT (-125.18000030517578 48.81999969482422)
ep_m2_cryptic_fish_public_data.fid-1acd095e_191e9c2e144_-5970,923402233,Canada,British Columbia,"Oregon, Washington, Vancouver Coast and Shelf",Temperate Northern Pacific,Vancouver Island,BMSC9,Eagle Bay,48.83,-125.15,2023-05-11,6,RLS,2,09:38:00,,,2,2,Chordata,Actinopterygii,Scorpaeniformes,Cottidae,Artedius harringtoni,Artedius harringtoni,2.5,3,0.6615,POINT (-125.1500015258789 48.83000183105469)
ep_m2_cryptic_fish_public_data.fid-1acd095e_191e9c2e144_-596f,923402233,Canada,British Columbia,"Oregon, Washington, Vancouver Coast and Shelf",Temperate Northern Pacific,Vancouver Island,BMSC9,Eagle Bay,48.83,-125.15,2023-05-11,6,RLS,2,09:38:00,,,2,1,Chordata,Actinopterygii,Perciformes,Gobiidae,Rhinogobiops nicholsii,Rhinogobiops nicholsii,0,42,,POINT (-125.1500015258789 48.83000183105469)
ep_m2_cryptic_fish_public_data.fid-1acd095e_191e9c2e144_-596e,923402233,Canada,British Columbia,"Oregon, Washington, Vancouver Coast and Shelf",Temperate Northern Pacific,Vancouver Island,BMSC9,Eagle Bay,48.83,-125.15,2023-05-11,6,RLS,2,09:38:00,,,2,1,Chordata,Actinopterygii,Scorpaeniformes,Cottidae,Artedius harringtoni,Artedius harringtoni,2.5,2,0.441,POINT (-125.1500015258789 48.83000183105469)
ep_m2_cryptic_fish_public_data.fid-1acd095e_191e9c2e144_-596d,923402233,Canada,British Columbia,"Oregon, Washington, Vancouver Coast and Shelf",Temperate Northern Pacific,Vancouver Island,BMSC9,Eagle Bay,48.83,-125.15,2023-05-11,6,RLS,2,09:38:00,,,2,1,Chordata,Actinopterygii,Scorpaeniformes,Cottidae,Artedius harringtoni,Artedius harringtoni,5,2,3.8605,POINT (-125.1500015258789 48.83000183105469)
ep_m2_cryptic_fish_public_data.fid-1acd095e_191e9c2e144_-596c,923402233,Canada,British Columbia,"Oregon, Washington, Vancouver Coast and Shelf",Temperate Northern Pacific,Vancouver Island,BMSC9,Eagle Bay,48.83,-125.15,2023-05-11,6,RLS,2,09:38:00,,,2,1,Chordata,Actinopterygii,Scorpaeniformes,Cottidae,Hemilepidotus hemilepidotus,Hemilepidotus hemilepidotus,10,1,17.2917,POINT (-125.1500015258789 48.83000183105469)
ep_m2_cryptic_fish_public_data.fid-1acd095e_191e9c2e144_-596b,923402233,Canada,British Columbia,"Oregon, Washington, Vancouver Coast and Shelf",Temperate Northern Pacific,Vancouver Island,BMSC9,Eagle Bay,48.83,-125.15,2023-05-11,6,RLS,2,09:38:00,,,2,1,Chordata,Actinopterygii,Scorpaeniformes,Hexagrammidae,Oxylebius pictus,Oxylebius pictus,5,1,2.6036,POINT (-125.1500015258789 48.83000183105469)
ep_m2_cryptic_fish_public_data.fid-1acd095e_191e9c2e144_-596a,923402233,Canada,British Columbia,"Oregon, Washington, Vancouver Coast and Shelf",Temperate Northern Pacific,Vancouver Island,BMSC9,Eagle Bay,48.83,-125.15,2023-05-11,6,RLS,2,09:38:00,,,2,1,Chordata,Actinopterygii,Scorpaeniformes,Hexagrammidae,Oxylebius pictus,Oxylebius pictus,7.5,1,8.931,POINT (-125.1500015258789 48.83000183105469)
ep_m2_cryptic_fish_public_data.fid-1acd095e_191e9c2e144_-5969,923402233,Canada,British Columbia,"Oregon, Washington, Vancouver Coast and Shelf",Temperate Northern Pacific,Vancouver Island,BMSC9,Eagle Bay,48.83,-125.15,2023-05-11,6,RLS,2,09:38:00,,,2,1,Chordata,Actinopterygii,Scorpaeniformes,Hexagrammidae,Oxylebius pictus,Oxylebius pictus,10,1,21.4147,POINT (-125.1500015258789 48.83000183105469)
ep_m2_cryptic_fish_public_data.fid-1acd095e_191e9c2e144_-5968,923402233,Canada,British Columbia,"Oregon, Washington, Vancouver Coast and Shelf",Temperate Northern Pacific,Vancouver Island,BMSC9,Eagle Bay,48.83,-125.15,2023-05-11,6,RLS,2,09:38:00,,,2,1,Chordata,Actinopterygii,Scorpaeniformes,Hexagrammidae,Oxylebius pictus,Oxylebius pictus,12.5,1,42.2005,POINT (-125.1500015258789 48.83000183105469)
ep_m2_cryptic_fish_public_data.fid-1acd095e_191e9c2e144_-5967,923402233,Canada,British Columbia,"Oregon, Washington, Vancouver Coast and Shelf",Temperate Northern Pacific,Vancouver Island,BMSC9,Eagle Bay,48.83,-125.15,2023-05-11,6,RLS,2,09:38:00,,,2,1,Chordata,Actinopterygii,Scorpaeniformes,Hexagrammidae,Oxylebius pictus,Oxylebius pictus,15,1,73.4563,POINT (-125.1500015258789 48.83000183105469)
ep_m2_cryptic_fish_public_data.fid-1acd095e_191e9c2e144_-5966,923402370,Canada,British Columbia,"Oregon, Washington, Vancouver Coast and Shelf",Temperate Northern Pacific,Vancouver Island,KCCA13,Second Beach South,48.82,-125.18,2023-06-07,4.9,RLS,2,09:44:00,,,2,2,Chordata,Actinopteri,Perciformes,Pholidae,Apodichthys flavidus,Apodichthys flavidus,7.5,1,0.8511,POINT (-125.18000030517578 48.81999969482422)
ep_m2_cryptic_fish_public_data.fid-1acd095e_191e9c2e144_-5965,923402370,Canada,British Columbia,"Oregon, Washington, Vancouver Coast and Shelf",Temperate Northern Pacific,Vancouver Island,KCCA13,Second Beach South,48.82,-125.18,2023-06-07,4.9,RLS,2,09:44:00,,,2,2,Chordata,Actinopterygii,Scorpaeniformes,Cottidae,Artedius harringtoni,Artedius harringtoni,5,1,1.9303,POINT (-125.18000030517578 48.81999969482422)
ep_m2_cryptic_fish_public_data.fid-1acd095e_191e9c2e144_-5964,923402370,Canada,British Columbia,"Oregon, Washington, Vancouver Coast and Shelf",Temperate Northern Pacific,Vancouver Island,KCCA13,Second Beach South,48.82,-125.18,2023-06-07,4.9,RLS,2,09:44:00,,,2,2,Chordata,Actinopterygii,Scorpaeniformes,Cottidae,Artedius harringtoni,Artedius harringtoni,7.5,1,6.8672,POINT (-125.18000030517578 48.81999969482422)
ep_m2_cryptic_fish_public_data.fid-1acd095e_191e9c2e144_-5963,923402370,Canada,British Columbia,"Oregon, Washington, Vancouver Coast and Shelf",Temperate Northern Pacific,Vancouver Island,KCCA13,Second Beach South,48.82,-125.18,2023-06-07,4.9,RLS,2,09:44:00,,,2,2,Chordata,Actinopterygii,Scorpaeniformes,Cottidae,Artedius harringtoni,Artedius harringtoni,10,2,33.7962,POINT (-125.18000030517578 48.81999969482422)
ep_m2_cryptic_fish_public_data.fid-1acd095e_191e9c2e144_-5962,923402370,Canada,British Columbia,"Oregon, Washington, Vancouver Coast and Shelf",Temperate Northern Pacific,Vancouver Island,KCCA13,Second Beach South,48.82,-125.18,2023-06-07,4.9,RLS,2,09:44:00,,,2,1,Chordata,Actinopteri,Perciformes,Cottidae,Enophrys bison,Enophrys bison,12.5,1,37.8132,POINT (-125.18000030517578 48.81999969482422)
ep_m2_cryptic_fish_public_data.fid-1acd095e_191e9c2e144_-5961,923402370,Canada,British Columbia,"Oregon, Washington, Vancouver Coast and Shelf",Temperate Northern Pacific,Vancouver Island,KCCA13,Second Beach South,48.82,-125.18,2023-06-07,4.9,RLS,2,09:44:00,,,2,1,Chordata,Actinopterygii,Perciformes,Hexagrammidae,Hexagrammos decagrammus,Hexagrammos decagrammus,5,2,4.3537,POINT (-125.18000030517578 48.81999969482422)
ep_m2_cryptic_fish_public_data.fid-1acd095e_191e9c2e144_-5960,923402370,Canada,British Columbia,"Oregon, Washington, Vancouver Coast and Shelf",Temperate Northern Pacific,Vancouver Island,KCCA13,Second Beach South,48.82,-125.18,2023-06-07,4.9,RLS,2,09:44:00,,,2,1,Chordata,Actinopterygii,Scorpaeniformes,Cottidae,Artedius harringtoni,Artedius harringtoni,2.5,1,0.2205,POINT (-125.18000030517578 48.81999969482422)
ep_m2_cryptic_fish_public_data.fid-1acd095e_191e9c2e144_-595f,923402370,Canada,British Columbia,"Oregon, Washington, Vancouver Coast and Shelf",Temperate Northern Pacific,Vancouver Island,KCCA13,Second Beach South,48.82,-125.18,2023-06-07,4.9,RLS,2,09:44:00,,,2,1,Chordata,Actinopterygii,Scorpaeniformes,Cottidae,Artedius harringtoni,Artedius harringtoni,5,3,5.7908,POINT (-125.18000030517578 48.81999969482422)
ep_m2_cryptic_fish_public_data.fid-1acd095e_191e9c2e144_-595e,923402370,Canada,British Columbia,"Oregon, Washington, Vancouver Coast and Shelf",Temperate Northern Pacific,Vancouver Island,KCCA13,Second Beach South,48.82,-125.18,2023-06-07,4.9,RLS,2,09:44:00,,,2,1,Chordata,Actinopterygii,Scorpaeniformes,Cottidae,Artedius harringtoni,Artedius harringtoni,7.5,3,20.6016,POINT (-125.18000030517578 48.81999969482422)
ep_m2_cryptic_fish_public_data.fid-1acd095e_191e9c2e144_-595d,923402370,Canada,British Columbia,"Oregon, Washington, Vancouver Coast and Shelf",Temperate Northern Pacific,Vancouver Island,KCCA13,Second Beach South,48.82,-125.18,2023-06-07,4.9,RLS,2,09:44:00,,,2,1,Chordata,Actinopterygii,Scorpaeniformes,Cottidae,Jordania zonope,Jordania zonope,5,2,3.8605,POINT (-125.18000030517578 48.81999969482422)
ep_m2_cryptic_fish_public_data.fid-1acd095e_191e9c2e144_-595c,923402370,Canada,British Columbia,"Oregon, Washington, Vancouver Coast and Shelf",Temperate Northern Pacific,Vancouver Island,KCCA13,Second Beach South,48.82,-125.18,2023-06-07,4.9,RLS,2,09:44:00,,,2,1,Chordata,Teleostei,Perciformes,Stichaeidae,Chirolophis nugator,Chirolophis nugator,7.5,1,,POINT (-125.18000030517578 48.81999969482422)
ep_m2_cryptic_fish_public_data.fid-1acd095e_191e9c2e144_-595b,923400136,Canada,British Columbia,"Oregon, Washington, Vancouver Coast and Shelf",Temperate Northern Pacific,Vancouver Island,BMSC8,Baeria Rocks North Island Northside,48.96,-125.15,2021-04-29,9,RLS,6,15:20:00,,,2,1,Chordata,Actinopterygii,Perciformes,Gobiidae,Rhinogobiops nicholsii,Rhinogobiops nicholsii,5,1,2.2561,POINT (-125.1500015258789 48.959999084472656)
ep_m2_cryptic_fish_public_data.fid-1acd095e_191e9c2e144_-595a,923400136,Canada,British Columbia,"Oregon, Washington, Vancouver Coast and Shelf",Temperate Northern Pacific,Vancouver Island,BMSC8,Baeria Rocks North Island Northside,48.96,-125.15,2021-04-29,9,RLS,6,15:20:00,,,2,1,Chordata,Actinopterygii,Perciformes,Gobiidae,Rhinogobiops nicholsii,Rhinogobiops nicholsii,7.5,2,15.5407,POINT (-125.1500015258789 48.959999084472656)
ep_m2_cryptic_fish_public_data.fid-1acd095e_191e9c2e144_-5959,923400136,Canada,British Columbia,"Oregon, Washington, Vancouver Coast and Shelf",Temperate Northern Pacific,Vancouver Island,BMSC8,Baeria Rocks North Island Northside,48.96,-125.15,2021-04-29,9,RLS,6,15:20:00,,,2,1,Chordata,Actinopterygii,Perciformes,Gobiidae,Rhinogobiops nicholsii,Rhinogobiops nicholsii,10,3,56.0563,POINT (-125.1500015258789 48.959999084472656)
ep_m2_cryptic_fish_public_data.fid-1acd095e_191e9c2e144_-5958,923400136,Canada,British Columbia,"Oregon, Washington, Vancouver Coast and Shelf",Temperate Northern Pacific,Vancouver Island,BMSC8,Baeria Rocks North Island Northside,48.96,-125.15,2021-04-29,9,RLS,6,15:20:00,,,2,1,Chordata,Actinopterygii,Perciformes,Gobiidae,Rhinogobiops nicholsii,Rhinogobiops nicholsii,12.5,1,36.9044,POINT (-125.1500015258789 48.959999084472656)
ep_m2_cryptic_fish_public_data.fid-1acd095e_191e9c2e144_-5957,923400136,Canada,British Columbia,"Oregon, Washington, Vancouver Coast and Shelf",Temperate Northern Pacific,Vancouver Island,BMSC8,Baeria Rocks North Island Northside,48.96,-125.15,2021-04-29,9,RLS,6,15:20:00,,,2,1,Chordata,Actinopterygii,Scorpaeniformes,Cottidae,Artedius harringtoni,Artedius harringtoni,5,1,1.9303,POINT (-125.1500015258789 48.959999084472656)
ep_m2_cryptic_fish_public_data.fid-1acd095e_191e9c2e144_-5956,923400136,Canada,British Columbia,"Oregon, Washington, Vancouver Coast and Shelf",Temperate Northern Pacific,Vancouver Island,BMSC8,Baeria Rocks North Island Northside,48.96,-125.15,2021-04-29,9,RLS,6,15:20:00,,,2,1,Chordata,Actinopterygii,Scorpaeniformes,Cottidae,Artedius harringtoni,Artedius harringtoni,7.5,1,6.8672,POINT (-125.1500015258789 48.959999084472656)
ep_m2_cryptic_fish_public_data.fid-1acd095e_191e9c2e144_-5955,923400136,Canada,British Columbia,"Oregon, Washington, Vancouver Coast and Shelf",Temperate Northern Pacific,Vancouver Island,BMSC8,Baeria Rocks North Island Northside,48.96,-125.15,2021-04-29,9,RLS,6,15:20:00,,,2,1,Chordata,Actinopterygii,Scorpaeniformes,Cottidae,Jordania zonope,Jordania zonope,7.5,1,6.8672,POINT (-125.1500015258789 48.959999084472656)
ep_m2_cryptic_fish_public_data.fid-1acd095e_191e9c2e144_-5954,923400136,Canada,British Columbia,"Oregon, Washington, Vancouver Coast and Shelf",Temperate Northern Pacific,Vancouver Island,BMSC8,Baeria Rocks North Island Northside,48.96,-125.15,2021-04-29,9,RLS,6,15:20:00,,,2,2,Chordata,Actinopterygii,Perciformes,Gobiidae,Rhinogobiops nicholsii,Rhinogobiops nicholsii,5,2,4.5122,POINT (-125.1500015258789 48.959999084472656)
ep_m2_cryptic_fish_public_data.fid-1acd095e_191e9c2e144_-5953,923400136,Canada,British Columbia,"Oregon, Washington, Vancouver Coast and Shelf",Temperate Northern Pacific,Vancouver Island,BMSC8,Baeria Rocks North Island Northside,48.96,-125.15,2021-04-29,9,RLS,6,15:20:00,,,2,2,Chordata,Actinopterygii,Scorpaeniformes,Cottidae,Artedius harringtoni,Artedius harringtoni,7.5,1,6.8672,POINT (-125.1500015258789 48.959999084472656)
ep_m2_cryptic_fish_public_data.fid-1acd095e_191e9c2e144_-5952,923400136,Canada,British Columbia,"Oregon, Washington, Vancouver Coast and Shelf",Temperate Northern Pacific,Vancouver Island,BMSC8,Baeria Rocks North Island Northside,48.96,-125.15,2021-04-29,9,RLS,6,15:20:00,,,2,2,Chordata,Actinopterygii,Scorpaeniformes,Cottidae,Cottidae spp.,Cottid spp.,2.5,2,0.4752,POINT (-125.1500015258789 48.959999084472656)
ep_m2_cryptic_fish_public_data.fid-1acd095e_191e9c2e144_-5951,923400136,Canada,British Columbia,"Oregon, Washington, Vancouver Coast and Shelf",Temperate Northern Pacific,Vancouver Island,BMSC8,Baeria Rocks North Island Northside,48.96,-125.15,2021-04-29,9,RLS,6,15:20:00,,,2,2,Chordata,Actinopterygii,Scorpaeniformes,Cottidae,Jordania zonope,Jordania zonope,5,2,3.8605,POINT (-125.1500015258789 48.959999084472656)
ep_m2_cryptic_fish_public_data.fid-1acd095e_191e9c2e144_-5950,923401186,Canada,British Columbia,"Oregon, Washington, Vancouver Coast and Shelf",Temperate Northern Pacific,Vancouver Island,BMSC8,Baeria Rocks North Island Northside,48.96,-125.15,2022-04-28,6,RLS,3,14:25:00,,,2,2,Chordata,Actinopterygii,Scorpaeniformes,Cottidae,Artedius harringtoni,Artedius harringtoni,5,1,1.9303,POINT (-125.1500015258789 48.959999084472656)
ep_m2_cryptic_fish_public_data.fid-1acd095e_191e9c2e144_-594f,923401186,Canada,British Columbia,"Oregon, Washington, Vancouver Coast and Shelf",Temperate Northern Pacific,Vancouver Island,BMSC8,Baeria Rocks North Island Northside,48.96,-125.15,2022-04-28,6,RLS,3,14:25:00,,,2,1,Chordata,Actinopterygii,Scorpaeniformes,Cottidae,Artedius harringtoni,Artedius harringtoni,5,1,1.9303,POINT (-125.1500015258789 48.959999084472656)
ep_m2_cryptic_fish_public_data.fid-1acd095e_191e9c2e144_-594e,923401186,Canada,British Columbia,"Oregon, Washington, Vancouver Coast and Shelf",Temperate Northern Pacific,Vancouver Island,BMSC8,Baeria Rocks North Island Northside,48.96,-125.15,2022-04-28,6,RLS,3,14:25:00,,,2,1,Chordata,Actinopterygii,Scorpaeniformes,Cottidae,Jordania zonope,Jordania zonope,2.5,1,0.2205,POINT (-125.1500015258789 48.959999084472656)
ep_m2_cryptic_fish_public_data.fid-1acd095e_191e9c2e144_-594d,923402223,Canada,British Columbia,"Oregon, Washington, Vancouver Coast and Shelf",Temperate Northern Pacific,Vancouver Island,BMSC8,Baeria Rocks North Island Northside,48.96,-125.15,2023-05-17,7.5,RLS,5,13:00:00,,,2,1,Chordata,Actinopterygii,Perciformes,Gobiidae,Rhinogobiops nicholsii,Rhinogobiops nicholsii,5,2,4.5122,POINT (-125.1500015258789 48.959999084472656)
ep_m2_cryptic_fish_public_data.fid-1acd095e_191e9c2e144_-594c,923402223,Canada,British Columbia,"Oregon, Washington, Vancouver Coast and Shelf",Temperate Northern Pacific,Vancouver Island,BMSC8,Baeria Rocks North Island Northside,48.96,-125.15,2023-05-17,7.5,RLS,5,13:00:00,,,2,1,Chordata,Actinopterygii,Perciformes,Gobiidae,Rhinogobiops nicholsii,Rhinogobiops nicholsii,7.5,1,7.7703,POINT (-125.1500015258789 48.959999084472656)
ep_m2_cryptic_fish_public_data.fid-1acd095e_191e9c2e144_-594b,923402223,Canada,British Columbia,"Oregon, Washington, Vancouver Coast and Shelf",Temperate Northern Pacific,Vancouver Island,BMSC8,Baeria Rocks North Island Northside,48.96,-125.15,2023-05-17,7.5,RLS,5,13:00:00,,,2,1,Chordata,Actinopterygii,Scorpaeniformes,Cottidae,Artedius harringtoni,Artedius harringtoni,2.5,1,0.2205,POINT (-125.1500015258789 48.959999084472656)
ep_m2_cryptic_fish_public_data.fid-1acd095e_191e9c2e144_-594a,923402223,Canada,British Columbia,"Oregon, Washington, Vancouver Coast and Shelf",Temperate Northern Pacific,Vancouver Island,BMSC8,Baeria Rocks North Island Northside,48.96,-125.15,2023-05-17,7.5,RLS,5,13:00:00,,,2,1,Chordata,Actinopterygii,Scorpaeniformes,Cottidae,Artedius harringtoni,Artedius harringtoni,5,2,3.8605,POINT (-125.1500015258789 48.959999084472656)
ep_m2_cryptic_fish_public_data.fid-1acd095e_191e9c2e144_-5949,923402223,Canada,British Columbia,"Oregon, Washington, Vancouver Coast and Shelf",Temperate Northern Pacific,Vancouver Island,BMSC8,Baeria Rocks North Island Northside,48.96,-125.15,2023-05-17,7.5,RLS,5,13:00:00,,,2,2,Chordata,Actinopterygii,Perciformes,Gobiidae,Rhinogobiops nicholsii,Rhinogobiops nicholsii,5,1,2.2561,POINT (-125.1500015258789 48.959999084472656)
ep_m2_cryptic_fish_public_data.fid-1acd095e_191e9c2e144_-5948,923402223,Canada,British Columbia,"Oregon, Washington, Vancouver Coast and Shelf",Temperate Northern Pacific,Vancouver Island,BMSC8,Baeria Rocks North Island Northside,48.96,-125.15,2023-05-17,7.5,RLS,5,13:00:00,,,2,2,Chordata,Actinopterygii,Perciformes,Gobiidae,Rhinogobiops nicholsii,Rhinogobiops nicholsii,7.5,1,7.7703,POINT (-125.1500015258789 48.959999084472656)
ep_m2_cryptic_fish_public_data.fid-1acd095e_191e9c2e144_-5947,923402223,Canada,British Columbia,"Oregon, Washington, Vancouver Coast and Shelf",Temperate Northern Pacific,Vancouver Island,BMSC8,Baeria Rocks North Island Northside,48.96,-125.15,2023-05-17,7.5,RLS,5,13:00:00,,,2,2,Chordata,Actinopterygii,Perciformes,Gobiidae,Rhinogobiops nicholsii,Rhinogobiops nicholsii,10,1,18.6854,POINT (-125.1500015258789 48.959999084472656)
ep_m2_cryptic_fish_public_data.fid-1acd095e_191e9c2e144_-5946,923402223,Canada,British Columbia,"Oregon, Washington, Vancouver Coast and Shelf",Temperate Northern Pacific,Vancouver Island,BMSC8,Baeria Rocks North Island Northside,48.96,-125.15,2023-05-17,7.5,RLS,5,13:00:00,,,2,2,Chordata,Actinopterygii,Scorpaeniformes,Cottidae,Artedius harringtoni,Artedius harringtoni,5,1,1.9303,POINT (-125.1500015258789 48.959999084472656)
ep_m2_cryptic_fish_public_data.fid-1acd095e_191e9c2e144_-5945,923402223,Canada,British Columbia,"Oregon, Washington, Vancouver Coast and Shelf",Temperate Northern Pacific,Vancouver Island,BMSC8,Baeria Rocks North Island Northside,48.96,-125.15,2023-05-17,7.5,RLS,5,13:00:00,,,2,2,Chordata,Actinopterygii,Scorpaeniformes,Cottidae,Artedius harringtoni,Artedius harringtoni,7.5,5,34.336,POINT (-125.1500015258789 48.959999084472656)
ep_m2_cryptic_fish_public_data.fid-1acd095e_191e9c2e144_-5944,923402223,Canada,British Columbia,"Oregon, Washington, Vancouver Coast and Shelf",Temperate Northern Pacific,Vancouver Island,BMSC8,Baeria Rocks North Island Northside,48.96,-125.15,2023-05-17,7.5,RLS,5,13:00:00,,,2,2,Chordata,Actinopterygii,Scorpaeniformes,Cottidae,Jordania zonope,Jordania zonope,5,1,1.9303,POINT (-125.1500015258789 48.959999084472656)
ep_m2_cryptic_fish_public_data.fid-1acd095e_191e9c2e144_-5943,923402226,Canada,British Columbia,"Oregon, Washington, Vancouver Coast and Shelf",Temperate Northern Pacific,Vancouver Island,BMSC8,Baeria Rocks North Island Northside,48.96,-125.15,2023-05-17,9,RLS,5,13:02:00,,,2,2,Chordata,Actinopterygii,Perciformes,Gobiidae,Rhinogobiops nicholsii,Rhinogobiops nicholsii,2.5,1,0.2724,POINT (-125.1500015258789 48.959999084472656)
ep_m2_cryptic_fish_public_data.fid-1acd095e_191e9c2e144_-5942,923402226,Canada,British Columbia,"Oregon, Washington, Vancouver Coast and Shelf",Temperate Northern Pacific,Vancouver Island,BMSC8,Baeria Rocks North Island Northside,48.96,-125.15,2023-05-17,9,RLS,5,13:02:00,,,2,2,Chordata,Actinopterygii,Perciformes,Gobiidae,Rhinogobiops nicholsii,Rhinogobiops nicholsii,5,3,6.7683,POINT (-125.1500015258789 48.959999084472656)
ep_m2_cryptic_fish_public_data.fid-1acd095e_191e9c2e144_-5941,923402226,Canada,British Columbia,"Oregon, Washington, Vancouver Coast and Shelf",Temperate Northern Pacific,Vancouver Island,BMSC8,Baeria Rocks North Island Northside,48.96,-125.15,2023-05-17,9,RLS,5,13:02:00,,,2,2,Chordata,Actinopterygii,Perciformes,Gobiidae,Rhinogobiops nicholsii,Rhinogobiops nicholsii,7.5,4,31.0813,POINT (-125.1500015258789 48.959999084472656)
ep_m2_cryptic_fish_public_data.fid-1acd095e_191e9c2e144_-5940,923402226,Canada,British Columbia,"Oregon, Washington, Vancouver Coast and Shelf",Temperate Northern Pacific,Vancouver Island,BMSC8,Baeria Rocks North Island Northside,48.96,-125.15,2023-05-17,9,RLS,5,13:02:00,,,2,2,Chordata,Actinopterygii,Scorpaeniformes,Cottidae,Artedius harringtoni,Artedius harringtoni,2.5,2,0.441,POINT (-125.1500015258789 48.959999084472656)
ep_m2_cryptic_fish_public_data.fid-1acd095e_191e9c2e144_-593f,923402226,Canada,British Columbia,"Oregon, Washington, Vancouver Coast and Shelf",Temperate Northern Pacific,Vancouver Island,BMSC8,Baeria Rocks North Island Northside,48.96,-125.15,2023-05-17,9,RLS,5,13:02:00,,,2,2,Chordata,Actinopterygii,Scorpaeniformes,Cottidae,Artedius harringtoni,Artedius harringtoni,5,11,21.2328,POINT (-125.1500015258789 48.959999084472656)
ep_m2_cryptic_fish_public_data.fid-1acd095e_191e9c2e144_-593e,923402226,Canada,British Columbia,"Oregon, Washington, Vancouver Coast and Shelf",Temperate Northern Pacific,Vancouver Island,BMSC8,Baeria Rocks North Island Northside,48.96,-125.15,2023-05-17,9,RLS,5,13:02:00,,,2,2,Chordata,Actinopterygii,Scorpaeniformes,Cottidae,Artedius harringtoni,Artedius harringtoni,7.5,2,13.7344,POINT (-125.1500015258789 48.959999084472656)
ep_m2_cryptic_fish_public_data.fid-1acd095e_191e9c2e144_-593d,923402226,Canada,British Columbia,"Oregon, Washington, Vancouver Coast and Shelf",Temperate Northern Pacific,Vancouver Island,BMSC8,Baeria Rocks North Island Northside,48.96,-125.15,2023-05-17,9,RLS,5,13:02:00,,,2,2,Chordata,Actinopterygii,Scorpaeniformes,Cottidae,Jordania zonope,Jordania zonope,5,2,3.8605,POINT (-125.1500015258789 48.959999084472656)
ep_m2_cryptic_fish_public_data.fid-1acd095e_191e9c2e144_-593c,923402226,Canada,British Columbia,"Oregon, Washington, Vancouver Coast and Shelf",Temperate Northern Pacific,Vancouver Island,BMSC8,Baeria Rocks North Island Northside,48.96,-125.15,2023-05-17,9,RLS,5,13:02:00,,,2,1,Chordata,Actinopterygii,Perciformes,Gobiidae,Rhinogobiops nicholsii,Rhinogobiops nicholsii,7.5,2,15.5407,POINT (-125.1500015258789 48.959999084472656)
ep_m2_cryptic_fish_public_data.fid-1acd095e_191e9c2e144_-593b,923402226,Canada,British Columbia,"Oregon, Washington, Vancouver Coast and Shelf",Temperate Northern Pacific,Vancouver Island,BMSC8,Baeria Rocks North Island Northside,48.96,-125.15,2023-05-17,9,RLS,5,13:02:00,,,2,1,Chordata,Actinopterygii,Scorpaeniformes,Cottidae,Artedius harringtoni,Artedius harringtoni,5,4,7.721,POINT (-125.1500015258789 48.959999084472656)
ep_m2_cryptic_fish_public_data.fid-1acd095e_191e9c2e144_-593a,923402226,Canada,British Columbia,"Oregon, Washington, Vancouver Coast and Shelf",Temperate Northern Pacific,Vancouver Island,BMSC8,Baeria Rocks North Island Northside,48.96,-125.15,2023-05-17,9,RLS,5,13:02:00,,,2,1,Chordata,Actinopterygii,Scorpaeniformes,Cottidae,Artedius harringtoni,Artedius harringtoni,7.5,4,27.4688,POINT (-125.1500015258789 48.959999084472656)
ep_m2_cryptic_fish_public_data.fid-1acd095e_191e9c2e144_-5939,923402226,Canada,British Columbia,"Oregon, Washington, Vancouver Coast and Shelf",Temperate Northern Pacific,Vancouver Island,BMSC8,Baeria Rocks North Island Northside,48.96,-125.15,2023-05-17,9,RLS,5,13:02:00,,,2,1,Chordata,Actinopterygii,Scorpaeniformes,Cottidae,Jordania zonope,Jordania zonope,2.5,2,0.441,POINT (-125.1500015258789 48.959999084472656)
ep_m2_cryptic_fish_public_data.fid-1acd095e_191e9c2e144_-5938,923400146,Canada,British Columbia,"Oregon, Washington, Vancouver Coast and Shelf",Temperate Northern Pacific,Vancouver Island,BMSC2,Kirby,48.85,-125.2,2021-04-27,4.5,RLS,4,10:30:00,,,2,1,Chordata,Actinopterygii,Perciformes,Gobiidae,Rhinogobiops nicholsii,Rhinogobiops nicholsii,7.5,1,7.7703,POINT (-125.19999694824219 48.849998474121094)
ep_m2_cryptic_fish_public_data.fid-1acd095e_191e9c2e144_-5937,923400146,Canada,British Columbia,"Oregon, Washington, Vancouver Coast and Shelf",Temperate Northern Pacific,Vancouver Island,BMSC2,Kirby,48.85,-125.2,2021-04-27,4.5,RLS,4,10:30:00,,,2,1,Chordata,Actinopterygii,Perciformes,Gobiidae,Rhinogobiops nicholsii,Rhinogobiops nicholsii,10,1,18.6854,POINT (-125.19999694824219 48.849998474121094)
ep_m2_cryptic_fish_public_data.fid-1acd095e_191e9c2e144_-5936,923400146,Canada,British Columbia,"Oregon, Washington, Vancouver Coast and Shelf",Temperate Northern Pacific,Vancouver Island,BMSC2,Kirby,48.85,-125.2,2021-04-27,4.5,RLS,4,10:30:00,,,2,1,Chordata,Actinopterygii,Perciformes,Gobiidae,Rhinogobiops nicholsii,Rhinogobiops nicholsii,12.5,1,36.9044,POINT (-125.19999694824219 48.849998474121094)
ep_m2_cryptic_fish_public_data.fid-1acd095e_191e9c2e144_-5935,923400146,Canada,British Columbia,"Oregon, Washington, Vancouver Coast and Shelf",Temperate Northern Pacific,Vancouver Island,BMSC2,Kirby,48.85,-125.2,2021-04-27,4.5,RLS,4,10:30:00,,,2,2,Chordata,Actinopterygii,Perciformes,Gobiidae,Rhinogobiops nicholsii,Rhinogobiops nicholsii,7.5,1,7.7703,POINT (-125.19999694824219 48.849998474121094)
ep_m2_cryptic_fish_public_data.fid-1acd095e_191e9c2e144_-5934,923400146,Canada,British Columbia,"Oregon, Washington, Vancouver Coast and Shelf",Temperate Northern Pacific,Vancouver Island,BMSC2,Kirby,48.85,-125.2,2021-04-27,4.5,RLS,4,10:30:00,,,2,2,Chordata,Actinopterygii,Perciformes,Gobiidae,Rhinogobiops nicholsii,Rhinogobiops nicholsii,10,1,18.6854,POINT (-125.19999694824219 48.849998474121094)
ep_m2_cryptic_fish_public_data.fid-1acd095e_191e9c2e144_-5933,923400146,Canada,British Columbia,"Oregon, Washington, Vancouver Coast and Shelf",Temperate Northern Pacific,Vancouver Island,BMSC2,Kirby,48.85,-125.2,2021-04-27,4.5,RLS,4,10:30:00,,,2,2,Chordata,Actinopterygii,Perciformes,Gobiidae,Rhinogobiops nicholsii,Rhinogobiops nicholsii,12.5,1,36.9044,POINT (-125.19999694824219 48.849998474121094)
ep_m2_cryptic_fish_public_data.fid-1acd095e_191e9c2e144_-5932,923402235,Canada,British Columbia,"Oregon, Washington, Vancouver Coast and Shelf",Temperate Northern Pacific,Vancouver Island,BMSC2,Kirby,48.85,-125.2,2023-05-09,7,RLS,2,13:30:00,,,2,2,Chordata,Actinopterygii,Scorpaeniformes,Cottidae,Artedius harringtoni,Artedius harringtoni,2.5,2,0.441,POINT (-125.19999694824219 48.849998474121094)
ep_m2_cryptic_fish_public_data.fid-1acd095e_191e9c2e144_-5931,923402235,Canada,British Columbia,"Oregon, Washington, Vancouver Coast and Shelf",Temperate Northern Pacific,Vancouver Island,BMSC2,Kirby,48.85,-125.2,2023-05-09,7,RLS,2,13:30:00,,,2,2,Chordata,Actinopterygii,Scorpaeniformes,Cottidae,Artedius harringtoni,Artedius harringtoni,5,3,5.7908,POINT (-125.19999694824219 48.849998474121094)
ep_m2_cryptic_fish_public_data.fid-1acd095e_191e9c2e144_-5930,923402235,Canada,British Columbia,"Oregon, Washington, Vancouver Coast and Shelf",Temperate Northern Pacific,Vancouver Island,BMSC2,Kirby,48.85,-125.2,2023-05-09,7,RLS,2,13:30:00,,,2,2,Chordata,Actinopterygii,Scorpaeniformes,Cottidae,Artedius harringtoni,Artedius harringtoni,7.5,1,6.8672,POINT (-125.19999694824219 48.849998474121094)
ep_m2_cryptic_fish_public_data.fid-1acd095e_191e9c2e144_-592f,923402235,Canada,British Columbia,"Oregon, Washington, Vancouver Coast and Shelf",Temperate Northern Pacific,Vancouver Island,BMSC2,Kirby,48.85,-125.2,2023-05-09,7,RLS,2,13:30:00,,,2,1,Chordata,Actinopterygii,Perciformes,Gobiidae,Rhinogobiops nicholsii,Rhinogobiops nicholsii,5,1,2.2561,POINT (-125.19999694824219 48.849998474121094)
ep_m2_cryptic_fish_public_data.fid-1acd095e_191e9c2e144_-592e,923402235,Canada,British Columbia,"Oregon, Washington, Vancouver Coast and Shelf",Temperate Northern Pacific,Vancouver Island,BMSC2,Kirby,48.85,-125.2,2023-05-09,7,RLS,2,13:30:00,,,2,1,Chordata,Actinopterygii,Scorpaeniformes,Cottidae,Artedius harringtoni,Artedius harringtoni,2.5,3,0.6615,POINT (-125.19999694824219 48.849998474121094)
ep_m2_cryptic_fish_public_data.fid-1acd095e_191e9c2e144_-592d,923402235,Canada,British Columbia,"Oregon, Washington, Vancouver Coast and Shelf",Temperate Northern Pacific,Vancouver Island,BMSC2,Kirby,48.85,-125.2,2023-05-09,7,RLS,2,13:30:00,,,2,1,Chordata,Actinopterygii,Scorpaeniformes,Cottidae,Jordania zonope,Jordania zonope,5,2,3.8605,POINT (-125.19999694824219 48.849998474121094)
ep_m2_cryptic_fish_public_data.fid-1acd095e_191e9c2e144_-592c,923401179,Canada,British Columbia,"Oregon, Washington, Vancouver Coast and Shelf",Temperate Northern Pacific,Vancouver Island,BMSC23,Aguilar Point,48.84,-125.14,2022-05-06,6.5,RLS,3,09:30:00,,,2,2,Chordata,Actinopterygii,Perciformes,Gobiidae,Rhinogobiops nicholsii,Rhinogobiops nicholsii,2.5,2,0.5448,POINT (-125.13999938964844 48.84000015258789)
ep_m2_cryptic_fish_public_data.fid-1acd095e_191e9c2e144_-592b,923401179,Canada,British Columbia,"Oregon, Washington, Vancouver Coast and Shelf",Temperate Northern Pacific,Vancouver Island,BMSC23,Aguilar Point,48.84,-125.14,2022-05-06,6.5,RLS,3,09:30:00,,,2,2,Chordata,Actinopterygii,Perciformes,Gobiidae,Rhinogobiops nicholsii,Rhinogobiops nicholsii,5,3,6.7683,POINT (-125.13999938964844 48.84000015258789)
ep_m2_cryptic_fish_public_data.fid-1acd095e_191e9c2e144_-592a,923401179,Canada,British Columbia,"Oregon, Washington, Vancouver Coast and Shelf",Temperate Northern Pacific,Vancouver Island,BMSC23,Aguilar Point,48.84,-125.14,2022-05-06,6.5,RLS,3,09:30:00,,,2,2,Chordata,Actinopterygii,Perciformes,Gobiidae,Rhinogobiops nicholsii,Rhinogobiops nicholsii,7.5,5,38.8517,POINT (-125.13999938964844 48.84000015258789)
ep_m2_cryptic_fish_public_data.fid-1acd095e_191e9c2e144_-5929,923401179,Canada,British Columbia,"Oregon, Washington, Vancouver Coast and Shelf",Temperate Northern Pacific,Vancouver Island,BMSC23,Aguilar Point,48.84,-125.14,2022-05-06,6.5,RLS,3,09:30:00,,,2,2,Chordata,Actinopterygii,Perciformes,Gobiidae,Rhinogobiops nicholsii,Rhinogobiops nicholsii,10,2,37.3708,POINT (-125.13999938964844 48.84000015258789)
ep_m2_cryptic_fish_public_data.fid-1acd095e_191e9c2e144_-5928,923401179,Canada,British Columbia,"Oregon, Washington, Vancouver Coast and Shelf",Temperate Northern Pacific,Vancouver Island,BMSC23,Aguilar Point,48.84,-125.14,2022-05-06,6.5,RLS,3,09:30:00,,,2,2,Chordata,Actinopterygii,Scorpaeniformes,Cottidae,Artedius harringtoni,Artedius harringtoni,2.5,3,0.6615,POINT (-125.13999938964844 48.84000015258789)
ep_m2_cryptic_fish_public_data.fid-1acd095e_191e9c2e144_-5927,923401179,Canada,British Columbia,"Oregon, Washington, Vancouver Coast and Shelf",Temperate Northern Pacific,Vancouver Island,BMSC23,Aguilar Point,48.84,-125.14,2022-05-06,6.5,RLS,3,09:30:00,,,2,2,Chordata,Actinopterygii,Scorpaeniformes,Cottidae,Artedius harringtoni,Artedius harringtoni,5,5,9.6513,POINT (-125.13999938964844 48.84000015258789)
ep_m2_cryptic_fish_public_data.fid-1acd095e_191e9c2e144_-5926,923401179,Canada,British Columbia,"Oregon, Washington, Vancouver Coast and Shelf",Temperate Northern Pacific,Vancouver Island,BMSC23,Aguilar Point,48.84,-125.14,2022-05-06,6.5,RLS,3,09:30:00,,,2,2,Chordata,Actinopterygii,Scorpaeniformes,Cottidae,Artedius harringtoni,Artedius harringtoni,7.5,3,20.6016,POINT (-125.13999938964844 48.84000015258789)
ep_m2_cryptic_fish_public_data.fid-1acd095e_191e9c2e144_-5925,923401179,Canada,British Columbia,"Oregon, Washington, Vancouver Coast and Shelf",Temperate Northern Pacific,Vancouver Island,BMSC23,Aguilar Point,48.84,-125.14,2022-05-06,6.5,RLS,3,09:30:00,,,2,1,Chordata,Actinopterygii,Perciformes,Gobiidae,Rhinogobiops nicholsii,Rhinogobiops nicholsii,5,4,9.0245,POINT (-125.13999938964844 48.84000015258789)
ep_m2_cryptic_fish_public_data.fid-1acd095e_191e9c2e144_-5924,923401179,Canada,British Columbia,"Oregon, Washington, Vancouver Coast and Shelf",Temperate Northern Pacific,Vancouver Island,BMSC23,Aguilar Point,48.84,-125.14,2022-05-06,6.5,RLS,3,09:30:00,,,2,1,Chordata,Actinopterygii,Perciformes,Gobiidae,Rhinogobiops nicholsii,Rhinogobiops nicholsii,7.5,6,46.622,POINT (-125.13999938964844 48.84000015258789)
ep_m2_cryptic_fish_public_data.fid-1acd095e_191e9c2e144_-5923,923401179,Canada,British Columbia,"Oregon, Washington, Vancouver Coast and Shelf",Temperate Northern Pacific,Vancouver Island,BMSC23,Aguilar Point,48.84,-125.14,2022-05-06,6.5,RLS,3,09:30:00,,,2,1,Chordata,Actinopterygii,Perciformes,Gobiidae,Rhinogobiops nicholsii,Rhinogobiops nicholsii,10,2,37.3708,POINT (-125.13999938964844 48.84000015258789)
ep_m2_cryptic_fish_public_data.fid-1acd095e_191e9c2e144_-5922,923401179,Canada,British Columbia,"Oregon, Washington, Vancouver Coast and Shelf",Temperate Northern Pacific,Vancouver Island,BMSC23,Aguilar Point,48.84,-125.14,2022-05-06,6.5,RLS,3,09:30:00,,,2,1,Chordata,Actinopterygii,Scorpaeniformes,Cottidae,Artedius harringtoni,Artedius harringtoni,2.5,3,0.6615,POINT (-125.13999938964844 48.84000015258789)
ep_m2_cryptic_fish_public_data.fid-1acd095e_191e9c2e144_-5921,923401179,Canada,British Columbia,"Oregon, Washington, Vancouver Coast and Shelf",Temperate Northern Pacific,Vancouver Island,BMSC23,Aguilar Point,48.84,-125.14,2022-05-06,6.5,RLS,3,09:30:00,,,2,1,Chordata,Actinopterygii,Scorpaeniformes,Cottidae,Artedius harringtoni,Artedius harringtoni,5,4,7.721,POINT (-125.13999938964844 48.84000015258789)
ep_m2_cryptic_fish_public_data.fid-1acd095e_191e9c2e144_-5920,923401179,Canada,British Columbia,"Oregon, Washington, Vancouver Coast and Shelf",Temperate Northern Pacific,Vancouver Island,BMSC23,Aguilar Point,48.84,-125.14,2022-05-06,6.5,RLS,3,09:30:00,,,2,1,Chordata,Actinopterygii,Scorpaeniformes,Cottidae,Artedius harringtoni,Artedius harringtoni,7.5,1,6.8672,POINT (-125.13999938964844 48.84000015258789)
ep_m2_cryptic_fish_public_data.fid-1acd095e_191e9c2e144_-591f,923402225,Canada,British Columbia,"Oregon, Washington, Vancouver Coast and Shelf",Temperate Northern Pacific,Vancouver Island,BMSC23,Aguilar Point,48.84,-125.14,2023-05-11,7,RLS,3,12:22:00,,,2,2,Chordata,Actinopterygii,Perciformes,Gobiidae,Rhinogobiops nicholsii,Rhinogobiops nicholsii,2.5,1,0.2724,POINT (-125.13999938964844 48.84000015258789)
ep_m2_cryptic_fish_public_data.fid-1acd095e_191e9c2e144_-591e,923402225,Canada,British Columbia,"Oregon, Washington, Vancouver Coast and Shelf",Temperate Northern Pacific,Vancouver Island,BMSC23,Aguilar Point,48.84,-125.14,2023-05-11,7,RLS,3,12:22:00,,,2,2,Chordata,Actinopterygii,Perciformes,Gobiidae,Rhinogobiops nicholsii,Rhinogobiops nicholsii,5,16,36.0979,POINT (-125.13999938964844 48.84000015258789)
ep_m2_cryptic_fish_public_data.fid-1acd095e_191e9c2e144_-591d,923402225,Canada,British Columbia,"Oregon, Washington, Vancouver Coast and Shelf",Temperate Northern Pacific,Vancouver Island,BMSC23,Aguilar Point,48.84,-125.14,2023-05-11,7,RLS,3,12:22:00,,,2,2,Chordata,Actinopterygii,Perciformes,Gobiidae,Rhinogobiops nicholsii,Rhinogobiops nicholsii,7.5,12,93.244,POINT (-125.13999938964844 48.84000015258789)
ep_m2_cryptic_fish_public_data.fid-1acd095e_191e9c2e144_-591c,923402225,Canada,British Columbia,"Oregon, Washington, Vancouver Coast and Shelf",Temperate Northern Pacific,Vancouver Island,BMSC23,Aguilar Point,48.84,-125.14,2023-05-11,7,RLS,3,12:22:00,,,2,2,Chordata,Actinopterygii,Perciformes,Gobiidae,Rhinogobiops nicholsii,Rhinogobiops nicholsii,10,2,37.3708,POINT (-125.13999938964844 48.84000015258789)
ep_m2_cryptic_fish_public_data.fid-1acd095e_191e9c2e144_-591b,923402225,Canada,British Columbia,"Oregon, Washington, Vancouver Coast and Shelf",Temperate Northern Pacific,Vancouver Island,BMSC23,Aguilar Point,48.84,-125.14,2023-05-11,7,RLS,3,12:22:00,,,2,2,Chordata,Actinopterygii,Scorpaeniformes,Cottidae,Artedius harringtoni,Artedius harringtoni,2.5,2,0.441,POINT (-125.13999938964844 48.84000015258789)
ep_m2_cryptic_fish_public_data.fid-1acd095e_191e9c2e144_-591a,923402225,Canada,British Columbia,"Oregon, Washington, Vancouver Coast and Shelf",Temperate Northern Pacific,Vancouver Island,BMSC23,Aguilar Point,48.84,-125.14,2023-05-11,7,RLS,3,12:22:00,,,2,2,Chordata,Actinopterygii,Scorpaeniformes,Cottidae,Artedius harringtoni,Artedius harringtoni,5,2,3.8605,POINT (-125.13999938964844 48.84000015258789)
ep_m2_cryptic_fish_public_data.fid-1acd095e_191e9c2e144_-5919,923402225,Canada,British Columbia,"Oregon, Washington, Vancouver Coast and Shelf",Temperate Northern Pacific,Vancouver Island,BMSC23,Aguilar Point,48.84,-125.14,2023-05-11,7,RLS,3,12:22:00,,,2,2,Chordata,Actinopterygii,Scorpaeniformes,Cottidae,Artedius harringtoni,Artedius harringtoni,7.5,1,6.8672,POINT (-125.13999938964844 48.84000015258789)
ep_m2_cryptic_fish_public_data.fid-1acd095e_191e9c2e144_-5918,923402225,Canada,British Columbia,"Oregon, Washington, Vancouver Coast and Shelf",Temperate Northern Pacific,Vancouver Island,BMSC23,Aguilar Point,48.84,-125.14,2023-05-11,7,RLS,3,12:22:00,,,2,2,Chordata,Actinopterygii,Scorpaeniformes,Cottidae,Artedius harringtoni,Artedius harringtoni,10,1,16.8981,POINT (-125.13999938964844 48.84000015258789)
ep_m2_cryptic_fish_public_data.fid-1acd095e_191e9c2e144_-5917,923402225,Canada,British Columbia,"Oregon, Washington, Vancouver Coast and Shelf",Temperate Northern Pacific,Vancouver Island,BMSC23,Aguilar Point,48.84,-125.14,2023-05-11,7,RLS,3,12:22:00,,,2,2,Chordata,Actinopterygii,Scorpaeniformes,Cottidae,Jordania zonope,Jordania zonope,7.5,1,6.8672,POINT (-125.13999938964844 48.84000015258789)
ep_m2_cryptic_fish_public_data.fid-1acd095e_191e9c2e144_-5916,923402225,Canada,British Columbia,"Oregon, Washington, Vancouver Coast and Shelf",Temperate Northern Pacific,Vancouver Island,BMSC23,Aguilar Point,48.84,-125.14,2023-05-11,7,RLS,3,12:22:00,,,2,2,Chordata,Actinopterygii,Scorpaeniformes,Hexagrammidae,Oxylebius pictus,Oxylebius pictus,12.5,1,42.2005,POINT (-125.13999938964844 48.84000015258789)
ep_m2_cryptic_fish_public_data.fid-1acd095e_191e9c2e144_-5915,923402225,Canada,British Columbia,"Oregon, Washington, Vancouver Coast and Shelf",Temperate Northern Pacific,Vancouver Island,BMSC23,Aguilar Point,48.84,-125.14,2023-05-11,7,RLS,3,12:22:00,,,2,1,Chordata,Actinopterygii,Perciformes,Gobiidae,Rhinogobiops nicholsii,Rhinogobiops nicholsii,2.5,12,3.2689,POINT (-125.13999938964844 48.84000015258789)
ep_m2_cryptic_fish_public_data.fid-1acd095e_191e9c2e144_-5914,923402225,Canada,British Columbia,"Oregon, Washington, Vancouver Coast and Shelf",Temperate Northern Pacific,Vancouver Island,BMSC23,Aguilar Point,48.84,-125.14,2023-05-11,7,RLS,3,12:22:00,,,2,1,Chordata,Actinopterygii,Perciformes,Gobiidae,Rhinogobiops nicholsii,Rhinogobiops nicholsii,5,12,27.0734,POINT (-125.13999938964844 48.84000015258789)
ep_m2_cryptic_fish_public_data.fid-1acd095e_191e9c2e144_-5913,923402225,Canada,British Columbia,"Oregon, Washington, Vancouver Coast and Shelf",Temperate Northern Pacific,Vancouver Island,BMSC23,Aguilar Point,48.84,-125.14,2023-05-11,7,RLS,3,12:22:00,,,2,1,Chordata,Actinopterygii,Perciformes,Gobiidae,Rhinogobiops nicholsii,Rhinogobiops nicholsii,7.5,10,77.7034,POINT (-125.13999938964844 48.84000015258789)
ep_m2_cryptic_fish_public_data.fid-1acd095e_191e9c2e144_-5912,923402225,Canada,British Columbia,"Oregon, Washington, Vancouver Coast and Shelf",Temperate Northern Pacific,Vancouver Island,BMSC23,Aguilar Point,48.84,-125.14,2023-05-11,7,RLS,3,12:22:00,,,2,1,Chordata,Actinopterygii,Perciformes,Gobiidae,Rhinogobiops nicholsii,Rhinogobiops nicholsii,10,5,93.4271,POINT (-125.13999938964844 48.84000015258789)
ep_m2_cryptic_fish_public_data.fid-1acd095e_191e9c2e144_-5911,923402225,Canada,British Columbia,"Oregon, Washington, Vancouver Coast and Shelf",Temperate Northern Pacific,Vancouver Island,BMSC23,Aguilar Point,48.84,-125.14,2023-05-11,7,RLS,3,12:22:00,,,2,1,Chordata,Actinopterygii,Scorpaeniformes,Cottidae,Artedius harringtoni,Artedius harringtoni,2.5,6,1.3229,POINT (-125.13999938964844 48.84000015258789)
ep_m2_cryptic_fish_public_data.fid-1acd095e_191e9c2e144_-5910,923402225,Canada,British Columbia,"Oregon, Washington, Vancouver Coast and Shelf",Temperate Northern Pacific,Vancouver Island,BMSC23,Aguilar Point,48.84,-125.14,2023-05-11,7,RLS,3,12:22:00,,,2,1,Chordata,Actinopterygii,Scorpaeniformes,Cottidae,Artedius harringtoni,Artedius harringtoni,5,1,1.9303,POINT (-125.13999938964844 48.84000015258789)
ep_m2_cryptic_fish_public_data.fid-1acd095e_191e9c2e144_-590f,923402225,Canada,British Columbia,"Oregon, Washington, Vancouver Coast and Shelf",Temperate Northern Pacific,Vancouver Island,BMSC23,Aguilar Point,48.84,-125.14,2023-05-11,7,RLS,3,12:22:00,,,2,1,Chordata,Actinopterygii,Scorpaeniformes,Cottidae,Jordania zonope,Jordania zonope,5,1,1.9303,POINT (-125.13999938964844 48.84000015258789)
ep_m2_cryptic_fish_public_data.fid-1acd095e_191e9c2e144_-590e,923402244,Canada,British Columbia,"Oregon, Washington, Vancouver Coast and Shelf",Temperate Northern Pacific,Vancouver Island,BMSC25,Goby Town,48.84,-125.14,2023-05-18,5.7,RLS,4,13:20:00,,,2,2,Chordata,Actinopterygii,Perciformes,Gobiidae,Rhinogobiops nicholsii,Rhinogobiops nicholsii,2.5,9,2.4517,POINT (-125.13999938964844 48.84000015258789)
ep_m2_cryptic_fish_public_data.fid-1acd095e_191e9c2e144_-590d,923402244,Canada,British Columbia,"Oregon, Washington, Vancouver Coast and Shelf",Temperate Northern Pacific,Vancouver Island,BMSC25,Goby Town,48.84,-125.14,2023-05-18,5.7,RLS,4,13:20:00,,,2,2,Chordata,Actinopterygii,Perciformes,Gobiidae,Rhinogobiops nicholsii,Rhinogobiops nicholsii,5,18,40.6101,POINT (-125.13999938964844 48.84000015258789)
ep_m2_cryptic_fish_public_data.fid-1acd095e_191e9c2e144_-590c,923402244,Canada,British Columbia,"Oregon, Washington, Vancouver Coast and Shelf",Temperate Northern Pacific,Vancouver Island,BMSC25,Goby Town,48.84,-125.14,2023-05-18,5.7,RLS,4,13:20:00,,,2,2,Chordata,Actinopterygii,Perciformes,Gobiidae,Rhinogobiops nicholsii,Rhinogobiops nicholsii,7.5,25,194.2584,POINT (-125.13999938964844 48.84000015258789)
ep_m2_cryptic_fish_public_data.fid-1acd095e_191e9c2e144_-590b,923402244,Canada,British Columbia,"Oregon, Washington, Vancouver Coast and Shelf",Temperate Northern Pacific,Vancouver Island,BMSC25,Goby Town,48.84,-125.14,2023-05-18,5.7,RLS,4,13:20:00,,,2,2,Chordata,Actinopterygii,Perciformes,Gobiidae,Rhinogobiops nicholsii,Rhinogobiops nicholsii,10,13,242.9105,POINT (-125.13999938964844 48.84000015258789)
ep_m2_cryptic_fish_public_data.fid-1acd095e_191e9c2e144_-590a,923402244,Canada,British Columbia,"Oregon, Washington, Vancouver Coast and Shelf",Temperate Northern Pacific,Vancouver Island,BMSC25,Goby Town,48.84,-125.14,2023-05-18,5.7,RLS,4,13:20:00,,,2,2,Chordata,Actinopterygii,Perciformes,Gobiidae,Rhinogobiops nicholsii,Rhinogobiops nicholsii,12.5,2,73.8089,POINT (-125.13999938964844 48.84000015258789)
ep_m2_cryptic_fish_public_data.fid-1acd095e_191e9c2e144_-5909,923402244,Canada,British Columbia,"Oregon, Washington, Vancouver Coast and Shelf",Temperate Northern Pacific,Vancouver Island,BMSC25,Goby Town,48.84,-125.14,2023-05-18,5.7,RLS,4,13:20:00,,,2,2,Chordata,Actinopterygii,Perciformes,Pholidae,Pholis laeta,Pholis laeta,12.5,1,9.1818,POINT (-125.13999938964844 48.84000015258789)
ep_m2_cryptic_fish_public_data.fid-1acd095e_191e9c2e144_-5908,923402244,Canada,British Columbia,"Oregon, Washington, Vancouver Coast and Shelf",Temperate Northern Pacific,Vancouver Island,BMSC25,Goby Town,48.84,-125.14,2023-05-18,5.7,RLS,4,13:20:00,,,2,2,Chordata,Actinopterygii,Scorpaeniformes,Cottidae,Hemilepidotus hemilepidotus,Hemilepidotus hemilepidotus,12.5,1,34.7669,POINT (-125.13999938964844 48.84000015258789)
ep_m2_cryptic_fish_public_data.fid-1acd095e_191e9c2e144_-5907,923402244,Canada,British Columbia,"Oregon, Washington, Vancouver Coast and Shelf",Temperate Northern Pacific,Vancouver Island,BMSC25,Goby Town,48.84,-125.14,2023-05-18,5.7,RLS,4,13:20:00,,,2,2,Chordata,Actinopterygii,Scorpaeniformes,Cottidae,Jordania zonope,Jordania zonope,5,1,1.9303,POINT (-125.13999938964844 48.84000015258789)
ep_m2_cryptic_fish_public_data.fid-1acd095e_191e9c2e144_-5906,923402244,Canada,British Columbia,"Oregon, Washington, Vancouver Coast and Shelf",Temperate Northern Pacific,Vancouver Island,BMSC25,Goby Town,48.84,-125.14,2023-05-18,5.7,RLS,4,13:20:00,,,2,2,Chordata,Actinopterygii,Scorpaeniformes,Hexagrammidae,Oxylebius pictus,Oxylebius pictus,10,1,21.4147,POINT (-125.13999938964844 48.84000015258789)
ep_m2_cryptic_fish_public_data.fid-1acd095e_191e9c2e144_-5905,923402244,Canada,British Columbia,"Oregon, Washington, Vancouver Coast and Shelf",Temperate Northern Pacific,Vancouver Island,BMSC25,Goby Town,48.84,-125.14,2023-05-18,5.7,RLS,4,13:20:00,,,2,2,Chordata,Actinopterygii,Scorpaeniformes,Hexagrammidae,Oxylebius pictus,Oxylebius pictus,12.5,2,84.4011,POINT (-125.13999938964844 48.84000015258789)
ep_m2_cryptic_fish_public_data.fid-1acd095e_191e9c2e144_-5904,923402244,Canada,British Columbia,"Oregon, Washington, Vancouver Coast and Shelf",Temperate Northern Pacific,Vancouver Island,BMSC25,Goby Town,48.84,-125.14,2023-05-18,5.7,RLS,4,13:20:00,,,2,1,Chordata,Actinopterygii,Perciformes,Gobiidae,Rhinogobiops nicholsii,Rhinogobiops nicholsii,0,127,,POINT (-125.13999938964844 48.84000015258789)
ep_m2_cryptic_fish_public_data.fid-1acd095e_191e9c2e144_-5903,923402244,Canada,British Columbia,"Oregon, Washington, Vancouver Coast and Shelf",Temperate Northern Pacific,Vancouver Island,BMSC25,Goby Town,48.84,-125.14,2023-05-18,5.7,RLS,4,13:20:00,,,2,1,Chordata,Actinopterygii,Perciformes,Pholidae,Pholis laeta,Pholis laeta,10,1,4.5565,POINT (-125.13999938964844 48.84000015258789)
ep_m2_cryptic_fish_public_data.fid-1acd095e_191e9c2e144_-5902,923402244,Canada,British Columbia,"Oregon, Washington, Vancouver Coast and Shelf",Temperate Northern Pacific,Vancouver Island,BMSC25,Goby Town,48.84,-125.14,2023-05-18,5.7,RLS,4,13:20:00,,,2,1,Chordata,Actinopterygii,Scorpaeniformes,Cottidae,Hemilepidotus hemilepidotus,Hemilepidotus hemilepidotus,15,1,61.5181,POINT (-125.13999938964844 48.84000015258789)
ep_m2_cryptic_fish_public_data.fid-1acd095e_191e9c2e144_-5901,923402244,Canada,British Columbia,"Oregon, Washington, Vancouver Coast and Shelf",Temperate Northern Pacific,Vancouver Island,BMSC25,Goby Town,48.84,-125.14,2023-05-18,5.7,RLS,4,13:20:00,,,2,1,Chordata,Actinopterygii,Scorpaeniformes,Cottidae,Hemilepidotus hemilepidotus,Hemilepidotus hemilepidotus,20,1,137.9826,POINT (-125.13999938964844 48.84000015258789)
ep_m2_cryptic_fish_public_data.fid-1acd095e_191e9c2e144_-5900,923402246,Canada,British Columbia,"Oregon, Washington, Vancouver Coast and Shelf",Temperate Northern Pacific,Vancouver Island,BMSC25,Goby Town,48.84,-125.14,2023-05-18,5.5,RLS,4,13:20:00,,,2,1,Chordata,Actinopterygii,Perciformes,Gobiidae,Rhinogobiops nicholsii,Rhinogobiops nicholsii,5,24,54.1468,POINT (-125.13999938964844 48.84000015258789)
ep_m2_cryptic_fish_public_data.fid-1acd095e_191e9c2e144_-58ff,923402246,Canada,British Columbia,"Oregon, Washington, Vancouver Coast and Shelf",Temperate Northern Pacific,Vancouver Island,BMSC25,Goby Town,48.84,-125.14,2023-05-18,5.5,RLS,4,13:20:00,,,2,1,Chordata,Actinopterygii,Perciformes,Gobiidae,Rhinogobiops nicholsii,Rhinogobiops nicholsii,7.5,29,225.3397,POINT (-125.13999938964844 48.84000015258789)
ep_m2_cryptic_fish_public_data.fid-1acd095e_191e9c2e144_-58fe,923402246,Canada,British Columbia,"Oregon, Washington, Vancouver Coast and Shelf",Temperate Northern Pacific,Vancouver Island,BMSC25,Goby Town,48.84,-125.14,2023-05-18,5.5,RLS,4,13:20:00,,,2,1,Chordata,Actinopterygii,Perciformes,Gobiidae,Rhinogobiops nicholsii,Rhinogobiops nicholsii,10,29,541.8773,POINT (-125.13999938964844 48.84000015258789)
ep_m2_cryptic_fish_public_data.fid-1acd095e_191e9c2e144_-58fd,923402246,Canada,British Columbia,"Oregon, Washington, Vancouver Coast and Shelf",Temperate Northern Pacific,Vancouver Island,BMSC25,Goby Town,48.84,-125.14,2023-05-18,5.5,RLS,4,13:20:00,,,2,1,Chordata,Actinopterygii,Perciformes,Gobiidae,Rhinogobiops nicholsii,Rhinogobiops nicholsii,12.5,13,479.7575,POINT (-125.13999938964844 48.84000015258789)
ep_m2_cryptic_fish_public_data.fid-1acd095e_191e9c2e144_-58fc,923402246,Canada,British Columbia,"Oregon, Washington, Vancouver Coast and Shelf",Temperate Northern Pacific,Vancouver Island,BMSC25,Goby Town,48.84,-125.14,2023-05-18,5.5,RLS,4,13:20:00,,,2,1,Chordata,Actinopterygii,Perciformes,Gobiidae,Rhinogobiops nicholsii,Rhinogobiops nicholsii,15,1,64.3548,POINT (-125.13999938964844 48.84000015258789)
ep_m2_cryptic_fish_public_data.fid-1acd095e_191e9c2e144_-58fb,923402246,Canada,British Columbia,"Oregon, Washington, Vancouver Coast and Shelf",Temperate Northern Pacific,Vancouver Island,BMSC25,Goby Town,48.84,-125.14,2023-05-18,5.5,RLS,4,13:20:00,,,2,1,Chordata,Actinopterygii,Pleuronectiformes,Paralichthyidae,Citharichthys stigmaeus,Citharichthys stigmaeus,0,1,,POINT (-125.13999938964844 48.84000015258789)
ep_m2_cryptic_fish_public_data.fid-1acd095e_191e9c2e144_-58fa,923402246,Canada,British Columbia,"Oregon, Washington, Vancouver Coast and Shelf",Temperate Northern Pacific,Vancouver Island,BMSC25,Goby Town,48.84,-125.14,2023-05-18,5.5,RLS,4,13:20:00,,,2,1,Chordata,Actinopterygii,Scorpaeniformes,Cottidae,Artedius harringtoni,Artedius harringtoni,5,1,1.9303,POINT (-125.13999938964844 48.84000015258789)
ep_m2_cryptic_fish_public_data.fid-1acd095e_191e9c2e144_-58f9,923402246,Canada,British Columbia,"Oregon, Washington, Vancouver Coast and Shelf",Temperate Northern Pacific,Vancouver Island,BMSC25,Goby Town,48.84,-125.14,2023-05-18,5.5,RLS,4,13:20:00,,,2,1,Chordata,Actinopterygii,Scorpaeniformes,Hexagrammidae,Oxylebius pictus,Oxylebius pictus,15,1,73.4563,POINT (-125.13999938964844 48.84000015258789)
ep_m2_cryptic_fish_public_data.fid-1acd095e_191e9c2e144_-58f8,923402246,Canada,British Columbia,"Oregon, Washington, Vancouver Coast and Shelf",Temperate Northern Pacific,Vancouver Island,BMSC25,Goby Town,48.84,-125.14,2023-05-18,5.5,RLS,4,13:20:00,,,2,2,Chordata,Actinopterygii,Perciformes,Gobiidae,Rhinogobiops nicholsii,Rhinogobiops nicholsii,2.5,23,6.2654,POINT (-125.13999938964844 48.84000015258789)
ep_m2_cryptic_fish_public_data.fid-1acd095e_191e9c2e144_-58f7,923402246,Canada,British Columbia,"Oregon, Washington, Vancouver Coast and Shelf",Temperate Northern Pacific,Vancouver Island,BMSC25,Goby Town,48.84,-125.14,2023-05-18,5.5,RLS,4,13:20:00,,,2,2,Chordata,Actinopterygii,Perciformes,Gobiidae,Rhinogobiops nicholsii,Rhinogobiops nicholsii,5,46,103.7813,POINT (-125.13999938964844 48.84000015258789)
ep_m2_cryptic_fish_public_data.fid-1acd095e_191e9c2e144_-58f6,923402246,Canada,British Columbia,"Oregon, Washington, Vancouver Coast and Shelf",Temperate Northern Pacific,Vancouver Island,BMSC25,Goby Town,48.84,-125.14,2023-05-18,5.5,RLS,4,13:20:00,,,2,2,Chordata,Actinopterygii,Perciformes,Gobiidae,Rhinogobiops nicholsii,Rhinogobiops nicholsii,7.5,31,240.8804,POINT (-125.13999938964844 48.84000015258789)
ep_m2_cryptic_fish_public_data.fid-1acd095e_191e9c2e144_-58f5,923402246,Canada,British Columbia,"Oregon, Washington, Vancouver Coast and Shelf",Temperate Northern Pacific,Vancouver Island,BMSC25,Goby Town,48.84,-125.14,2023-05-18,5.5,RLS,4,13:20:00,,,2,2,Chordata,Actinopterygii,Perciformes,Gobiidae,Rhinogobiops nicholsii,Rhinogobiops nicholsii,10,43,803.4732,POINT (-125.13999938964844 48.84000015258789)
ep_m2_cryptic_fish_public_data.fid-1acd095e_191e9c2e144_-58f4,923402246,Canada,British Columbia,"Oregon, Washington, Vancouver Coast and Shelf",Temperate Northern Pacific,Vancouver Island,BMSC25,Goby Town,48.84,-125.14,2023-05-18,5.5,RLS,4,13:20:00,,,2,2,Chordata,Actinopterygii,Perciformes,Gobiidae,Rhinogobiops nicholsii,Rhinogobiops nicholsii,12.5,28,1033.324,POINT (-125.13999938964844 48.84000015258789)
ep_m2_cryptic_fish_public_data.fid-1acd095e_191e9c2e144_-58f3,923402246,Canada,British Columbia,"Oregon, Washington, Vancouver Coast and Shelf",Temperate Northern Pacific,Vancouver Island,BMSC25,Goby Town,48.84,-125.14,2023-05-18,5.5,RLS,4,13:20:00,,,2,2,Chordata,Actinopterygii,Perciformes,Gobiidae,Rhinogobiops nicholsii,Rhinogobiops nicholsii,15,16,1029.6775,POINT (-125.13999938964844 48.84000015258789)
ep_m2_cryptic_fish_public_data.fid-1acd095e_191e9c2e144_-58f2,923402246,Canada,British Columbia,"Oregon, Washington, Vancouver Coast and Shelf",Temperate Northern Pacific,Vancouver Island,BMSC25,Goby Town,48.84,-125.14,2023-05-18,5.5,RLS,4,13:20:00,,,2,2,Chordata,Actinopterygii,Perciformes,Pholidae,Pholis laeta,Pholis laeta,2.5,2,0.1173,POINT (-125.13999938964844 48.84000015258789)
ep_m2_cryptic_fish_public_data.fid-1acd095e_191e9c2e144_-58f1,923402246,Canada,British Columbia,"Oregon, Washington, Vancouver Coast and Shelf",Temperate Northern Pacific,Vancouver Island,BMSC25,Goby Town,48.84,-125.14,2023-05-18,5.5,RLS,4,13:20:00,,,2,2,Chordata,Actinopterygii,Perciformes,Pholidae,Pholis laeta,Pholis laeta,10,1,4.5565,POINT (-125.13999938964844 48.84000015258789)
ep_m2_cryptic_fish_public_data.fid-1acd095e_191e9c2e144_-58f0,923402246,Canada,British Columbia,"Oregon, Washington, Vancouver Coast and Shelf",Temperate Northern Pacific,Vancouver Island,BMSC25,Goby Town,48.84,-125.14,2023-05-18,5.5,RLS,4,13:20:00,,,2,2,Chordata,Actinopterygii,Perciformes,Pholidae,Pholis laeta,Pholis laeta,12.5,2,18.3636,POINT (-125.13999938964844 48.84000015258789)
ep_m2_cryptic_fish_public_data.fid-1acd095e_191e9c2e144_-58ef,923402246,Canada,British Columbia,"Oregon, Washington, Vancouver Coast and Shelf",Temperate Northern Pacific,Vancouver Island,BMSC25,Goby Town,48.84,-125.14,2023-05-18,5.5,RLS,4,13:20:00,,,2,2,Chordata,Actinopterygii,Scorpaeniformes,Hexagrammidae,Oxylebius pictus,Oxylebius pictus,10,1,21.4147,POINT (-125.13999938964844 48.84000015258789)
ep_m2_cryptic_fish_public_data.fid-1acd095e_191e9c2e144_-58ee,923400158,Canada,British Columbia,"Oregon, Washington, Vancouver Coast and Shelf",Temperate Northern Pacific,Vancouver Island,BMSC15,Raymond Kelp Rock,48.88,-125.31,2021-05-04,7,RLS,2,14:30:00,,,2,1,Chordata,Actinopterygii,Perciformes,Gobiidae,Rhinogobiops nicholsii,Rhinogobiops nicholsii,2.5,4,1.0896,POINT (-125.30999755859375 48.880001068115234)
ep_m2_cryptic_fish_public_data.fid-1acd095e_191e9c2e144_-58ed,923400158,Canada,British Columbia,"Oregon, Washington, Vancouver Coast and Shelf",Temperate Northern Pacific,Vancouver Island,BMSC15,Raymond Kelp Rock,48.88,-125.31,2021-05-04,7,RLS,2,14:30:00,,,2,1,Chordata,Actinopterygii,Perciformes,Gobiidae,Rhinogobiops nicholsii,Rhinogobiops nicholsii,5,4,9.0245,POINT (-125.30999755859375 48.880001068115234)
ep_m2_cryptic_fish_public_data.fid-1acd095e_191e9c2e144_-58ec,923400158,Canada,British Columbia,"Oregon, Washington, Vancouver Coast and Shelf",Temperate Northern Pacific,Vancouver Island,BMSC15,Raymond Kelp Rock,48.88,-125.31,2021-05-04,7,RLS,2,14:30:00,,,2,1,Chordata,Actinopterygii,Perciformes,Gobiidae,Rhinogobiops nicholsii,Rhinogobiops nicholsii,7.5,6,46.622,POINT (-125.30999755859375 48.880001068115234)
ep_m2_cryptic_fish_public_data.fid-1acd095e_191e9c2e144_-58eb,923400158,Canada,British Columbia,"Oregon, Washington, Vancouver Coast and Shelf",Temperate Northern Pacific,Vancouver Island,BMSC15,Raymond Kelp Rock,48.88,-125.31,2021-05-04,7,RLS,2,14:30:00,,,2,1,Chordata,Actinopterygii,Perciformes,Gobiidae,Rhinogobiops nicholsii,Rhinogobiops nicholsii,10,4,74.7417,POINT (-125.30999755859375 48.880001068115234)
ep_m2_cryptic_fish_public_data.fid-1acd095e_191e9c2e144_-58ea,923400158,Canada,British Columbia,"Oregon, Washington, Vancouver Coast and Shelf",Temperate Northern Pacific,Vancouver Island,BMSC15,Raymond Kelp Rock,48.88,-125.31,2021-05-04,7,RLS,2,14:30:00,,,2,1,Chordata,Actinopterygii,Perciformes,Gobiidae,Rhinogobiops nicholsii,Rhinogobiops nicholsii,12.5,1,36.9044,POINT (-125.30999755859375 48.880001068115234)
ep_m2_cryptic_fish_public_data.fid-1acd095e_191e9c2e144_-58e9,923400158,Canada,British Columbia,"Oregon, Washington, Vancouver Coast and Shelf",Temperate Northern Pacific,Vancouver Island,BMSC15,Raymond Kelp Rock,48.88,-125.31,2021-05-04,7,RLS,2,14:30:00,,,2,2,Chordata,Actinopterygii,Perciformes,Gobiidae,Rhinogobiops nicholsii,Rhinogobiops nicholsii,2.5,6,1.6344,POINT (-125.30999755859375 48.880001068115234)
ep_m2_cryptic_fish_public_data.fid-1acd095e_191e9c2e144_-58e8,923400158,Canada,British Columbia,"Oregon, Washington, Vancouver Coast and Shelf",Temperate Northern Pacific,Vancouver Island,BMSC15,Raymond Kelp Rock,48.88,-125.31,2021-05-04,7,RLS,2,14:30:00,,,2,2,Chordata,Actinopterygii,Perciformes,Gobiidae,Rhinogobiops nicholsii,Rhinogobiops nicholsii,5,17,38.354,POINT (-125.30999755859375 48.880001068115234)
ep_m2_cryptic_fish_public_data.fid-1acd095e_191e9c2e144_-58e7,923400158,Canada,British Columbia,"Oregon, Washington, Vancouver Coast and Shelf",Temperate Northern Pacific,Vancouver Island,BMSC15,Raymond Kelp Rock,48.88,-125.31,2021-05-04,7,RLS,2,14:30:00,,,2,2,Chordata,Actinopterygii,Perciformes,Gobiidae,Rhinogobiops nicholsii,Rhinogobiops nicholsii,7.5,20,155.4067,POINT (-125.30999755859375 48.880001068115234)
ep_m2_cryptic_fish_public_data.fid-1acd095e_191e9c2e144_-58e6,923400158,Canada,British Columbia,"Oregon, Washington, Vancouver Coast and Shelf",Temperate Northern Pacific,Vancouver Island,BMSC15,Raymond Kelp Rock,48.88,-125.31,2021-05-04,7,RLS,2,14:30:00,,,2,2,Chordata,Actinopterygii,Perciformes,Gobiidae,Rhinogobiops nicholsii,Rhinogobiops nicholsii,10,4,74.7417,POINT (-125.30999755859375 48.880001068115234)
ep_m2_cryptic_fish_public_data.fid-1acd095e_191e9c2e144_-58e5,923401202,Canada,British Columbia,"Oregon, Washington, Vancouver Coast and Shelf",Temperate Northern Pacific,Vancouver Island,BMSC15,Raymond Kelp Rock,48.88,-125.31,2022-04-26,7.5,RLS,3,12:10:00,,,2,2,Chordata,Actinopterygii,Perciformes,Gobiidae,Rhinogobiops nicholsii,Rhinogobiops nicholsii,2.5,2,0.5448,POINT (-125.30999755859375 48.880001068115234)
ep_m2_cryptic_fish_public_data.fid-1acd095e_191e9c2e144_-58e4,923401202,Canada,British Columbia,"Oregon, Washington, Vancouver Coast and Shelf",Temperate Northern Pacific,Vancouver Island,BMSC15,Raymond Kelp Rock,48.88,-125.31,2022-04-26,7.5,RLS,3,12:10:00,,,2,2,Chordata,Actinopterygii,Perciformes,Gobiidae,Rhinogobiops nicholsii,Rhinogobiops nicholsii,5,15,33.8417,POINT (-125.30999755859375 48.880001068115234)
ep_m2_cryptic_fish_public_data.fid-1acd095e_191e9c2e144_-58e3,923401202,Canada,British Columbia,"Oregon, Washington, Vancouver Coast and Shelf",Temperate Northern Pacific,Vancouver Island,BMSC15,Raymond Kelp Rock,48.88,-125.31,2022-04-26,7.5,RLS,3,12:10:00,,,2,2,Chordata,Actinopterygii,Perciformes,Gobiidae,Rhinogobiops nicholsii,Rhinogobiops nicholsii,7.5,8,62.1627,POINT (-125.30999755859375 48.880001068115234)
ep_m2_cryptic_fish_public_data.fid-1acd095e_191e9c2e144_-58e2,923401202,Canada,British Columbia,"Oregon, Washington, Vancouver Coast and Shelf",Temperate Northern Pacific,Vancouver Island,BMSC15,Raymond Kelp Rock,48.88,-125.31,2022-04-26,7.5,RLS,3,12:10:00,,,2,2,Chordata,Actinopterygii,Perciformes,Gobiidae,Rhinogobiops nicholsii,Rhinogobiops nicholsii,10,3,56.0563,POINT (-125.30999755859375 48.880001068115234)
ep_m2_cryptic_fish_public_data.fid-1acd095e_191e9c2e144_-58e1,923401202,Canada,British Columbia,"Oregon, Washington, Vancouver Coast and Shelf",Temperate Northern Pacific,Vancouver Island,BMSC15,Raymond Kelp Rock,48.88,-125.31,2022-04-26,7.5,RLS,3,12:10:00,,,2,1,Chordata,Actinopterygii,Perciformes,Gobiidae,Rhinogobiops nicholsii,Rhinogobiops nicholsii,2.5,3,0.8172,POINT (-125.30999755859375 48.880001068115234)
ep_m2_cryptic_fish_public_data.fid-1acd095e_191e9c2e144_-58e0,923401202,Canada,British Columbia,"Oregon, Washington, Vancouver Coast and Shelf",Temperate Northern Pacific,Vancouver Island,BMSC15,Raymond Kelp Rock,48.88,-125.31,2022-04-26,7.5,RLS,3,12:10:00,,,2,1,Chordata,Actinopterygii,Perciformes,Gobiidae,Rhinogobiops nicholsii,Rhinogobiops nicholsii,5,5,11.2806,POINT (-125.30999755859375 48.880001068115234)
ep_m2_cryptic_fish_public_data.fid-1acd095e_191e9c2e144_-58df,923401202,Canada,British Columbia,"Oregon, Washington, Vancouver Coast and Shelf",Temperate Northern Pacific,Vancouver Island,BMSC15,Raymond Kelp Rock,48.88,-125.31,2022-04-26,7.5,RLS,3,12:10:00,,,2,1,Chordata,Actinopterygii,Perciformes,Gobiidae,Rhinogobiops nicholsii,Rhinogobiops nicholsii,7.5,4,31.0813,POINT (-125.30999755859375 48.880001068115234)
ep_m2_cryptic_fish_public_data.fid-1acd095e_191e9c2e144_-58de,923401202,Canada,British Columbia,"Oregon, Washington, Vancouver Coast and Shelf",Temperate Northern Pacific,Vancouver Island,BMSC15,Raymond Kelp Rock,48.88,-125.31,2022-04-26,7.5,RLS,3,12:10:00,,,2,1,Chordata,Actinopterygii,Perciformes,Gobiidae,Rhinogobiops nicholsii,Rhinogobiops nicholsii,10,5,93.4271,POINT (-125.30999755859375 48.880001068115234)
ep_m2_cryptic_fish_public_data.fid-1acd095e_191e9c2e144_-58dd,923401202,Canada,British Columbia,"Oregon, Washington, Vancouver Coast and Shelf",Temperate Northern Pacific,Vancouver Island,BMSC15,Raymond Kelp Rock,48.88,-125.31,2022-04-26,7.5,RLS,3,12:10:00,,,2,1,Chordata,Actinopterygii,Perciformes,Gobiidae,Rhinogobiops nicholsii,Rhinogobiops nicholsii,12.5,1,36.9044,POINT (-125.30999755859375 48.880001068115234)
ep_m2_cryptic_fish_public_data.fid-1acd095e_191e9c2e144_-58dc,923401202,Canada,British Columbia,"Oregon, Washington, Vancouver Coast and Shelf",Temperate Northern Pacific,Vancouver Island,BMSC15,Raymond Kelp Rock,48.88,-125.31,2022-04-26,7.5,RLS,3,12:10:00,,,2,1,Chordata,Actinopterygii,Perciformes,Gobiidae,Rhinogobiops nicholsii,Rhinogobiops nicholsii,15,1,64.3548,POINT (-125.30999755859375 48.880001068115234)
ep_m2_cryptic_fish_public_data.fid-1acd095e_191e9c2e144_-58db,923400139,Canada,British Columbia,"Oregon, Washington, Vancouver Coast and Shelf",Temperate Northern Pacific,Vancouver Island,BMSC13,Effingham West,48.87,-125.31,2021-05-04,4.8,RLS,4,10:30:00,,,2,1,Chordata,Actinopterygii,Perciformes,Gobiidae,Rhinogobiops nicholsii,Rhinogobiops nicholsii,2.5,9,2.4517,POINT (-125.30999755859375 48.869998931884766)
ep_m2_cryptic_fish_public_data.fid-1acd095e_191e9c2e144_-58da,923400139,Canada,British Columbia,"Oregon, Washington, Vancouver Coast and Shelf",Temperate Northern Pacific,Vancouver Island,BMSC13,Effingham West,48.87,-125.31,2021-05-04,4.8,RLS,4,10:30:00,,,2,1,Chordata,Actinopterygii,Perciformes,Gobiidae,Rhinogobiops nicholsii,Rhinogobiops nicholsii,5,10,22.5612,POINT (-125.30999755859375 48.869998931884766)
ep_m2_cryptic_fish_public_data.fid-1acd095e_191e9c2e144_-58d9,923400139,Canada,British Columbia,"Oregon, Washington, Vancouver Coast and Shelf",Temperate Northern Pacific,Vancouver Island,BMSC13,Effingham West,48.87,-125.31,2021-05-04,4.8,RLS,4,10:30:00,,,2,1,Chordata,Actinopterygii,Perciformes,Gobiidae,Rhinogobiops nicholsii,Rhinogobiops nicholsii,7.5,14,108.7847,POINT (-125.30999755859375 48.869998931884766)
ep_m2_cryptic_fish_public_data.fid-1acd095e_191e9c2e144_-58d8,923400139,Canada,British Columbia,"Oregon, Washington, Vancouver Coast and Shelf",Temperate Northern Pacific,Vancouver Island,BMSC13,Effingham West,48.87,-125.31,2021-05-04,4.8,RLS,4,10:30:00,,,2,1,Chordata,Actinopterygii,Perciformes,Gobiidae,Rhinogobiops nicholsii,Rhinogobiops nicholsii,10,14,261.5959,POINT (-125.30999755859375 48.869998931884766)
ep_m2_cryptic_fish_public_data.fid-1acd095e_191e9c2e144_-58d7,923400139,Canada,British Columbia,"Oregon, Washington, Vancouver Coast and Shelf",Temperate Northern Pacific,Vancouver Island,BMSC13,Effingham West,48.87,-125.31,2021-05-04,4.8,RLS,4,10:30:00,,,2,1,Chordata,Actinopterygii,Perciformes,Gobiidae,Rhinogobiops nicholsii,Rhinogobiops nicholsii,12.5,16,590.4708,POINT (-125.30999755859375 48.869998931884766)
ep_m2_cryptic_fish_public_data.fid-1acd095e_191e9c2e144_-58d6,923400139,Canada,British Columbia,"Oregon, Washington, Vancouver Coast and Shelf",Temperate Northern Pacific,Vancouver Island,BMSC13,Effingham West,48.87,-125.31,2021-05-04,4.8,RLS,4,10:30:00,,,2,1,Chordata,Actinopterygii,Perciformes,Gobiidae,Rhinogobiops nicholsii,Rhinogobiops nicholsii,15,12,772.2582,POINT (-125.30999755859375 48.869998931884766)
ep_m2_cryptic_fish_public_data.fid-1acd095e_191e9c2e144_-58d5,923400139,Canada,British Columbia,"Oregon, Washington, Vancouver Coast and Shelf",Temperate Northern Pacific,Vancouver Island,BMSC13,Effingham West,48.87,-125.31,2021-05-04,4.8,RLS,4,10:30:00,,,2,1,Chordata,Actinopterygii,Scorpaeniformes,Cottidae,Jordania zonope,Jordania zonope,7.5,1,6.8672,POINT (-125.30999755859375 48.869998931884766)
ep_m2_cryptic_fish_public_data.fid-1acd095e_191e9c2e144_-58d4,923400139,Canada,British Columbia,"Oregon, Washington, Vancouver Coast and Shelf",Temperate Northern Pacific,Vancouver Island,BMSC13,Effingham West,48.87,-125.31,2021-05-04,4.8,RLS,4,10:30:00,,,2,1,Chordata,Actinopterygii,Scorpaeniformes,Cottidae,Jordania zonope,Jordania zonope,12.5,1,33.9755,POINT (-125.30999755859375 48.869998931884766)
ep_m2_cryptic_fish_public_data.fid-1acd095e_191e9c2e144_-58d3,923400139,Canada,British Columbia,"Oregon, Washington, Vancouver Coast and Shelf",Temperate Northern Pacific,Vancouver Island,BMSC13,Effingham West,48.87,-125.31,2021-05-04,4.8,RLS,4,10:30:00,,,2,2,Chordata,Actinopterygii,Perciformes,Gobiidae,Rhinogobiops nicholsii,Rhinogobiops nicholsii,2.5,5,1.362,POINT (-125.30999755859375 48.869998931884766)
ep_m2_cryptic_fish_public_data.fid-1acd095e_191e9c2e144_-58d2,923400139,Canada,British Columbia,"Oregon, Washington, Vancouver Coast and Shelf",Temperate Northern Pacific,Vancouver Island,BMSC13,Effingham West,48.87,-125.31,2021-05-04,4.8,RLS,4,10:30:00,,,2,2,Chordata,Actinopterygii,Perciformes,Gobiidae,Rhinogobiops nicholsii,Rhinogobiops nicholsii,5,3,6.7683,POINT (-125.30999755859375 48.869998931884766)
ep_m2_cryptic_fish_public_data.fid-1acd095e_191e9c2e144_-58d1,923400139,Canada,British Columbia,"Oregon, Washington, Vancouver Coast and Shelf",Temperate Northern Pacific,Vancouver Island,BMSC13,Effingham West,48.87,-125.31,2021-05-04,4.8,RLS,4,10:30:00,,,2,2,Chordata,Actinopterygii,Perciformes,Gobiidae,Rhinogobiops nicholsii,Rhinogobiops nicholsii,7.5,14,108.7847,POINT (-125.30999755859375 48.869998931884766)
ep_m2_cryptic_fish_public_data.fid-1acd095e_191e9c2e144_-58d0,923400139,Canada,British Columbia,"Oregon, Washington, Vancouver Coast and Shelf",Temperate Northern Pacific,Vancouver Island,BMSC13,Effingham West,48.87,-125.31,2021-05-04,4.8,RLS,4,10:30:00,,,2,2,Chordata,Actinopterygii,Perciformes,Gobiidae,Rhinogobiops nicholsii,Rhinogobiops nicholsii,10,18,336.3376,POINT (-125.30999755859375 48.869998931884766)
ep_m2_cryptic_fish_public_data.fid-1acd095e_191e9c2e144_-58cf,923400139,Canada,British Columbia,"Oregon, Washington, Vancouver Coast and Shelf",Temperate Northern Pacific,Vancouver Island,BMSC13,Effingham West,48.87,-125.31,2021-05-04,4.8,RLS,4,10:30:00,,,2,2,Chordata,Actinopterygii,Perciformes,Gobiidae,Rhinogobiops nicholsii,Rhinogobiops nicholsii,12.5,5,184.5221,POINT (-125.30999755859375 48.869998931884766)
ep_m2_cryptic_fish_public_data.fid-1acd095e_191e9c2e144_-58ce,923400139,Canada,British Columbia,"Oregon, Washington, Vancouver Coast and Shelf",Temperate Northern Pacific,Vancouver Island,BMSC13,Effingham West,48.87,-125.31,2021-05-04,4.8,RLS,4,10:30:00,,,2,2,Chordata,Actinopterygii,Perciformes,Gobiidae,Rhinogobiops nicholsii,Rhinogobiops nicholsii,15,1,64.3548,POINT (-125.30999755859375 48.869998931884766)
ep_m2_cryptic_fish_public_data.fid-1acd095e_191e9c2e144_-58cd,923400139,Canada,British Columbia,"Oregon, Washington, Vancouver Coast and Shelf",Temperate Northern Pacific,Vancouver Island,BMSC13,Effingham West,48.87,-125.31,2021-05-04,4.8,RLS,4,10:30:00,,,2,2,Chordata,Actinopterygii,Scorpaeniformes,Cottidae,Jordania zonope,Jordania zonope,10,1,16.8981,POINT (-125.30999755859375 48.869998931884766)
ep_m2_cryptic_fish_public_data.fid-1acd095e_191e9c2e144_-58cc,923401182,Canada,British Columbia,"Oregon, Washington, Vancouver Coast and Shelf",Temperate Northern Pacific,Vancouver Island,BMSC13,Effingham West,48.87,-125.31,2022-04-26,4.5,RLS,2,10:20:00,,,2,2,Chordata,Actinopterygii,Perciformes,Gobiidae,Rhinogobiops nicholsii,Rhinogobiops nicholsii,5,2,4.5122,POINT (-125.30999755859375 48.869998931884766)
ep_m2_cryptic_fish_public_data.fid-1acd095e_191e9c2e144_-58cb,923401182,Canada,British Columbia,"Oregon, Washington, Vancouver Coast and Shelf",Temperate Northern Pacific,Vancouver Island,BMSC13,Effingham West,48.87,-125.31,2022-04-26,4.5,RLS,2,10:20:00,,,2,2,Chordata,Actinopterygii,Perciformes,Gobiidae,Rhinogobiops nicholsii,Rhinogobiops nicholsii,7.5,7,54.3924,POINT (-125.30999755859375 48.869998931884766)
ep_m2_cryptic_fish_public_data.fid-1acd095e_191e9c2e144_-58ca,923401182,Canada,British Columbia,"Oregon, Washington, Vancouver Coast and Shelf",Temperate Northern Pacific,Vancouver Island,BMSC13,Effingham West,48.87,-125.31,2022-04-26,4.5,RLS,2,10:20:00,,,2,2,Chordata,Actinopterygii,Perciformes,Gobiidae,Rhinogobiops nicholsii,Rhinogobiops nicholsii,10,2,37.3708,POINT (-125.30999755859375 48.869998931884766)
ep_m2_cryptic_fish_public_data.fid-1acd095e_191e9c2e144_-58c9,923401182,Canada,British Columbia,"Oregon, Washington, Vancouver Coast and Shelf",Temperate Northern Pacific,Vancouver Island,BMSC13,Effingham West,48.87,-125.31,2022-04-26,4.5,RLS,2,10:20:00,,,2,2,Chordata,Actinopterygii,Perciformes,Gobiidae,Rhinogobiops nicholsii,Rhinogobiops nicholsii,12.5,1,36.9044,POINT (-125.30999755859375 48.869998931884766)
ep_m2_cryptic_fish_public_data.fid-1acd095e_191e9c2e144_-58c8,923401182,Canada,British Columbia,"Oregon, Washington, Vancouver Coast and Shelf",Temperate Northern Pacific,Vancouver Island,BMSC13,Effingham West,48.87,-125.31,2022-04-26,4.5,RLS,2,10:20:00,,,2,1,Chordata,Actinopterygii,Perciformes,Gobiidae,Rhinogobiops nicholsii,Rhinogobiops nicholsii,5,2,4.5122,POINT (-125.30999755859375 48.869998931884766)
ep_m2_cryptic_fish_public_data.fid-1acd095e_191e9c2e144_-58c7,923401182,Canada,British Columbia,"Oregon, Washington, Vancouver Coast and Shelf",Temperate Northern Pacific,Vancouver Island,BMSC13,Effingham West,48.87,-125.31,2022-04-26,4.5,RLS,2,10:20:00,,,2,1,Chordata,Actinopterygii,Perciformes,Gobiidae,Rhinogobiops nicholsii,Rhinogobiops nicholsii,7.5,2,15.5407,POINT (-125.30999755859375 48.869998931884766)
ep_m2_cryptic_fish_public_data.fid-1acd095e_191e9c2e144_-58c6,923401182,Canada,British Columbia,"Oregon, Washington, Vancouver Coast and Shelf",Temperate Northern Pacific,Vancouver Island,BMSC13,Effingham West,48.87,-125.31,2022-04-26,4.5,RLS,2,10:20:00,,,2,1,Chordata,Actinopterygii,Perciformes,Gobiidae,Rhinogobiops nicholsii,Rhinogobiops nicholsii,10,1,18.6854,POINT (-125.30999755859375 48.869998931884766)
ep_m2_cryptic_fish_public_data.fid-1acd095e_191e9c2e144_-58c5,923401182,Canada,British Columbia,"Oregon, Washington, Vancouver Coast and Shelf",Temperate Northern Pacific,Vancouver Island,BMSC13,Effingham West,48.87,-125.31,2022-04-26,4.5,RLS,2,10:20:00,,,2,1,Chordata,Actinopterygii,Scorpaeniformes,Cottidae,Artedius harringtoni,Artedius harringtoni,5,1,1.9303,POINT (-125.30999755859375 48.869998931884766)
ep_m2_cryptic_fish_public_data.fid-1acd095e_191e9c2e144_-58c4,923401182,Canada,British Columbia,"Oregon, Washington, Vancouver Coast and Shelf",Temperate Northern Pacific,Vancouver Island,BMSC13,Effingham West,48.87,-125.31,2022-04-26,4.5,RLS,2,10:20:00,,,2,1,Chordata,Actinopterygii,Scorpaeniformes,Cottidae,Jordania zonope,Jordania zonope,5,1,1.9303,POINT (-125.30999755859375 48.869998931884766)
ep_m2_cryptic_fish_public_data.fid-1acd095e_191e9c2e144_-58c3,923401182,Canada,British Columbia,"Oregon, Washington, Vancouver Coast and Shelf",Temperate Northern Pacific,Vancouver Island,BMSC13,Effingham West,48.87,-125.31,2022-04-26,4.5,RLS,2,10:20:00,,,2,1,Chordata,Actinopterygii,Scorpaeniformes,Cottidae,Jordania zonope,Jordania zonope,10,1,16.8981,POINT (-125.30999755859375 48.869998931884766)
