# data_column_name,cf_standard_name,long_name,imos_vocabulary_name,unit_name,unit_short_name
# abundance,number_concentration_of_biological_taxon_in_sea_water,taxonomic level abundance,Abundance of biota,,
# area,,state/territory where the survey was conducted,,,
# avg_rugosity,,average roughness of the floor surface,,,
# biomass,,estimated biomass,,Grams,g
# block,,number of the block ,,,
# category,,sub-class of the annotation schema,,,
# class,biological_taxon_name,identification of the biotic elements to the scientific classification group,Biotic taxonomic identification,,
# common_class_name,,common name of the taxonomic rank,,,
# common_family_name,,common name of the taxonomic rank,,,
# common_name,,common name of the taxonomic rank,,,
# common_phylum_name,,common name of the taxonomic rank,,,
# country,,country where the survey was conducted,,,
# currents,,currents index,,,
# depth,depth,,Depth below surface of the water body,Metres,m                                                                                                             
# direction,,compass direction,True bearing,,
# ecoregion,,ecological region where the survey was conducted,,,
# family,biological_taxon_name,identification of the biotic elements to the scientific classification group,Biotic taxonomic identification,,
# frequency,,rarity index frequency of the species,,,
# genus,biological_taxon_name,identification of the biotic elements to the scientific classification group,Biotic taxonomic identification,,
# has pqs catalogued in db,,survey has Photos Quadrats catalogued in database,,,
# has pq scores in db,,survey has Photo Quadrat scores in database,,,
# has rugosity scores in db,,survey has rugosity scores in database,,,
# hour,time,local time of sample collection,,,
# latest surveydate for site,,latest survey date at the site,,,
# latitude,latitude,,Latitude north,Degrees,deg                                                                                                           
# lat_zone,,latitudinal zone (eg. tropical/temperate/polar),,,
# location,,city/council where the survey was conducted,,,
# longitude,longitude,,Longitude east,Degrees,deg                                                                                                           
# major_category,,class of the annotation schema,,,
# max_length,,maximum length of the species,,Centimetres,cm
# max_rugosity,,maximum roughness of the floor surface,,,
# method,,identifier for method applied to collect the observation,,,
# methods,,list of methods applied to collect the survey observations,,,
# mpa,,Marine Protected Area,,,
# num_points,,number of points associated to the observed item,,,
# old_site_codes,,previous codes of the site, now updated to [site_code],,,
# order,biological_taxon_name,identification of the biotic elements to the scientific classification group,Biotic taxonomic identification,,
# percent_cover,,percentage of the surface covered by the observed item,,Percent,%                                                                                                             
# phylum,biological_taxon_name,identification of the biotic elements to the scientific classification group,Biotic taxonomic identification,,
# pq_zip_url,,url for the Photo Quadrat zip file,,,
# program,,acronym identifying the program(s) - RLS or ATRC,,,
# programs,,acronym identifying the program(s) - RLS or ATRC,,,
# province,,ecological province where the survey was collected,,,
# quadrat,,Quadrat number,,,
# range,,rarity index range of the species,,Kilometres,km
# realm,,realm where the survey was conducted,,,
# recorded_species_name,biological_taxon_name,identification of the biotic elements to the scientific classification group,Biotic taxonomic identification,,
# relief,,relief index,,,
# reporting_name,,reporting name for the observed species,,,
# resolution,,annotation schema,,,
# site_code,,code for the survey site,,,
# site_name,,name of the survey site,,,
# size_class,,size class,,Centimetres,cm
# slope,,slope index,,,
# species_id,,species identifier,,,
# species_name,biological_taxon_name,identification of the biotic elements to the scientific classification group,Biotic taxonomic identification,,
# superseded_ids,,species identifier of the superseded species,,,
# superseded_names,,name of the superseded species,,,
# surface,,type of substrate,,,
# survey_date,,local date,,Date,yyyy-mm-dd
# survey_id,,survey identification number,,,
# survey_latitude,latitude,,Latitude north,Degrees,deg                                                                                                           
# survey_longitude,longitude,,Longitude east,Degrees,deg                                                                                                           
# survey_notes,,additional notes about the survey,,,
# taxon,biological_taxon_name,identification of the biotic elements to the scientific classification group,Biotic taxonomic identification,,
# total,,total number of observations,,,
# total_points,,total number of point counted in the Quadrat,,,
# visibility,,the distance in water at which something can be seen,,Metres,m                                                                                                             
# wave_exposure,,wave exposure index,,,

FID,survey_id,country,area,ecoregion,realm,location,site_code,site_name,latitude,longitude,survey_date,depth,program,visibility,hour,survey_latitude,survey_longitude,method,block,phylum,class,order,family,species_name,reporting_name,size_class,total,biomass,geom
ep_m1_public_data.fid-1acd095e_191e9a83fd6_bfb,923400146,Canada,British Columbia,"Oregon, Washington, Vancouver Coast and Shelf",Temperate Northern Pacific,Vancouver Island,BMSC2,Kirby,48.85,-125.2,2021-04-27,4.5,RLS,4,10:30:00,,,1,1,Chordata,Actinopterygii,Perciformes,Gobiidae,Rhinogobiops nicholsii,Rhinogobiops nicholsii,12.5,1,36.9044,POINT (-125.19999694824219 48.849998474121094)
ep_m1_public_data.fid-1acd095e_191e9a83fd6_bfc,923400146,Canada,British Columbia,"Oregon, Washington, Vancouver Coast and Shelf",Temperate Northern Pacific,Vancouver Island,BMSC2,Kirby,48.85,-125.2,2021-04-27,4.5,RLS,4,10:30:00,,,1,1,Chordata,Actinopterygii,Perciformes,Hexagrammidae,Hexagrammos decagrammus,Hexagrammos decagrammus,7.5,1,7.7132,POINT (-125.19999694824219 48.849998474121094)
ep_m1_public_data.fid-1acd095e_191e9a83fd6_bfd,923400146,Canada,British Columbia,"Oregon, Washington, Vancouver Coast and Shelf",Temperate Northern Pacific,Vancouver Island,BMSC2,Kirby,48.85,-125.2,2021-04-27,4.5,RLS,4,10:30:00,,,1,1,Chordata,Actinopterygii,Perciformes,Hexagrammidae,Hexagrammos decagrammus,Hexagrammos decagrammus,10,3,56.7762,POINT (-125.19999694824219 48.849998474121094)
ep_m1_public_data.fid-1acd095e_191e9a83fd6_bfe,923400146,Canada,British Columbia,"Oregon, Washington, Vancouver Coast and Shelf",Temperate Northern Pacific,Vancouver Island,BMSC2,Kirby,48.85,-125.2,2021-04-27,4.5,RLS,4,10:30:00,,,1,1,Chordata,Actinopterygii,Perciformes,Hexagrammidae,Hexagrammos decagrammus,Hexagrammos decagrammus,12.5,1,37.9668,POINT (-125.19999694824219 48.849998474121094)
ep_m1_public_data.fid-1acd095e_191e9a83fd6_bff,923400146,Canada,British Columbia,"Oregon, Washington, Vancouver Coast and Shelf",Temperate Northern Pacific,Vancouver Island,BMSC2,Kirby,48.85,-125.2,2021-04-27,4.5,RLS,4,10:30:00,,,1,1,Chordata,Actinopterygii,Perciformes,Hexagrammidae,Hexagrammos decagrammus,Hexagrammos decagrammus,15,1,67.0579,POINT (-125.19999694824219 48.849998474121094)
ep_m1_public_data.fid-1acd095e_191e9a83fd6_c00,923400146,Canada,British Columbia,"Oregon, Washington, Vancouver Coast and Shelf",Temperate Northern Pacific,Vancouver Island,BMSC2,Kirby,48.85,-125.2,2021-04-27,4.5,RLS,4,10:30:00,,,1,1,Chordata,Actinopterygii,Perciformes,Hexagrammidae,Hexagrammos decagrammus,Hexagrammos decagrammus,20,3,450.0609,POINT (-125.19999694824219 48.849998474121094)
ep_m1_public_data.fid-1acd095e_191e9a83fd6_c01,923400146,Canada,British Columbia,"Oregon, Washington, Vancouver Coast and Shelf",Temperate Northern Pacific,Vancouver Island,BMSC2,Kirby,48.85,-125.2,2021-04-27,4.5,RLS,4,10:30:00,,,1,1,Chordata,Actinopterygii,Perciformes,Hexagrammidae,Hexagrammos decagrammus,Hexagrammos decagrammus,25,1,232.1561,POINT (-125.19999694824219 48.849998474121094)
ep_m1_public_data.fid-1acd095e_191e9a83fd6_c02,923400146,Canada,British Columbia,"Oregon, Washington, Vancouver Coast and Shelf",Temperate Northern Pacific,Vancouver Island,BMSC2,Kirby,48.85,-125.2,2021-04-27,4.5,RLS,4,10:30:00,,,1,1,Chordata,Actinopterygii,Scorpaeniformes,Hexagrammidae,Ophiodon elongatus,Ophiodon elongatus,35,1,231.3251,POINT (-125.19999694824219 48.849998474121094)
ep_m1_public_data.fid-1acd095e_191e9a83fd6_c03,923400146,Canada,British Columbia,"Oregon, Washington, Vancouver Coast and Shelf",Temperate Northern Pacific,Vancouver Island,BMSC2,Kirby,48.85,-125.2,2021-04-27,4.5,RLS,4,10:30:00,,,1,1,Chordata,Actinopterygii,Scorpaeniformes,Hexagrammidae,Oxylebius pictus,Oxylebius pictus,10,1,21.4147,POINT (-125.19999694824219 48.849998474121094)
ep_m1_public_data.fid-1acd095e_191e9a83fd6_c04,923400146,Canada,British Columbia,"Oregon, Washington, Vancouver Coast and Shelf",Temperate Northern Pacific,Vancouver Island,BMSC2,Kirby,48.85,-125.2,2021-04-27,4.5,RLS,4,10:30:00,,,1,1,Chordata,Actinopterygii,Scorpaeniformes,Sebastidae,Sebastes melanops,Sebastes melanops,10,1,21.0804,POINT (-125.19999694824219 48.849998474121094)
ep_m1_public_data.fid-1acd095e_191e9a83fd6_c05,923400146,Canada,British Columbia,"Oregon, Washington, Vancouver Coast and Shelf",Temperate Northern Pacific,Vancouver Island,BMSC2,Kirby,48.85,-125.2,2021-04-27,4.5,RLS,4,10:30:00,,,1,1,Chordata,Actinopterygii,Scorpaeniformes,Sebastidae,Sebastes melanops,Sebastes melanops,12.5,2,83.8284,POINT (-125.19999694824219 48.849998474121094)
ep_m1_public_data.fid-1acd095e_191e9a83fd6_c06,923400146,Canada,British Columbia,"Oregon, Washington, Vancouver Coast and Shelf",Temperate Northern Pacific,Vancouver Island,BMSC2,Kirby,48.85,-125.2,2021-04-27,4.5,RLS,4,10:30:00,,,1,1,Chordata,Actinopterygii,Scorpaeniformes,Sebastidae,Sebastes melanops,Sebastes melanops,15,3,220.4756,POINT (-125.19999694824219 48.849998474121094)
ep_m1_public_data.fid-1acd095e_191e9a83fd6_c07,923400146,Canada,British Columbia,"Oregon, Washington, Vancouver Coast and Shelf",Temperate Northern Pacific,Vancouver Island,BMSC2,Kirby,48.85,-125.2,2021-04-27,4.5,RLS,4,10:30:00,,,1,1,Chordata,Actinopterygii,Scorpaeniformes,Sebastidae,Sebastes melanops,Sebastes melanops,20,1,162.7257,POINT (-125.19999694824219 48.849998474121094)
ep_m1_public_data.fid-1acd095e_191e9a83fd6_c08,923400146,Canada,British Columbia,"Oregon, Washington, Vancouver Coast and Shelf",Temperate Northern Pacific,Vancouver Island,BMSC2,Kirby,48.85,-125.2,2021-04-27,4.5,RLS,4,10:30:00,,,1,1,Chordata,Actinopterygii,Scorpaeniformes,Sebastidae,Sebastes spp.,Sebastes spp.,7.5,1,10.3518,POINT (-125.19999694824219 48.849998474121094)
ep_m1_public_data.fid-1acd095e_191e9a83fd6_c09,923400146,Canada,British Columbia,"Oregon, Washington, Vancouver Coast and Shelf",Temperate Northern Pacific,Vancouver Island,BMSC2,Kirby,48.85,-125.2,2021-04-27,4.5,RLS,4,10:30:00,,,1,2,Chordata,Actinopterygii,Perciformes,Hexagrammidae,Hexagrammos decagrammus,Hexagrammos decagrammus,7.5,1,7.7132,POINT (-125.19999694824219 48.849998474121094)
ep_m1_public_data.fid-1acd095e_191e9a83fd6_c0a,923400146,Canada,British Columbia,"Oregon, Washington, Vancouver Coast and Shelf",Temperate Northern Pacific,Vancouver Island,BMSC2,Kirby,48.85,-125.2,2021-04-27,4.5,RLS,4,10:30:00,,,1,2,Chordata,Actinopterygii,Perciformes,Hexagrammidae,Hexagrammos decagrammus,Hexagrammos decagrammus,10,4,75.7016,POINT (-125.19999694824219 48.849998474121094)
ep_m1_public_data.fid-1acd095e_191e9a83fd6_c0b,923400146,Canada,British Columbia,"Oregon, Washington, Vancouver Coast and Shelf",Temperate Northern Pacific,Vancouver Island,BMSC2,Kirby,48.85,-125.2,2021-04-27,4.5,RLS,4,10:30:00,,,1,2,Chordata,Actinopterygii,Perciformes,Hexagrammidae,Hexagrammos decagrammus,Hexagrammos decagrammus,12.5,4,151.8673,POINT (-125.19999694824219 48.849998474121094)
ep_m1_public_data.fid-1acd095e_191e9a83fd6_c0c,923400146,Canada,British Columbia,"Oregon, Washington, Vancouver Coast and Shelf",Temperate Northern Pacific,Vancouver Island,BMSC2,Kirby,48.85,-125.2,2021-04-27,4.5,RLS,4,10:30:00,,,1,2,Chordata,Actinopterygii,Perciformes,Hexagrammidae,Hexagrammos decagrammus,Hexagrammos decagrammus,15,4,268.2315,POINT (-125.19999694824219 48.849998474121094)
ep_m1_public_data.fid-1acd095e_191e9a83fd6_c0d,923400146,Canada,British Columbia,"Oregon, Washington, Vancouver Coast and Shelf",Temperate Northern Pacific,Vancouver Island,BMSC2,Kirby,48.85,-125.2,2021-04-27,4.5,RLS,4,10:30:00,,,1,2,Chordata,Actinopterygii,Perciformes,Hexagrammidae,Hexagrammos decagrammus,Hexagrammos decagrammus,20,3,450.0609,POINT (-125.19999694824219 48.849998474121094)
ep_m1_public_data.fid-1acd095e_191e9a83fd6_c0e,923400146,Canada,British Columbia,"Oregon, Washington, Vancouver Coast and Shelf",Temperate Northern Pacific,Vancouver Island,BMSC2,Kirby,48.85,-125.2,2021-04-27,4.5,RLS,4,10:30:00,,,1,2,Chordata,Actinopterygii,Scorpaeniformes,Hexagrammidae,Oxylebius pictus,Oxylebius pictus,10,1,21.4147,POINT (-125.19999694824219 48.849998474121094)
ep_m1_public_data.fid-1acd095e_191e9a83fd6_c0f,923400146,Canada,British Columbia,"Oregon, Washington, Vancouver Coast and Shelf",Temperate Northern Pacific,Vancouver Island,BMSC2,Kirby,48.85,-125.2,2021-04-27,4.5,RLS,4,10:30:00,,,1,2,Chordata,Actinopterygii,Scorpaeniformes,Sebastidae,Sebastes melanops,Sebastes melanops,5,1,2.4929,POINT (-125.19999694824219 48.849998474121094)
ep_m1_public_data.fid-1acd095e_191e9a83fd6_c10,923400146,Canada,British Columbia,"Oregon, Washington, Vancouver Coast and Shelf",Temperate Northern Pacific,Vancouver Island,BMSC2,Kirby,48.85,-125.2,2021-04-27,4.5,RLS,4,10:30:00,,,1,2,Chordata,Actinopterygii,Scorpaeniformes,Sebastidae,Sebastes melanops,Sebastes melanops,7.5,3,26.0728,POINT (-125.19999694824219 48.849998474121094)
ep_m1_public_data.fid-1acd095e_191e9a83fd6_c11,923400146,Canada,British Columbia,"Oregon, Washington, Vancouver Coast and Shelf",Temperate Northern Pacific,Vancouver Island,BMSC2,Kirby,48.85,-125.2,2021-04-27,4.5,RLS,4,10:30:00,,,1,2,Chordata,Actinopterygii,Scorpaeniformes,Sebastidae,Sebastes melanops,Sebastes melanops,10,1,21.0804,POINT (-125.19999694824219 48.849998474121094)
ep_m1_public_data.fid-1acd095e_191e9a83fd6_c12,923400146,Canada,British Columbia,"Oregon, Washington, Vancouver Coast and Shelf",Temperate Northern Pacific,Vancouver Island,BMSC2,Kirby,48.85,-125.2,2021-04-27,4.5,RLS,4,10:30:00,,,1,2,Chordata,Actinopterygii,Scorpaeniformes,Sebastidae,Sebastes melanops,Sebastes melanops,12.5,1,41.9142,POINT (-125.19999694824219 48.849998474121094)
ep_m1_public_data.fid-1acd095e_191e9a83fd6_c13,923402235,Canada,British Columbia,"Oregon, Washington, Vancouver Coast and Shelf",Temperate Northern Pacific,Vancouver Island,BMSC2,Kirby,48.85,-125.2,2023-05-09,7,RLS,2,13:30:00,,,1,2,Chordata,Actinopterygii,Perciformes,Hexagrammidae,Hexagrammos decagrammus,Hexagrammos decagrammus,25,1,232.1561,POINT (-125.19999694824219 48.849998474121094)
ep_m1_public_data.fid-1acd095e_191e9a83fd6_c14,923402235,Canada,British Columbia,"Oregon, Washington, Vancouver Coast and Shelf",Temperate Northern Pacific,Vancouver Island,BMSC2,Kirby,48.85,-125.2,2023-05-09,7,RLS,2,13:30:00,,,1,2,Chordata,Actinopterygii,,,Actinopterygii spp.,Actinopterygii spp.,2.5,80,33.8379,POINT (-125.19999694824219 48.849998474121094)
ep_m1_public_data.fid-1acd095e_191e9a83fd6_c15,923402235,Canada,British Columbia,"Oregon, Washington, Vancouver Coast and Shelf",Temperate Northern Pacific,Vancouver Island,BMSC2,Kirby,48.85,-125.2,2023-05-09,7,RLS,2,13:30:00,,,1,1,Chordata,Actinopterygii,Perciformes,Hexagrammidae,Hexagrammos decagrammus,Hexagrammos decagrammus,20,2,300.0406,POINT (-125.19999694824219 48.849998474121094)
ep_m1_public_data.fid-1acd095e_191e9a83fd6_c16,923402235,Canada,British Columbia,"Oregon, Washington, Vancouver Coast and Shelf",Temperate Northern Pacific,Vancouver Island,BMSC2,Kirby,48.85,-125.2,2023-05-09,7,RLS,2,13:30:00,,,1,1,Chordata,Actinopterygii,Perciformes,Hexagrammidae,Hexagrammos decagrammus,Hexagrammos decagrammus,25,3,696.4684,POINT (-125.19999694824219 48.849998474121094)
ep_m1_public_data.fid-1acd095e_191e9a83fd6_c17,923400151,Canada,British Columbia,"Oregon, Washington, Vancouver Coast and Shelf",Temperate Northern Pacific,Vancouver Island,BMSC17,Wouwer Channel,48.87,-125.36,2021-05-05,5,RLS,3,12:45:00,,,1,2,Chordata,Actinopterygii,Perciformes,Embiotocidae,Rhacochilus vacca,Rhacochilus vacca,12.5,1,69.4696,POINT (-125.36000061035156 48.869998931884766)
ep_m1_public_data.fid-1acd095e_191e9a83fd6_c18,923400151,Canada,British Columbia,"Oregon, Washington, Vancouver Coast and Shelf",Temperate Northern Pacific,Vancouver Island,BMSC17,Wouwer Channel,48.87,-125.36,2021-05-05,5,RLS,3,12:45:00,,,1,2,Chordata,Actinopterygii,Perciformes,Hexagrammidae,Hexagrammos decagrammus,Hexagrammos decagrammus,15,1,67.0579,POINT (-125.36000061035156 48.869998931884766)
ep_m1_public_data.fid-1acd095e_191e9a83fd6_c19,923400151,Canada,British Columbia,"Oregon, Washington, Vancouver Coast and Shelf",Temperate Northern Pacific,Vancouver Island,BMSC17,Wouwer Channel,48.87,-125.36,2021-05-05,5,RLS,3,12:45:00,,,1,2,Chordata,Actinopterygii,Perciformes,Hexagrammidae,Hexagrammos decagrammus,Hexagrammos decagrammus,30,1,344.0053,POINT (-125.36000061035156 48.869998931884766)
ep_m1_public_data.fid-1acd095e_191e9a83fd6_c1a,923400151,Canada,British Columbia,"Oregon, Washington, Vancouver Coast and Shelf",Temperate Northern Pacific,Vancouver Island,BMSC17,Wouwer Channel,48.87,-125.36,2021-05-05,5,RLS,3,12:45:00,,,1,2,Chordata,Actinopterygii,Scorpaeniformes,Sebastidae,Sebastes melanops,Sebastes melanops,15,5,367.4593,POINT (-125.36000061035156 48.869998931884766)
ep_m1_public_data.fid-1acd095e_191e9a83fd6_c1b,923400151,Canada,British Columbia,"Oregon, Washington, Vancouver Coast and Shelf",Temperate Northern Pacific,Vancouver Island,BMSC17,Wouwer Channel,48.87,-125.36,2021-05-05,5,RLS,3,12:45:00,,,1,2,Chordata,Actinopterygii,Scorpaeniformes,Sebastidae,Sebastes melanops,Sebastes melanops,20,2,325.4514,POINT (-125.36000061035156 48.869998931884766)
ep_m1_public_data.fid-1acd095e_191e9a83fd6_c1c,923400151,Canada,British Columbia,"Oregon, Washington, Vancouver Coast and Shelf",Temperate Northern Pacific,Vancouver Island,BMSC17,Wouwer Channel,48.87,-125.36,2021-05-05,5,RLS,3,12:45:00,,,1,1,Chordata,Actinopterygii,Perciformes,Gobiidae,Rhinogobiops nicholsii,Rhinogobiops nicholsii,10,1,18.6854,POINT (-125.36000061035156 48.869998931884766)
ep_m1_public_data.fid-1acd095e_191e9a83fd6_c1d,923400151,Canada,British Columbia,"Oregon, Washington, Vancouver Coast and Shelf",Temperate Northern Pacific,Vancouver Island,BMSC17,Wouwer Channel,48.87,-125.36,2021-05-05,5,RLS,3,12:45:00,,,1,1,Chordata,Actinopterygii,Scorpaeniformes,Hexagrammidae,Ophiodon elongatus,Ophiodon elongatus,62.5,1,1202.7167,POINT (-125.36000061035156 48.869998931884766)
ep_m1_public_data.fid-1acd095e_191e9a83fd6_c1e,923400151,Canada,British Columbia,"Oregon, Washington, Vancouver Coast and Shelf",Temperate Northern Pacific,Vancouver Island,BMSC17,Wouwer Channel,48.87,-125.36,2021-05-05,5,RLS,3,12:45:00,,,1,1,Chordata,Actinopterygii,Scorpaeniformes,Sebastidae,Sebastes melanops,Sebastes melanops,20,1,162.7257,POINT (-125.36000061035156 48.869998931884766)
ep_m1_public_data.fid-1acd095e_191e9a83fd6_c1f,923401183,Canada,British Columbia,"Oregon, Washington, Vancouver Coast and Shelf",Temperate Northern Pacific,Vancouver Island,BMSC17,Wouwer Channel,48.87,-125.36,2022-04-27,5,RLS,2,10:40:00,,,1,2,Chordata,Actinopterygii,Perciformes,Hexagrammidae,Hexagrammos decagrammus,Hexagrammos decagrammus,20,2,300.0406,POINT (-125.36000061035156 48.869998931884766)
ep_m1_public_data.fid-1acd095e_191e9a83fd6_c20,923401183,Canada,British Columbia,"Oregon, Washington, Vancouver Coast and Shelf",Temperate Northern Pacific,Vancouver Island,BMSC17,Wouwer Channel,48.87,-125.36,2022-04-27,5,RLS,2,10:40:00,,,1,2,Chordata,Actinopterygii,Perciformes,Hexagrammidae,Hexagrammos decagrammus,Hexagrammos decagrammus,25,1,232.1561,POINT (-125.36000061035156 48.869998931884766)
ep_m1_public_data.fid-1acd095e_191e9a83fd6_c21,923401183,Canada,British Columbia,"Oregon, Washington, Vancouver Coast and Shelf",Temperate Northern Pacific,Vancouver Island,BMSC17,Wouwer Channel,48.87,-125.36,2022-04-27,5,RLS,2,10:40:00,,,1,2,Chordata,Actinopterygii,Scorpaeniformes,Sebastidae,Sebastes spp.,Sebastes spp.,2.5,1,0.3834,POINT (-125.36000061035156 48.869998931884766)
ep_m1_public_data.fid-1acd095e_191e9a83fd6_c22,923401183,Canada,British Columbia,"Oregon, Washington, Vancouver Coast and Shelf",Temperate Northern Pacific,Vancouver Island,BMSC17,Wouwer Channel,48.87,-125.36,2022-04-27,5,RLS,2,10:40:00,,,1,2,Ctenophora,Tentaculata,Lobata,Bolinopsidae,Bolinopsis infundibulum,Bolinopsis infundibulum,0,1,,POINT (-125.36000061035156 48.869998931884766)
ep_m1_public_data.fid-1acd095e_191e9a83fd6_c23,923401183,Canada,British Columbia,"Oregon, Washington, Vancouver Coast and Shelf",Temperate Northern Pacific,Vancouver Island,BMSC17,Wouwer Channel,48.87,-125.36,2022-04-27,5,RLS,2,10:40:00,,,1,1,Chordata,Actinopterygii,Perciformes,Hexagrammidae,Hexagrammos decagrammus,Hexagrammos decagrammus,20,1,150.0203,POINT (-125.36000061035156 48.869998931884766)
ep_m1_public_data.fid-1acd095e_191e9a83fd6_c24,923401183,Canada,British Columbia,"Oregon, Washington, Vancouver Coast and Shelf",Temperate Northern Pacific,Vancouver Island,BMSC17,Wouwer Channel,48.87,-125.36,2022-04-27,5,RLS,2,10:40:00,,,1,1,Chordata,Actinopterygii,Perciformes,Hexagrammidae,Hexagrammos decagrammus,Hexagrammos decagrammus,30,1,344.0053,POINT (-125.36000061035156 48.869998931884766)
ep_m1_public_data.fid-1acd095e_191e9a83fd6_c25,923400140,Canada,British Columbia,"Oregon, Washington, Vancouver Coast and Shelf",Temperate Northern Pacific,Vancouver Island,BMSC20,Ed King East,48.84,-125.21,2021-05-06,7,RLS,2,12:20:00,,,1,2,Chordata,Actinopterygii,Perciformes,Hexagrammidae,Hexagrammos decagrammus,Hexagrammos decagrammus,25,4,928.6245,POINT (-125.20999908447266 48.84000015258789)
ep_m1_public_data.fid-1acd095e_191e9a83fd6_c26,923400140,Canada,British Columbia,"Oregon, Washington, Vancouver Coast and Shelf",Temperate Northern Pacific,Vancouver Island,BMSC20,Ed King East,48.84,-125.21,2021-05-06,7,RLS,2,12:20:00,,,1,2,Chordata,Actinopterygii,Perciformes,Hexagrammidae,Hexagrammos decagrammus,Hexagrammos decagrammus,50,1,1252.5757,POINT (-125.20999908447266 48.84000015258789)
ep_m1_public_data.fid-1acd095e_191e9a83fd6_c27,923400140,Canada,British Columbia,"Oregon, Washington, Vancouver Coast and Shelf",Temperate Northern Pacific,Vancouver Island,BMSC20,Ed King East,48.84,-125.21,2021-05-06,7,RLS,2,12:20:00,,,1,2,Chordata,Actinopterygii,Scorpaeniformes,Sebastidae,Sebastes melanops,Sebastes melanops,15,1,73.4918,POINT (-125.20999908447266 48.84000015258789)
ep_m1_public_data.fid-1acd095e_191e9a83fd6_c28,923400140,Canada,British Columbia,"Oregon, Washington, Vancouver Coast and Shelf",Temperate Northern Pacific,Vancouver Island,BMSC20,Ed King East,48.84,-125.21,2021-05-06,7,RLS,2,12:20:00,,,1,2,Chordata,Actinopterygii,Scorpaeniformes,Sebastidae,Sebastes melanops,Sebastes melanops,20,3,488.1771,POINT (-125.20999908447266 48.84000015258789)
ep_m1_public_data.fid-1acd095e_191e9a83fd6_c29,923400140,Canada,British Columbia,"Oregon, Washington, Vancouver Coast and Shelf",Temperate Northern Pacific,Vancouver Island,BMSC20,Ed King East,48.84,-125.21,2021-05-06,7,RLS,2,12:20:00,,,1,2,Chordata,Actinopterygii,Scorpaeniformes,Sebastidae,Sebastes melanops,Sebastes melanops,25,5,1252.0597,POINT (-125.20999908447266 48.84000015258789)
ep_m1_public_data.fid-1acd095e_191e9a83fd6_c2a,923400140,Canada,British Columbia,"Oregon, Washington, Vancouver Coast and Shelf",Temperate Northern Pacific,Vancouver Island,BMSC20,Ed King East,48.84,-125.21,2021-05-06,7,RLS,2,12:20:00,,,1,2,Chordata,Actinopterygii,Scorpaeniformes,Sebastidae,Sebastes melanops,Sebastes melanops,30,1,369.1905,POINT (-125.20999908447266 48.84000015258789)
ep_m1_public_data.fid-1acd095e_191e9a83fd6_c2b,923400140,Canada,British Columbia,"Oregon, Washington, Vancouver Coast and Shelf",Temperate Northern Pacific,Vancouver Island,BMSC20,Ed King East,48.84,-125.21,2021-05-06,7,RLS,2,12:20:00,,,1,2,Chordata,Actinopterygii,Scorpaeniformes,Sebastidae,Sebastes melanops,Sebastes melanops,35,2,1032.8683,POINT (-125.20999908447266 48.84000015258789)
ep_m1_public_data.fid-1acd095e_191e9a83fd6_c2c,923400140,Canada,British Columbia,"Oregon, Washington, Vancouver Coast and Shelf",Temperate Northern Pacific,Vancouver Island,BMSC20,Ed King East,48.84,-125.21,2021-05-06,7,RLS,2,12:20:00,,,1,1,Chordata,Actinopterygii,Perciformes,Hexagrammidae,Hexagrammos decagrammus,Hexagrammos decagrammus,12.5,3,113.9005,POINT (-125.20999908447266 48.84000015258789)
ep_m1_public_data.fid-1acd095e_191e9a83fd6_c2d,923400140,Canada,British Columbia,"Oregon, Washington, Vancouver Coast and Shelf",Temperate Northern Pacific,Vancouver Island,BMSC20,Ed King East,48.84,-125.21,2021-05-06,7,RLS,2,12:20:00,,,1,1,Chordata,Actinopterygii,Perciformes,Hexagrammidae,Hexagrammos decagrammus,Hexagrammos decagrammus,15,2,134.1157,POINT (-125.20999908447266 48.84000015258789)
ep_m1_public_data.fid-1acd095e_191e9a83fd6_c2e,923400140,Canada,British Columbia,"Oregon, Washington, Vancouver Coast and Shelf",Temperate Northern Pacific,Vancouver Island,BMSC20,Ed King East,48.84,-125.21,2021-05-06,7,RLS,2,12:20:00,,,1,1,Chordata,Actinopterygii,Perciformes,Hexagrammidae,Hexagrammos decagrammus,Hexagrammos decagrammus,20,2,300.0406,POINT (-125.20999908447266 48.84000015258789)
ep_m1_public_data.fid-1acd095e_191e9a83fd6_c2f,923400140,Canada,British Columbia,"Oregon, Washington, Vancouver Coast and Shelf",Temperate Northern Pacific,Vancouver Island,BMSC20,Ed King East,48.84,-125.21,2021-05-06,7,RLS,2,12:20:00,,,1,1,Chordata,Actinopterygii,Perciformes,Hexagrammidae,Hexagrammos decagrammus,Hexagrammos decagrammus,30,1,344.0053,POINT (-125.20999908447266 48.84000015258789)
ep_m1_public_data.fid-1acd095e_191e9a83fd6_c30,923400140,Canada,British Columbia,"Oregon, Washington, Vancouver Coast and Shelf",Temperate Northern Pacific,Vancouver Island,BMSC20,Ed King East,48.84,-125.21,2021-05-06,7,RLS,2,12:20:00,,,1,2,Chordata,Actinopterygii,Perciformes,Hexagrammidae,Hexagrammos decagrammus,Hexagrammos decagrammus,12.5,2,75.9337,POINT (-125.20999908447266 48.84000015258789)
ep_m1_public_data.fid-1acd095e_191e9a83fd6_c31,923400140,Canada,British Columbia,"Oregon, Washington, Vancouver Coast and Shelf",Temperate Northern Pacific,Vancouver Island,BMSC20,Ed King East,48.84,-125.21,2021-05-06,7,RLS,2,12:20:00,,,1,2,Chordata,Actinopterygii,Perciformes,Hexagrammidae,Hexagrammos decagrammus,Hexagrammos decagrammus,15,2,134.1157,POINT (-125.20999908447266 48.84000015258789)
ep_m1_public_data.fid-1acd095e_191e9a83fd6_c32,923400140,Canada,British Columbia,"Oregon, Washington, Vancouver Coast and Shelf",Temperate Northern Pacific,Vancouver Island,BMSC20,Ed King East,48.84,-125.21,2021-05-06,7,RLS,2,12:20:00,,,1,2,Chordata,Actinopterygii,Perciformes,Hexagrammidae,Hexagrammos decagrammus,Hexagrammos decagrammus,20,1,150.0203,POINT (-125.20999908447266 48.84000015258789)
ep_m1_public_data.fid-1acd095e_191e9a83fd6_c33,923401200,Canada,British Columbia,"Oregon, Washington, Vancouver Coast and Shelf",Temperate Northern Pacific,Vancouver Island,BMSC20,Ed King East,48.84,-125.21,2022-04-29,6.5,RLS,4,11:30:00,,,1,2,Chordata,Actinopterygii,Perciformes,Hexagrammidae,Hexagrammos decagrammus,Hexagrammos decagrammus,25,5,1160.7806,POINT (-125.20999908447266 48.84000015258789)
ep_m1_public_data.fid-1acd095e_191e9a83fd6_c34,923401200,Canada,British Columbia,"Oregon, Washington, Vancouver Coast and Shelf",Temperate Northern Pacific,Vancouver Island,BMSC20,Ed King East,48.84,-125.21,2022-04-29,6.5,RLS,4,11:30:00,,,1,2,Chordata,Actinopterygii,Perciformes,Hexagrammidae,Hexagrammos decagrammus,Hexagrammos decagrammus,30,4,1376.0212,POINT (-125.20999908447266 48.84000015258789)
ep_m1_public_data.fid-1acd095e_191e9a83fd6_c35,923401200,Canada,British Columbia,"Oregon, Washington, Vancouver Coast and Shelf",Temperate Northern Pacific,Vancouver Island,BMSC20,Ed King East,48.84,-125.21,2022-04-29,6.5,RLS,4,11:30:00,,,1,2,Chordata,Actinopterygii,Perciformes,Hexagrammidae,Hexagrammos decagrammus,Hexagrammos decagrammus,35,2,966.613,POINT (-125.20999908447266 48.84000015258789)
ep_m1_public_data.fid-1acd095e_191e9a83fd6_c36,923401200,Canada,British Columbia,"Oregon, Washington, Vancouver Coast and Shelf",Temperate Northern Pacific,Vancouver Island,BMSC20,Ed King East,48.84,-125.21,2022-04-29,6.5,RLS,4,11:30:00,,,1,2,Chordata,Actinopterygii,Perciformes,Hexagrammidae,Hexagrammos decagrammus,Hexagrammos decagrammus,40,1,619.0955,POINT (-125.20999908447266 48.84000015258789)
ep_m1_public_data.fid-1acd095e_191e9a83fd6_c37,923401200,Canada,British Columbia,"Oregon, Washington, Vancouver Coast and Shelf",Temperate Northern Pacific,Vancouver Island,BMSC20,Ed King East,48.84,-125.21,2022-04-29,6.5,RLS,4,11:30:00,,,1,2,Chordata,Actinopterygii,Scorpaeniformes,Sebastidae,Sebastes melanops,Sebastes melanops,15,1,73.4918,POINT (-125.20999908447266 48.84000015258789)
ep_m1_public_data.fid-1acd095e_191e9a83fd6_c38,923401200,Canada,British Columbia,"Oregon, Washington, Vancouver Coast and Shelf",Temperate Northern Pacific,Vancouver Island,BMSC20,Ed King East,48.84,-125.21,2022-04-29,6.5,RLS,4,11:30:00,,,1,2,Chordata,Actinopterygii,Scorpaeniformes,Sebastidae,Sebastes melanops,Sebastes melanops,25,3,751.2358,POINT (-125.20999908447266 48.84000015258789)
ep_m1_public_data.fid-1acd095e_191e9a83fd6_c39,923401200,Canada,British Columbia,"Oregon, Washington, Vancouver Coast and Shelf",Temperate Northern Pacific,Vancouver Island,BMSC20,Ed King East,48.84,-125.21,2022-04-29,6.5,RLS,4,11:30:00,,,1,2,Chordata,Actinopterygii,Scorpaeniformes,Sebastidae,Sebastes melanops,Sebastes melanops,30,1,369.1905,POINT (-125.20999908447266 48.84000015258789)
ep_m1_public_data.fid-1acd095e_191e9a83fd6_c3a,923401200,Canada,British Columbia,"Oregon, Washington, Vancouver Coast and Shelf",Temperate Northern Pacific,Vancouver Island,BMSC20,Ed King East,48.84,-125.21,2022-04-29,6.5,RLS,4,11:30:00,,,1,2,Ctenophora,Tentaculata,Cydippida,Pleurobrachiidae,Pleurobrachia bachei,Pleurobrachia bachei,0,1,,POINT (-125.20999908447266 48.84000015258789)
ep_m1_public_data.fid-1acd095e_191e9a83fd6_c3b,923401200,Canada,British Columbia,"Oregon, Washington, Vancouver Coast and Shelf",Temperate Northern Pacific,Vancouver Island,BMSC20,Ed King East,48.84,-125.21,2022-04-29,6.5,RLS,4,11:30:00,,,1,1,Chordata,Actinopterygii,Perciformes,Hexagrammidae,Hexagrammos decagrammus,Hexagrammos decagrammus,15,2,134.1157,POINT (-125.20999908447266 48.84000015258789)
ep_m1_public_data.fid-1acd095e_191e9a83fd6_c3c,923401200,Canada,British Columbia,"Oregon, Washington, Vancouver Coast and Shelf",Temperate Northern Pacific,Vancouver Island,BMSC20,Ed King East,48.84,-125.21,2022-04-29,6.5,RLS,4,11:30:00,,,1,1,Chordata,Actinopterygii,Perciformes,Hexagrammidae,Hexagrammos decagrammus,Hexagrammos decagrammus,20,2,300.0406,POINT (-125.20999908447266 48.84000015258789)
ep_m1_public_data.fid-1acd095e_191e9a83fd6_c3d,923401200,Canada,British Columbia,"Oregon, Washington, Vancouver Coast and Shelf",Temperate Northern Pacific,Vancouver Island,BMSC20,Ed King East,48.84,-125.21,2022-04-29,6.5,RLS,4,11:30:00,,,1,1,Chordata,Actinopterygii,Perciformes,Hexagrammidae,Hexagrammos decagrammus,Hexagrammos decagrammus,25,2,464.3122,POINT (-125.20999908447266 48.84000015258789)
ep_m1_public_data.fid-1acd095e_191e9a83fd6_c3e,923401200,Canada,British Columbia,"Oregon, Washington, Vancouver Coast and Shelf",Temperate Northern Pacific,Vancouver Island,BMSC20,Ed King East,48.84,-125.21,2022-04-29,6.5,RLS,4,11:30:00,,,1,1,Chordata,Actinopterygii,Perciformes,Hexagrammidae,Hexagrammos decagrammus,Hexagrammos decagrammus,30,1,344.0053,POINT (-125.20999908447266 48.84000015258789)
ep_m1_public_data.fid-1acd095e_191e9a83fd6_c3f,923401200,Canada,British Columbia,"Oregon, Washington, Vancouver Coast and Shelf",Temperate Northern Pacific,Vancouver Island,BMSC20,Ed King East,48.84,-125.21,2022-04-29,6.5,RLS,4,11:30:00,,,1,1,Chordata,Actinopterygii,Perciformes,Hexagrammidae,Hexagrammos decagrammus,Hexagrammos decagrammus,35,1,483.3065,POINT (-125.20999908447266 48.84000015258789)
ep_m1_public_data.fid-1acd095e_191e9a83fd6_c40,923401200,Canada,British Columbia,"Oregon, Washington, Vancouver Coast and Shelf",Temperate Northern Pacific,Vancouver Island,BMSC20,Ed King East,48.84,-125.21,2022-04-29,6.5,RLS,4,11:30:00,,,1,1,Chordata,Actinopterygii,Perciformes,Hexagrammidae,Hexagrammos decagrammus,Hexagrammos decagrammus,40,1,619.0955,POINT (-125.20999908447266 48.84000015258789)
ep_m1_public_data.fid-1acd095e_191e9a83fd6_c41,923401200,Canada,British Columbia,"Oregon, Washington, Vancouver Coast and Shelf",Temperate Northern Pacific,Vancouver Island,BMSC20,Ed King East,48.84,-125.21,2022-04-29,6.5,RLS,4,11:30:00,,,1,1,Chordata,Actinopterygii,Scorpaeniformes,Hexagrammidae,Hexagrammos stelleri,Hexagrammos stelleri,12.5,1,36.0121,POINT (-125.20999908447266 48.84000015258789)
ep_m1_public_data.fid-1acd095e_191e9a83fd6_c42,923401200,Canada,British Columbia,"Oregon, Washington, Vancouver Coast and Shelf",Temperate Northern Pacific,Vancouver Island,BMSC20,Ed King East,48.84,-125.21,2022-04-29,6.5,RLS,4,11:30:00,,,1,1,Chordata,Actinopterygii,Scorpaeniformes,Hexagrammidae,Ophiodon elongatus,Ophiodon elongatus,30,1,164.6513,POINT (-125.20999908447266 48.84000015258789)
ep_m1_public_data.fid-1acd095e_191e9a83fd6_c43,923401200,Canada,British Columbia,"Oregon, Washington, Vancouver Coast and Shelf",Temperate Northern Pacific,Vancouver Island,BMSC20,Ed King East,48.84,-125.21,2022-04-29,6.5,RLS,4,11:30:00,,,1,1,Chordata,Actinopterygii,Scorpaeniformes,Sebastidae,Sebastes melanops,Sebastes melanops,12.5,2,83.8284,POINT (-125.20999908447266 48.84000015258789)
ep_m1_public_data.fid-1acd095e_191e9a83fd6_c44,923401200,Canada,British Columbia,"Oregon, Washington, Vancouver Coast and Shelf",Temperate Northern Pacific,Vancouver Island,BMSC20,Ed King East,48.84,-125.21,2022-04-29,6.5,RLS,4,11:30:00,,,1,1,Chordata,Actinopterygii,Scorpaeniformes,Sebastidae,Sebastes melanops,Sebastes melanops,15,2,146.9837,POINT (-125.20999908447266 48.84000015258789)
ep_m1_public_data.fid-1acd095e_191e9a83fd6_c45,923401200,Canada,British Columbia,"Oregon, Washington, Vancouver Coast and Shelf",Temperate Northern Pacific,Vancouver Island,BMSC20,Ed King East,48.84,-125.21,2022-04-29,6.5,RLS,4,11:30:00,,,1,1,Chordata,Actinopterygii,Scorpaeniformes,Sebastidae,Sebastes melanops,Sebastes melanops,20,2,325.4514,POINT (-125.20999908447266 48.84000015258789)
ep_m1_public_data.fid-1acd095e_191e9a83fd6_c46,923402232,Canada,British Columbia,"Oregon, Washington, Vancouver Coast and Shelf",Temperate Northern Pacific,Vancouver Island,BMSC20,Ed King East,48.84,-125.21,2023-05-10,6.5,RLS,3,12:35:00,,,1,2,Chordata,Actinopterygii,Perciformes,Hexagrammidae,Hexagrammos decagrammus,Hexagrammos decagrammus,20,2,300.0406,POINT (-125.20999908447266 48.84000015258789)
ep_m1_public_data.fid-1acd095e_191e9a83fd6_c47,923402232,Canada,British Columbia,"Oregon, Washington, Vancouver Coast and Shelf",Temperate Northern Pacific,Vancouver Island,BMSC20,Ed King East,48.84,-125.21,2023-05-10,6.5,RLS,3,12:35:00,,,1,2,Chordata,Actinopterygii,Perciformes,Hexagrammidae,Hexagrammos decagrammus,Hexagrammos decagrammus,25,4,928.6245,POINT (-125.20999908447266 48.84000015258789)
ep_m1_public_data.fid-1acd095e_191e9a83fd6_c48,923402232,Canada,British Columbia,"Oregon, Washington, Vancouver Coast and Shelf",Temperate Northern Pacific,Vancouver Island,BMSC20,Ed King East,48.84,-125.21,2023-05-10,6.5,RLS,3,12:35:00,,,1,2,Chordata,Actinopterygii,Perciformes,Hexagrammidae,Hexagrammos decagrammus,Hexagrammos decagrammus,30,3,1032.016,POINT (-125.20999908447266 48.84000015258789)
ep_m1_public_data.fid-1acd095e_191e9a83fd6_c49,923402232,Canada,British Columbia,"Oregon, Washington, Vancouver Coast and Shelf",Temperate Northern Pacific,Vancouver Island,BMSC20,Ed King East,48.84,-125.21,2023-05-10,6.5,RLS,3,12:35:00,,,1,2,Chordata,Actinopterygii,Perciformes,Hexagrammidae,Hexagrammos decagrammus,Hexagrammos decagrammus,35,1,483.3065,POINT (-125.20999908447266 48.84000015258789)
ep_m1_public_data.fid-1acd095e_191e9a83fd6_c4a,923402232,Canada,British Columbia,"Oregon, Washington, Vancouver Coast and Shelf",Temperate Northern Pacific,Vancouver Island,BMSC20,Ed King East,48.84,-125.21,2023-05-10,6.5,RLS,3,12:35:00,,,1,2,Chordata,Actinopterygii,Perciformes,Hexagrammidae,Hexagrammos decagrammus,Hexagrammos decagrammus,40,1,619.0955,POINT (-125.20999908447266 48.84000015258789)
ep_m1_public_data.fid-1acd095e_191e9a83fd6_c4b,923402232,Canada,British Columbia,"Oregon, Washington, Vancouver Coast and Shelf",Temperate Northern Pacific,Vancouver Island,BMSC20,Ed King East,48.84,-125.21,2023-05-10,6.5,RLS,3,12:35:00,,,1,2,Chordata,Actinopterygii,Scorpaeniformes,Hexagrammidae,Ophiodon elongatus,Ophiodon elongatus,50,1,599.5206,POINT (-125.20999908447266 48.84000015258789)
ep_m1_public_data.fid-1acd095e_191e9a83fd6_c4c,923402232,Canada,British Columbia,"Oregon, Washington, Vancouver Coast and Shelf",Temperate Northern Pacific,Vancouver Island,BMSC20,Ed King East,48.84,-125.21,2023-05-10,6.5,RLS,3,12:35:00,,,1,2,Chordata,Actinopterygii,Scorpaeniformes,Sebastidae,Sebastes melanops,Sebastes melanops,20,1,162.7257,POINT (-125.20999908447266 48.84000015258789)
ep_m1_public_data.fid-1acd095e_191e9a83fd6_c4d,923402232,Canada,British Columbia,"Oregon, Washington, Vancouver Coast and Shelf",Temperate Northern Pacific,Vancouver Island,BMSC20,Ed King East,48.84,-125.21,2023-05-10,6.5,RLS,3,12:35:00,,,1,2,Chordata,Actinopterygii,Scorpaeniformes,Sebastidae,Sebastes melanops,Sebastes melanops,25,6,1502.4717,POINT (-125.20999908447266 48.84000015258789)
ep_m1_public_data.fid-1acd095e_191e9a83fd6_c4e,923402232,Canada,British Columbia,"Oregon, Washington, Vancouver Coast and Shelf",Temperate Northern Pacific,Vancouver Island,BMSC20,Ed King East,48.84,-125.21,2023-05-10,6.5,RLS,3,12:35:00,,,1,2,Chordata,Actinopterygii,Scorpaeniformes,Sebastidae,Sebastes melanops,Sebastes melanops,30,3,1107.5715,POINT (-125.20999908447266 48.84000015258789)
ep_m1_public_data.fid-1acd095e_191e9a83fd6_c4f,923402232,Canada,British Columbia,"Oregon, Washington, Vancouver Coast and Shelf",Temperate Northern Pacific,Vancouver Island,BMSC20,Ed King East,48.84,-125.21,2023-05-10,6.5,RLS,3,12:35:00,,,1,2,Chordata,Actinopterygii,Scorpaeniformes,Sebastidae,Sebastes melanops,Sebastes melanops,35,1,516.4341,POINT (-125.20999908447266 48.84000015258789)
ep_m1_public_data.fid-1acd095e_191e9a83fd6_c50,923402232,Canada,British Columbia,"Oregon, Washington, Vancouver Coast and Shelf",Temperate Northern Pacific,Vancouver Island,BMSC20,Ed King East,48.84,-125.21,2023-05-10,6.5,RLS,3,12:35:00,,,1,1,Chordata,Actinopterygii,Perciformes,Hexagrammidae,Hexagrammos decagrammus,Hexagrammos decagrammus,30,3,1032.016,POINT (-125.20999908447266 48.84000015258789)
ep_m1_public_data.fid-1acd095e_191e9a83fd6_c51,923402232,Canada,British Columbia,"Oregon, Washington, Vancouver Coast and Shelf",Temperate Northern Pacific,Vancouver Island,BMSC20,Ed King East,48.84,-125.21,2023-05-10,6.5,RLS,3,12:35:00,,,1,1,Chordata,Actinopterygii,Perciformes,Hexagrammidae,Hexagrammos decagrammus,Hexagrammos decagrammus,35,2,966.613,POINT (-125.20999908447266 48.84000015258789)
ep_m1_public_data.fid-1acd095e_191e9a83fd6_c52,923402232,Canada,British Columbia,"Oregon, Washington, Vancouver Coast and Shelf",Temperate Northern Pacific,Vancouver Island,BMSC20,Ed King East,48.84,-125.21,2023-05-10,6.5,RLS,3,12:35:00,,,1,1,Chordata,Actinopterygii,Perciformes,Hexagrammidae,Hexagrammos decagrammus,Hexagrammos decagrammus,40,1,619.0955,POINT (-125.20999908447266 48.84000015258789)
ep_m1_public_data.fid-1acd095e_191e9a83fd6_c53,923402232,Canada,British Columbia,"Oregon, Washington, Vancouver Coast and Shelf",Temperate Northern Pacific,Vancouver Island,BMSC20,Ed King East,48.84,-125.21,2023-05-10,6.5,RLS,3,12:35:00,,,1,1,Chordata,Actinopterygii,Scorpaeniformes,Sebastidae,Sebastes melanops,Sebastes melanops,15,3,220.4756,POINT (-125.20999908447266 48.84000015258789)
ep_m1_public_data.fid-1acd095e_191e9a83fd6_c54,923402232,Canada,British Columbia,"Oregon, Washington, Vancouver Coast and Shelf",Temperate Northern Pacific,Vancouver Island,BMSC20,Ed King East,48.84,-125.21,2023-05-10,6.5,RLS,3,12:35:00,,,1,1,Chordata,Actinopterygii,Scorpaeniformes,Sebastidae,Sebastes melanops,Sebastes melanops,20,6,976.3541,POINT (-125.20999908447266 48.84000015258789)
ep_m1_public_data.fid-1acd095e_191e9a83fd6_c55,923402232,Canada,British Columbia,"Oregon, Washington, Vancouver Coast and Shelf",Temperate Northern Pacific,Vancouver Island,BMSC20,Ed King East,48.84,-125.21,2023-05-10,6.5,RLS,3,12:35:00,,,1,1,Chordata,Actinopterygii,Scorpaeniformes,Sebastidae,Sebastes melanops,Sebastes melanops,25,4,1001.6478,POINT (-125.20999908447266 48.84000015258789)
ep_m1_public_data.fid-1acd095e_191e9a83fd6_c56,923402232,Canada,British Columbia,"Oregon, Washington, Vancouver Coast and Shelf",Temperate Northern Pacific,Vancouver Island,BMSC20,Ed King East,48.84,-125.21,2023-05-10,6.5,RLS,3,12:35:00,,,1,1,Chordata,Actinopterygii,Scorpaeniformes,Sebastidae,Sebastes melanops,Sebastes melanops,30,3,1107.5715,POINT (-125.20999908447266 48.84000015258789)
ep_m1_public_data.fid-1acd095e_191e9a83fd6_c57,923402232,Canada,British Columbia,"Oregon, Washington, Vancouver Coast and Shelf",Temperate Northern Pacific,Vancouver Island,BMSC20,Ed King East,48.84,-125.21,2023-05-10,6.5,RLS,3,12:35:00,,,1,1,Chordata,Actinopterygii,Scorpaeniformes,Sebastidae,Sebastes nebulosus,Sebastes nebulosus,15,1,73.4918,POINT (-125.20999908447266 48.84000015258789)
ep_m1_public_data.fid-1acd095e_191e9a83fd6_c58,923402379,Canada,British Columbia,"Oregon, Washington, Vancouver Coast and Shelf",Temperate Northern Pacific,Vancouver Island,BMSC33,Ed King East Inside,48.84,-125.21,2023-06-06,2,RLS,2,10:20:00,,,1,1,Chordata,Actinopterygii,Perciformes,Embiotocidae,Rhacochilus vacca,Rhacochilus vacca,15,3,361.4458,POINT (-125.20999908447266 48.84000015258789)
ep_m1_public_data.fid-1acd095e_191e9a83fd6_c59,923402379,Canada,British Columbia,"Oregon, Washington, Vancouver Coast and Shelf",Temperate Northern Pacific,Vancouver Island,BMSC33,Ed King East Inside,48.84,-125.21,2023-06-06,2,RLS,2,10:20:00,,,1,1,Chordata,Actinopterygii,Perciformes,Embiotocidae,Rhacochilus vacca,Rhacochilus vacca,20,1,262.672,POINT (-125.20999908447266 48.84000015258789)
ep_m1_public_data.fid-1acd095e_191e9a83fd6_c5a,923402379,Canada,British Columbia,"Oregon, Washington, Vancouver Coast and Shelf",Temperate Northern Pacific,Vancouver Island,BMSC33,Ed King East Inside,48.84,-125.21,2023-06-06,2,RLS,2,10:20:00,,,1,1,Chordata,Actinopterygii,Perciformes,Hexagrammidae,Hexagrammos decagrammus,Hexagrammos decagrammus,25,3,696.4684,POINT (-125.20999908447266 48.84000015258789)
ep_m1_public_data.fid-1acd095e_191e9a83fd6_c5b,923402379,Canada,British Columbia,"Oregon, Washington, Vancouver Coast and Shelf",Temperate Northern Pacific,Vancouver Island,BMSC33,Ed King East Inside,48.84,-125.21,2023-06-06,2,RLS,2,10:20:00,,,1,1,Chordata,Actinopterygii,Perciformes,Hexagrammidae,Hexagrammos decagrammus,Hexagrammos decagrammus,30,3,1032.016,POINT (-125.20999908447266 48.84000015258789)
ep_m1_public_data.fid-1acd095e_191e9a83fd6_c5c,923402379,Canada,British Columbia,"Oregon, Washington, Vancouver Coast and Shelf",Temperate Northern Pacific,Vancouver Island,BMSC33,Ed King East Inside,48.84,-125.21,2023-06-06,2,RLS,2,10:20:00,,,1,1,Chordata,Actinopterygii,Perciformes,Hexagrammidae,Hexagrammos decagrammus,Hexagrammos decagrammus,35,2,966.613,POINT (-125.20999908447266 48.84000015258789)
ep_m1_public_data.fid-1acd095e_191e9a83fd6_c5d,923402379,Canada,British Columbia,"Oregon, Washington, Vancouver Coast and Shelf",Temperate Northern Pacific,Vancouver Island,BMSC33,Ed King East Inside,48.84,-125.21,2023-06-06,2,RLS,2,10:20:00,,,1,1,Chordata,Actinopterygii,Scorpaeniformes,Cottidae,Hemilepidotus hemilepidotus,Hemilepidotus hemilepidotus,30,1,317.2448,POINT (-125.20999908447266 48.84000015258789)
ep_m1_public_data.fid-1acd095e_191e9a83fd6_c5e,923402379,Canada,British Columbia,"Oregon, Washington, Vancouver Coast and Shelf",Temperate Northern Pacific,Vancouver Island,BMSC33,Ed King East Inside,48.84,-125.21,2023-06-06,2,RLS,2,10:20:00,,,1,1,Chordata,Actinopterygii,Scorpaeniformes,Sebastidae,Sebastes melanops,Sebastes melanops,15,3,220.4756,POINT (-125.20999908447266 48.84000015258789)
ep_m1_public_data.fid-1acd095e_191e9a83fd6_c5f,923402379,Canada,British Columbia,"Oregon, Washington, Vancouver Coast and Shelf",Temperate Northern Pacific,Vancouver Island,BMSC33,Ed King East Inside,48.84,-125.21,2023-06-06,2,RLS,2,10:20:00,,,1,1,Chordata,Actinopterygii,Scorpaeniformes,Sebastidae,Sebastes melanops,Sebastes melanops,20,1,162.7257,POINT (-125.20999908447266 48.84000015258789)
ep_m1_public_data.fid-1acd095e_191e9a83fd6_c60,923402379,Canada,British Columbia,"Oregon, Washington, Vancouver Coast and Shelf",Temperate Northern Pacific,Vancouver Island,BMSC33,Ed King East Inside,48.84,-125.21,2023-06-06,2,RLS,2,10:20:00,,,1,2,Chordata,Actinopterygii,Gasterosteiformes,Aulorhynchidae,Aulorhynchus flavidus,Aulorhynchus flavidus,2.5,15,1.2424,POINT (-125.20999908447266 48.84000015258789)
ep_m1_public_data.fid-1acd095e_191e9a83fd6_c61,923402379,Canada,British Columbia,"Oregon, Washington, Vancouver Coast and Shelf",Temperate Northern Pacific,Vancouver Island,BMSC33,Ed King East Inside,48.84,-125.21,2023-06-06,2,RLS,2,10:20:00,,,1,2,Chordata,Actinopterygii,Gasterosteiformes,Aulorhynchidae,Aulorhynchus flavidus,Aulorhynchus flavidus,5,6,4.3807,POINT (-125.20999908447266 48.84000015258789)
ep_m1_public_data.fid-1acd095e_191e9a83fd6_c62,923402379,Canada,British Columbia,"Oregon, Washington, Vancouver Coast and Shelf",Temperate Northern Pacific,Vancouver Island,BMSC33,Ed King East Inside,48.84,-125.21,2023-06-06,2,RLS,2,10:20:00,,,1,2,Chordata,Actinopterygii,Gasterosteiformes,Aulorhynchidae,Aulorhynchus flavidus,Aulorhynchus flavidus,7.5,2,5.2162,POINT (-125.20999908447266 48.84000015258789)
ep_m1_public_data.fid-1acd095e_191e9a83fd6_c63,923402379,Canada,British Columbia,"Oregon, Washington, Vancouver Coast and Shelf",Temperate Northern Pacific,Vancouver Island,BMSC33,Ed King East Inside,48.84,-125.21,2023-06-06,2,RLS,2,10:20:00,,,1,2,Chordata,Actinopterygii,Perciformes,Embiotocidae,Brachyistius frenatus,Brachyistius frenatus,5,1,3.1302,POINT (-125.20999908447266 48.84000015258789)
ep_m1_public_data.fid-1acd095e_191e9a83fd6_c64,923402379,Canada,British Columbia,"Oregon, Washington, Vancouver Coast and Shelf",Temperate Northern Pacific,Vancouver Island,BMSC33,Ed King East Inside,48.84,-125.21,2023-06-06,2,RLS,2,10:20:00,,,1,2,Chordata,Actinopterygii,Perciformes,Embiotocidae,Cymatogaster aggregata,Cymatogaster aggregata,5,4,17.4613,POINT (-125.20999908447266 48.84000015258789)
ep_m1_public_data.fid-1acd095e_191e9a83fd6_c65,923402379,Canada,British Columbia,"Oregon, Washington, Vancouver Coast and Shelf",Temperate Northern Pacific,Vancouver Island,BMSC33,Ed King East Inside,48.84,-125.21,2023-06-06,2,RLS,2,10:20:00,,,1,2,Chordata,Actinopterygii,Perciformes,Embiotocidae,Cymatogaster aggregata,Cymatogaster aggregata,7.5,3,44.5587,POINT (-125.20999908447266 48.84000015258789)
ep_m1_public_data.fid-1acd095e_191e9a83fd6_c66,923402379,Canada,British Columbia,"Oregon, Washington, Vancouver Coast and Shelf",Temperate Northern Pacific,Vancouver Island,BMSC33,Ed King East Inside,48.84,-125.21,2023-06-06,2,RLS,2,10:20:00,,,1,2,Chordata,Actinopterygii,Perciformes,Embiotocidae,Embiotoca lateralis,Embiotoca lateralis,10,1,35.41,POINT (-125.20999908447266 48.84000015258789)
ep_m1_public_data.fid-1acd095e_191e9a83fd6_c67,923402379,Canada,British Columbia,"Oregon, Washington, Vancouver Coast and Shelf",Temperate Northern Pacific,Vancouver Island,BMSC33,Ed King East Inside,48.84,-125.21,2023-06-06,2,RLS,2,10:20:00,,,1,2,Chordata,Actinopterygii,Perciformes,Embiotocidae,Embiotoca lateralis,Embiotoca lateralis,20,2,525.3441,POINT (-125.20999908447266 48.84000015258789)
ep_m1_public_data.fid-1acd095e_191e9a83fd6_c68,923402379,Canada,British Columbia,"Oregon, Washington, Vancouver Coast and Shelf",Temperate Northern Pacific,Vancouver Island,BMSC33,Ed King East Inside,48.84,-125.21,2023-06-06,2,RLS,2,10:20:00,,,1,2,Chordata,Actinopterygii,Perciformes,Embiotocidae,Rhacochilus vacca,Rhacochilus vacca,10,2,70.8201,POINT (-125.20999908447266 48.84000015258789)
ep_m1_public_data.fid-1acd095e_191e9a83fd6_c69,923402379,Canada,British Columbia,"Oregon, Washington, Vancouver Coast and Shelf",Temperate Northern Pacific,Vancouver Island,BMSC33,Ed King East Inside,48.84,-125.21,2023-06-06,2,RLS,2,10:20:00,,,1,2,Chordata,Actinopterygii,Perciformes,Embiotocidae,Rhacochilus vacca,Rhacochilus vacca,20,1,262.672,POINT (-125.20999908447266 48.84000015258789)
ep_m1_public_data.fid-1acd095e_191e9a83fd6_c6a,923402379,Canada,British Columbia,"Oregon, Washington, Vancouver Coast and Shelf",Temperate Northern Pacific,Vancouver Island,BMSC33,Ed King East Inside,48.84,-125.21,2023-06-06,2,RLS,2,10:20:00,,,1,2,Chordata,Actinopterygii,Perciformes,Hexagrammidae,Hexagrammos decagrammus,Hexagrammos decagrammus,12.5,1,37.9668,POINT (-125.20999908447266 48.84000015258789)
ep_m1_public_data.fid-1acd095e_191e9a83fd6_c6b,923402379,Canada,British Columbia,"Oregon, Washington, Vancouver Coast and Shelf",Temperate Northern Pacific,Vancouver Island,BMSC33,Ed King East Inside,48.84,-125.21,2023-06-06,2,RLS,2,10:20:00,,,1,2,Chordata,Actinopterygii,Perciformes,Hexagrammidae,Hexagrammos decagrammus,Hexagrammos decagrammus,15,1,67.0579,POINT (-125.20999908447266 48.84000015258789)
ep_m1_public_data.fid-1acd095e_191e9a83fd6_c6c,923402379,Canada,British Columbia,"Oregon, Washington, Vancouver Coast and Shelf",Temperate Northern Pacific,Vancouver Island,BMSC33,Ed King East Inside,48.84,-125.21,2023-06-06,2,RLS,2,10:20:00,,,1,2,Chordata,Actinopterygii,Perciformes,Hexagrammidae,Hexagrammos decagrammus,Hexagrammos decagrammus,20,3,450.0609,POINT (-125.20999908447266 48.84000015258789)
ep_m1_public_data.fid-1acd095e_191e9a83fd6_c6d,923402379,Canada,British Columbia,"Oregon, Washington, Vancouver Coast and Shelf",Temperate Northern Pacific,Vancouver Island,BMSC33,Ed King East Inside,48.84,-125.21,2023-06-06,2,RLS,2,10:20:00,,,1,2,Chordata,Actinopterygii,Perciformes,Hexagrammidae,Hexagrammos decagrammus,Hexagrammos decagrammus,25,1,232.1561,POINT (-125.20999908447266 48.84000015258789)
ep_m1_public_data.fid-1acd095e_191e9a83fd6_c6e,923402379,Canada,British Columbia,"Oregon, Washington, Vancouver Coast and Shelf",Temperate Northern Pacific,Vancouver Island,BMSC33,Ed King East Inside,48.84,-125.21,2023-06-06,2,RLS,2,10:20:00,,,1,2,Chordata,Actinopterygii,Perciformes,Hexagrammidae,Hexagrammos decagrammus,Hexagrammos decagrammus,30,1,344.0053,POINT (-125.20999908447266 48.84000015258789)
ep_m1_public_data.fid-1acd095e_191e9a83fd6_c6f,923402379,Canada,British Columbia,"Oregon, Washington, Vancouver Coast and Shelf",Temperate Northern Pacific,Vancouver Island,BMSC33,Ed King East Inside,48.84,-125.21,2023-06-06,2,RLS,2,10:20:00,,,1,2,Chordata,Actinopterygii,Perciformes,Hexagrammidae,Hexagrammos decagrammus,Hexagrammos decagrammus,35,1,483.3065,POINT (-125.20999908447266 48.84000015258789)
ep_m1_public_data.fid-1acd095e_191e9a83fd6_c70,923402379,Canada,British Columbia,"Oregon, Washington, Vancouver Coast and Shelf",Temperate Northern Pacific,Vancouver Island,BMSC33,Ed King East Inside,48.84,-125.21,2023-06-06,2,RLS,2,10:20:00,,,1,2,Chordata,Actinopterygii,Scorpaeniformes,Sebastidae,Sebastes melanops,Sebastes melanops,12.5,1,41.9142,POINT (-125.20999908447266 48.84000015258789)
ep_m1_public_data.fid-1acd095e_191e9a83fd6_c71,923400136,Canada,British Columbia,"Oregon, Washington, Vancouver Coast and Shelf",Temperate Northern Pacific,Vancouver Island,BMSC8,Baeria Rocks North Island Northside,48.96,-125.15,2021-04-29,9,RLS,6,15:20:00,,,1,1,Chordata,Actinopterygii,Perciformes,Gobiidae,Rhinogobiops nicholsii,Rhinogobiops nicholsii,10,1,18.6854,POINT (-125.1500015258789 48.959999084472656)
ep_m1_public_data.fid-1acd095e_191e9a83fd6_c72,923400136,Canada,British Columbia,"Oregon, Washington, Vancouver Coast and Shelf",Temperate Northern Pacific,Vancouver Island,BMSC8,Baeria Rocks North Island Northside,48.96,-125.15,2021-04-29,9,RLS,6,15:20:00,,,1,1,Chordata,Actinopterygii,Perciformes,Hexagrammidae,Hexagrammos decagrammus,Hexagrammos decagrammus,12.5,1,37.9668,POINT (-125.1500015258789 48.959999084472656)
ep_m1_public_data.fid-1acd095e_191e9a83fd6_c73,923400136,Canada,British Columbia,"Oregon, Washington, Vancouver Coast and Shelf",Temperate Northern Pacific,Vancouver Island,BMSC8,Baeria Rocks North Island Northside,48.96,-125.15,2021-04-29,9,RLS,6,15:20:00,,,1,1,Chordata,Actinopterygii,Perciformes,Hexagrammidae,Hexagrammos decagrammus,Hexagrammos decagrammus,15,2,134.1157,POINT (-125.1500015258789 48.959999084472656)
ep_m1_public_data.fid-1acd095e_191e9a83fd6_c74,923400136,Canada,British Columbia,"Oregon, Washington, Vancouver Coast and Shelf",Temperate Northern Pacific,Vancouver Island,BMSC8,Baeria Rocks North Island Northside,48.96,-125.15,2021-04-29,9,RLS,6,15:20:00,,,1,1,Chordata,Actinopterygii,Perciformes,Hexagrammidae,Hexagrammos decagrammus,Hexagrammos decagrammus,20,1,150.0203,POINT (-125.1500015258789 48.959999084472656)
ep_m1_public_data.fid-1acd095e_191e9a83fd6_c75,923400136,Canada,British Columbia,"Oregon, Washington, Vancouver Coast and Shelf",Temperate Northern Pacific,Vancouver Island,BMSC8,Baeria Rocks North Island Northside,48.96,-125.15,2021-04-29,9,RLS,6,15:20:00,,,1,1,Chordata,Actinopterygii,Perciformes,Hexagrammidae,Hexagrammos decagrammus,Hexagrammos decagrammus,25,1,232.1561,POINT (-125.1500015258789 48.959999084472656)
ep_m1_public_data.fid-1acd095e_191e9a83fd6_c76,923400136,Canada,British Columbia,"Oregon, Washington, Vancouver Coast and Shelf",Temperate Northern Pacific,Vancouver Island,BMSC8,Baeria Rocks North Island Northside,48.96,-125.15,2021-04-29,9,RLS,6,15:20:00,,,1,1,Chordata,Actinopterygii,Scorpaeniformes,Cottidae,Hemilepidotus hemilepidotus,Hemilepidotus hemilepidotus,40,1,572.0118,POINT (-125.1500015258789 48.959999084472656)
ep_m1_public_data.fid-1acd095e_191e9a83fd6_c77,923400136,Canada,British Columbia,"Oregon, Washington, Vancouver Coast and Shelf",Temperate Northern Pacific,Vancouver Island,BMSC8,Baeria Rocks North Island Northside,48.96,-125.15,2021-04-29,9,RLS,6,15:20:00,,,1,2,Chordata,Actinopterygii,Perciformes,Gobiidae,Rhinogobiops nicholsii,Rhinogobiops nicholsii,7.5,1,7.7703,POINT (-125.1500015258789 48.959999084472656)
ep_m1_public_data.fid-1acd095e_191e9a83fd6_c78,923400137,Canada,British Columbia,"Oregon, Washington, Vancouver Coast and Shelf",Temperate Northern Pacific,Vancouver Island,BMSC7,Baeria Rocks North Island Southside,48.95,-125.15,2021-04-29,5,RLS,6,13:10:00,,,1,1,Chordata,Actinopterygii,Perciformes,Hexagrammidae,Hexagrammos decagrammus,Hexagrammos decagrammus,15,3,201.1736,POINT (-125.1500015258789 48.95000076293945)
ep_m1_public_data.fid-1acd095e_191e9a83fd6_c79,923400137,Canada,British Columbia,"Oregon, Washington, Vancouver Coast and Shelf",Temperate Northern Pacific,Vancouver Island,BMSC7,Baeria Rocks North Island Southside,48.95,-125.15,2021-04-29,5,RLS,6,13:10:00,,,1,1,Chordata,Actinopterygii,Perciformes,Hexagrammidae,Hexagrammos decagrammus,Hexagrammos decagrammus,20,3,450.0609,POINT (-125.1500015258789 48.95000076293945)
ep_m1_public_data.fid-1acd095e_191e9a83fd6_c7a,923400137,Canada,British Columbia,"Oregon, Washington, Vancouver Coast and Shelf",Temperate Northern Pacific,Vancouver Island,BMSC7,Baeria Rocks North Island Southside,48.95,-125.15,2021-04-29,5,RLS,6,13:10:00,,,1,1,Chordata,Actinopterygii,Perciformes,Hexagrammidae,Hexagrammos decagrammus,Hexagrammos decagrammus,25,2,464.3122,POINT (-125.1500015258789 48.95000076293945)
ep_m1_public_data.fid-1acd095e_191e9a83fd6_c7b,923400137,Canada,British Columbia,"Oregon, Washington, Vancouver Coast and Shelf",Temperate Northern Pacific,Vancouver Island,BMSC7,Baeria Rocks North Island Southside,48.95,-125.15,2021-04-29,5,RLS,6,13:10:00,,,1,1,Chordata,Actinopterygii,Perciformes,Hexagrammidae,Hexagrammos decagrammus,Hexagrammos decagrammus,30,1,344.0053,POINT (-125.1500015258789 48.95000076293945)
ep_m1_public_data.fid-1acd095e_191e9a83fd6_c7c,923400137,Canada,British Columbia,"Oregon, Washington, Vancouver Coast and Shelf",Temperate Northern Pacific,Vancouver Island,BMSC7,Baeria Rocks North Island Southside,48.95,-125.15,2021-04-29,5,RLS,6,13:10:00,,,1,2,Chordata,Actinopterygii,Perciformes,Embiotocidae,Embiotoca lateralis,Embiotoca lateralis,15,1,120.4819,POINT (-125.1500015258789 48.95000076293945)
ep_m1_public_data.fid-1acd095e_191e9a83fd6_c7d,923400137,Canada,British Columbia,"Oregon, Washington, Vancouver Coast and Shelf",Temperate Northern Pacific,Vancouver Island,BMSC7,Baeria Rocks North Island Southside,48.95,-125.15,2021-04-29,5,RLS,6,13:10:00,,,1,2,Chordata,Actinopterygii,Perciformes,Hexagrammidae,Hexagrammos decagrammus,Hexagrammos decagrammus,15,1,67.0579,POINT (-125.1500015258789 48.95000076293945)
ep_m1_public_data.fid-1acd095e_191e9a83fd6_c7e,923400137,Canada,British Columbia,"Oregon, Washington, Vancouver Coast and Shelf",Temperate Northern Pacific,Vancouver Island,BMSC7,Baeria Rocks North Island Southside,48.95,-125.15,2021-04-29,5,RLS,6,13:10:00,,,1,2,Chordata,Actinopterygii,Perciformes,Hexagrammidae,Hexagrammos decagrammus,Hexagrammos decagrammus,20,1,150.0203,POINT (-125.1500015258789 48.95000076293945)
ep_m1_public_data.fid-1acd095e_191e9a83fd6_c7f,923400137,Canada,British Columbia,"Oregon, Washington, Vancouver Coast and Shelf",Temperate Northern Pacific,Vancouver Island,BMSC7,Baeria Rocks North Island Southside,48.95,-125.15,2021-04-29,5,RLS,6,13:10:00,,,1,2,Chordata,Actinopterygii,Perciformes,Hexagrammidae,Hexagrammos decagrammus,Hexagrammos decagrammus,35,1,483.3065,POINT (-125.1500015258789 48.95000076293945)
ep_m1_public_data.fid-1acd095e_191e9a83fd6_c80,923401186,Canada,British Columbia,"Oregon, Washington, Vancouver Coast and Shelf",Temperate Northern Pacific,Vancouver Island,BMSC8,Baeria Rocks North Island Northside,48.96,-125.15,2022-04-28,6,RLS,3,14:25:00,,,1,2,Chordata,Actinopterygii,Perciformes,Hexagrammidae,Hexagrammos decagrammus,Hexagrammos decagrammus,25,1,232.1561,POINT (-125.1500015258789 48.959999084472656)
ep_m1_public_data.fid-1acd095e_191e9a83fd6_c81,923401186,Canada,British Columbia,"Oregon, Washington, Vancouver Coast and Shelf",Temperate Northern Pacific,Vancouver Island,BMSC8,Baeria Rocks North Island Northside,48.96,-125.15,2022-04-28,6,RLS,3,14:25:00,,,1,2,Chordata,Actinopterygii,Perciformes,Hexagrammidae,Hexagrammos decagrammus,Hexagrammos decagrammus,30,1,344.0053,POINT (-125.1500015258789 48.959999084472656)
ep_m1_public_data.fid-1acd095e_191e9a83fd6_c82,923401186,Canada,British Columbia,"Oregon, Washington, Vancouver Coast and Shelf",Temperate Northern Pacific,Vancouver Island,BMSC8,Baeria Rocks North Island Northside,48.96,-125.15,2022-04-28,6,RLS,3,14:25:00,,,1,2,Ctenophora,Tentaculata,Lobata,Bolinopsidae,Bolinopsis infundibulum,Bolinopsis infundibulum,0,1,,POINT (-125.1500015258789 48.959999084472656)
ep_m1_public_data.fid-1acd095e_191e9a83fd6_c83,923401186,Canada,British Columbia,"Oregon, Washington, Vancouver Coast and Shelf",Temperate Northern Pacific,Vancouver Island,BMSC8,Baeria Rocks North Island Northside,48.96,-125.15,2022-04-28,6,RLS,3,14:25:00,,,1,1,Chordata,Actinopterygii,Perciformes,Hexagrammidae,Hexagrammos decagrammus,Hexagrammos decagrammus,10,1,18.9254,POINT (-125.1500015258789 48.959999084472656)
ep_m1_public_data.fid-1acd095e_191e9a83fd6_c84,923401186,Canada,British Columbia,"Oregon, Washington, Vancouver Coast and Shelf",Temperate Northern Pacific,Vancouver Island,BMSC8,Baeria Rocks North Island Northside,48.96,-125.15,2022-04-28,6,RLS,3,14:25:00,,,1,1,Chordata,Actinopterygii,Perciformes,Hexagrammidae,Hexagrammos decagrammus,Hexagrammos decagrammus,20,1,150.0203,POINT (-125.1500015258789 48.959999084472656)
ep_m1_public_data.fid-1acd095e_191e9a83fd6_c85,923401186,Canada,British Columbia,"Oregon, Washington, Vancouver Coast and Shelf",Temperate Northern Pacific,Vancouver Island,BMSC8,Baeria Rocks North Island Northside,48.96,-125.15,2022-04-28,6,RLS,3,14:25:00,,,1,1,Chordata,Actinopterygii,Perciformes,Hexagrammidae,Hexagrammos decagrammus,Hexagrammos decagrammus,35,2,966.613,POINT (-125.1500015258789 48.959999084472656)
ep_m1_public_data.fid-1acd095e_191e9a83fd6_c86,923401186,Canada,British Columbia,"Oregon, Washington, Vancouver Coast and Shelf",Temperate Northern Pacific,Vancouver Island,BMSC8,Baeria Rocks North Island Northside,48.96,-125.15,2022-04-28,6,RLS,3,14:25:00,,,1,1,Chordata,Actinopterygii,Perciformes,Hexagrammidae,Hexagrammos decagrammus,Hexagrammos decagrammus,40,1,619.0955,POINT (-125.1500015258789 48.959999084472656)
ep_m1_public_data.fid-1acd095e_191e9a83fd6_c87,923402223,Canada,British Columbia,"Oregon, Washington, Vancouver Coast and Shelf",Temperate Northern Pacific,Vancouver Island,BMSC8,Baeria Rocks North Island Northside,48.96,-125.15,2023-05-17,7.5,RLS,5,13:00:00,,,1,1,Chordata,Actinopterygii,Perciformes,Hexagrammidae,Hexagrammos decagrammus,Hexagrammos decagrammus,35,1,483.3065,POINT (-125.1500015258789 48.959999084472656)
ep_m1_public_data.fid-1acd095e_191e9a83fd6_c88,923402223,Canada,British Columbia,"Oregon, Washington, Vancouver Coast and Shelf",Temperate Northern Pacific,Vancouver Island,BMSC8,Baeria Rocks North Island Northside,48.96,-125.15,2023-05-17,7.5,RLS,5,13:00:00,,,1,1,Ctenophora,Tentaculata,Lobata,Bolinopsidae,Bolinopsis infundibulum,Bolinopsis infundibulum,0,2,,POINT (-125.1500015258789 48.959999084472656)
ep_m1_public_data.fid-1acd095e_191e9a83fd6_c89,923402223,Canada,British Columbia,"Oregon, Washington, Vancouver Coast and Shelf",Temperate Northern Pacific,Vancouver Island,BMSC8,Baeria Rocks North Island Northside,48.96,-125.15,2023-05-17,7.5,RLS,5,13:00:00,,,1,2,Chordata,Actinopterygii,Perciformes,Gobiidae,Rhinogobiops nicholsii,Rhinogobiops nicholsii,7.5,1,7.7703,POINT (-125.1500015258789 48.959999084472656)
ep_m1_public_data.fid-1acd095e_191e9a83fd6_c8a,923402223,Canada,British Columbia,"Oregon, Washington, Vancouver Coast and Shelf",Temperate Northern Pacific,Vancouver Island,BMSC8,Baeria Rocks North Island Northside,48.96,-125.15,2023-05-17,7.5,RLS,5,13:00:00,,,1,2,Chordata,Actinopterygii,Perciformes,Gobiidae,Rhinogobiops nicholsii,Rhinogobiops nicholsii,12.5,1,36.9044,POINT (-125.1500015258789 48.959999084472656)
ep_m1_public_data.fid-1acd095e_191e9a83fd6_c8b,923402223,Canada,British Columbia,"Oregon, Washington, Vancouver Coast and Shelf",Temperate Northern Pacific,Vancouver Island,BMSC8,Baeria Rocks North Island Northside,48.96,-125.15,2023-05-17,7.5,RLS,5,13:00:00,,,1,2,Chordata,Actinopterygii,Perciformes,Hexagrammidae,Hexagrammos decagrammus,Hexagrammos decagrammus,20,1,150.0203,POINT (-125.1500015258789 48.959999084472656)
ep_m1_public_data.fid-1acd095e_191e9a83fd6_c8c,923402223,Canada,British Columbia,"Oregon, Washington, Vancouver Coast and Shelf",Temperate Northern Pacific,Vancouver Island,BMSC8,Baeria Rocks North Island Northside,48.96,-125.15,2023-05-17,7.5,RLS,5,13:00:00,,,1,2,Chordata,Actinopterygii,Perciformes,Hexagrammidae,Hexagrammos decagrammus,Hexagrammos decagrammus,25,1,232.1561,POINT (-125.1500015258789 48.959999084472656)
ep_m1_public_data.fid-1acd095e_191e9a83fd6_c8d,923402223,Canada,British Columbia,"Oregon, Washington, Vancouver Coast and Shelf",Temperate Northern Pacific,Vancouver Island,BMSC8,Baeria Rocks North Island Northside,48.96,-125.15,2023-05-17,7.5,RLS,5,13:00:00,,,1,2,Chordata,Actinopterygii,Perciformes,Hexagrammidae,Hexagrammos decagrammus,Hexagrammos decagrammus,30,1,344.0053,POINT (-125.1500015258789 48.959999084472656)
ep_m1_public_data.fid-1acd095e_191e9a83fd6_c8e,923402223,Canada,British Columbia,"Oregon, Washington, Vancouver Coast and Shelf",Temperate Northern Pacific,Vancouver Island,BMSC8,Baeria Rocks North Island Northside,48.96,-125.15,2023-05-17,7.5,RLS,5,13:00:00,,,1,2,Chordata,Actinopterygii,Scorpaeniformes,Sebastidae,Sebastes caurinus,Sebastes caurinus,20,1,162.7257,POINT (-125.1500015258789 48.959999084472656)
ep_m1_public_data.fid-1acd095e_191e9a83fd6_c8f,923402226,Canada,British Columbia,"Oregon, Washington, Vancouver Coast and Shelf",Temperate Northern Pacific,Vancouver Island,BMSC8,Baeria Rocks North Island Northside,48.96,-125.15,2023-05-17,9,RLS,5,13:02:00,,,1,2,Chordata,Actinopteri,Perciformes,Hexagrammidae,Hexagrammos spp.,Hexagrammos ,7.5,1,,POINT (-125.1500015258789 48.959999084472656)
ep_m1_public_data.fid-1acd095e_191e9a83fd6_c90,923402226,Canada,British Columbia,"Oregon, Washington, Vancouver Coast and Shelf",Temperate Northern Pacific,Vancouver Island,BMSC8,Baeria Rocks North Island Northside,48.96,-125.15,2023-05-17,9,RLS,5,13:02:00,,,1,2,Chordata,Actinopterygii,Perciformes,Hexagrammidae,Hexagrammos decagrammus,Hexagrammos decagrammus,12.5,1,37.9668,POINT (-125.1500015258789 48.959999084472656)
ep_m1_public_data.fid-1acd095e_191e9a83fd6_c91,923402226,Canada,British Columbia,"Oregon, Washington, Vancouver Coast and Shelf",Temperate Northern Pacific,Vancouver Island,BMSC8,Baeria Rocks North Island Northside,48.96,-125.15,2023-05-17,9,RLS,5,13:02:00,,,1,2,Chordata,Actinopterygii,Perciformes,Hexagrammidae,Hexagrammos decagrammus,Hexagrammos decagrammus,25,2,464.3122,POINT (-125.1500015258789 48.959999084472656)
ep_m1_public_data.fid-1acd095e_191e9a83fd6_c92,923402226,Canada,British Columbia,"Oregon, Washington, Vancouver Coast and Shelf",Temperate Northern Pacific,Vancouver Island,BMSC8,Baeria Rocks North Island Northside,48.96,-125.15,2023-05-17,9,RLS,5,13:02:00,,,1,2,Chordata,Actinopterygii,Perciformes,Hexagrammidae,Hexagrammos decagrammus,Hexagrammos decagrammus,30,3,1032.016,POINT (-125.1500015258789 48.959999084472656)
ep_m1_public_data.fid-1acd095e_191e9a83fd6_c93,923402226,Canada,British Columbia,"Oregon, Washington, Vancouver Coast and Shelf",Temperate Northern Pacific,Vancouver Island,BMSC8,Baeria Rocks North Island Northside,48.96,-125.15,2023-05-17,9,RLS,5,13:02:00,,,1,2,Chordata,Actinopterygii,Perciformes,Hexagrammidae,Hexagrammos decagrammus,Hexagrammos decagrammus,35,1,483.3065,POINT (-125.1500015258789 48.959999084472656)
ep_m1_public_data.fid-1acd095e_191e9a83fd6_c94,923402226,Canada,British Columbia,"Oregon, Washington, Vancouver Coast and Shelf",Temperate Northern Pacific,Vancouver Island,BMSC8,Baeria Rocks North Island Northside,48.96,-125.15,2023-05-17,9,RLS,5,13:02:00,,,1,1,Chordata,Actinopterygii,Perciformes,Hexagrammidae,Hexagrammos decagrammus,Hexagrammos decagrammus,30,2,688.0106,POINT (-125.1500015258789 48.959999084472656)
ep_m1_public_data.fid-1acd095e_191e9a83fd6_c95,923402226,Canada,British Columbia,"Oregon, Washington, Vancouver Coast and Shelf",Temperate Northern Pacific,Vancouver Island,BMSC8,Baeria Rocks North Island Northside,48.96,-125.15,2023-05-17,9,RLS,5,13:02:00,,,1,1,Chordata,Actinopterygii,Perciformes,Hexagrammidae,Hexagrammos decagrammus,Hexagrammos decagrammus,35,1,483.3065,POINT (-125.1500015258789 48.959999084472656)
ep_m1_public_data.fid-1acd095e_191e9a83fd6_c96,923402226,Canada,British Columbia,"Oregon, Washington, Vancouver Coast and Shelf",Temperate Northern Pacific,Vancouver Island,BMSC8,Baeria Rocks North Island Northside,48.96,-125.15,2023-05-17,9,RLS,5,13:02:00,,,1,1,Chordata,Actinopterygii,Scorpaeniformes,Hexagrammidae,Ophiodon elongatus,Ophiodon elongatus,35,1,231.3251,POINT (-125.1500015258789 48.959999084472656)
ep_m1_public_data.fid-1acd095e_191e9a83fd6_c97,923402226,Canada,British Columbia,"Oregon, Washington, Vancouver Coast and Shelf",Temperate Northern Pacific,Vancouver Island,BMSC8,Baeria Rocks North Island Northside,48.96,-125.15,2023-05-17,9,RLS,5,13:02:00,,,1,1,Chordata,Actinopterygii,Scorpaeniformes,Hexagrammidae,Ophiodon elongatus,Ophiodon elongatus,40,1,296.3178,POINT (-125.1500015258789 48.959999084472656)
ep_m1_public_data.fid-1acd095e_191e9a83fd6_c98,923400138,Canada,British Columbia,"Oregon, Washington, Vancouver Coast and Shelf",Temperate Northern Pacific,Vancouver Island,BMSC3,Ohiat,48.86,-125.18,2021-04-27,5.5,RLS,5,12:39:00,,,1,1,Chordata,Actinopterygii,Perciformes,Hexagrammidae,Hexagrammos decagrammus,Hexagrammos decagrammus,12.5,1,37.9668,POINT (-125.18000030517578 48.86000061035156)
ep_m1_public_data.fid-1acd095e_191e9a83fd6_c99,923400138,Canada,British Columbia,"Oregon, Washington, Vancouver Coast and Shelf",Temperate Northern Pacific,Vancouver Island,BMSC3,Ohiat,48.86,-125.18,2021-04-27,5.5,RLS,5,12:39:00,,,1,1,Chordata,Actinopterygii,Perciformes,Hexagrammidae,Hexagrammos decagrammus,Hexagrammos decagrammus,20,2,300.0406,POINT (-125.18000030517578 48.86000061035156)
ep_m1_public_data.fid-1acd095e_191e9a83fd6_c9a,923400138,Canada,British Columbia,"Oregon, Washington, Vancouver Coast and Shelf",Temperate Northern Pacific,Vancouver Island,BMSC3,Ohiat,48.86,-125.18,2021-04-27,5.5,RLS,5,12:39:00,,,1,1,Chordata,Actinopterygii,Perciformes,Hexagrammidae,Hexagrammos decagrammus,Hexagrammos decagrammus,25,1,232.1561,POINT (-125.18000030517578 48.86000061035156)
ep_m1_public_data.fid-1acd095e_191e9a83fd6_c9b,923400138,Canada,British Columbia,"Oregon, Washington, Vancouver Coast and Shelf",Temperate Northern Pacific,Vancouver Island,BMSC3,Ohiat,48.86,-125.18,2021-04-27,5.5,RLS,5,12:39:00,,,1,1,Chordata,Actinopterygii,Scorpaeniformes,Hexagrammidae,Ophiodon elongatus,Ophiodon elongatus,30,1,164.6513,POINT (-125.18000030517578 48.86000061035156)
ep_m1_public_data.fid-1acd095e_191e9a83fd6_c9c,923400138,Canada,British Columbia,"Oregon, Washington, Vancouver Coast and Shelf",Temperate Northern Pacific,Vancouver Island,BMSC3,Ohiat,48.86,-125.18,2021-04-27,5.5,RLS,5,12:39:00,,,1,1,Chordata,Actinopterygii,Scorpaeniformes,Sebastidae,Sebastes melanops,Sebastes melanops,20,2,325.4514,POINT (-125.18000030517578 48.86000061035156)
ep_m1_public_data.fid-1acd095e_191e9a83fd6_c9d,923400138,Canada,British Columbia,"Oregon, Washington, Vancouver Coast and Shelf",Temperate Northern Pacific,Vancouver Island,BMSC3,Ohiat,48.86,-125.18,2021-04-27,5.5,RLS,5,12:39:00,,,1,1,Chordata,Actinopterygii,Scorpaeniformes,Sebastidae,Sebastes melanops,Sebastes melanops,25,1,250.4119,POINT (-125.18000030517578 48.86000061035156)
ep_m1_public_data.fid-1acd095e_191e9a83fd6_c9e,923400138,Canada,British Columbia,"Oregon, Washington, Vancouver Coast and Shelf",Temperate Northern Pacific,Vancouver Island,BMSC3,Ohiat,48.86,-125.18,2021-04-27,5.5,RLS,5,12:39:00,,,1,2,Chordata,Actinopterygii,Perciformes,Embiotocidae,Embiotoca lateralis,Embiotoca lateralis,15,1,120.4819,POINT (-125.18000030517578 48.86000061035156)
ep_m1_public_data.fid-1acd095e_191e9a83fd6_c9f,923400138,Canada,British Columbia,"Oregon, Washington, Vancouver Coast and Shelf",Temperate Northern Pacific,Vancouver Island,BMSC3,Ohiat,48.86,-125.18,2021-04-27,5.5,RLS,5,12:39:00,,,1,2,Chordata,Actinopterygii,Perciformes,Hexagrammidae,Hexagrammos decagrammus,Hexagrammos decagrammus,7.5,2,15.4265,POINT (-125.18000030517578 48.86000061035156)
ep_m1_public_data.fid-1acd095e_191e9a83fd6_ca0,923400138,Canada,British Columbia,"Oregon, Washington, Vancouver Coast and Shelf",Temperate Northern Pacific,Vancouver Island,BMSC3,Ohiat,48.86,-125.18,2021-04-27,5.5,RLS,5,12:39:00,,,1,2,Chordata,Actinopterygii,Perciformes,Hexagrammidae,Hexagrammos decagrammus,Hexagrammos decagrammus,10,3,56.7762,POINT (-125.18000030517578 48.86000061035156)
ep_m1_public_data.fid-1acd095e_191e9a83fd6_ca1,923400138,Canada,British Columbia,"Oregon, Washington, Vancouver Coast and Shelf",Temperate Northern Pacific,Vancouver Island,BMSC3,Ohiat,48.86,-125.18,2021-04-27,5.5,RLS,5,12:39:00,,,1,2,Chordata,Actinopterygii,Perciformes,Hexagrammidae,Hexagrammos decagrammus,Hexagrammos decagrammus,15,1,67.0579,POINT (-125.18000030517578 48.86000061035156)
ep_m1_public_data.fid-1acd095e_191e9a83fd6_ca2,923400138,Canada,British Columbia,"Oregon, Washington, Vancouver Coast and Shelf",Temperate Northern Pacific,Vancouver Island,BMSC3,Ohiat,48.86,-125.18,2021-04-27,5.5,RLS,5,12:39:00,,,1,2,Chordata,Actinopterygii,Scorpaeniformes,Hexagrammidae,Ophiodon elongatus,Ophiodon elongatus,50,1,599.5206,POINT (-125.18000030517578 48.86000061035156)
ep_m1_public_data.fid-1acd095e_191e9a83fd6_ca3,923400138,Canada,British Columbia,"Oregon, Washington, Vancouver Coast and Shelf",Temperate Northern Pacific,Vancouver Island,BMSC3,Ohiat,48.86,-125.18,2021-04-27,5.5,RLS,5,12:39:00,,,1,2,Chordata,Actinopterygii,Scorpaeniformes,Sebastidae,Sebastes melanops,Sebastes melanops,15,1,73.4918,POINT (-125.18000030517578 48.86000061035156)
ep_m1_public_data.fid-1acd095e_191e9a83fd6_ca4,923401188,Canada,British Columbia,"Oregon, Washington, Vancouver Coast and Shelf",Temperate Northern Pacific,Vancouver Island,BMSC3,Ohiat,48.86,-125.18,2022-05-05,6.5,RLS,3,13:45:00,,,1,2,Chordata,Actinopterygii,Perciformes,Embiotocidae,Embiotoca lateralis,Embiotoca lateralis,25,2,801.6707,POINT (-125.18000030517578 48.86000061035156)
ep_m1_public_data.fid-1acd095e_191e9a83fd6_ca5,923401188,Canada,British Columbia,"Oregon, Washington, Vancouver Coast and Shelf",Temperate Northern Pacific,Vancouver Island,BMSC3,Ohiat,48.86,-125.18,2022-05-05,6.5,RLS,3,13:45:00,,,1,2,Chordata,Actinopterygii,Perciformes,Hexagrammidae,Hexagrammos decagrammus,Hexagrammos decagrammus,15,3,201.1736,POINT (-125.18000030517578 48.86000061035156)
ep_m1_public_data.fid-1acd095e_191e9a83fd6_ca6,923401188,Canada,British Columbia,"Oregon, Washington, Vancouver Coast and Shelf",Temperate Northern Pacific,Vancouver Island,BMSC3,Ohiat,48.86,-125.18,2022-05-05,6.5,RLS,3,13:45:00,,,1,2,Chordata,Actinopterygii,Perciformes,Hexagrammidae,Hexagrammos decagrammus,Hexagrammos decagrammus,20,3,450.0609,POINT (-125.18000030517578 48.86000061035156)
ep_m1_public_data.fid-1acd095e_191e9a83fd6_ca7,923401188,Canada,British Columbia,"Oregon, Washington, Vancouver Coast and Shelf",Temperate Northern Pacific,Vancouver Island,BMSC3,Ohiat,48.86,-125.18,2022-05-05,6.5,RLS,3,13:45:00,,,1,1,Chordata,Actinopterygii,Perciformes,Hexagrammidae,Hexagrammos decagrammus,Hexagrammos decagrammus,20,1,150.0203,POINT (-125.18000030517578 48.86000061035156)
ep_m1_public_data.fid-1acd095e_191e9a83fd6_ca8,923401188,Canada,British Columbia,"Oregon, Washington, Vancouver Coast and Shelf",Temperate Northern Pacific,Vancouver Island,BMSC3,Ohiat,48.86,-125.18,2022-05-05,6.5,RLS,3,13:45:00,,,1,1,Chordata,Actinopterygii,Perciformes,Hexagrammidae,Hexagrammos decagrammus,Hexagrammos decagrammus,25,1,232.1561,POINT (-125.18000030517578 48.86000061035156)
ep_m1_public_data.fid-1acd095e_191e9a83fd6_ca9,923401188,Canada,British Columbia,"Oregon, Washington, Vancouver Coast and Shelf",Temperate Northern Pacific,Vancouver Island,BMSC3,Ohiat,48.86,-125.18,2022-05-05,6.5,RLS,3,13:45:00,,,1,1,Chordata,Actinopterygii,Perciformes,Hexagrammidae,Hexagrammos decagrammus,Hexagrammos decagrammus,30,2,688.0106,POINT (-125.18000030517578 48.86000061035156)
ep_m1_public_data.fid-1acd095e_191e9a83fd6_caa,923401188,Canada,British Columbia,"Oregon, Washington, Vancouver Coast and Shelf",Temperate Northern Pacific,Vancouver Island,BMSC3,Ohiat,48.86,-125.18,2022-05-05,6.5,RLS,3,13:45:00,,,1,1,Chordata,Actinopterygii,Perciformes,Hexagrammidae,Hexagrammos decagrammus,Hexagrammos decagrammus,35,2,966.613,POINT (-125.18000030517578 48.86000061035156)
ep_m1_public_data.fid-1acd095e_191e9a83fd6_cab,923401188,Canada,British Columbia,"Oregon, Washington, Vancouver Coast and Shelf",Temperate Northern Pacific,Vancouver Island,BMSC3,Ohiat,48.86,-125.18,2022-05-05,6.5,RLS,3,13:45:00,,,1,1,Chordata,Actinopterygii,Perciformes,Hexagrammidae,Hexagrammos decagrammus,Hexagrammos decagrammus,40,3,1857.2866,POINT (-125.18000030517578 48.86000061035156)
ep_m1_public_data.fid-1acd095e_191e9a83fd6_cac,923401188,Canada,British Columbia,"Oregon, Washington, Vancouver Coast and Shelf",Temperate Northern Pacific,Vancouver Island,BMSC3,Ohiat,48.86,-125.18,2022-05-05,6.5,RLS,3,13:45:00,,,1,1,Chordata,Actinopterygii,Scorpaeniformes,Hexagrammidae,Ophiodon elongatus,Ophiodon elongatus,40,1,296.3178,POINT (-125.18000030517578 48.86000061035156)
ep_m1_public_data.fid-1acd095e_191e9a83fd6_cad,923401188,Canada,British Columbia,"Oregon, Washington, Vancouver Coast and Shelf",Temperate Northern Pacific,Vancouver Island,BMSC3,Ohiat,48.86,-125.18,2022-05-05,6.5,RLS,3,13:45:00,,,1,1,Chordata,Actinopterygii,Scorpaeniformes,Sebastidae,Sebastes melanops,Sebastes melanops,15,6,440.9511,POINT (-125.18000030517578 48.86000061035156)
ep_m1_public_data.fid-1acd095e_191e9a83fd6_cae,923401188,Canada,British Columbia,"Oregon, Washington, Vancouver Coast and Shelf",Temperate Northern Pacific,Vancouver Island,BMSC3,Ohiat,48.86,-125.18,2022-05-05,6.5,RLS,3,13:45:00,,,1,1,Chordata,Actinopterygii,Scorpaeniformes,Sebastidae,Sebastes melanops,Sebastes melanops,25,9,2253.7075,POINT (-125.18000030517578 48.86000061035156)
ep_m1_public_data.fid-1acd095e_191e9a83fd6_caf,923401188,Canada,British Columbia,"Oregon, Washington, Vancouver Coast and Shelf",Temperate Northern Pacific,Vancouver Island,BMSC3,Ohiat,48.86,-125.18,2022-05-05,6.5,RLS,3,13:45:00,,,1,1,Chordata,Actinopterygii,Scorpaeniformes,Sebastidae,Sebastes melanops,Sebastes melanops,30,1,369.1905,POINT (-125.18000030517578 48.86000061035156)
ep_m1_public_data.fid-1acd095e_191e9a83fd6_cb0,923402236,Canada,British Columbia,"Oregon, Washington, Vancouver Coast and Shelf",Temperate Northern Pacific,Vancouver Island,BMSC3,Ohiat,48.86,-125.18,2023-05-12,7.5,RLS,1,12:40:00,,,1,2,Chordata,Actinopterygii,Perciformes,Hexagrammidae,Hexagrammos decagrammus,Hexagrammos decagrammus,25,1,232.1561,POINT (-125.18000030517578 48.86000061035156)
ep_m1_public_data.fid-1acd095e_191e9a83fd6_cb1,923402236,Canada,British Columbia,"Oregon, Washington, Vancouver Coast and Shelf",Temperate Northern Pacific,Vancouver Island,BMSC3,Ohiat,48.86,-125.18,2023-05-12,7.5,RLS,1,12:40:00,,,1,2,Chordata,Actinopterygii,Scorpaeniformes,Sebastidae,Sebastes melanops,Sebastes melanops,15,4,293.9674,POINT (-125.18000030517578 48.86000061035156)
ep_m1_public_data.fid-1acd095e_191e9a83fd6_cb2,923402236,Canada,British Columbia,"Oregon, Washington, Vancouver Coast and Shelf",Temperate Northern Pacific,Vancouver Island,BMSC3,Ohiat,48.86,-125.18,2023-05-12,7.5,RLS,1,12:40:00,,,1,2,Chordata,Actinopterygii,Scorpaeniformes,Sebastidae,Sebastes melanops,Sebastes melanops,20,10,1627.257,POINT (-125.18000030517578 48.86000061035156)
ep_m1_public_data.fid-1acd095e_191e9a83fd6_cb3,923402236,Canada,British Columbia,"Oregon, Washington, Vancouver Coast and Shelf",Temperate Northern Pacific,Vancouver Island,BMSC3,Ohiat,48.86,-125.18,2023-05-12,7.5,RLS,1,12:40:00,,,1,2,Chordata,Actinopterygii,Scorpaeniformes,Sebastidae,Sebastes melanops,Sebastes melanops,25,2,500.8239,POINT (-125.18000030517578 48.86000061035156)
ep_m1_public_data.fid-1acd095e_191e9a83fd6_cb4,923402236,Canada,British Columbia,"Oregon, Washington, Vancouver Coast and Shelf",Temperate Northern Pacific,Vancouver Island,BMSC3,Ohiat,48.86,-125.18,2023-05-12,7.5,RLS,1,12:40:00,,,1,1,Chordata,Actinopterygii,Perciformes,Hexagrammidae,Hexagrammos decagrammus,Hexagrammos decagrammus,30,3,1032.016,POINT (-125.18000030517578 48.86000061035156)
ep_m1_public_data.fid-1acd095e_191e9a83fd6_cb5,923402236,Canada,British Columbia,"Oregon, Washington, Vancouver Coast and Shelf",Temperate Northern Pacific,Vancouver Island,BMSC3,Ohiat,48.86,-125.18,2023-05-12,7.5,RLS,1,12:40:00,,,1,1,Chordata,Actinopterygii,Scorpaeniformes,Sebastidae,Sebastes melanops,Sebastes melanops,15,1,73.4918,POINT (-125.18000030517578 48.86000061035156)
ep_m1_public_data.fid-1acd095e_191e9a83fd6_cb6,923402236,Canada,British Columbia,"Oregon, Washington, Vancouver Coast and Shelf",Temperate Northern Pacific,Vancouver Island,BMSC3,Ohiat,48.86,-125.18,2023-05-12,7.5,RLS,1,12:40:00,,,1,1,Chordata,Actinopterygii,Scorpaeniformes,Sebastidae,Sebastes melanops,Sebastes melanops,20,1,162.7257,POINT (-125.18000030517578 48.86000061035156)
ep_m1_public_data.fid-1acd095e_191e9a83fd6_cb7,923402236,Canada,British Columbia,"Oregon, Washington, Vancouver Coast and Shelf",Temperate Northern Pacific,Vancouver Island,BMSC3,Ohiat,48.86,-125.18,2023-05-12,7.5,RLS,1,12:40:00,,,1,1,Chordata,Actinopterygii,Scorpaeniformes,Sebastidae,Sebastes melanops,Sebastes melanops,25,1,250.4119,POINT (-125.18000030517578 48.86000061035156)
ep_m1_public_data.fid-1acd095e_191e9a83fd6_cb8,923400142,Canada,British Columbia,"Oregon, Washington, Vancouver Coast and Shelf",Temperate Northern Pacific,Vancouver Island,BMSC11,Wizard Island South,48.86,-125.16,2021-05-03,5.5,RLS,7,10:30:00,,,1,2,Chordata,Actinopterygii,Perciformes,Anarhichadidae,Anarrhichthys ocellatus,Anarrhichthys ocellatus,20,1,86.0039,POINT (-125.16000366210938 48.86000061035156)
ep_m1_public_data.fid-1acd095e_191e9a83fd6_cb9,923400142,Canada,British Columbia,"Oregon, Washington, Vancouver Coast and Shelf",Temperate Northern Pacific,Vancouver Island,BMSC11,Wizard Island South,48.86,-125.16,2021-05-03,5.5,RLS,7,10:30:00,,,1,2,Chordata,Actinopterygii,Perciformes,Hexagrammidae,Hexagrammos decagrammus,Hexagrammos decagrammus,20,1,150.0203,POINT (-125.16000366210938 48.86000061035156)
ep_m1_public_data.fid-1acd095e_191e9a83fd6_cba,923400142,Canada,British Columbia,"Oregon, Washington, Vancouver Coast and Shelf",Temperate Northern Pacific,Vancouver Island,BMSC11,Wizard Island South,48.86,-125.16,2021-05-03,5.5,RLS,7,10:30:00,,,1,1,Chordata,Actinopterygii,Perciformes,Gobiidae,Rhinogobiops nicholsii,Rhinogobiops nicholsii,10,1,18.6854,POINT (-125.16000366210938 48.86000061035156)
ep_m1_public_data.fid-1acd095e_191e9a83fd6_cbb,923400142,Canada,British Columbia,"Oregon, Washington, Vancouver Coast and Shelf",Temperate Northern Pacific,Vancouver Island,BMSC11,Wizard Island South,48.86,-125.16,2021-05-03,5.5,RLS,7,10:30:00,,,1,1,Chordata,Actinopterygii,Perciformes,Hexagrammidae,Hexagrammos decagrammus,Hexagrammos decagrammus,25,1,232.1561,POINT (-125.16000366210938 48.86000061035156)
ep_m1_public_data.fid-1acd095e_191e9a83fd6_cbc,923400155,Canada,British Columbia,"Oregon, Washington, Vancouver Coast and Shelf",Temperate Northern Pacific,Vancouver Island,BMSC12,Wizard Island North,48.86,-125.16,2021-05-03,5.5,RLS,6,12:20:00,,,1,1,Chordata,Actinopterygii,Perciformes,Hexagrammidae,Hexagrammos decagrammus,Hexagrammos decagrammus,12.5,2,75.9337,POINT (-125.16000366210938 48.86000061035156)
ep_m1_public_data.fid-1acd095e_191e9a83fd6_cbd,923400155,Canada,British Columbia,"Oregon, Washington, Vancouver Coast and Shelf",Temperate Northern Pacific,Vancouver Island,BMSC12,Wizard Island North,48.86,-125.16,2021-05-03,5.5,RLS,6,12:20:00,,,1,1,Chordata,Actinopterygii,Perciformes,Hexagrammidae,Hexagrammos decagrammus,Hexagrammos decagrammus,15,2,134.1157,POINT (-125.16000366210938 48.86000061035156)
ep_m1_public_data.fid-1acd095e_191e9a83fd6_cbe,923400155,Canada,British Columbia,"Oregon, Washington, Vancouver Coast and Shelf",Temperate Northern Pacific,Vancouver Island,BMSC12,Wizard Island North,48.86,-125.16,2021-05-03,5.5,RLS,6,12:20:00,,,1,2,Chordata,Actinopterygii,Perciformes,Hexagrammidae,Hexagrammos decagrammus,Hexagrammos decagrammus,12.5,6,227.801,POINT (-125.16000366210938 48.86000061035156)
ep_m1_public_data.fid-1acd095e_191e9a83fd6_cbf,923400155,Canada,British Columbia,"Oregon, Washington, Vancouver Coast and Shelf",Temperate Northern Pacific,Vancouver Island,BMSC12,Wizard Island North,48.86,-125.16,2021-05-03,5.5,RLS,6,12:20:00,,,1,2,Chordata,Actinopterygii,Perciformes,Hexagrammidae,Hexagrammos decagrammus,Hexagrammos decagrammus,20,6,900.1219,POINT (-125.16000366210938 48.86000061035156)
ep_m1_public_data.fid-1acd095e_191e9a83fd6_cc0,923400155,Canada,British Columbia,"Oregon, Washington, Vancouver Coast and Shelf",Temperate Northern Pacific,Vancouver Island,BMSC12,Wizard Island North,48.86,-125.16,2021-05-03,5.5,RLS,6,12:20:00,,,1,2,Chordata,Actinopterygii,Scorpaeniformes,Sebastidae,Sebastes melanops,Sebastes melanops,25,1,250.4119,POINT (-125.16000366210938 48.86000061035156)
ep_m1_public_data.fid-1acd095e_191e9a83fd6_cc1,923401181,Canada,British Columbia,"Oregon, Washington, Vancouver Coast and Shelf",Temperate Northern Pacific,Vancouver Island,BMSC11,Wizard Island South,48.86,-125.16,2022-05-03,8.5,RLS,3,09:50:00,,,1,1,Chordata,Actinopterygii,Perciformes,Gobiidae,Rhinogobiops nicholsii,Rhinogobiops nicholsii,10,4,74.7417,POINT (-125.16000366210938 48.86000061035156)
ep_m1_public_data.fid-1acd095e_191e9a83fd6_cc2,923401181,Canada,British Columbia,"Oregon, Washington, Vancouver Coast and Shelf",Temperate Northern Pacific,Vancouver Island,BMSC11,Wizard Island South,48.86,-125.16,2022-05-03,8.5,RLS,3,09:50:00,,,1,1,Chordata,Actinopterygii,Perciformes,Hexagrammidae,Hexagrammos decagrammus,Hexagrammos decagrammus,15,1,67.0579,POINT (-125.16000366210938 48.86000061035156)
ep_m1_public_data.fid-1acd095e_191e9a83fd6_cc3,923401181,Canada,British Columbia,"Oregon, Washington, Vancouver Coast and Shelf",Temperate Northern Pacific,Vancouver Island,BMSC11,Wizard Island South,48.86,-125.16,2022-05-03,8.5,RLS,3,09:50:00,,,1,1,Ctenophora,Tentaculata,Lobata,Bolinopsidae,Bolinopsis infundibulum,Bolinopsis infundibulum,5,1,,POINT (-125.16000366210938 48.86000061035156)
ep_m1_public_data.fid-1acd095e_191e9a83fd6_cc4,923401185,Canada,British Columbia,"Oregon, Washington, Vancouver Coast and Shelf",Temperate Northern Pacific,Vancouver Island,BMSC12,Wizard Island North,48.86,-125.16,2022-05-03,9,RLS,3,12:50:00,,,1,1,Chordata,Actinopterygii,Perciformes,Hexagrammidae,Hexagrammos decagrammus,Hexagrammos decagrammus,20,1,150.0203,POINT (-125.16000366210938 48.86000061035156)
ep_m1_public_data.fid-1acd095e_191e9a83fd6_cc5,923401190,Canada,British Columbia,"Oregon, Washington, Vancouver Coast and Shelf",Temperate Northern Pacific,Vancouver Island,BMSC11,Wizard Island South,48.86,-125.16,2022-05-03,4,RLS,3,09:59:00,,,1,2,Chordata,Actinopterygii,Perciformes,Hexagrammidae,Hexagrammos decagrammus,Hexagrammos decagrammus,30,1,344.0053,POINT (-125.16000366210938 48.86000061035156)
ep_m1_public_data.fid-1acd095e_191e9a83fd6_cc6,923401190,Canada,British Columbia,"Oregon, Washington, Vancouver Coast and Shelf",Temperate Northern Pacific,Vancouver Island,BMSC11,Wizard Island South,48.86,-125.16,2022-05-03,4,RLS,3,09:59:00,,,1,2,Chordata,Actinopterygii,Scorpaeniformes,Hexagrammidae,Ophiodon elongatus,Ophiodon elongatus,40,1,296.3178,POINT (-125.16000366210938 48.86000061035156)
ep_m1_public_data.fid-1acd095e_191e9a83fd6_cc7,923401190,Canada,British Columbia,"Oregon, Washington, Vancouver Coast and Shelf",Temperate Northern Pacific,Vancouver Island,BMSC11,Wizard Island South,48.86,-125.16,2022-05-03,4,RLS,3,09:59:00,,,1,2,Chordata,Actinopterygii,Scorpaeniformes,Sebastidae,Sebastes caurinus,Sebastes caurinus,20,1,162.7257,POINT (-125.16000366210938 48.86000061035156)
ep_m1_public_data.fid-1acd095e_191e9a83fd6_cc8,923401190,Canada,British Columbia,"Oregon, Washington, Vancouver Coast and Shelf",Temperate Northern Pacific,Vancouver Island,BMSC11,Wizard Island South,48.86,-125.16,2022-05-03,4,RLS,3,09:59:00,,,1,1,Chordata,Actinopterygii,Perciformes,Hexagrammidae,Hexagrammos decagrammus,Hexagrammos decagrammus,25,1,232.1561,POINT (-125.16000366210938 48.86000061035156)
ep_m1_public_data.fid-1acd095e_191e9a83fd6_cc9,923401195,Canada,British Columbia,"Oregon, Washington, Vancouver Coast and Shelf",Temperate Northern Pacific,Vancouver Island,BMSC12,Wizard Island North,48.86,-125.16,2022-05-03,5,RLS,3,12:15:00,,,1,2,Chordata,Actinopterygii,Perciformes,Embiotocidae,Embiotoca lateralis,Embiotoca lateralis,15,1,120.4819,POINT (-125.16000366210938 48.86000061035156)
ep_m1_public_data.fid-1acd095e_191e9a83fd6_cca,923401195,Canada,British Columbia,"Oregon, Washington, Vancouver Coast and Shelf",Temperate Northern Pacific,Vancouver Island,BMSC12,Wizard Island North,48.86,-125.16,2022-05-03,5,RLS,3,12:15:00,,,1,2,Chordata,Actinopterygii,Perciformes,Embiotocidae,Rhacochilus vacca,Rhacochilus vacca,15,9,1084.3374,POINT (-125.16000366210938 48.86000061035156)
ep_m1_public_data.fid-1acd095e_191e9a83fd6_ccb,923401195,Canada,British Columbia,"Oregon, Washington, Vancouver Coast and Shelf",Temperate Northern Pacific,Vancouver Island,BMSC12,Wizard Island North,48.86,-125.16,2022-05-03,5,RLS,3,12:15:00,,,1,2,Chordata,Actinopterygii,Perciformes,Hexagrammidae,Hexagrammos decagrammus,Hexagrammos decagrammus,30,6,2064.032,POINT (-125.16000366210938 48.86000061035156)
ep_m1_public_data.fid-1acd095e_191e9a83fd6_ccc,923401195,Canada,British Columbia,"Oregon, Washington, Vancouver Coast and Shelf",Temperate Northern Pacific,Vancouver Island,BMSC12,Wizard Island North,48.86,-125.16,2022-05-03,5,RLS,3,12:15:00,,,1,2,Chordata,Actinopterygii,Perciformes,Hexagrammidae,Hexagrammos decagrammus,Hexagrammos decagrammus,35,3,1449.9194,POINT (-125.16000366210938 48.86000061035156)
ep_m1_public_data.fid-1acd095e_191e9a83fd6_ccd,923401195,Canada,British Columbia,"Oregon, Washington, Vancouver Coast and Shelf",Temperate Northern Pacific,Vancouver Island,BMSC12,Wizard Island North,48.86,-125.16,2022-05-03,5,RLS,3,12:15:00,,,1,2,Chordata,Actinopterygii,Scorpaeniformes,Sebastidae,Sebastes melanops,Sebastes melanops,20,1,162.7257,POINT (-125.16000366210938 48.86000061035156)
ep_m1_public_data.fid-1acd095e_191e9a83fd6_cce,923401195,Canada,British Columbia,"Oregon, Washington, Vancouver Coast and Shelf",Temperate Northern Pacific,Vancouver Island,BMSC12,Wizard Island North,48.86,-125.16,2022-05-03,5,RLS,3,12:15:00,,,1,2,Chordata,Actinopterygii,Scorpaeniformes,Sebastidae,Sebastes melanops,Sebastes melanops,25,1,250.4119,POINT (-125.16000366210938 48.86000061035156)
ep_m1_public_data.fid-1acd095e_191e9a83fd6_ccf,923401195,Canada,British Columbia,"Oregon, Washington, Vancouver Coast and Shelf",Temperate Northern Pacific,Vancouver Island,BMSC12,Wizard Island North,48.86,-125.16,2022-05-03,5,RLS,3,12:15:00,,,1,1,Chordata,Actinopterygii,Perciformes,Hexagrammidae,Hexagrammos decagrammus,Hexagrammos decagrammus,15,3,201.1736,POINT (-125.16000366210938 48.86000061035156)
ep_m1_public_data.fid-1acd095e_191e9a83fd6_cd0,923401195,Canada,British Columbia,"Oregon, Washington, Vancouver Coast and Shelf",Temperate Northern Pacific,Vancouver Island,BMSC12,Wizard Island North,48.86,-125.16,2022-05-03,5,RLS,3,12:15:00,,,1,1,Chordata,Actinopterygii,Perciformes,Hexagrammidae,Hexagrammos decagrammus,Hexagrammos decagrammus,20,5,750.1016,POINT (-125.16000366210938 48.86000061035156)
ep_m1_public_data.fid-1acd095e_191e9a83fd6_cd1,923401195,Canada,British Columbia,"Oregon, Washington, Vancouver Coast and Shelf",Temperate Northern Pacific,Vancouver Island,BMSC12,Wizard Island North,48.86,-125.16,2022-05-03,5,RLS,3,12:15:00,,,1,1,Chordata,Actinopterygii,Perciformes,Hexagrammidae,Hexagrammos decagrammus,Hexagrammos decagrammus,25,5,1160.7806,POINT (-125.16000366210938 48.86000061035156)
ep_m1_public_data.fid-1acd095e_191e9a83fd6_cd2,923401195,Canada,British Columbia,"Oregon, Washington, Vancouver Coast and Shelf",Temperate Northern Pacific,Vancouver Island,BMSC12,Wizard Island North,48.86,-125.16,2022-05-03,5,RLS,3,12:15:00,,,1,1,Chordata,Actinopterygii,Perciformes,Hexagrammidae,Hexagrammos decagrammus,Hexagrammos decagrammus,30,3,1032.016,POINT (-125.16000366210938 48.86000061035156)
ep_m1_public_data.fid-1acd095e_191e9a83fd6_cd3,923401195,Canada,British Columbia,"Oregon, Washington, Vancouver Coast and Shelf",Temperate Northern Pacific,Vancouver Island,BMSC12,Wizard Island North,48.86,-125.16,2022-05-03,5,RLS,3,12:15:00,,,1,1,Chordata,Actinopterygii,Scorpaeniformes,Hexagrammidae,Ophiodon elongatus,Ophiodon elongatus,40,1,296.3178,POINT (-125.16000366210938 48.86000061035156)
ep_m1_public_data.fid-1acd095e_191e9a83fd6_cd4,923401195,Canada,British Columbia,"Oregon, Washington, Vancouver Coast and Shelf",Temperate Northern Pacific,Vancouver Island,BMSC12,Wizard Island North,48.86,-125.16,2022-05-03,5,RLS,3,12:15:00,,,1,1,Chordata,Actinopterygii,Scorpaeniformes,Sebastidae,Sebastes caurinus,Sebastes caurinus,20,1,162.7257,POINT (-125.16000366210938 48.86000061035156)
ep_m1_public_data.fid-1acd095e_191e9a83fd6_cd5,923401195,Canada,British Columbia,"Oregon, Washington, Vancouver Coast and Shelf",Temperate Northern Pacific,Vancouver Island,BMSC12,Wizard Island North,48.86,-125.16,2022-05-03,5,RLS,3,12:15:00,,,1,1,Chordata,Actinopterygii,Scorpaeniformes,Sebastidae,Sebastes melanops,Sebastes melanops,20,5,813.6285,POINT (-125.16000366210938 48.86000061035156)
ep_m1_public_data.fid-1acd095e_191e9a83fd6_cd6,923402220,Canada,British Columbia,"Oregon, Washington, Vancouver Coast and Shelf",Temperate Northern Pacific,Vancouver Island,BMSC12,Wizard Island North,48.86,-125.16,2023-05-16,9,RLS,2,12:50:00,,,1,1,Chordata,Actinopterygii,Perciformes,Hexagrammidae,Hexagrammos decagrammus,Hexagrammos decagrammus,25,1,232.1561,POINT (-125.16000366210938 48.86000061035156)
ep_m1_public_data.fid-1acd095e_191e9a83fd6_cd7,923402234,Canada,British Columbia,"Oregon, Washington, Vancouver Coast and Shelf",Temperate Northern Pacific,Vancouver Island,BMSC12,Wizard Island North,48.86,-125.16,2023-05-16,6.5,RLS,1,12:54:00,,,1,1,Chordata,Actinopterygii,Perciformes,Hexagrammidae,Hexagrammos decagrammus,Hexagrammos decagrammus,20,1,150.0203,POINT (-125.16000366210938 48.86000061035156)
ep_m1_public_data.fid-1acd095e_191e9a83fd6_cd8,923402241,Canada,British Columbia,"Oregon, Washington, Vancouver Coast and Shelf",Temperate Northern Pacific,Vancouver Island,BMSC11,Wizard Island South,48.86,-125.16,2023-05-16,7.5,RLS,2,10:07:00,,,1,2,Chordata,Actinopterygii,Perciformes,Hexagrammidae,Hexagrammos decagrammus,Hexagrammos decagrammus,25,1,232.1561,POINT (-125.16000366210938 48.86000061035156)
ep_m1_public_data.fid-1acd095e_191e9a83fd6_cd9,923402241,Canada,British Columbia,"Oregon, Washington, Vancouver Coast and Shelf",Temperate Northern Pacific,Vancouver Island,BMSC11,Wizard Island South,48.86,-125.16,2023-05-16,7.5,RLS,2,10:07:00,,,1,2,Chordata,Actinopterygii,Perciformes,Hexagrammidae,Hexagrammos decagrammus,Hexagrammos decagrammus,30,1,344.0053,POINT (-125.16000366210938 48.86000061035156)
ep_m1_public_data.fid-1acd095e_191e9a83fd6_cda,923402242,Canada,British Columbia,"Oregon, Washington, Vancouver Coast and Shelf",Temperate Northern Pacific,Vancouver Island,BMSC11,Wizard Island South,48.86,-125.16,2023-05-16,5.5,RLS,1,10:12:00,,,1,2,Chordata,Actinopterygii,Perciformes,Hexagrammidae,Hexagrammos decagrammus,Hexagrammos decagrammus,15,2,134.1157,POINT (-125.16000366210938 48.86000061035156)
ep_m1_public_data.fid-1acd095e_191e9a83fd6_cdb,923402242,Canada,British Columbia,"Oregon, Washington, Vancouver Coast and Shelf",Temperate Northern Pacific,Vancouver Island,BMSC11,Wizard Island South,48.86,-125.16,2023-05-16,5.5,RLS,1,10:12:00,,,1,2,Chordata,Actinopterygii,Perciformes,Hexagrammidae,Hexagrammos decagrammus,Hexagrammos decagrammus,30,1,344.0053,POINT (-125.16000366210938 48.86000061035156)
ep_m1_public_data.fid-1acd095e_191e9a83fd6_cdc,923402242,Canada,British Columbia,"Oregon, Washington, Vancouver Coast and Shelf",Temperate Northern Pacific,Vancouver Island,BMSC11,Wizard Island South,48.86,-125.16,2023-05-16,5.5,RLS,1,10:12:00,,,1,2,Chordata,Actinopterygii,Perciformes,Hexagrammidae,Hexagrammos decagrammus,Hexagrammos decagrammus,40,1,619.0955,POINT (-125.16000366210938 48.86000061035156)
ep_m1_public_data.fid-1acd095e_191e9a83fd6_cdd,923402380,Canada,British Columbia,"Oregon, Washington, Vancouver Coast and Shelf",Temperate Northern Pacific,Vancouver Island,KCCA19,Wizard Island North Kelp,48.86,-125.16,2023-06-08,5.5,RLS,1,10:30:00,,,1,1,Chordata,Actinopterygii,Perciformes,Hexagrammidae,Hexagrammos decagrammus,Hexagrammos decagrammus,20,1,150.0203,POINT (-125.16000366210938 48.86000061035156)
ep_m1_public_data.fid-1acd095e_191e9a83fd6_cde,923400142,Canada,British Columbia,"Oregon, Washington, Vancouver Coast and Shelf",Temperate Northern Pacific,Vancouver Island,BMSC11,Wizard Island South,48.86,-125.16,2021-05-03,5.5,RLS,7,10:30:00,,,1,2,Chordata,Actinopterygii,Perciformes,Hexagrammidae,Hexagrammos decagrammus,Hexagrammos decagrammus,15,1,67.0579,POINT (-125.16000366210938 48.86000061035156)
ep_m1_public_data.fid-1acd095e_191e9a83fd6_cdf,923400142,Canada,British Columbia,"Oregon, Washington, Vancouver Coast and Shelf",Temperate Northern Pacific,Vancouver Island,BMSC11,Wizard Island South,48.86,-125.16,2021-05-03,5.5,RLS,7,10:30:00,,,1,1,Chordata,Actinopterygii,Perciformes,Hexagrammidae,Hexagrammos decagrammus,Hexagrammos decagrammus,15,1,67.0579,POINT (-125.16000366210938 48.86000061035156)
ep_m1_public_data.fid-1acd095e_191e9a83fd6_ce0,923400142,Canada,British Columbia,"Oregon, Washington, Vancouver Coast and Shelf",Temperate Northern Pacific,Vancouver Island,BMSC11,Wizard Island South,48.86,-125.16,2021-05-03,5.5,RLS,7,10:30:00,,,1,1,Ctenophora,Tentaculata,Lobata,Bolinopsidae,Bolinopsis infundibulum,Bolinopsis infundibulum,0,1,,POINT (-125.16000366210938 48.86000061035156)
ep_m1_public_data.fid-1acd095e_191e9a83fd6_ce1,923400155,Canada,British Columbia,"Oregon, Washington, Vancouver Coast and Shelf",Temperate Northern Pacific,Vancouver Island,BMSC12,Wizard Island North,48.86,-125.16,2021-05-03,5.5,RLS,6,12:20:00,,,1,1,Chordata,Actinopterygii,Perciformes,Hexagrammidae,Hexagrammos decagrammus,Hexagrammos decagrammus,20,1,150.0203,POINT (-125.16000366210938 48.86000061035156)
ep_m1_public_data.fid-1acd095e_191e9a83fd6_ce2,923400155,Canada,British Columbia,"Oregon, Washington, Vancouver Coast and Shelf",Temperate Northern Pacific,Vancouver Island,BMSC12,Wizard Island North,48.86,-125.16,2021-05-03,5.5,RLS,6,12:20:00,,,1,1,Chordata,Actinopterygii,Perciformes,Hexagrammidae,Hexagrammos decagrammus,Hexagrammos decagrammus,25,2,464.3122,POINT (-125.16000366210938 48.86000061035156)
ep_m1_public_data.fid-1acd095e_191e9a83fd6_ce3,923400155,Canada,British Columbia,"Oregon, Washington, Vancouver Coast and Shelf",Temperate Northern Pacific,Vancouver Island,BMSC12,Wizard Island North,48.86,-125.16,2021-05-03,5.5,RLS,6,12:20:00,,,1,2,Chordata,Actinopterygii,Perciformes,Hexagrammidae,Hexagrammos decagrammus,Hexagrammos decagrammus,10,4,75.7016,POINT (-125.16000366210938 48.86000061035156)
ep_m1_public_data.fid-1acd095e_191e9a83fd6_ce4,923400155,Canada,British Columbia,"Oregon, Washington, Vancouver Coast and Shelf",Temperate Northern Pacific,Vancouver Island,BMSC12,Wizard Island North,48.86,-125.16,2021-05-03,5.5,RLS,6,12:20:00,,,1,2,Chordata,Actinopterygii,Perciformes,Hexagrammidae,Hexagrammos decagrammus,Hexagrammos decagrammus,15,5,335.2894,POINT (-125.16000366210938 48.86000061035156)
ep_m1_public_data.fid-1acd095e_191e9a83fd6_ce5,923400155,Canada,British Columbia,"Oregon, Washington, Vancouver Coast and Shelf",Temperate Northern Pacific,Vancouver Island,BMSC12,Wizard Island North,48.86,-125.16,2021-05-03,5.5,RLS,6,12:20:00,,,1,2,Chordata,Actinopterygii,Perciformes,Hexagrammidae,Hexagrammos decagrammus,Hexagrammos decagrammus,25,2,464.3122,POINT (-125.16000366210938 48.86000061035156)
ep_m1_public_data.fid-1acd095e_191e9a83fd6_ce6,923400155,Canada,British Columbia,"Oregon, Washington, Vancouver Coast and Shelf",Temperate Northern Pacific,Vancouver Island,BMSC12,Wizard Island North,48.86,-125.16,2021-05-03,5.5,RLS,6,12:20:00,,,1,2,Chordata,Actinopterygii,Perciformes,Hexagrammidae,Hexagrammos decagrammus,Hexagrammos decagrammus,30,2,688.0106,POINT (-125.16000366210938 48.86000061035156)
ep_m1_public_data.fid-1acd095e_191e9a83fd6_ce7,923400155,Canada,British Columbia,"Oregon, Washington, Vancouver Coast and Shelf",Temperate Northern Pacific,Vancouver Island,BMSC12,Wizard Island North,48.86,-125.16,2021-05-03,5.5,RLS,6,12:20:00,,,1,2,Chordata,Actinopterygii,Scorpaeniformes,Hexagrammidae,Hexagrammos stelleri,Hexagrammos stelleri,15,1,64.071,POINT (-125.16000366210938 48.86000061035156)
ep_m1_public_data.fid-1acd095e_191e9a83fd6_ce8,923400155,Canada,British Columbia,"Oregon, Washington, Vancouver Coast and Shelf",Temperate Northern Pacific,Vancouver Island,BMSC12,Wizard Island North,48.86,-125.16,2021-05-03,5.5,RLS,6,12:20:00,,,1,2,Chordata,Actinopterygii,Scorpaeniformes,Sebastidae,Sebastes melanops,Sebastes melanops,15,1,73.4918,POINT (-125.16000366210938 48.86000061035156)
ep_m1_public_data.fid-1acd095e_191e9a83fd6_ce9,923401181,Canada,British Columbia,"Oregon, Washington, Vancouver Coast and Shelf",Temperate Northern Pacific,Vancouver Island,BMSC11,Wizard Island South,48.86,-125.16,2022-05-03,8.5,RLS,3,09:50:00,,,1,1,Chordata,Actinopterygii,Perciformes,Gobiidae,Rhinogobiops nicholsii,Rhinogobiops nicholsii,5,1,2.2561,POINT (-125.16000366210938 48.86000061035156)
ep_m1_public_data.fid-1acd095e_191e9a83fd6_cea,923401181,Canada,British Columbia,"Oregon, Washington, Vancouver Coast and Shelf",Temperate Northern Pacific,Vancouver Island,BMSC11,Wizard Island South,48.86,-125.16,2022-05-03,8.5,RLS,3,09:50:00,,,1,1,Chordata,Actinopterygii,Perciformes,Gobiidae,Rhinogobiops nicholsii,Rhinogobiops nicholsii,7.5,2,15.5407,POINT (-125.16000366210938 48.86000061035156)
ep_m1_public_data.fid-1acd095e_191e9a83fd6_ceb,923401181,Canada,British Columbia,"Oregon, Washington, Vancouver Coast and Shelf",Temperate Northern Pacific,Vancouver Island,BMSC11,Wizard Island South,48.86,-125.16,2022-05-03,8.5,RLS,3,09:50:00,,,1,1,Chordata,Actinopterygii,Perciformes,Gobiidae,Rhinogobiops nicholsii,Rhinogobiops nicholsii,12.5,2,73.8089,POINT (-125.16000366210938 48.86000061035156)
ep_m1_public_data.fid-1acd095e_191e9a83fd6_cec,923401190,Canada,British Columbia,"Oregon, Washington, Vancouver Coast and Shelf",Temperate Northern Pacific,Vancouver Island,BMSC11,Wizard Island South,48.86,-125.16,2022-05-03,4,RLS,3,09:59:00,,,1,2,Chordata,Actinopterygii,Perciformes,Embiotocidae,Embiotoca lateralis,Embiotoca lateralis,15,3,361.4458,POINT (-125.16000366210938 48.86000061035156)
ep_m1_public_data.fid-1acd095e_191e9a83fd6_ced,923401190,Canada,British Columbia,"Oregon, Washington, Vancouver Coast and Shelf",Temperate Northern Pacific,Vancouver Island,BMSC11,Wizard Island South,48.86,-125.16,2022-05-03,4,RLS,3,09:59:00,,,1,2,Chordata,Actinopterygii,Perciformes,Hexagrammidae,Hexagrammos decagrammus,Hexagrammos decagrammus,15,1,67.0579,POINT (-125.16000366210938 48.86000061035156)
ep_m1_public_data.fid-1acd095e_191e9a83fd6_cee,923401190,Canada,British Columbia,"Oregon, Washington, Vancouver Coast and Shelf",Temperate Northern Pacific,Vancouver Island,BMSC11,Wizard Island South,48.86,-125.16,2022-05-03,4,RLS,3,09:59:00,,,1,2,Chordata,Actinopterygii,Perciformes,Hexagrammidae,Hexagrammos decagrammus,Hexagrammos decagrammus,25,2,464.3122,POINT (-125.16000366210938 48.86000061035156)
ep_m1_public_data.fid-1acd095e_191e9a83fd6_cef,923401195,Canada,British Columbia,"Oregon, Washington, Vancouver Coast and Shelf",Temperate Northern Pacific,Vancouver Island,BMSC12,Wizard Island North,48.86,-125.16,2022-05-03,5,RLS,3,12:15:00,,,1,2,Chordata,Actinopterygii,Perciformes,Embiotocidae,Rhacochilus vacca,Rhacochilus vacca,12.5,2,138.9391,POINT (-125.16000366210938 48.86000061035156)
ep_m1_public_data.fid-1acd095e_191e9a83fd6_cf0,923401195,Canada,British Columbia,"Oregon, Washington, Vancouver Coast and Shelf",Temperate Northern Pacific,Vancouver Island,BMSC12,Wizard Island North,48.86,-125.16,2022-05-03,5,RLS,3,12:15:00,,,1,2,Chordata,Actinopterygii,Perciformes,Hexagrammidae,Hexagrammos decagrammus,Hexagrammos decagrammus,12.5,2,75.9337,POINT (-125.16000366210938 48.86000061035156)
ep_m1_public_data.fid-1acd095e_191e9a83fd6_cf1,923401195,Canada,British Columbia,"Oregon, Washington, Vancouver Coast and Shelf",Temperate Northern Pacific,Vancouver Island,BMSC12,Wizard Island North,48.86,-125.16,2022-05-03,5,RLS,3,12:15:00,,,1,2,Chordata,Actinopterygii,Perciformes,Hexagrammidae,Hexagrammos decagrammus,Hexagrammos decagrammus,15,3,201.1736,POINT (-125.16000366210938 48.86000061035156)
ep_m1_public_data.fid-1acd095e_191e9a83fd6_cf2,923401195,Canada,British Columbia,"Oregon, Washington, Vancouver Coast and Shelf",Temperate Northern Pacific,Vancouver Island,BMSC12,Wizard Island North,48.86,-125.16,2022-05-03,5,RLS,3,12:15:00,,,1,2,Chordata,Actinopterygii,Perciformes,Hexagrammidae,Hexagrammos decagrammus,Hexagrammos decagrammus,20,4,600.0812,POINT (-125.16000366210938 48.86000061035156)
ep_m1_public_data.fid-1acd095e_191e9a83fd6_cf3,923401195,Canada,British Columbia,"Oregon, Washington, Vancouver Coast and Shelf",Temperate Northern Pacific,Vancouver Island,BMSC12,Wizard Island North,48.86,-125.16,2022-05-03,5,RLS,3,12:15:00,,,1,2,Chordata,Actinopterygii,Perciformes,Hexagrammidae,Hexagrammos decagrammus,Hexagrammos decagrammus,25,7,1625.0928,POINT (-125.16000366210938 48.86000061035156)
ep_m1_public_data.fid-1acd095e_191e9a83fd6_cf4,923401195,Canada,British Columbia,"Oregon, Washington, Vancouver Coast and Shelf",Temperate Northern Pacific,Vancouver Island,BMSC12,Wizard Island North,48.86,-125.16,2022-05-03,5,RLS,3,12:15:00,,,1,2,Chordata,Actinopterygii,Perciformes,Hexagrammidae,Hexagrammos decagrammus,Hexagrammos decagrammus,40,1,619.0955,POINT (-125.16000366210938 48.86000061035156)
ep_m1_public_data.fid-1acd095e_191e9a83fd6_cf5,923401195,Canada,British Columbia,"Oregon, Washington, Vancouver Coast and Shelf",Temperate Northern Pacific,Vancouver Island,BMSC12,Wizard Island North,48.86,-125.16,2022-05-03,5,RLS,3,12:15:00,,,1,1,Chordata,Actinopterygii,Perciformes,Embiotocidae,Rhacochilus vacca,Rhacochilus vacca,12.5,3,208.4087,POINT (-125.16000366210938 48.86000061035156)
ep_m1_public_data.fid-1acd095e_191e9a83fd6_cf6,923401195,Canada,British Columbia,"Oregon, Washington, Vancouver Coast and Shelf",Temperate Northern Pacific,Vancouver Island,BMSC12,Wizard Island North,48.86,-125.16,2022-05-03,5,RLS,3,12:15:00,,,1,1,Chordata,Actinopterygii,Scorpaeniformes,Sebastidae,Sebastes melanops,Sebastes melanops,25,1,250.4119,POINT (-125.16000366210938 48.86000061035156)
ep_m1_public_data.fid-1acd095e_191e9a83fd6_cf7,923402220,Canada,British Columbia,"Oregon, Washington, Vancouver Coast and Shelf",Temperate Northern Pacific,Vancouver Island,BMSC12,Wizard Island North,48.86,-125.16,2023-05-16,9,RLS,2,12:50:00,,,1,2,Chordata,Actinopterygii,Perciformes,Gobiidae,Rhinogobiops nicholsii,Rhinogobiops nicholsii,7.5,2,15.5407,POINT (-125.16000366210938 48.86000061035156)
ep_m1_public_data.fid-1acd095e_191e9a83fd6_cf8,923402220,Canada,British Columbia,"Oregon, Washington, Vancouver Coast and Shelf",Temperate Northern Pacific,Vancouver Island,BMSC12,Wizard Island North,48.86,-125.16,2023-05-16,9,RLS,2,12:50:00,,,1,2,Chordata,Actinopterygii,Perciformes,Hexagrammidae,Hexagrammos decagrammus,Hexagrammos decagrammus,20,1,150.0203,POINT (-125.16000366210938 48.86000061035156)
ep_m1_public_data.fid-1acd095e_191e9a83fd6_cf9,923402234,Canada,British Columbia,"Oregon, Washington, Vancouver Coast and Shelf",Temperate Northern Pacific,Vancouver Island,BMSC12,Wizard Island North,48.86,-125.16,2023-05-16,6.5,RLS,1,12:54:00,,,1,1,Chordata,Actinopterygii,Perciformes,Hexagrammidae,Hexagrammos decagrammus,Hexagrammos decagrammus,12.5,1,37.9668,POINT (-125.16000366210938 48.86000061035156)
ep_m1_public_data.fid-1acd095e_191e9a83fd6_cfa,923402234,Canada,British Columbia,"Oregon, Washington, Vancouver Coast and Shelf",Temperate Northern Pacific,Vancouver Island,BMSC12,Wizard Island North,48.86,-125.16,2023-05-16,6.5,RLS,1,12:54:00,,,1,2,Chordata,Actinopterygii,Perciformes,Hexagrammidae,Hexagrammos decagrammus,Hexagrammos decagrammus,25,1,232.1561,POINT (-125.16000366210938 48.86000061035156)
ep_m1_public_data.fid-1acd095e_191e9a83fd6_cfb,923402234,Canada,British Columbia,"Oregon, Washington, Vancouver Coast and Shelf",Temperate Northern Pacific,Vancouver Island,BMSC12,Wizard Island North,48.86,-125.16,2023-05-16,6.5,RLS,1,12:54:00,,,1,2,Chordata,Actinopterygii,Perciformes,Hexagrammidae,Hexagrammos decagrammus,Hexagrammos decagrammus,30,2,688.0106,POINT (-125.16000366210938 48.86000061035156)
ep_m1_public_data.fid-1acd095e_191e9a83fd6_cfc,923402234,Canada,British Columbia,"Oregon, Washington, Vancouver Coast and Shelf",Temperate Northern Pacific,Vancouver Island,BMSC12,Wizard Island North,48.86,-125.16,2023-05-16,6.5,RLS,1,12:54:00,,,1,2,Chordata,Actinopterygii,Scorpaeniformes,Hexagrammidae,Ophiodon elongatus,Ophiodon elongatus,40,1,296.3178,POINT (-125.16000366210938 48.86000061035156)
ep_m1_public_data.fid-1acd095e_191e9a83fd6_cfd,923402234,Canada,British Columbia,"Oregon, Washington, Vancouver Coast and Shelf",Temperate Northern Pacific,Vancouver Island,BMSC12,Wizard Island North,48.86,-125.16,2023-05-16,6.5,RLS,1,12:54:00,,,1,2,Chordata,Actinopterygii,Scorpaeniformes,Sebastidae,Sebastes caurinus,Sebastes caurinus,20,1,162.7257,POINT (-125.16000366210938 48.86000061035156)
ep_m1_public_data.fid-1acd095e_191e9a83fd6_cfe,923402241,Canada,British Columbia,"Oregon, Washington, Vancouver Coast and Shelf",Temperate Northern Pacific,Vancouver Island,BMSC11,Wizard Island South,48.86,-125.16,2023-05-16,7.5,RLS,2,10:07:00,,,1,2,Chordata,Actinopterygii,Perciformes,Gobiidae,Rhinogobiops nicholsii,Rhinogobiops nicholsii,5,1,2.2561,POINT (-125.16000366210938 48.86000061035156)
ep_m1_public_data.fid-1acd095e_191e9a83fd6_cff,923402241,Canada,British Columbia,"Oregon, Washington, Vancouver Coast and Shelf",Temperate Northern Pacific,Vancouver Island,BMSC11,Wizard Island South,48.86,-125.16,2023-05-16,7.5,RLS,2,10:07:00,,,1,2,Chordata,Actinopterygii,Perciformes,Gobiidae,Rhinogobiops nicholsii,Rhinogobiops nicholsii,7.5,1,7.7703,POINT (-125.16000366210938 48.86000061035156)
ep_m1_public_data.fid-1acd095e_191e9a83fd6_d00,923402241,Canada,British Columbia,"Oregon, Washington, Vancouver Coast and Shelf",Temperate Northern Pacific,Vancouver Island,BMSC11,Wizard Island South,48.86,-125.16,2023-05-16,7.5,RLS,2,10:07:00,,,1,2,Chordata,Actinopterygii,Scorpaeniformes,Sebastidae,Sebastes melanops,Sebastes melanops,20,1,162.7257,POINT (-125.16000366210938 48.86000061035156)
ep_m1_public_data.fid-1acd095e_191e9a83fd6_d01,923402241,Canada,British Columbia,"Oregon, Washington, Vancouver Coast and Shelf",Temperate Northern Pacific,Vancouver Island,BMSC11,Wizard Island South,48.86,-125.16,2023-05-16,7.5,RLS,2,10:07:00,,,1,1,Chordata,Actinopterygii,Perciformes,Hexagrammidae,Hexagrammos decagrammus,Hexagrammos decagrammus,25,1,232.1561,POINT (-125.16000366210938 48.86000061035156)
ep_m1_public_data.fid-1acd095e_191e9a83fd6_d02,923402242,Canada,British Columbia,"Oregon, Washington, Vancouver Coast and Shelf",Temperate Northern Pacific,Vancouver Island,BMSC11,Wizard Island South,48.86,-125.16,2023-05-16,5.5,RLS,1,10:12:00,,,1,1,Chordata,Actinopterygii,Perciformes,Hexagrammidae,Hexagrammos decagrammus,Hexagrammos decagrammus,25,1,232.1561,POINT (-125.16000366210938 48.86000061035156)
ep_m1_public_data.fid-1acd095e_191e9a83fd6_d03,923402242,Canada,British Columbia,"Oregon, Washington, Vancouver Coast and Shelf",Temperate Northern Pacific,Vancouver Island,BMSC11,Wizard Island South,48.86,-125.16,2023-05-16,5.5,RLS,1,10:12:00,,,1,2,Chordata,Actinopterygii,Perciformes,Hexagrammidae,Hexagrammos decagrammus,Hexagrammos decagrammus,20,1,150.0203,POINT (-125.16000366210938 48.86000061035156)
ep_m1_public_data.fid-1acd095e_191e9a83fd6_d04,923402242,Canada,British Columbia,"Oregon, Washington, Vancouver Coast and Shelf",Temperate Northern Pacific,Vancouver Island,BMSC11,Wizard Island South,48.86,-125.16,2023-05-16,5.5,RLS,1,10:12:00,,,1,2,Chordata,Teleostei,Ovalentaria incertae sedis,Embiotocidae,Embiotocidae spp.,,12.5,1,,POINT (-125.16000366210938 48.86000061035156)
ep_m1_public_data.fid-1acd095e_191e9a83fd6_d05,923402380,Canada,British Columbia,"Oregon, Washington, Vancouver Coast and Shelf",Temperate Northern Pacific,Vancouver Island,KCCA19,Wizard Island North Kelp,48.86,-125.16,2023-06-08,5.5,RLS,1,10:30:00,,,1,1,Chordata,Actinopterygii,Perciformes,Hexagrammidae,Hexagrammos decagrammus,Hexagrammos decagrammus,25,1,232.1561,POINT (-125.16000366210938 48.86000061035156)
ep_m1_public_data.fid-1acd095e_191e9a83fd6_d06,923402380,Canada,British Columbia,"Oregon, Washington, Vancouver Coast and Shelf",Temperate Northern Pacific,Vancouver Island,KCCA19,Wizard Island North Kelp,48.86,-125.16,2023-06-08,5.5,RLS,1,10:30:00,,,1,1,Chordata,Actinopterygii,Scorpaeniformes,Sebastidae,Sebastes caurinus,Sebastes caurinus,20,1,162.7257,POINT (-125.16000366210938 48.86000061035156)
ep_m1_public_data.fid-1acd095e_191e9a83fd6_d07,923402380,Canada,British Columbia,"Oregon, Washington, Vancouver Coast and Shelf",Temperate Northern Pacific,Vancouver Island,KCCA19,Wizard Island North Kelp,48.86,-125.16,2023-06-08,5.5,RLS,1,10:30:00,,,1,2,Chordata,Actinopterygii,Perciformes,Hexagrammidae,Hexagrammos decagrammus,Hexagrammos decagrammus,35,1,483.3065,POINT (-125.16000366210938 48.86000061035156)
ep_m1_public_data.fid-1acd095e_191e9a83fd6_d08,923400141,Canada,British Columbia,"Oregon, Washington, Vancouver Coast and Shelf",Temperate Northern Pacific,Vancouver Island,BMSC10,Ross Islets Slug Island,48.87,-125.16,2021-04-30,4,RLS,4,12:50:00,,,1,1,Chordata,Actinopterygii,Perciformes,Gobiidae,Rhinogobiops nicholsii,Rhinogobiops nicholsii,12.5,7,258.331,POINT (-125.16000366210938 48.869998931884766)
ep_m1_public_data.fid-1acd095e_191e9a83fd6_d09,923400141,Canada,British Columbia,"Oregon, Washington, Vancouver Coast and Shelf",Temperate Northern Pacific,Vancouver Island,BMSC10,Ross Islets Slug Island,48.87,-125.16,2021-04-30,4,RLS,4,12:50:00,,,1,1,Chordata,Actinopterygii,Perciformes,Gobiidae,Rhinogobiops nicholsii,Rhinogobiops nicholsii,15,1,64.3548,POINT (-125.16000366210938 48.869998931884766)
ep_m1_public_data.fid-1acd095e_191e9a83fd6_d0a,923400141,Canada,British Columbia,"Oregon, Washington, Vancouver Coast and Shelf",Temperate Northern Pacific,Vancouver Island,BMSC10,Ross Islets Slug Island,48.87,-125.16,2021-04-30,4,RLS,4,12:50:00,,,1,1,Chordata,Actinopterygii,Perciformes,Hexagrammidae,Hexagrammos decagrammus,Hexagrammos decagrammus,7.5,1,7.7132,POINT (-125.16000366210938 48.869998931884766)
ep_m1_public_data.fid-1acd095e_191e9a83fd6_d0b,923400141,Canada,British Columbia,"Oregon, Washington, Vancouver Coast and Shelf",Temperate Northern Pacific,Vancouver Island,BMSC10,Ross Islets Slug Island,48.87,-125.16,2021-04-30,4,RLS,4,12:50:00,,,1,1,Chordata,Actinopterygii,Perciformes,Hexagrammidae,Hexagrammos decagrammus,Hexagrammos decagrammus,10,2,37.8508,POINT (-125.16000366210938 48.869998931884766)
ep_m1_public_data.fid-1acd095e_191e9a83fd6_d0c,923400141,Canada,British Columbia,"Oregon, Washington, Vancouver Coast and Shelf",Temperate Northern Pacific,Vancouver Island,BMSC10,Ross Islets Slug Island,48.87,-125.16,2021-04-30,4,RLS,4,12:50:00,,,1,1,Chordata,Actinopterygii,Perciformes,Hexagrammidae,Hexagrammos decagrammus,Hexagrammos decagrammus,12.5,2,75.9337,POINT (-125.16000366210938 48.869998931884766)
ep_m1_public_data.fid-1acd095e_191e9a83fd6_d0d,923400141,Canada,British Columbia,"Oregon, Washington, Vancouver Coast and Shelf",Temperate Northern Pacific,Vancouver Island,BMSC10,Ross Islets Slug Island,48.87,-125.16,2021-04-30,4,RLS,4,12:50:00,,,1,2,Chordata,Actinopterygii,Perciformes,Gobiidae,Rhinogobiops nicholsii,Rhinogobiops nicholsii,12.5,2,73.8089,POINT (-125.16000366210938 48.869998931884766)
ep_m1_public_data.fid-1acd095e_191e9a83fd6_d0e,923400141,Canada,British Columbia,"Oregon, Washington, Vancouver Coast and Shelf",Temperate Northern Pacific,Vancouver Island,BMSC10,Ross Islets Slug Island,48.87,-125.16,2021-04-30,4,RLS,4,12:50:00,,,1,2,Chordata,Actinopterygii,Perciformes,Hexagrammidae,Hexagrammos decagrammus,Hexagrammos decagrammus,10,3,56.7762,POINT (-125.16000366210938 48.869998931884766)
ep_m1_public_data.fid-1acd095e_191e9a83fd6_d0f,923400141,Canada,British Columbia,"Oregon, Washington, Vancouver Coast and Shelf",Temperate Northern Pacific,Vancouver Island,BMSC10,Ross Islets Slug Island,48.87,-125.16,2021-04-30,4,RLS,4,12:50:00,,,1,2,Chordata,Actinopterygii,Perciformes,Hexagrammidae,Hexagrammos decagrammus,Hexagrammos decagrammus,12.5,3,113.9005,POINT (-125.16000366210938 48.869998931884766)
ep_m1_public_data.fid-1acd095e_191e9a83fd6_d10,923400141,Canada,British Columbia,"Oregon, Washington, Vancouver Coast and Shelf",Temperate Northern Pacific,Vancouver Island,BMSC10,Ross Islets Slug Island,48.87,-125.16,2021-04-30,4,RLS,4,12:50:00,,,1,2,Chordata,Actinopterygii,Scorpaeniformes,Sebastidae,Sebastes caurinus,Sebastes caurinus,7.5,1,8.6909,POINT (-125.16000366210938 48.869998931884766)
ep_m1_public_data.fid-1acd095e_191e9a83fd6_d11,923400141,Canada,British Columbia,"Oregon, Washington, Vancouver Coast and Shelf",Temperate Northern Pacific,Vancouver Island,BMSC10,Ross Islets Slug Island,48.87,-125.16,2021-04-30,4,RLS,4,12:50:00,,,1,2,Chordata,Actinopterygii,Scorpaeniformes,Sebastidae,Sebastes caurinus,Sebastes caurinus,10,1,21.0804,POINT (-125.16000366210938 48.869998931884766)
ep_m1_public_data.fid-1acd095e_191e9a83fd6_d12,923400141,Canada,British Columbia,"Oregon, Washington, Vancouver Coast and Shelf",Temperate Northern Pacific,Vancouver Island,BMSC10,Ross Islets Slug Island,48.87,-125.16,2021-04-30,4,RLS,4,12:50:00,,,1,2,Chordata,Actinopterygii,Scorpaeniformes,Sebastidae,Sebastes caurinus,Sebastes caurinus,12.5,1,41.9142,POINT (-125.16000366210938 48.869998931884766)
ep_m1_public_data.fid-1acd095e_191e9a83fd6_d13,923400141,Canada,British Columbia,"Oregon, Washington, Vancouver Coast and Shelf",Temperate Northern Pacific,Vancouver Island,BMSC10,Ross Islets Slug Island,48.87,-125.16,2021-04-30,4,RLS,4,12:50:00,,,1,2,Chordata,Actinopterygii,Scorpaeniformes,Sebastidae,Sebastes spp.,Sebastes spp.,5,5,15.336,POINT (-125.16000366210938 48.869998931884766)
ep_m1_public_data.fid-1acd095e_191e9a83fd6_d14,923400141,Canada,British Columbia,"Oregon, Washington, Vancouver Coast and Shelf",Temperate Northern Pacific,Vancouver Island,BMSC10,Ross Islets Slug Island,48.87,-125.16,2021-04-30,4,RLS,4,12:50:00,,,1,2,Chordata,Actinopterygii,Scorpaeniformes,Sebastidae,Sebastes spp.,Sebastes spp.,7.5,11,113.8698,POINT (-125.16000366210938 48.869998931884766)
ep_m1_public_data.fid-1acd095e_191e9a83fd6_d15,923401199,Canada,British Columbia,"Oregon, Washington, Vancouver Coast and Shelf",Temperate Northern Pacific,Vancouver Island,BMSC10,Ross Islets Slug Island,48.87,-125.16,2022-05-05,5,RLS,2,11:10:00,,,1,2,Chordata,Actinopterygii,Perciformes,Hexagrammidae,Hexagrammos decagrammus,Hexagrammos decagrammus,20,3,450.0609,POINT (-125.16000366210938 48.869998931884766)
ep_m1_public_data.fid-1acd095e_191e9a83fd6_d16,923401199,Canada,British Columbia,"Oregon, Washington, Vancouver Coast and Shelf",Temperate Northern Pacific,Vancouver Island,BMSC10,Ross Islets Slug Island,48.87,-125.16,2022-05-05,5,RLS,2,11:10:00,,,1,2,Chordata,Actinopterygii,Perciformes,Hexagrammidae,Hexagrammos decagrammus,Hexagrammos decagrammus,25,4,928.6245,POINT (-125.16000366210938 48.869998931884766)
ep_m1_public_data.fid-1acd095e_191e9a83fd6_d17,923401199,Canada,British Columbia,"Oregon, Washington, Vancouver Coast and Shelf",Temperate Northern Pacific,Vancouver Island,BMSC10,Ross Islets Slug Island,48.87,-125.16,2022-05-05,5,RLS,2,11:10:00,,,1,1,Chordata,Actinopterygii,Perciformes,Gobiidae,Rhinogobiops nicholsii,Rhinogobiops nicholsii,7.5,2,15.5407,POINT (-125.16000366210938 48.869998931884766)
ep_m1_public_data.fid-1acd095e_191e9a83fd6_d18,923401199,Canada,British Columbia,"Oregon, Washington, Vancouver Coast and Shelf",Temperate Northern Pacific,Vancouver Island,BMSC10,Ross Islets Slug Island,48.87,-125.16,2022-05-05,5,RLS,2,11:10:00,,,1,1,Chordata,Actinopterygii,Perciformes,Gobiidae,Rhinogobiops nicholsii,Rhinogobiops nicholsii,12.5,5,184.5221,POINT (-125.16000366210938 48.869998931884766)
ep_m1_public_data.fid-1acd095e_191e9a83fd6_d19,923401199,Canada,British Columbia,"Oregon, Washington, Vancouver Coast and Shelf",Temperate Northern Pacific,Vancouver Island,BMSC10,Ross Islets Slug Island,48.87,-125.16,2022-05-05,5,RLS,2,11:10:00,,,1,1,Chordata,Actinopterygii,Perciformes,Hexagrammidae,Hexagrammos decagrammus,Hexagrammos decagrammus,12.5,3,113.9005,POINT (-125.16000366210938 48.869998931884766)
ep_m1_public_data.fid-1acd095e_191e9a83fd6_d1a,923401199,Canada,British Columbia,"Oregon, Washington, Vancouver Coast and Shelf",Temperate Northern Pacific,Vancouver Island,BMSC10,Ross Islets Slug Island,48.87,-125.16,2022-05-05,5,RLS,2,11:10:00,,,1,1,Chordata,Actinopterygii,Perciformes,Hexagrammidae,Hexagrammos decagrammus,Hexagrammos decagrammus,15,4,268.2315,POINT (-125.16000366210938 48.869998931884766)
ep_m1_public_data.fid-1acd095e_191e9a83fd6_d1b,923401199,Canada,British Columbia,"Oregon, Washington, Vancouver Coast and Shelf",Temperate Northern Pacific,Vancouver Island,BMSC10,Ross Islets Slug Island,48.87,-125.16,2022-05-05,5,RLS,2,11:10:00,,,1,1,Chordata,Actinopterygii,Perciformes,Hexagrammidae,Hexagrammos decagrammus,Hexagrammos decagrammus,20,3,450.0609,POINT (-125.16000366210938 48.869998931884766)
ep_m1_public_data.fid-1acd095e_191e9a83fd6_d1c,923401199,Canada,British Columbia,"Oregon, Washington, Vancouver Coast and Shelf",Temperate Northern Pacific,Vancouver Island,BMSC10,Ross Islets Slug Island,48.87,-125.16,2022-05-05,5,RLS,2,11:10:00,,,1,1,Chordata,Actinopterygii,Perciformes,Hexagrammidae,Hexagrammos decagrammus,Hexagrammos decagrammus,30,2,688.0106,POINT (-125.16000366210938 48.869998931884766)
ep_m1_public_data.fid-1acd095e_191e9a83fd6_d1d,923401199,Canada,British Columbia,"Oregon, Washington, Vancouver Coast and Shelf",Temperate Northern Pacific,Vancouver Island,BMSC10,Ross Islets Slug Island,48.87,-125.16,2022-05-05,5,RLS,2,11:10:00,,,1,1,Chordata,Actinopterygii,Perciformes,Hexagrammidae,Hexagrammos decagrammus,Hexagrammos decagrammus,40,1,619.0955,POINT (-125.16000366210938 48.869998931884766)
ep_m1_public_data.fid-1acd095e_191e9a83fd6_d1e,923402228,Canada,British Columbia,"Oregon, Washington, Vancouver Coast and Shelf",Temperate Northern Pacific,Vancouver Island,BMSC10,Ross Islets Slug Island,48.87,-125.16,2023-05-09,4,RLS,2,10:23:00,,,1,2,Chordata,Actinopterygii,Gasterosteiformes,Aulorhynchidae,Aulorhynchus flavidus,Aulorhynchus flavidus,7.5,80,208.6469,POINT (-125.16000366210938 48.869998931884766)
ep_m1_public_data.fid-1acd095e_191e9a83fd6_d1f,923402228,Canada,British Columbia,"Oregon, Washington, Vancouver Coast and Shelf",Temperate Northern Pacific,Vancouver Island,BMSC10,Ross Islets Slug Island,48.87,-125.16,2023-05-09,4,RLS,2,10:23:00,,,1,2,Chordata,Actinopterygii,Perciformes,Embiotocidae,Brachyistius frenatus,Brachyistius frenatus,10,4,102.9841,POINT (-125.16000366210938 48.869998931884766)
ep_m1_public_data.fid-1acd095e_191e9a83fd6_d20,923402228,Canada,British Columbia,"Oregon, Washington, Vancouver Coast and Shelf",Temperate Northern Pacific,Vancouver Island,BMSC10,Ross Islets Slug Island,48.87,-125.16,2023-05-09,4,RLS,2,10:23:00,,,1,2,Chordata,Actinopterygii,Perciformes,Embiotocidae,Cymatogaster aggregata,Cymatogaster aggregata,7.5,23,341.6168,POINT (-125.16000366210938 48.869998931884766)
ep_m1_public_data.fid-1acd095e_191e9a83fd6_d21,923402228,Canada,British Columbia,"Oregon, Washington, Vancouver Coast and Shelf",Temperate Northern Pacific,Vancouver Island,BMSC10,Ross Islets Slug Island,48.87,-125.16,2023-05-09,4,RLS,2,10:23:00,,,1,2,Chordata,Actinopterygii,Perciformes,Hexagrammidae,Hexagrammos decagrammus,Hexagrammos decagrammus,12.5,1,37.9668,POINT (-125.16000366210938 48.869998931884766)
ep_m1_public_data.fid-1acd095e_191e9a83fd6_d22,923402228,Canada,British Columbia,"Oregon, Washington, Vancouver Coast and Shelf",Temperate Northern Pacific,Vancouver Island,BMSC10,Ross Islets Slug Island,48.87,-125.16,2023-05-09,4,RLS,2,10:23:00,,,1,2,Chordata,Actinopterygii,Perciformes,Hexagrammidae,Hexagrammos decagrammus,Hexagrammos decagrammus,15,1,67.0579,POINT (-125.16000366210938 48.869998931884766)
ep_m1_public_data.fid-1acd095e_191e9a83fd6_d23,923402228,Canada,British Columbia,"Oregon, Washington, Vancouver Coast and Shelf",Temperate Northern Pacific,Vancouver Island,BMSC10,Ross Islets Slug Island,48.87,-125.16,2023-05-09,4,RLS,2,10:23:00,,,1,2,Chordata,Actinopterygii,Scorpaeniformes,Sebastidae,Sebastes melanops,Sebastes melanops,15,3,220.4756,POINT (-125.16000366210938 48.869998931884766)
ep_m1_public_data.fid-1acd095e_191e9a83fd6_d24,923402228,Canada,British Columbia,"Oregon, Washington, Vancouver Coast and Shelf",Temperate Northern Pacific,Vancouver Island,BMSC10,Ross Islets Slug Island,48.87,-125.16,2023-05-09,4,RLS,2,10:23:00,,,1,2,Chordata,Actinopterygii,Scorpaeniformes,Sebastidae,Sebastes spp.,Sebastes spp.,7.5,7,72.4626,POINT (-125.16000366210938 48.869998931884766)
ep_m1_public_data.fid-1acd095e_191e9a83fd6_d25,923402228,Canada,British Columbia,"Oregon, Washington, Vancouver Coast and Shelf",Temperate Northern Pacific,Vancouver Island,BMSC10,Ross Islets Slug Island,48.87,-125.16,2023-05-09,4,RLS,2,10:23:00,,,1,1,Chordata,Actinopterygii,Perciformes,Gobiidae,Rhinogobiops nicholsii,Rhinogobiops nicholsii,5,9,20.305,POINT (-125.16000366210938 48.869998931884766)
ep_m1_public_data.fid-1acd095e_191e9a83fd6_d26,923402228,Canada,British Columbia,"Oregon, Washington, Vancouver Coast and Shelf",Temperate Northern Pacific,Vancouver Island,BMSC10,Ross Islets Slug Island,48.87,-125.16,2023-05-09,4,RLS,2,10:23:00,,,1,1,Chordata,Actinopterygii,Perciformes,Hexagrammidae,Hexagrammos decagrammus,Hexagrammos decagrammus,25,1,232.1561,POINT (-125.16000366210938 48.869998931884766)
ep_m1_public_data.fid-1acd095e_191e9a83fd6_d27,923402372,Canada,British Columbia,"Oregon, Washington, Vancouver Coast and Shelf",Temperate Northern Pacific,Vancouver Island,KCCA11,Ross Islets 2,48.87,-125.16,2023-06-12,3.5,RLS,2,10:30:00,,,1,2,Chordata,Actinopterygii,Perciformes,Embiotocidae,Brachyistius frenatus,Brachyistius frenatus,7.5,4,42.9493,POINT (-125.16000366210938 48.869998931884766)
ep_m1_public_data.fid-1acd095e_191e9a83fd6_d28,923402372,Canada,British Columbia,"Oregon, Washington, Vancouver Coast and Shelf",Temperate Northern Pacific,Vancouver Island,KCCA11,Ross Islets 2,48.87,-125.16,2023-06-12,3.5,RLS,2,10:30:00,,,1,2,Chordata,Actinopterygii,Perciformes,Embiotocidae,Cymatogaster aggregata,Cymatogaster aggregata,10,12,424.9204,POINT (-125.16000366210938 48.869998931884766)
ep_m1_public_data.fid-1acd095e_191e9a83fd6_d29,923402372,Canada,British Columbia,"Oregon, Washington, Vancouver Coast and Shelf",Temperate Northern Pacific,Vancouver Island,KCCA11,Ross Islets 2,48.87,-125.16,2023-06-12,3.5,RLS,2,10:30:00,,,1,2,Chordata,Actinopterygii,Perciformes,Embiotocidae,Cymatogaster aggregata,Cymatogaster aggregata,12.5,6,416.8174,POINT (-125.16000366210938 48.869998931884766)
ep_m1_public_data.fid-1acd095e_191e9a83fd6_d2a,923402372,Canada,British Columbia,"Oregon, Washington, Vancouver Coast and Shelf",Temperate Northern Pacific,Vancouver Island,KCCA11,Ross Islets 2,48.87,-125.16,2023-06-12,3.5,RLS,2,10:30:00,,,1,2,Chordata,Actinopterygii,Perciformes,Hexagrammidae,Hexagrammos decagrammus,Hexagrammos decagrammus,25,1,232.1561,POINT (-125.16000366210938 48.869998931884766)
ep_m1_public_data.fid-1acd095e_191e9a83fd6_d2b,923402372,Canada,British Columbia,"Oregon, Washington, Vancouver Coast and Shelf",Temperate Northern Pacific,Vancouver Island,KCCA11,Ross Islets 2,48.87,-125.16,2023-06-12,3.5,RLS,2,10:30:00,,,1,2,Chordata,Actinopterygii,Perciformes,Hexagrammidae,Hexagrammos decagrammus,Hexagrammos decagrammus,30,3,1032.016,POINT (-125.16000366210938 48.869998931884766)
ep_m1_public_data.fid-1acd095e_191e9a83fd6_d2c,923402372,Canada,British Columbia,"Oregon, Washington, Vancouver Coast and Shelf",Temperate Northern Pacific,Vancouver Island,KCCA11,Ross Islets 2,48.87,-125.16,2023-06-12,3.5,RLS,2,10:30:00,,,1,2,Chordata,Actinopterygii,Scorpaeniformes,Sebastidae,Sebastes caurinus,Sebastes caurinus,10,2,42.1607,POINT (-125.16000366210938 48.869998931884766)
ep_m1_public_data.fid-1acd095e_191e9a83fd6_d2d,923402372,Canada,British Columbia,"Oregon, Washington, Vancouver Coast and Shelf",Temperate Northern Pacific,Vancouver Island,KCCA11,Ross Islets 2,48.87,-125.16,2023-06-12,3.5,RLS,2,10:30:00,,,1,2,Chordata,Actinopterygii,Scorpaeniformes,Sebastidae,Sebastes caurinus,Sebastes caurinus,15,1,73.4918,POINT (-125.16000366210938 48.869998931884766)
ep_m1_public_data.fid-1acd095e_191e9a83fd6_d2e,923402372,Canada,British Columbia,"Oregon, Washington, Vancouver Coast and Shelf",Temperate Northern Pacific,Vancouver Island,KCCA11,Ross Islets 2,48.87,-125.16,2023-06-12,3.5,RLS,2,10:30:00,,,1,2,Chordata,Actinopterygii,Scorpaeniformes,Sebastidae,Sebastes caurinus,Sebastes caurinus,20,1,162.7257,POINT (-125.16000366210938 48.869998931884766)
ep_m1_public_data.fid-1acd095e_191e9a83fd6_d2f,923402372,Canada,British Columbia,"Oregon, Washington, Vancouver Coast and Shelf",Temperate Northern Pacific,Vancouver Island,KCCA11,Ross Islets 2,48.87,-125.16,2023-06-12,3.5,RLS,2,10:30:00,,,1,1,Chordata,Actinopterygii,Perciformes,Embiotocidae,Rhacochilus vacca,Rhacochilus vacca,15,1,120.4819,POINT (-125.16000366210938 48.869998931884766)
ep_m1_public_data.fid-1acd095e_191e9a83fd6_d30,923402372,Canada,British Columbia,"Oregon, Washington, Vancouver Coast and Shelf",Temperate Northern Pacific,Vancouver Island,KCCA11,Ross Islets 2,48.87,-125.16,2023-06-12,3.5,RLS,2,10:30:00,,,1,1,Chordata,Actinopterygii,Perciformes,Embiotocidae,Rhacochilus vacca,Rhacochilus vacca,20,1,262.672,POINT (-125.16000366210938 48.869998931884766)
ep_m1_public_data.fid-1acd095e_191e9a83fd6_d31,923402372,Canada,British Columbia,"Oregon, Washington, Vancouver Coast and Shelf",Temperate Northern Pacific,Vancouver Island,KCCA11,Ross Islets 2,48.87,-125.16,2023-06-12,3.5,RLS,2,10:30:00,,,1,1,Chordata,Actinopterygii,Perciformes,Hexagrammidae,Hexagrammos decagrammus,Hexagrammos decagrammus,7.5,2,15.4265,POINT (-125.16000366210938 48.869998931884766)
ep_m1_public_data.fid-1acd095e_191e9a83fd6_d32,923402372,Canada,British Columbia,"Oregon, Washington, Vancouver Coast and Shelf",Temperate Northern Pacific,Vancouver Island,KCCA11,Ross Islets 2,48.87,-125.16,2023-06-12,3.5,RLS,2,10:30:00,,,1,1,Chordata,Actinopterygii,Perciformes,Hexagrammidae,Hexagrammos decagrammus,Hexagrammos decagrammus,12.5,1,37.9668,POINT (-125.16000366210938 48.869998931884766)
ep_m1_public_data.fid-1acd095e_191e9a83fd6_d33,923402372,Canada,British Columbia,"Oregon, Washington, Vancouver Coast and Shelf",Temperate Northern Pacific,Vancouver Island,KCCA11,Ross Islets 2,48.87,-125.16,2023-06-12,3.5,RLS,2,10:30:00,,,1,1,Chordata,Actinopterygii,Perciformes,Hexagrammidae,Hexagrammos decagrammus,Hexagrammos decagrammus,20,1,150.0203,POINT (-125.16000366210938 48.869998931884766)
ep_m1_public_data.fid-1acd095e_191e9a83fd6_d34,923402372,Canada,British Columbia,"Oregon, Washington, Vancouver Coast and Shelf",Temperate Northern Pacific,Vancouver Island,KCCA11,Ross Islets 2,48.87,-125.16,2023-06-12,3.5,RLS,2,10:30:00,,,1,1,Chordata,Actinopterygii,Perciformes,Hexagrammidae,Hexagrammos decagrammus,Hexagrammos decagrammus,25,2,464.3122,POINT (-125.16000366210938 48.869998931884766)
ep_m1_public_data.fid-1acd095e_191e9a83fd6_d35,923402372,Canada,British Columbia,"Oregon, Washington, Vancouver Coast and Shelf",Temperate Northern Pacific,Vancouver Island,KCCA11,Ross Islets 2,48.87,-125.16,2023-06-12,3.5,RLS,2,10:30:00,,,1,1,Chordata,Actinopterygii,Scorpaeniformes,Sebastidae,Sebastes maliger,Sebastes maliger,7.5,1,8.6909,POINT (-125.16000366210938 48.869998931884766)
ep_m1_public_data.fid-1acd095e_191e9a83fd6_d36,923402378,Canada,British Columbia,"Oregon, Washington, Vancouver Coast and Shelf",Temperate Northern Pacific,Vancouver Island,BMSC10,Ross Islets Slug Island,48.87,-125.16,2023-06-14,2.7,RLS,4,10:14:00,48.87,-125.16,1,2,Chordata,Actinopterygii,Perciformes,Embiotocidae,Cymatogaster aggregata,Cymatogaster aggregata,10,2,70.8201,POINT (-125.16 48.87)
ep_m1_public_data.fid-1acd095e_191e9a83fd6_d37,923402378,Canada,British Columbia,"Oregon, Washington, Vancouver Coast and Shelf",Temperate Northern Pacific,Vancouver Island,BMSC10,Ross Islets Slug Island,48.87,-125.16,2023-06-14,2.7,RLS,4,10:14:00,48.87,-125.16,1,2,Chordata,Actinopterygii,Perciformes,Hexagrammidae,Hexagrammos decagrammus,Hexagrammos decagrammus,20,2,300.0406,POINT (-125.16 48.87)
ep_m1_public_data.fid-1acd095e_191e9a83fd6_d38,923402378,Canada,British Columbia,"Oregon, Washington, Vancouver Coast and Shelf",Temperate Northern Pacific,Vancouver Island,BMSC10,Ross Islets Slug Island,48.87,-125.16,2023-06-14,2.7,RLS,4,10:14:00,48.87,-125.16,1,2,Chordata,Actinopterygii,Scorpaeniformes,Hexagrammidae,Oxylebius pictus,Oxylebius pictus,12.5,1,42.2005,POINT (-125.16 48.87)
ep_m1_public_data.fid-1acd095e_191e9a83fd6_d39,923402378,Canada,British Columbia,"Oregon, Washington, Vancouver Coast and Shelf",Temperate Northern Pacific,Vancouver Island,BMSC10,Ross Islets Slug Island,48.87,-125.16,2023-06-14,2.7,RLS,4,10:14:00,48.87,-125.16,1,2,Chordata,Actinopterygii,Scorpaeniformes,Hexagrammidae,Oxylebius pictus,Oxylebius pictus,15,1,73.4563,POINT (-125.16 48.87)
ep_m1_public_data.fid-1acd095e_191e9a83fd6_d3a,923402378,Canada,British Columbia,"Oregon, Washington, Vancouver Coast and Shelf",Temperate Northern Pacific,Vancouver Island,BMSC10,Ross Islets Slug Island,48.87,-125.16,2023-06-14,2.7,RLS,4,10:14:00,48.87,-125.16,1,1,Chordata,Actinopterygii,Perciformes,Hexagrammidae,Hexagrammos decagrammus,Hexagrammos decagrammus,5,1,2.1769,POINT (-125.16 48.87)
ep_m1_public_data.fid-1acd095e_191e9a83fd6_d3b,923402378,Canada,British Columbia,"Oregon, Washington, Vancouver Coast and Shelf",Temperate Northern Pacific,Vancouver Island,BMSC10,Ross Islets Slug Island,48.87,-125.16,2023-06-14,2.7,RLS,4,10:14:00,48.87,-125.16,1,1,Chordata,Actinopterygii,Perciformes,Hexagrammidae,Hexagrammos decagrammus,Hexagrammos decagrammus,20,1,150.0203,POINT (-125.16 48.87)
ep_m1_public_data.fid-1acd095e_191e9a83fd6_d3c,923402378,Canada,British Columbia,"Oregon, Washington, Vancouver Coast and Shelf",Temperate Northern Pacific,Vancouver Island,BMSC10,Ross Islets Slug Island,48.87,-125.16,2023-06-14,2.7,RLS,4,10:14:00,48.87,-125.16,1,1,Chordata,Actinopterygii,Perciformes,Hexagrammidae,Hexagrammos decagrammus,Hexagrammos decagrammus,25,1,232.1561,POINT (-125.16 48.87)
ep_m1_public_data.fid-1acd095e_191e9a83fd6_d3d,923402378,Canada,British Columbia,"Oregon, Washington, Vancouver Coast and Shelf",Temperate Northern Pacific,Vancouver Island,BMSC10,Ross Islets Slug Island,48.87,-125.16,2023-06-14,2.7,RLS,4,10:14:00,48.87,-125.16,1,1,Chordata,Actinopterygii,Scorpaeniformes,Hexagrammidae,Oxylebius pictus,Oxylebius pictus,12.5,1,42.2005,POINT (-125.16 48.87)
ep_m1_public_data.fid-1acd095e_191e9a83fd6_d3e,923402378,Canada,British Columbia,"Oregon, Washington, Vancouver Coast and Shelf",Temperate Northern Pacific,Vancouver Island,BMSC10,Ross Islets Slug Island,48.87,-125.16,2023-06-14,2.7,RLS,4,10:14:00,48.87,-125.16,1,1,Chordata,Actinopterygii,Scorpaeniformes,Hexagrammidae,Oxylebius pictus,Oxylebius pictus,15,1,73.4563,POINT (-125.16 48.87)
ep_m1_public_data.fid-1acd095e_191e9a83fd6_d3f,923402378,Canada,British Columbia,"Oregon, Washington, Vancouver Coast and Shelf",Temperate Northern Pacific,Vancouver Island,BMSC10,Ross Islets Slug Island,48.87,-125.16,2023-06-14,2.7,RLS,4,10:14:00,48.87,-125.16,1,1,Chordata,Actinopterygii,Scorpaeniformes,Sebastidae,Sebastes caurinus,Sebastes caurinus,10,1,21.0804,POINT (-125.16 48.87)
ep_m1_public_data.fid-1acd095e_191e9a83fd6_d40,923402378,Canada,British Columbia,"Oregon, Washington, Vancouver Coast and Shelf",Temperate Northern Pacific,Vancouver Island,BMSC10,Ross Islets Slug Island,48.87,-125.16,2023-06-14,2.7,RLS,4,10:14:00,48.87,-125.16,1,1,Chordata,Actinopterygii,Scorpaeniformes,Sebastidae,Sebastes flavidus,Sebastes flavidus,12.5,1,41.9142,POINT (-125.16 48.87)
ep_m1_public_data.fid-1acd095e_191e9a83fd6_d41,923401179,Canada,British Columbia,"Oregon, Washington, Vancouver Coast and Shelf",Temperate Northern Pacific,Vancouver Island,BMSC23,Aguilar Point,48.84,-125.14,2022-05-06,6.5,RLS,3,09:30:00,,,1,2,Chordata,Actinopterygii,Perciformes,Hexagrammidae,Hexagrammos decagrammus,Hexagrammos decagrammus,30,1,344.0053,POINT (-125.13999938964844 48.84000015258789)
ep_m1_public_data.fid-1acd095e_191e9a83fd6_d42,923401179,Canada,British Columbia,"Oregon, Washington, Vancouver Coast and Shelf",Temperate Northern Pacific,Vancouver Island,BMSC23,Aguilar Point,48.84,-125.14,2022-05-06,6.5,RLS,3,09:30:00,,,1,1,Chordata,Actinopterygii,Perciformes,Hexagrammidae,Hexagrammos decagrammus,Hexagrammos decagrammus,20,2,300.0406,POINT (-125.13999938964844 48.84000015258789)
ep_m1_public_data.fid-1acd095e_191e9a83fd6_d43,923401179,Canada,British Columbia,"Oregon, Washington, Vancouver Coast and Shelf",Temperate Northern Pacific,Vancouver Island,BMSC23,Aguilar Point,48.84,-125.14,2022-05-06,6.5,RLS,3,09:30:00,,,1,1,Chordata,Actinopterygii,Perciformes,Hexagrammidae,Hexagrammos decagrammus,Hexagrammos decagrammus,25,3,696.4684,POINT (-125.13999938964844 48.84000015258789)
ep_m1_public_data.fid-1acd095e_191e9a83fd6_d44,923401179,Canada,British Columbia,"Oregon, Washington, Vancouver Coast and Shelf",Temperate Northern Pacific,Vancouver Island,BMSC23,Aguilar Point,48.84,-125.14,2022-05-06,6.5,RLS,3,09:30:00,,,1,1,Chordata,Actinopterygii,Scorpaeniformes,Hexagrammidae,Ophiodon elongatus,Ophiodon elongatus,62.5,1,1202.7167,POINT (-125.13999938964844 48.84000015258789)
ep_m1_public_data.fid-1acd095e_191e9a83fd6_d45,923401179,Canada,British Columbia,"Oregon, Washington, Vancouver Coast and Shelf",Temperate Northern Pacific,Vancouver Island,BMSC23,Aguilar Point,48.84,-125.14,2022-05-06,6.5,RLS,3,09:30:00,,,1,1,Cnidaria,Hydrozoa,Anthoathecata,Corynidae,Polyorchis penicillatus,Polyorchis penicillatus,0,1,,POINT (-125.13999938964844 48.84000015258789)
ep_m1_public_data.fid-1acd095e_191e9a83fd6_d46,923402225,Canada,British Columbia,"Oregon, Washington, Vancouver Coast and Shelf",Temperate Northern Pacific,Vancouver Island,BMSC23,Aguilar Point,48.84,-125.14,2023-05-11,7,RLS,3,12:22:00,,,1,2,Chordata,Actinopterygii,Perciformes,Hexagrammidae,Hexagrammos decagrammus,Hexagrammos decagrammus,20,1,150.0203,POINT (-125.13999938964844 48.84000015258789)
ep_m1_public_data.fid-1acd095e_191e9a83fd6_d47,923402225,Canada,British Columbia,"Oregon, Washington, Vancouver Coast and Shelf",Temperate Northern Pacific,Vancouver Island,BMSC23,Aguilar Point,48.84,-125.14,2023-05-11,7,RLS,3,12:22:00,,,1,2,Chordata,Actinopterygii,Perciformes,Hexagrammidae,Hexagrammos decagrammus,Hexagrammos decagrammus,25,4,928.6245,POINT (-125.13999938964844 48.84000015258789)
ep_m1_public_data.fid-1acd095e_191e9a83fd6_d48,923402225,Canada,British Columbia,"Oregon, Washington, Vancouver Coast and Shelf",Temperate Northern Pacific,Vancouver Island,BMSC23,Aguilar Point,48.84,-125.14,2023-05-11,7,RLS,3,12:22:00,,,1,2,Chordata,Actinopterygii,Perciformes,Hexagrammidae,Hexagrammos decagrammus,Hexagrammos decagrammus,30,2,688.0106,POINT (-125.13999938964844 48.84000015258789)
ep_m1_public_data.fid-1acd095e_191e9a83fd6_d49,923402225,Canada,British Columbia,"Oregon, Washington, Vancouver Coast and Shelf",Temperate Northern Pacific,Vancouver Island,BMSC23,Aguilar Point,48.84,-125.14,2023-05-11,7,RLS,3,12:22:00,,,1,1,Chordata,Actinopterygii,Perciformes,Gobiidae,Rhinogobiops nicholsii,Rhinogobiops nicholsii,7.5,5,38.8517,POINT (-125.13999938964844 48.84000015258789)
ep_m1_public_data.fid-1acd095e_191e9a83fd6_d4a,923402225,Canada,British Columbia,"Oregon, Washington, Vancouver Coast and Shelf",Temperate Northern Pacific,Vancouver Island,BMSC23,Aguilar Point,48.84,-125.14,2023-05-11,7,RLS,3,12:22:00,,,1,1,Chordata,Actinopterygii,Perciformes,Gobiidae,Rhinogobiops nicholsii,Rhinogobiops nicholsii,10,1,18.6854,POINT (-125.13999938964844 48.84000015258789)
ep_m1_public_data.fid-1acd095e_191e9a83fd6_d4b,923402244,Canada,British Columbia,"Oregon, Washington, Vancouver Coast and Shelf",Temperate Northern Pacific,Vancouver Island,BMSC25,Goby Town,48.84,-125.14,2023-05-18,5.7,RLS,4,13:20:00,,,1,2,Chordata,Actinopterygii,Perciformes,Gobiidae,Rhinogobiops nicholsii,Rhinogobiops nicholsii,5,3,6.7683,POINT (-125.13999938964844 48.84000015258789)
ep_m1_public_data.fid-1acd095e_191e9a83fd6_d4c,923402244,Canada,British Columbia,"Oregon, Washington, Vancouver Coast and Shelf",Temperate Northern Pacific,Vancouver Island,BMSC25,Goby Town,48.84,-125.14,2023-05-18,5.7,RLS,4,13:20:00,,,1,2,Chordata,Actinopterygii,Perciformes,Gobiidae,Rhinogobiops nicholsii,Rhinogobiops nicholsii,10,2,37.3708,POINT (-125.13999938964844 48.84000015258789)
ep_m1_public_data.fid-1acd095e_191e9a83fd6_d4d,923402244,Canada,British Columbia,"Oregon, Washington, Vancouver Coast and Shelf",Temperate Northern Pacific,Vancouver Island,BMSC25,Goby Town,48.84,-125.14,2023-05-18,5.7,RLS,4,13:20:00,,,1,2,Chordata,Actinopterygii,Perciformes,Hexagrammidae,Hexagrammos decagrammus,Hexagrammos decagrammus,12.5,3,113.9005,POINT (-125.13999938964844 48.84000015258789)
ep_m1_public_data.fid-1acd095e_191e9a83fd6_d4e,923402244,Canada,British Columbia,"Oregon, Washington, Vancouver Coast and Shelf",Temperate Northern Pacific,Vancouver Island,BMSC25,Goby Town,48.84,-125.14,2023-05-18,5.7,RLS,4,13:20:00,,,1,2,Chordata,Actinopterygii,Perciformes,Hexagrammidae,Hexagrammos decagrammus,Hexagrammos decagrammus,15,2,134.1157,POINT (-125.13999938964844 48.84000015258789)
ep_m1_public_data.fid-1acd095e_191e9a83fd6_d4f,923402244,Canada,British Columbia,"Oregon, Washington, Vancouver Coast and Shelf",Temperate Northern Pacific,Vancouver Island,BMSC25,Goby Town,48.84,-125.14,2023-05-18,5.7,RLS,4,13:20:00,,,1,2,Chordata,Actinopterygii,Scorpaeniformes,Sebastidae,Sebastes caurinus,Sebastes caurinus,10,2,42.1607,POINT (-125.13999938964844 48.84000015258789)
ep_m1_public_data.fid-1acd095e_191e9a83fd6_d50,923402244,Canada,British Columbia,"Oregon, Washington, Vancouver Coast and Shelf",Temperate Northern Pacific,Vancouver Island,BMSC25,Goby Town,48.84,-125.14,2023-05-18,5.7,RLS,4,13:20:00,,,1,2,Chordata,Actinopterygii,Scorpaeniformes,Sebastidae,Sebastes caurinus,Sebastes caurinus,15,1,73.4918,POINT (-125.13999938964844 48.84000015258789)
ep_m1_public_data.fid-1acd095e_191e9a83fd6_d51,923402244,Canada,British Columbia,"Oregon, Washington, Vancouver Coast and Shelf",Temperate Northern Pacific,Vancouver Island,BMSC25,Goby Town,48.84,-125.14,2023-05-18,5.7,RLS,4,13:20:00,,,1,2,Chordata,Actinopterygii,Scorpaeniformes,Sebastidae,Sebastes flavidus,Sebastes flavidus,12.5,8,335.3134,POINT (-125.13999938964844 48.84000015258789)
ep_m1_public_data.fid-1acd095e_191e9a83fd6_d52,923402244,Canada,British Columbia,"Oregon, Washington, Vancouver Coast and Shelf",Temperate Northern Pacific,Vancouver Island,BMSC25,Goby Town,48.84,-125.14,2023-05-18,5.7,RLS,4,13:20:00,,,1,2,Chordata,Actinopterygii,Scorpaeniformes,Sebastidae,Sebastes flavidus,Sebastes flavidus,15,1,73.4918,POINT (-125.13999938964844 48.84000015258789)
ep_m1_public_data.fid-1acd095e_191e9a83fd6_d53,923402244,Canada,British Columbia,"Oregon, Washington, Vancouver Coast and Shelf",Temperate Northern Pacific,Vancouver Island,BMSC25,Goby Town,48.84,-125.14,2023-05-18,5.7,RLS,4,13:20:00,,,1,2,Chordata,Actinopterygii,Scorpaeniformes,Sebastidae,Sebastes melanops,Sebastes melanops,10,2,42.1607,POINT (-125.13999938964844 48.84000015258789)
ep_m1_public_data.fid-1acd095e_191e9a83fd6_d54,923402244,Canada,British Columbia,"Oregon, Washington, Vancouver Coast and Shelf",Temperate Northern Pacific,Vancouver Island,BMSC25,Goby Town,48.84,-125.14,2023-05-18,5.7,RLS,4,13:20:00,,,1,2,Chordata,Actinopterygii,Scorpaeniformes,Sebastidae,Sebastes melanops,Sebastes melanops,12.5,9,377.2276,POINT (-125.13999938964844 48.84000015258789)
ep_m1_public_data.fid-1acd095e_191e9a83fd6_d55,923402244,Canada,British Columbia,"Oregon, Washington, Vancouver Coast and Shelf",Temperate Northern Pacific,Vancouver Island,BMSC25,Goby Town,48.84,-125.14,2023-05-18,5.7,RLS,4,13:20:00,,,1,2,Chordata,Actinopterygii,Scorpaeniformes,Sebastidae,Sebastes melanops,Sebastes melanops,15,14,1028.886,POINT (-125.13999938964844 48.84000015258789)
ep_m1_public_data.fid-1acd095e_191e9a83fd6_d56,923402244,Canada,British Columbia,"Oregon, Washington, Vancouver Coast and Shelf",Temperate Northern Pacific,Vancouver Island,BMSC25,Goby Town,48.84,-125.14,2023-05-18,5.7,RLS,4,13:20:00,,,1,1,Chordata,Actinopterygii,Perciformes,Hexagrammidae,Hexagrammos decagrammus,Hexagrammos decagrammus,12.5,4,151.8673,POINT (-125.13999938964844 48.84000015258789)
ep_m1_public_data.fid-1acd095e_191e9a83fd6_d57,923402244,Canada,British Columbia,"Oregon, Washington, Vancouver Coast and Shelf",Temperate Northern Pacific,Vancouver Island,BMSC25,Goby Town,48.84,-125.14,2023-05-18,5.7,RLS,4,13:20:00,,,1,1,Chordata,Actinopterygii,Scorpaeniformes,Hexagrammidae,Oxylebius pictus,Oxylebius pictus,15,1,73.4563,POINT (-125.13999938964844 48.84000015258789)
ep_m1_public_data.fid-1acd095e_191e9a83fd6_d58,923402244,Canada,British Columbia,"Oregon, Washington, Vancouver Coast and Shelf",Temperate Northern Pacific,Vancouver Island,BMSC25,Goby Town,48.84,-125.14,2023-05-18,5.7,RLS,4,13:20:00,,,1,1,Chordata,Actinopterygii,Scorpaeniformes,Sebastidae,Sebastes caurinus,Sebastes caurinus,12.5,3,125.7425,POINT (-125.13999938964844 48.84000015258789)
ep_m1_public_data.fid-1acd095e_191e9a83fd6_d59,923402244,Canada,British Columbia,"Oregon, Washington, Vancouver Coast and Shelf",Temperate Northern Pacific,Vancouver Island,BMSC25,Goby Town,48.84,-125.14,2023-05-18,5.7,RLS,4,13:20:00,,,1,1,Chordata,Actinopterygii,Scorpaeniformes,Sebastidae,Sebastes flavidus,Sebastes flavidus,10,13,274.0448,POINT (-125.13999938964844 48.84000015258789)
ep_m1_public_data.fid-1acd095e_191e9a83fd6_d5a,923402244,Canada,British Columbia,"Oregon, Washington, Vancouver Coast and Shelf",Temperate Northern Pacific,Vancouver Island,BMSC25,Goby Town,48.84,-125.14,2023-05-18,5.7,RLS,4,13:20:00,,,1,1,Chordata,Actinopterygii,Scorpaeniformes,Sebastidae,Sebastes flavidus,Sebastes flavidus,12.5,27,1131.6829,POINT (-125.13999938964844 48.84000015258789)
ep_m1_public_data.fid-1acd095e_191e9a83fd6_d5b,923402244,Canada,British Columbia,"Oregon, Washington, Vancouver Coast and Shelf",Temperate Northern Pacific,Vancouver Island,BMSC25,Goby Town,48.84,-125.14,2023-05-18,5.7,RLS,4,13:20:00,,,1,1,Chordata,Actinopterygii,Scorpaeniformes,Sebastidae,Sebastes maliger,Sebastes maliger,15,2,146.9837,POINT (-125.13999938964844 48.84000015258789)
ep_m1_public_data.fid-1acd095e_191e9a83fd6_d5c,923402244,Canada,British Columbia,"Oregon, Washington, Vancouver Coast and Shelf",Temperate Northern Pacific,Vancouver Island,BMSC25,Goby Town,48.84,-125.14,2023-05-18,5.7,RLS,4,13:20:00,,,1,1,Chordata,Actinopterygii,Scorpaeniformes,Sebastidae,Sebastes melanops,Sebastes melanops,15,8,587.9348,POINT (-125.13999938964844 48.84000015258789)
ep_m1_public_data.fid-1acd095e_191e9a83fd6_d5d,923402244,Canada,British Columbia,"Oregon, Washington, Vancouver Coast and Shelf",Temperate Northern Pacific,Vancouver Island,BMSC25,Goby Town,48.84,-125.14,2023-05-18,5.7,RLS,4,13:20:00,,,1,1,Chordata,Actinopterygii,Scorpaeniformes,Sebastidae,Sebastes melanops,Sebastes melanops,20,1,162.7257,POINT (-125.13999938964844 48.84000015258789)
ep_m1_public_data.fid-1acd095e_191e9a83fd6_d5e,923402246,Canada,British Columbia,"Oregon, Washington, Vancouver Coast and Shelf",Temperate Northern Pacific,Vancouver Island,BMSC25,Goby Town,48.84,-125.14,2023-05-18,5.5,RLS,4,13:20:00,,,1,1,Chordata,Actinopterygii,Perciformes,Gobiidae,Rhinogobiops nicholsii,Rhinogobiops nicholsii,10,4,74.7417,POINT (-125.13999938964844 48.84000015258789)
ep_m1_public_data.fid-1acd095e_191e9a83fd6_d5f,923402246,Canada,British Columbia,"Oregon, Washington, Vancouver Coast and Shelf",Temperate Northern Pacific,Vancouver Island,BMSC25,Goby Town,48.84,-125.14,2023-05-18,5.5,RLS,4,13:20:00,,,1,1,Chordata,Actinopterygii,Perciformes,Hexagrammidae,Hexagrammos decagrammus,Hexagrammos decagrammus,15,8,536.463,POINT (-125.13999938964844 48.84000015258789)
ep_m1_public_data.fid-1acd095e_191e9a83fd6_d60,923402246,Canada,British Columbia,"Oregon, Washington, Vancouver Coast and Shelf",Temperate Northern Pacific,Vancouver Island,BMSC25,Goby Town,48.84,-125.14,2023-05-18,5.5,RLS,4,13:20:00,,,1,1,Chordata,Actinopterygii,Perciformes,Hexagrammidae,Hexagrammos decagrammus,Hexagrammos decagrammus,25,4,928.6245,POINT (-125.13999938964844 48.84000015258789)
ep_m1_public_data.fid-1acd095e_191e9a83fd6_d61,923402246,Canada,British Columbia,"Oregon, Washington, Vancouver Coast and Shelf",Temperate Northern Pacific,Vancouver Island,BMSC25,Goby Town,48.84,-125.14,2023-05-18,5.5,RLS,4,13:20:00,,,1,1,Chordata,Actinopterygii,Perciformes,Hexagrammidae,Hexagrammos decagrammus,Hexagrammos decagrammus,30,1,344.0053,POINT (-125.13999938964844 48.84000015258789)
ep_m1_public_data.fid-1acd095e_191e9a83fd6_d62,923402246,Canada,British Columbia,"Oregon, Washington, Vancouver Coast and Shelf",Temperate Northern Pacific,Vancouver Island,BMSC25,Goby Town,48.84,-125.14,2023-05-18,5.5,RLS,4,13:20:00,,,1,1,Chordata,Actinopterygii,Scorpaeniformes,Sebastidae,Sebastes caurinus,Sebastes caurinus,15,1,73.4918,POINT (-125.13999938964844 48.84000015258789)
ep_m1_public_data.fid-1acd095e_191e9a83fd6_d63,923402246,Canada,British Columbia,"Oregon, Washington, Vancouver Coast and Shelf",Temperate Northern Pacific,Vancouver Island,BMSC25,Goby Town,48.84,-125.14,2023-05-18,5.5,RLS,4,13:20:00,,,1,1,Chordata,Actinopterygii,Scorpaeniformes,Sebastidae,Sebastes flavidus,Sebastes flavidus,7.5,7,60.8366,POINT (-125.13999938964844 48.84000015258789)
ep_m1_public_data.fid-1acd095e_191e9a83fd6_d64,923402246,Canada,British Columbia,"Oregon, Washington, Vancouver Coast and Shelf",Temperate Northern Pacific,Vancouver Island,BMSC25,Goby Town,48.84,-125.14,2023-05-18,5.5,RLS,4,13:20:00,,,1,1,Chordata,Actinopterygii,Scorpaeniformes,Sebastidae,Sebastes flavidus,Sebastes flavidus,12.5,12,502.9701,POINT (-125.13999938964844 48.84000015258789)
ep_m1_public_data.fid-1acd095e_191e9a83fd6_d65,923402246,Canada,British Columbia,"Oregon, Washington, Vancouver Coast and Shelf",Temperate Northern Pacific,Vancouver Island,BMSC25,Goby Town,48.84,-125.14,2023-05-18,5.5,RLS,4,13:20:00,,,1,1,Chordata,Actinopterygii,Scorpaeniformes,Sebastidae,Sebastes maliger,Sebastes maliger,12.5,1,41.9142,POINT (-125.13999938964844 48.84000015258789)
ep_m1_public_data.fid-1acd095e_191e9a83fd6_d66,923402246,Canada,British Columbia,"Oregon, Washington, Vancouver Coast and Shelf",Temperate Northern Pacific,Vancouver Island,BMSC25,Goby Town,48.84,-125.14,2023-05-18,5.5,RLS,4,13:20:00,,,1,1,Chordata,Actinopterygii,Scorpaeniformes,Sebastidae,Sebastes maliger,Sebastes maliger,20,1,162.7257,POINT (-125.13999938964844 48.84000015258789)
ep_m1_public_data.fid-1acd095e_191e9a83fd6_d67,923402246,Canada,British Columbia,"Oregon, Washington, Vancouver Coast and Shelf",Temperate Northern Pacific,Vancouver Island,BMSC25,Goby Town,48.84,-125.14,2023-05-18,5.5,RLS,4,13:20:00,,,1,2,Chordata,Actinopterygii,Perciformes,Gobiidae,Rhinogobiops nicholsii,Rhinogobiops nicholsii,5,4,9.0245,POINT (-125.13999938964844 48.84000015258789)
ep_m1_public_data.fid-1acd095e_191e9a83fd6_d68,923402246,Canada,British Columbia,"Oregon, Washington, Vancouver Coast and Shelf",Temperate Northern Pacific,Vancouver Island,BMSC25,Goby Town,48.84,-125.14,2023-05-18,5.5,RLS,4,13:20:00,,,1,2,Chordata,Actinopterygii,Perciformes,Gobiidae,Rhinogobiops nicholsii,Rhinogobiops nicholsii,12.5,20,738.0885,POINT (-125.13999938964844 48.84000015258789)
ep_m1_public_data.fid-1acd095e_191e9a83fd6_d69,923402246,Canada,British Columbia,"Oregon, Washington, Vancouver Coast and Shelf",Temperate Northern Pacific,Vancouver Island,BMSC25,Goby Town,48.84,-125.14,2023-05-18,5.5,RLS,4,13:20:00,,,1,2,Chordata,Actinopterygii,Perciformes,Hexagrammidae,Hexagrammos decagrammus,Hexagrammos decagrammus,15,2,134.1157,POINT (-125.13999938964844 48.84000015258789)
ep_m1_public_data.fid-1acd095e_191e9a83fd6_d6a,923402246,Canada,British Columbia,"Oregon, Washington, Vancouver Coast and Shelf",Temperate Northern Pacific,Vancouver Island,BMSC25,Goby Town,48.84,-125.14,2023-05-18,5.5,RLS,4,13:20:00,,,1,2,Chordata,Actinopterygii,Perciformes,Hexagrammidae,Hexagrammos decagrammus,Hexagrammos decagrammus,20,4,600.0812,POINT (-125.13999938964844 48.84000015258789)
ep_m1_public_data.fid-1acd095e_191e9a83fd6_d6b,923402246,Canada,British Columbia,"Oregon, Washington, Vancouver Coast and Shelf",Temperate Northern Pacific,Vancouver Island,BMSC25,Goby Town,48.84,-125.14,2023-05-18,5.5,RLS,4,13:20:00,,,1,2,Chordata,Actinopterygii,Scorpaeniformes,Hexagrammidae,Oxylebius pictus,Oxylebius pictus,12.5,2,84.4011,POINT (-125.13999938964844 48.84000015258789)
ep_m1_public_data.fid-1acd095e_191e9a83fd6_d6c,923402246,Canada,British Columbia,"Oregon, Washington, Vancouver Coast and Shelf",Temperate Northern Pacific,Vancouver Island,BMSC25,Goby Town,48.84,-125.14,2023-05-18,5.5,RLS,4,13:20:00,,,1,2,Chordata,Actinopterygii,Scorpaeniformes,Hexagrammidae,Oxylebius pictus,Oxylebius pictus,15,1,73.4563,POINT (-125.13999938964844 48.84000015258789)
ep_m1_public_data.fid-1acd095e_191e9a83fd6_d6d,923402246,Canada,British Columbia,"Oregon, Washington, Vancouver Coast and Shelf",Temperate Northern Pacific,Vancouver Island,BMSC25,Goby Town,48.84,-125.14,2023-05-18,5.5,RLS,4,13:20:00,,,1,2,Chordata,Actinopterygii,Scorpaeniformes,Sebastidae,Sebastes caurinus,Sebastes caurinus,7.5,2,17.3819,POINT (-125.13999938964844 48.84000015258789)
ep_m1_public_data.fid-1acd095e_191e9a83fd6_d6e,923402246,Canada,British Columbia,"Oregon, Washington, Vancouver Coast and Shelf",Temperate Northern Pacific,Vancouver Island,BMSC25,Goby Town,48.84,-125.14,2023-05-18,5.5,RLS,4,13:20:00,,,1,2,Chordata,Actinopterygii,Scorpaeniformes,Sebastidae,Sebastes caurinus,Sebastes caurinus,12.5,4,167.6567,POINT (-125.13999938964844 48.84000015258789)
ep_m1_public_data.fid-1acd095e_191e9a83fd6_d6f,923402246,Canada,British Columbia,"Oregon, Washington, Vancouver Coast and Shelf",Temperate Northern Pacific,Vancouver Island,BMSC25,Goby Town,48.84,-125.14,2023-05-18,5.5,RLS,4,13:20:00,,,1,2,Chordata,Actinopterygii,Scorpaeniformes,Sebastidae,Sebastes caurinus,Sebastes caurinus,15,2,146.9837,POINT (-125.13999938964844 48.84000015258789)
ep_m1_public_data.fid-1acd095e_191e9a83fd6_d70,923402246,Canada,British Columbia,"Oregon, Washington, Vancouver Coast and Shelf",Temperate Northern Pacific,Vancouver Island,BMSC25,Goby Town,48.84,-125.14,2023-05-18,5.5,RLS,4,13:20:00,,,1,2,Chordata,Actinopterygii,Scorpaeniformes,Sebastidae,Sebastes flavidus,Sebastes flavidus,5,2,4.9858,POINT (-125.13999938964844 48.84000015258789)
ep_m1_public_data.fid-1acd095e_191e9a83fd6_d71,923402246,Canada,British Columbia,"Oregon, Washington, Vancouver Coast and Shelf",Temperate Northern Pacific,Vancouver Island,BMSC25,Goby Town,48.84,-125.14,2023-05-18,5.5,RLS,4,13:20:00,,,1,2,Chordata,Actinopterygii,Scorpaeniformes,Sebastidae,Sebastes flavidus,Sebastes flavidus,7.5,3,26.0728,POINT (-125.13999938964844 48.84000015258789)
ep_m1_public_data.fid-1acd095e_191e9a83fd6_d72,923402246,Canada,British Columbia,"Oregon, Washington, Vancouver Coast and Shelf",Temperate Northern Pacific,Vancouver Island,BMSC25,Goby Town,48.84,-125.14,2023-05-18,5.5,RLS,4,13:20:00,,,1,2,Chordata,Actinopterygii,Scorpaeniformes,Sebastidae,Sebastes flavidus,Sebastes flavidus,12.5,4,167.6567,POINT (-125.13999938964844 48.84000015258789)
ep_m1_public_data.fid-1acd095e_191e9a83fd6_d73,923402246,Canada,British Columbia,"Oregon, Washington, Vancouver Coast and Shelf",Temperate Northern Pacific,Vancouver Island,BMSC25,Goby Town,48.84,-125.14,2023-05-18,5.5,RLS,4,13:20:00,,,1,2,Chordata,Actinopterygii,Scorpaeniformes,Sebastidae,Sebastes flavidus,Sebastes flavidus,15,1,73.4918,POINT (-125.13999938964844 48.84000015258789)
ep_m1_public_data.fid-1acd095e_191e9a83fd6_d74,923402246,Canada,British Columbia,"Oregon, Washington, Vancouver Coast and Shelf",Temperate Northern Pacific,Vancouver Island,BMSC25,Goby Town,48.84,-125.14,2023-05-18,5.5,RLS,4,13:20:00,,,1,2,Chordata,Actinopterygii,Scorpaeniformes,Sebastidae,Sebastes maliger,Sebastes maliger,10,2,42.1607,POINT (-125.13999938964844 48.84000015258789)
ep_m1_public_data.fid-1acd095e_191e9a83fd6_d75,923402246,Canada,British Columbia,"Oregon, Washington, Vancouver Coast and Shelf",Temperate Northern Pacific,Vancouver Island,BMSC25,Goby Town,48.84,-125.14,2023-05-18,5.5,RLS,4,13:20:00,,,1,2,Chordata,Actinopterygii,Scorpaeniformes,Sebastidae,Sebastes maliger,Sebastes maliger,12.5,2,83.8284,POINT (-125.13999938964844 48.84000015258789)
ep_m1_public_data.fid-1acd095e_191e9a83fd6_d76,923402246,Canada,British Columbia,"Oregon, Washington, Vancouver Coast and Shelf",Temperate Northern Pacific,Vancouver Island,BMSC25,Goby Town,48.84,-125.14,2023-05-18,5.5,RLS,4,13:20:00,,,1,2,Chordata,Actinopterygii,Scorpaeniformes,Sebastidae,Sebastes melanops,Sebastes melanops,12.5,1,41.9142,POINT (-125.13999938964844 48.84000015258789)
ep_m1_public_data.fid-1acd095e_191e9a83fd6_d77,923400141,Canada,British Columbia,"Oregon, Washington, Vancouver Coast and Shelf",Temperate Northern Pacific,Vancouver Island,BMSC10,Ross Islets Slug Island,48.87,-125.16,2021-04-30,4,RLS,4,12:50:00,,,1,1,Chordata,Actinopterygii,Perciformes,Gobiidae,Rhinogobiops nicholsii,Rhinogobiops nicholsii,5,4,9.0245,POINT (-125.16000366210938 48.869998931884766)
ep_m1_public_data.fid-1acd095e_191e9a83fd6_d78,923400141,Canada,British Columbia,"Oregon, Washington, Vancouver Coast and Shelf",Temperate Northern Pacific,Vancouver Island,BMSC10,Ross Islets Slug Island,48.87,-125.16,2021-04-30,4,RLS,4,12:50:00,,,1,1,Chordata,Actinopterygii,Perciformes,Gobiidae,Rhinogobiops nicholsii,Rhinogobiops nicholsii,7.5,6,46.622,POINT (-125.16000366210938 48.869998931884766)
ep_m1_public_data.fid-1acd095e_191e9a83fd6_d79,923400141,Canada,British Columbia,"Oregon, Washington, Vancouver Coast and Shelf",Temperate Northern Pacific,Vancouver Island,BMSC10,Ross Islets Slug Island,48.87,-125.16,2021-04-30,4,RLS,4,12:50:00,,,1,1,Chordata,Actinopterygii,Perciformes,Gobiidae,Rhinogobiops nicholsii,Rhinogobiops nicholsii,10,9,168.1688,POINT (-125.16000366210938 48.869998931884766)
ep_m1_public_data.fid-1acd095e_191e9a83fd6_d7a,923400141,Canada,British Columbia,"Oregon, Washington, Vancouver Coast and Shelf",Temperate Northern Pacific,Vancouver Island,BMSC10,Ross Islets Slug Island,48.87,-125.16,2021-04-30,4,RLS,4,12:50:00,,,1,1,Chordata,Actinopterygii,Perciformes,Hexagrammidae,Hexagrammos decagrammus,Hexagrammos decagrammus,20,1,150.0203,POINT (-125.16000366210938 48.869998931884766)
ep_m1_public_data.fid-1acd095e_191e9a83fd6_d7b,923400141,Canada,British Columbia,"Oregon, Washington, Vancouver Coast and Shelf",Temperate Northern Pacific,Vancouver Island,BMSC10,Ross Islets Slug Island,48.87,-125.16,2021-04-30,4,RLS,4,12:50:00,,,1,2,Chordata,Actinopterygii,Perciformes,Gobiidae,Rhinogobiops nicholsii,Rhinogobiops nicholsii,7.5,2,15.5407,POINT (-125.16000366210938 48.869998931884766)
ep_m1_public_data.fid-1acd095e_191e9a83fd6_d7c,923400141,Canada,British Columbia,"Oregon, Washington, Vancouver Coast and Shelf",Temperate Northern Pacific,Vancouver Island,BMSC10,Ross Islets Slug Island,48.87,-125.16,2021-04-30,4,RLS,4,12:50:00,,,1,2,Chordata,Actinopterygii,Perciformes,Gobiidae,Rhinogobiops nicholsii,Rhinogobiops nicholsii,10,4,74.7417,POINT (-125.16000366210938 48.869998931884766)
ep_m1_public_data.fid-1acd095e_191e9a83fd6_d7d,923400141,Canada,British Columbia,"Oregon, Washington, Vancouver Coast and Shelf",Temperate Northern Pacific,Vancouver Island,BMSC10,Ross Islets Slug Island,48.87,-125.16,2021-04-30,4,RLS,4,12:50:00,,,1,2,Chordata,Actinopterygii,Perciformes,Hexagrammidae,Hexagrammos decagrammus,Hexagrammos decagrammus,7.5,1,7.7132,POINT (-125.16000366210938 48.869998931884766)
ep_m1_public_data.fid-1acd095e_191e9a83fd6_d7e,923400141,Canada,British Columbia,"Oregon, Washington, Vancouver Coast and Shelf",Temperate Northern Pacific,Vancouver Island,BMSC10,Ross Islets Slug Island,48.87,-125.16,2021-04-30,4,RLS,4,12:50:00,,,1,2,Chordata,Actinopterygii,Perciformes,Hexagrammidae,Hexagrammos decagrammus,Hexagrammos decagrammus,15,2,134.1157,POINT (-125.16000366210938 48.869998931884766)
ep_m1_public_data.fid-1acd095e_191e9a83fd6_d7f,923400141,Canada,British Columbia,"Oregon, Washington, Vancouver Coast and Shelf",Temperate Northern Pacific,Vancouver Island,BMSC10,Ross Islets Slug Island,48.87,-125.16,2021-04-30,4,RLS,4,12:50:00,,,1,2,Chordata,Actinopterygii,Scorpaeniformes,Sebastidae,Sebastes spp.,Sebastes spp.,10,5,122.688,POINT (-125.16000366210938 48.869998931884766)
ep_m1_public_data.fid-1acd095e_191e9a83fd6_d80,923401199,Canada,British Columbia,"Oregon, Washington, Vancouver Coast and Shelf",Temperate Northern Pacific,Vancouver Island,BMSC10,Ross Islets Slug Island,48.87,-125.16,2022-05-05,5,RLS,2,11:10:00,,,1,2,Chordata,Actinopterygii,Perciformes,Hexagrammidae,Hexagrammos decagrammus,Hexagrammos decagrammus,15,1,67.0579,POINT (-125.16000366210938 48.869998931884766)
ep_m1_public_data.fid-1acd095e_191e9a83fd6_d81,923401199,Canada,British Columbia,"Oregon, Washington, Vancouver Coast and Shelf",Temperate Northern Pacific,Vancouver Island,BMSC10,Ross Islets Slug Island,48.87,-125.16,2022-05-05,5,RLS,2,11:10:00,,,1,1,Chordata,Actinopterygii,Perciformes,Gobiidae,Rhinogobiops nicholsii,Rhinogobiops nicholsii,10,5,93.4271,POINT (-125.16000366210938 48.869998931884766)
ep_m1_public_data.fid-1acd095e_191e9a83fd6_d82,923401199,Canada,British Columbia,"Oregon, Washington, Vancouver Coast and Shelf",Temperate Northern Pacific,Vancouver Island,BMSC10,Ross Islets Slug Island,48.87,-125.16,2022-05-05,5,RLS,2,11:10:00,,,1,1,Chordata,Actinopterygii,Perciformes,Gobiidae,Rhinogobiops nicholsii,Rhinogobiops nicholsii,15,1,64.3548,POINT (-125.16000366210938 48.869998931884766)
ep_m1_public_data.fid-1acd095e_191e9a83fd6_d83,923401199,Canada,British Columbia,"Oregon, Washington, Vancouver Coast and Shelf",Temperate Northern Pacific,Vancouver Island,BMSC10,Ross Islets Slug Island,48.87,-125.16,2022-05-05,5,RLS,2,11:10:00,,,1,1,Chordata,Actinopterygii,Perciformes,Hexagrammidae,Hexagrammos decagrammus,Hexagrammos decagrammus,25,2,464.3122,POINT (-125.16000366210938 48.869998931884766)
ep_m1_public_data.fid-1acd095e_191e9a83fd6_d84,923402228,Canada,British Columbia,"Oregon, Washington, Vancouver Coast and Shelf",Temperate Northern Pacific,Vancouver Island,BMSC10,Ross Islets Slug Island,48.87,-125.16,2023-05-09,4,RLS,2,10:23:00,,,1,2,Chordata,Actinopterygii,Perciformes,Embiotocidae,Brachyistius frenatus,Brachyistius frenatus,7.5,5,53.6866,POINT (-125.16000366210938 48.869998931884766)
ep_m1_public_data.fid-1acd095e_191e9a83fd6_d85,923402228,Canada,British Columbia,"Oregon, Washington, Vancouver Coast and Shelf",Temperate Northern Pacific,Vancouver Island,BMSC10,Ross Islets Slug Island,48.87,-125.16,2023-05-09,4,RLS,2,10:23:00,,,1,2,Chordata,Actinopterygii,Perciformes,Embiotocidae,Brachyistius frenatus,Brachyistius frenatus,12.5,1,50.736,POINT (-125.16000366210938 48.869998931884766)
ep_m1_public_data.fid-1acd095e_191e9a83fd6_d86,923402228,Canada,British Columbia,"Oregon, Washington, Vancouver Coast and Shelf",Temperate Northern Pacific,Vancouver Island,BMSC10,Ross Islets Slug Island,48.87,-125.16,2023-05-09,4,RLS,2,10:23:00,,,1,2,Chordata,Actinopterygii,Perciformes,Embiotocidae,Rhacochilus vacca,Rhacochilus vacca,15,1,120.4819,POINT (-125.16000366210938 48.869998931884766)
ep_m1_public_data.fid-1acd095e_191e9a83fd6_d87,923402228,Canada,British Columbia,"Oregon, Washington, Vancouver Coast and Shelf",Temperate Northern Pacific,Vancouver Island,BMSC10,Ross Islets Slug Island,48.87,-125.16,2023-05-09,4,RLS,2,10:23:00,,,1,2,Chordata,Actinopterygii,Perciformes,Gobiidae,Rhinogobiops nicholsii,Rhinogobiops nicholsii,7.5,5,38.8517,POINT (-125.16000366210938 48.869998931884766)
ep_m1_public_data.fid-1acd095e_191e9a83fd6_d88,923402228,Canada,British Columbia,"Oregon, Washington, Vancouver Coast and Shelf",Temperate Northern Pacific,Vancouver Island,BMSC10,Ross Islets Slug Island,48.87,-125.16,2023-05-09,4,RLS,2,10:23:00,,,1,2,Chordata,Actinopterygii,Perciformes,Hexagrammidae,Hexagrammos decagrammus,Hexagrammos decagrammus,20,1,150.0203,POINT (-125.16000366210938 48.869998931884766)
ep_m1_public_data.fid-1acd095e_191e9a83fd6_d89,923402228,Canada,British Columbia,"Oregon, Washington, Vancouver Coast and Shelf",Temperate Northern Pacific,Vancouver Island,BMSC10,Ross Islets Slug Island,48.87,-125.16,2023-05-09,4,RLS,2,10:23:00,,,1,2,Chordata,Actinopterygii,Scorpaeniformes,Sebastidae,Sebastes caurinus,Sebastes caurinus,12.5,2,83.8284,POINT (-125.16000366210938 48.869998931884766)
ep_m1_public_data.fid-1acd095e_191e9a83fd6_d8a,923402228,Canada,British Columbia,"Oregon, Washington, Vancouver Coast and Shelf",Temperate Northern Pacific,Vancouver Island,BMSC10,Ross Islets Slug Island,48.87,-125.16,2023-05-09,4,RLS,2,10:23:00,,,1,2,Chordata,Actinopterygii,Scorpaeniformes,Sebastidae,Sebastes spp.,Sebastes spp.,10,5,122.688,POINT (-125.16000366210938 48.869998931884766)
ep_m1_public_data.fid-1acd095e_191e9a83fd6_d8b,923402228,Canada,British Columbia,"Oregon, Washington, Vancouver Coast and Shelf",Temperate Northern Pacific,Vancouver Island,BMSC10,Ross Islets Slug Island,48.87,-125.16,2023-05-09,4,RLS,2,10:23:00,,,1,1,Chordata,Actinopterygii,Perciformes,Gobiidae,Rhinogobiops nicholsii,Rhinogobiops nicholsii,2.5,1,0.2724,POINT (-125.16000366210938 48.869998931884766)
ep_m1_public_data.fid-1acd095e_191e9a83fd6_d8c,923402228,Canada,British Columbia,"Oregon, Washington, Vancouver Coast and Shelf",Temperate Northern Pacific,Vancouver Island,BMSC10,Ross Islets Slug Island,48.87,-125.16,2023-05-09,4,RLS,2,10:23:00,,,1,1,Chordata,Actinopterygii,Perciformes,Gobiidae,Rhinogobiops nicholsii,Rhinogobiops nicholsii,7.5,9,69.933,POINT (-125.16000366210938 48.869998931884766)
ep_m1_public_data.fid-1acd095e_191e9a83fd6_d8d,923402228,Canada,British Columbia,"Oregon, Washington, Vancouver Coast and Shelf",Temperate Northern Pacific,Vancouver Island,BMSC10,Ross Islets Slug Island,48.87,-125.16,2023-05-09,4,RLS,2,10:23:00,,,1,1,Chordata,Actinopterygii,Perciformes,Gobiidae,Rhinogobiops nicholsii,Rhinogobiops nicholsii,10,4,74.7417,POINT (-125.16000366210938 48.869998931884766)
ep_m1_public_data.fid-1acd095e_191e9a83fd6_d8e,923402228,Canada,British Columbia,"Oregon, Washington, Vancouver Coast and Shelf",Temperate Northern Pacific,Vancouver Island,BMSC10,Ross Islets Slug Island,48.87,-125.16,2023-05-09,4,RLS,2,10:23:00,,,1,1,Chordata,Actinopterygii,Perciformes,Hexagrammidae,Hexagrammos decagrammus,Hexagrammos decagrammus,15,1,67.0579,POINT (-125.16000366210938 48.869998931884766)
ep_m1_public_data.fid-1acd095e_191e9a83fd6_d8f,923402228,Canada,British Columbia,"Oregon, Washington, Vancouver Coast and Shelf",Temperate Northern Pacific,Vancouver Island,BMSC10,Ross Islets Slug Island,48.87,-125.16,2023-05-09,4,RLS,2,10:23:00,,,1,1,Chordata,Actinopterygii,Perciformes,Hexagrammidae,Hexagrammos decagrammus,Hexagrammos decagrammus,20,1,150.0203,POINT (-125.16000366210938 48.869998931884766)
ep_m1_public_data.fid-1acd095e_191e9a83fd6_d90,923402228,Canada,British Columbia,"Oregon, Washington, Vancouver Coast and Shelf",Temperate Northern Pacific,Vancouver Island,BMSC10,Ross Islets Slug Island,48.87,-125.16,2023-05-09,4,RLS,2,10:23:00,,,1,1,Ctenophora,Tentaculata,Lobata,Bolinopsidae,Bolinopsis infundibulum,Bolinopsis infundibulum,2.5,9,,POINT (-125.16000366210938 48.869998931884766)
ep_m1_public_data.fid-1acd095e_191e9a83fd6_d91,923402372,Canada,British Columbia,"Oregon, Washington, Vancouver Coast and Shelf",Temperate Northern Pacific,Vancouver Island,KCCA11,Ross Islets 2,48.87,-125.16,2023-06-12,3.5,RLS,2,10:30:00,,,1,2,Chordata,Actinopterygii,Perciformes,Embiotocidae,Brachyistius frenatus,Brachyistius frenatus,10,9,231.7141,POINT (-125.16000366210938 48.869998931884766)
ep_m1_public_data.fid-1acd095e_191e9a83fd6_d92,923402372,Canada,British Columbia,"Oregon, Washington, Vancouver Coast and Shelf",Temperate Northern Pacific,Vancouver Island,KCCA11,Ross Islets 2,48.87,-125.16,2023-06-12,3.5,RLS,2,10:30:00,,,1,2,Chordata,Actinopterygii,Perciformes,Embiotocidae,Brachyistius frenatus,Brachyistius frenatus,12.5,5,253.6801,POINT (-125.16000366210938 48.869998931884766)
ep_m1_public_data.fid-1acd095e_191e9a83fd6_d93,923402372,Canada,British Columbia,"Oregon, Washington, Vancouver Coast and Shelf",Temperate Northern Pacific,Vancouver Island,KCCA11,Ross Islets 2,48.87,-125.16,2023-06-12,3.5,RLS,2,10:30:00,,,1,2,Chordata,Actinopterygii,Perciformes,Embiotocidae,Cymatogaster aggregata,Cymatogaster aggregata,7.5,1,14.8529,POINT (-125.16000366210938 48.869998931884766)
ep_m1_public_data.fid-1acd095e_191e9a83fd6_d94,923402372,Canada,British Columbia,"Oregon, Washington, Vancouver Coast and Shelf",Temperate Northern Pacific,Vancouver Island,KCCA11,Ross Islets 2,48.87,-125.16,2023-06-12,3.5,RLS,2,10:30:00,,,1,2,Chordata,Actinopterygii,Perciformes,Embiotocidae,Rhacochilus vacca,Rhacochilus vacca,12.5,2,138.9391,POINT (-125.16000366210938 48.869998931884766)
ep_m1_public_data.fid-1acd095e_191e9a83fd6_d95,923402372,Canada,British Columbia,"Oregon, Washington, Vancouver Coast and Shelf",Temperate Northern Pacific,Vancouver Island,KCCA11,Ross Islets 2,48.87,-125.16,2023-06-12,3.5,RLS,2,10:30:00,,,1,2,Chordata,Actinopterygii,Perciformes,Embiotocidae,Rhacochilus vacca,Rhacochilus vacca,15,3,361.4458,POINT (-125.16000366210938 48.869998931884766)
ep_m1_public_data.fid-1acd095e_191e9a83fd6_d96,923402372,Canada,British Columbia,"Oregon, Washington, Vancouver Coast and Shelf",Temperate Northern Pacific,Vancouver Island,KCCA11,Ross Islets 2,48.87,-125.16,2023-06-12,3.5,RLS,2,10:30:00,,,1,2,Chordata,Actinopterygii,Perciformes,Embiotocidae,Rhacochilus vacca,Rhacochilus vacca,20,1,262.672,POINT (-125.16000366210938 48.869998931884766)
ep_m1_public_data.fid-1acd095e_191e9a83fd6_d97,923402372,Canada,British Columbia,"Oregon, Washington, Vancouver Coast and Shelf",Temperate Northern Pacific,Vancouver Island,KCCA11,Ross Islets 2,48.87,-125.16,2023-06-12,3.5,RLS,2,10:30:00,,,1,2,Chordata,Actinopterygii,Perciformes,Hexagrammidae,Hexagrammos decagrammus,Hexagrammos decagrammus,20,2,300.0406,POINT (-125.16000366210938 48.869998931884766)
ep_m1_public_data.fid-1acd095e_191e9a83fd6_d98,923402372,Canada,British Columbia,"Oregon, Washington, Vancouver Coast and Shelf",Temperate Northern Pacific,Vancouver Island,KCCA11,Ross Islets 2,48.87,-125.16,2023-06-12,3.5,RLS,2,10:30:00,,,1,2,Chordata,Actinopterygii,Perciformes,Hexagrammidae,Hexagrammos decagrammus,Hexagrammos decagrammus,35,1,483.3065,POINT (-125.16000366210938 48.869998931884766)
ep_m1_public_data.fid-1acd095e_191e9a83fd6_d99,923402372,Canada,British Columbia,"Oregon, Washington, Vancouver Coast and Shelf",Temperate Northern Pacific,Vancouver Island,KCCA11,Ross Islets 2,48.87,-125.16,2023-06-12,3.5,RLS,2,10:30:00,,,1,2,Chordata,Actinopterygii,Scorpaeniformes,Sebastidae,Sebastes caurinus,Sebastes caurinus,12.5,3,125.7425,POINT (-125.16000366210938 48.869998931884766)
ep_m1_public_data.fid-1acd095e_191e9a83fd6_d9a,923402372,Canada,British Columbia,"Oregon, Washington, Vancouver Coast and Shelf",Temperate Northern Pacific,Vancouver Island,KCCA11,Ross Islets 2,48.87,-125.16,2023-06-12,3.5,RLS,2,10:30:00,,,1,2,Chordata,Actinopterygii,Scorpaeniformes,Sebastidae,Sebastes spp.,Sebastes spp.,5,2,6.1344,POINT (-125.16000366210938 48.869998931884766)
ep_m1_public_data.fid-1acd095e_191e9a83fd6_d9b,923402372,Canada,British Columbia,"Oregon, Washington, Vancouver Coast and Shelf",Temperate Northern Pacific,Vancouver Island,KCCA11,Ross Islets 2,48.87,-125.16,2023-06-12,3.5,RLS,2,10:30:00,,,1,1,Chordata,Actinopterygii,Perciformes,Hexagrammidae,Hexagrammos decagrammus,Hexagrammos decagrammus,5,1,2.1769,POINT (-125.16000366210938 48.869998931884766)
ep_m1_public_data.fid-1acd095e_191e9a83fd6_d9c,923402372,Canada,British Columbia,"Oregon, Washington, Vancouver Coast and Shelf",Temperate Northern Pacific,Vancouver Island,KCCA11,Ross Islets 2,48.87,-125.16,2023-06-12,3.5,RLS,2,10:30:00,,,1,1,Chordata,Actinopterygii,Perciformes,Hexagrammidae,Hexagrammos decagrammus,Hexagrammos decagrammus,10,2,37.8508,POINT (-125.16000366210938 48.869998931884766)
ep_m1_public_data.fid-1acd095e_191e9a83fd6_d9d,923402372,Canada,British Columbia,"Oregon, Washington, Vancouver Coast and Shelf",Temperate Northern Pacific,Vancouver Island,KCCA11,Ross Islets 2,48.87,-125.16,2023-06-12,3.5,RLS,2,10:30:00,,,1,1,Chordata,Actinopterygii,Perciformes,Hexagrammidae,Hexagrammos decagrammus,Hexagrammos decagrammus,15,3,201.1736,POINT (-125.16000366210938 48.869998931884766)
ep_m1_public_data.fid-1acd095e_191e9a83fd6_d9e,923402372,Canada,British Columbia,"Oregon, Washington, Vancouver Coast and Shelf",Temperate Northern Pacific,Vancouver Island,KCCA11,Ross Islets 2,48.87,-125.16,2023-06-12,3.5,RLS,2,10:30:00,,,1,1,Chordata,Actinopterygii,Scorpaeniformes,Hexagrammidae,Hexagrammos stelleri,Hexagrammos stelleri,15,1,64.071,POINT (-125.16000366210938 48.869998931884766)
ep_m1_public_data.fid-1acd095e_191e9a83fd6_d9f,923402372,Canada,British Columbia,"Oregon, Washington, Vancouver Coast and Shelf",Temperate Northern Pacific,Vancouver Island,KCCA11,Ross Islets 2,48.87,-125.16,2023-06-12,3.5,RLS,2,10:30:00,,,1,1,Chordata,Actinopterygii,Scorpaeniformes,Sebastidae,Sebastes caurinus,Sebastes caurinus,10,1,21.0804,POINT (-125.16000366210938 48.869998931884766)
ep_m1_public_data.fid-1acd095e_191e9a83fd6_da0,923402378,Canada,British Columbia,"Oregon, Washington, Vancouver Coast and Shelf",Temperate Northern Pacific,Vancouver Island,BMSC10,Ross Islets Slug Island,48.87,-125.16,2023-06-14,2.7,RLS,4,10:14:00,48.87,-125.16,1,2,Chordata,Actinopterygii,Perciformes,Embiotocidae,Brachyistius frenatus,Brachyistius frenatus,10,2,51.492,POINT (-125.16 48.87)
ep_m1_public_data.fid-1acd095e_191e9a83fd6_da1,923402378,Canada,British Columbia,"Oregon, Washington, Vancouver Coast and Shelf",Temperate Northern Pacific,Vancouver Island,BMSC10,Ross Islets Slug Island,48.87,-125.16,2023-06-14,2.7,RLS,4,10:14:00,48.87,-125.16,1,2,Chordata,Actinopterygii,Perciformes,Embiotocidae,Brachyistius frenatus,Brachyistius frenatus,12.5,1,50.736,POINT (-125.16 48.87)
ep_m1_public_data.fid-1acd095e_191e9a83fd6_da2,923402378,Canada,British Columbia,"Oregon, Washington, Vancouver Coast and Shelf",Temperate Northern Pacific,Vancouver Island,BMSC10,Ross Islets Slug Island,48.87,-125.16,2023-06-14,2.7,RLS,4,10:14:00,48.87,-125.16,1,2,Chordata,Actinopterygii,Perciformes,Embiotocidae,Cymatogaster aggregata,Cymatogaster aggregata,7.5,2,29.7058,POINT (-125.16 48.87)
ep_m1_public_data.fid-1acd095e_191e9a83fd6_da3,923402378,Canada,British Columbia,"Oregon, Washington, Vancouver Coast and Shelf",Temperate Northern Pacific,Vancouver Island,BMSC10,Ross Islets Slug Island,48.87,-125.16,2023-06-14,2.7,RLS,4,10:14:00,48.87,-125.16,1,2,Chordata,Actinopterygii,Perciformes,Embiotocidae,Rhacochilus vacca,Rhacochilus vacca,10,2,70.8201,POINT (-125.16 48.87)
ep_m1_public_data.fid-1acd095e_191e9a83fd6_da4,923402378,Canada,British Columbia,"Oregon, Washington, Vancouver Coast and Shelf",Temperate Northern Pacific,Vancouver Island,BMSC10,Ross Islets Slug Island,48.87,-125.16,2023-06-14,2.7,RLS,4,10:14:00,48.87,-125.16,1,2,Chordata,Actinopterygii,Perciformes,Embiotocidae,Rhacochilus vacca,Rhacochilus vacca,12.5,1,69.4696,POINT (-125.16 48.87)
ep_m1_public_data.fid-1acd095e_191e9a83fd6_da5,923402378,Canada,British Columbia,"Oregon, Washington, Vancouver Coast and Shelf",Temperate Northern Pacific,Vancouver Island,BMSC10,Ross Islets Slug Island,48.87,-125.16,2023-06-14,2.7,RLS,4,10:14:00,48.87,-125.16,1,2,Chordata,Actinopterygii,Perciformes,Gobiidae,Rhinogobiops nicholsii,Rhinogobiops nicholsii,7.5,1,7.7703,POINT (-125.16 48.87)
ep_m1_public_data.fid-1acd095e_191e9a83fd6_da6,923402378,Canada,British Columbia,"Oregon, Washington, Vancouver Coast and Shelf",Temperate Northern Pacific,Vancouver Island,BMSC10,Ross Islets Slug Island,48.87,-125.16,2023-06-14,2.7,RLS,4,10:14:00,48.87,-125.16,1,2,Chordata,Actinopterygii,Perciformes,Hexagrammidae,Hexagrammos decagrammus,Hexagrammos decagrammus,25,1,232.1561,POINT (-125.16 48.87)
ep_m1_public_data.fid-1acd095e_191e9a83fd6_da7,923402378,Canada,British Columbia,"Oregon, Washington, Vancouver Coast and Shelf",Temperate Northern Pacific,Vancouver Island,BMSC10,Ross Islets Slug Island,48.87,-125.16,2023-06-14,2.7,RLS,4,10:14:00,48.87,-125.16,1,2,Chordata,Actinopterygii,Perciformes,Hexagrammidae,Hexagrammos decagrammus,Hexagrammos decagrammus,35,1,483.3065,POINT (-125.16 48.87)
ep_m1_public_data.fid-1acd095e_191e9a83fd6_da8,923402378,Canada,British Columbia,"Oregon, Washington, Vancouver Coast and Shelf",Temperate Northern Pacific,Vancouver Island,BMSC10,Ross Islets Slug Island,48.87,-125.16,2023-06-14,2.7,RLS,4,10:14:00,48.87,-125.16,1,2,Chordata,Actinopterygii,Scorpaeniformes,Sebastidae,Sebastes caurinus,Sebastes caurinus,15,2,146.9837,POINT (-125.16 48.87)
ep_m1_public_data.fid-1acd095e_191e9a83fd6_da9,923402378,Canada,British Columbia,"Oregon, Washington, Vancouver Coast and Shelf",Temperate Northern Pacific,Vancouver Island,BMSC10,Ross Islets Slug Island,48.87,-125.16,2023-06-14,2.7,RLS,4,10:14:00,48.87,-125.16,1,2,Chordata,Actinopterygii,Scorpaeniformes,Sebastidae,Sebastes melanops,Sebastes melanops,15,1,73.4918,POINT (-125.16 48.87)
ep_m1_public_data.fid-1acd095e_191e9a83fd6_daa,923402378,Canada,British Columbia,"Oregon, Washington, Vancouver Coast and Shelf",Temperate Northern Pacific,Vancouver Island,BMSC10,Ross Islets Slug Island,48.87,-125.16,2023-06-14,2.7,RLS,4,10:14:00,48.87,-125.16,1,2,Chordata,Actinopterygii,Scorpaeniformes,Sebastidae,Sebastes melanops,Sebastes melanops,20,1,162.7257,POINT (-125.16 48.87)
ep_m1_public_data.fid-1acd095e_191e9a83fd6_dab,923402378,Canada,British Columbia,"Oregon, Washington, Vancouver Coast and Shelf",Temperate Northern Pacific,Vancouver Island,BMSC10,Ross Islets Slug Island,48.87,-125.16,2023-06-14,2.7,RLS,4,10:14:00,48.87,-125.16,1,1,Chordata,Actinopterygii,Perciformes,Hexagrammidae,Hexagrammos decagrammus,Hexagrammos decagrammus,12.5,2,75.9337,POINT (-125.16 48.87)
ep_m1_public_data.fid-1acd095e_191e9a83fd6_dac,923402378,Canada,British Columbia,"Oregon, Washington, Vancouver Coast and Shelf",Temperate Northern Pacific,Vancouver Island,BMSC10,Ross Islets Slug Island,48.87,-125.16,2023-06-14,2.7,RLS,4,10:14:00,48.87,-125.16,1,1,Chordata,Actinopterygii,Perciformes,Hexagrammidae,Hexagrammos decagrammus,Hexagrammos decagrammus,15,2,134.1157,POINT (-125.16 48.87)
ep_m1_public_data.fid-1acd095e_191e9a83fd6_dad,923402378,Canada,British Columbia,"Oregon, Washington, Vancouver Coast and Shelf",Temperate Northern Pacific,Vancouver Island,BMSC10,Ross Islets Slug Island,48.87,-125.16,2023-06-14,2.7,RLS,4,10:14:00,48.87,-125.16,1,1,Chordata,Actinopterygii,Perciformes,Hexagrammidae,Hexagrammos decagrammus,Hexagrammos decagrammus,30,1,344.0053,POINT (-125.16 48.87)
ep_m1_public_data.fid-1acd095e_191e9a83fd6_dae,923402378,Canada,British Columbia,"Oregon, Washington, Vancouver Coast and Shelf",Temperate Northern Pacific,Vancouver Island,BMSC10,Ross Islets Slug Island,48.87,-125.16,2023-06-14,2.7,RLS,4,10:14:00,48.87,-125.16,1,1,Chordata,Actinopterygii,Scorpaeniformes,Sebastidae,Sebastes caurinus,Sebastes caurinus,7.5,2,17.3819,POINT (-125.16 48.87)
ep_m1_public_data.fid-1acd095e_191e9a83fd6_daf,923402378,Canada,British Columbia,"Oregon, Washington, Vancouver Coast and Shelf",Temperate Northern Pacific,Vancouver Island,BMSC10,Ross Islets Slug Island,48.87,-125.16,2023-06-14,2.7,RLS,4,10:14:00,48.87,-125.16,1,1,Chordata,Actinopterygii,Scorpaeniformes,Sebastidae,Sebastes caurinus,Sebastes caurinus,12.5,1,41.9142,POINT (-125.16 48.87)
ep_m1_public_data.fid-1acd095e_191e9a83fd6_db0,923402378,Canada,British Columbia,"Oregon, Washington, Vancouver Coast and Shelf",Temperate Northern Pacific,Vancouver Island,BMSC10,Ross Islets Slug Island,48.87,-125.16,2023-06-14,2.7,RLS,4,10:14:00,48.87,-125.16,1,1,Chordata,Actinopterygii,Scorpaeniformes,Sebastidae,Sebastes caurinus,Sebastes caurinus,15,1,73.4918,POINT (-125.16 48.87)
ep_m1_public_data.fid-1acd095e_191e9a83fd6_db1,923400158,Canada,British Columbia,"Oregon, Washington, Vancouver Coast and Shelf",Temperate Northern Pacific,Vancouver Island,BMSC15,Raymond Kelp Rock,48.88,-125.31,2021-05-04,7,RLS,2,14:30:00,,,1,1,Chordata,Actinopterygii,Perciformes,Gobiidae,Rhinogobiops nicholsii,Rhinogobiops nicholsii,7.5,1,7.7703,POINT (-125.30999755859375 48.880001068115234)
ep_m1_public_data.fid-1acd095e_191e9a83fd6_db2,923400158,Canada,British Columbia,"Oregon, Washington, Vancouver Coast and Shelf",Temperate Northern Pacific,Vancouver Island,BMSC15,Raymond Kelp Rock,48.88,-125.31,2021-05-04,7,RLS,2,14:30:00,,,1,1,Chordata,Actinopterygii,Perciformes,Hexagrammidae,Hexagrammos decagrammus,Hexagrammos decagrammus,7.5,1,7.7132,POINT (-125.30999755859375 48.880001068115234)
ep_m1_public_data.fid-1acd095e_191e9a83fd6_db3,923400158,Canada,British Columbia,"Oregon, Washington, Vancouver Coast and Shelf",Temperate Northern Pacific,Vancouver Island,BMSC15,Raymond Kelp Rock,48.88,-125.31,2021-05-04,7,RLS,2,14:30:00,,,1,1,Chordata,Actinopterygii,Perciformes,Hexagrammidae,Hexagrammos decagrammus,Hexagrammos decagrammus,10,1,18.9254,POINT (-125.30999755859375 48.880001068115234)
ep_m1_public_data.fid-1acd095e_191e9a83fd6_db4,923400158,Canada,British Columbia,"Oregon, Washington, Vancouver Coast and Shelf",Temperate Northern Pacific,Vancouver Island,BMSC15,Raymond Kelp Rock,48.88,-125.31,2021-05-04,7,RLS,2,14:30:00,,,1,1,Chordata,Actinopterygii,Perciformes,Hexagrammidae,Hexagrammos decagrammus,Hexagrammos decagrammus,20,1,150.0203,POINT (-125.30999755859375 48.880001068115234)
ep_m1_public_data.fid-1acd095e_191e9a83fd6_db5,923400158,Canada,British Columbia,"Oregon, Washington, Vancouver Coast and Shelf",Temperate Northern Pacific,Vancouver Island,BMSC15,Raymond Kelp Rock,48.88,-125.31,2021-05-04,7,RLS,2,14:30:00,,,1,1,Chordata,Actinopterygii,Perciformes,Hexagrammidae,Hexagrammos decagrammus,Hexagrammos decagrammus,25,1,232.1561,POINT (-125.30999755859375 48.880001068115234)
ep_m1_public_data.fid-1acd095e_191e9a83fd6_db6,923400158,Canada,British Columbia,"Oregon, Washington, Vancouver Coast and Shelf",Temperate Northern Pacific,Vancouver Island,BMSC15,Raymond Kelp Rock,48.88,-125.31,2021-05-04,7,RLS,2,14:30:00,,,1,1,Chordata,Actinopterygii,Scorpaeniformes,Sebastidae,Sebastes caurinus,Sebastes caurinus,20,1,162.7257,POINT (-125.30999755859375 48.880001068115234)
ep_m1_public_data.fid-1acd095e_191e9a83fd6_db7,923400158,Canada,British Columbia,"Oregon, Washington, Vancouver Coast and Shelf",Temperate Northern Pacific,Vancouver Island,BMSC15,Raymond Kelp Rock,48.88,-125.31,2021-05-04,7,RLS,2,14:30:00,,,1,2,Chordata,Actinopterygii,Perciformes,Embiotocidae,Brachyistius frenatus,Brachyistius frenatus,2.5,4,1.5223,POINT (-125.30999755859375 48.880001068115234)
ep_m1_public_data.fid-1acd095e_191e9a83fd6_db8,923400158,Canada,British Columbia,"Oregon, Washington, Vancouver Coast and Shelf",Temperate Northern Pacific,Vancouver Island,BMSC15,Raymond Kelp Rock,48.88,-125.31,2021-05-04,7,RLS,2,14:30:00,,,1,2,Chordata,Actinopterygii,Perciformes,Embiotocidae,Rhacochilus vacca,Rhacochilus vacca,5,1,4.3653,POINT (-125.30999755859375 48.880001068115234)
ep_m1_public_data.fid-1acd095e_191e9a83fd6_db9,923400158,Canada,British Columbia,"Oregon, Washington, Vancouver Coast and Shelf",Temperate Northern Pacific,Vancouver Island,BMSC15,Raymond Kelp Rock,48.88,-125.31,2021-05-04,7,RLS,2,14:30:00,,,1,2,Chordata,Actinopterygii,Perciformes,Embiotocidae,Rhacochilus vacca,Rhacochilus vacca,7.5,1,14.8529,POINT (-125.30999755859375 48.880001068115234)
ep_m1_public_data.fid-1acd095e_191e9a83fd6_dba,923400158,Canada,British Columbia,"Oregon, Washington, Vancouver Coast and Shelf",Temperate Northern Pacific,Vancouver Island,BMSC15,Raymond Kelp Rock,48.88,-125.31,2021-05-04,7,RLS,2,14:30:00,,,1,2,Chordata,Actinopterygii,Perciformes,Hexagrammidae,Hexagrammos decagrammus,Hexagrammos decagrammus,20,2,300.0406,POINT (-125.30999755859375 48.880001068115234)
ep_m1_public_data.fid-1acd095e_191e9a83fd6_dbb,923400139,Canada,British Columbia,"Oregon, Washington, Vancouver Coast and Shelf",Temperate Northern Pacific,Vancouver Island,BMSC13,Effingham West,48.87,-125.31,2021-05-04,4.8,RLS,4,10:30:00,,,1,1,Chordata,Actinopterygii,Perciformes,Hexagrammidae,Hexagrammos decagrammus,Hexagrammos decagrammus,10,3,56.7762,POINT (-125.30999755859375 48.869998931884766)
ep_m1_public_data.fid-1acd095e_191e9a83fd6_dbc,923400139,Canada,British Columbia,"Oregon, Washington, Vancouver Coast and Shelf",Temperate Northern Pacific,Vancouver Island,BMSC13,Effingham West,48.87,-125.31,2021-05-04,4.8,RLS,4,10:30:00,,,1,1,Chordata,Actinopterygii,Perciformes,Hexagrammidae,Hexagrammos decagrammus,Hexagrammos decagrammus,12.5,2,75.9337,POINT (-125.30999755859375 48.869998931884766)
ep_m1_public_data.fid-1acd095e_191e9a83fd6_dbd,923400139,Canada,British Columbia,"Oregon, Washington, Vancouver Coast and Shelf",Temperate Northern Pacific,Vancouver Island,BMSC13,Effingham West,48.87,-125.31,2021-05-04,4.8,RLS,4,10:30:00,,,1,1,Chordata,Actinopterygii,Perciformes,Hexagrammidae,Hexagrammos decagrammus,Hexagrammos decagrammus,15,7,469.4051,POINT (-125.30999755859375 48.869998931884766)
ep_m1_public_data.fid-1acd095e_191e9a83fd6_dbe,923400139,Canada,British Columbia,"Oregon, Washington, Vancouver Coast and Shelf",Temperate Northern Pacific,Vancouver Island,BMSC13,Effingham West,48.87,-125.31,2021-05-04,4.8,RLS,4,10:30:00,,,1,1,Chordata,Actinopterygii,Perciformes,Hexagrammidae,Hexagrammos decagrammus,Hexagrammos decagrammus,20,6,900.1219,POINT (-125.30999755859375 48.869998931884766)
ep_m1_public_data.fid-1acd095e_191e9a83fd6_dbf,923400139,Canada,British Columbia,"Oregon, Washington, Vancouver Coast and Shelf",Temperate Northern Pacific,Vancouver Island,BMSC13,Effingham West,48.87,-125.31,2021-05-04,4.8,RLS,4,10:30:00,,,1,1,Chordata,Actinopterygii,Perciformes,Hexagrammidae,Hexagrammos decagrammus,Hexagrammos decagrammus,25,4,928.6245,POINT (-125.30999755859375 48.869998931884766)
ep_m1_public_data.fid-1acd095e_191e9a83fd6_dc0,923400139,Canada,British Columbia,"Oregon, Washington, Vancouver Coast and Shelf",Temperate Northern Pacific,Vancouver Island,BMSC13,Effingham West,48.87,-125.31,2021-05-04,4.8,RLS,4,10:30:00,,,1,2,Chordata,Actinopterygii,Perciformes,Gobiidae,Rhinogobiops nicholsii,Rhinogobiops nicholsii,5,1,2.2561,POINT (-125.30999755859375 48.869998931884766)
ep_m1_public_data.fid-1acd095e_191e9a83fd6_dc1,923400139,Canada,British Columbia,"Oregon, Washington, Vancouver Coast and Shelf",Temperate Northern Pacific,Vancouver Island,BMSC13,Effingham West,48.87,-125.31,2021-05-04,4.8,RLS,4,10:30:00,,,1,2,Chordata,Actinopterygii,Perciformes,Gobiidae,Rhinogobiops nicholsii,Rhinogobiops nicholsii,7.5,4,31.0813,POINT (-125.30999755859375 48.869998931884766)
ep_m1_public_data.fid-1acd095e_191e9a83fd6_dc2,923400139,Canada,British Columbia,"Oregon, Washington, Vancouver Coast and Shelf",Temperate Northern Pacific,Vancouver Island,BMSC13,Effingham West,48.87,-125.31,2021-05-04,4.8,RLS,4,10:30:00,,,1,2,Chordata,Actinopterygii,Perciformes,Gobiidae,Rhinogobiops nicholsii,Rhinogobiops nicholsii,10,5,93.4271,POINT (-125.30999755859375 48.869998931884766)
ep_m1_public_data.fid-1acd095e_191e9a83fd6_dc3,923400139,Canada,British Columbia,"Oregon, Washington, Vancouver Coast and Shelf",Temperate Northern Pacific,Vancouver Island,BMSC13,Effingham West,48.87,-125.31,2021-05-04,4.8,RLS,4,10:30:00,,,1,2,Chordata,Actinopterygii,Perciformes,Gobiidae,Rhinogobiops nicholsii,Rhinogobiops nicholsii,12.5,3,110.7133,POINT (-125.30999755859375 48.869998931884766)
ep_m1_public_data.fid-1acd095e_191e9a83fd6_dc4,923400139,Canada,British Columbia,"Oregon, Washington, Vancouver Coast and Shelf",Temperate Northern Pacific,Vancouver Island,BMSC13,Effingham West,48.87,-125.31,2021-05-04,4.8,RLS,4,10:30:00,,,1,2,Chordata,Actinopterygii,Perciformes,Hexagrammidae,Hexagrammos decagrammus,Hexagrammos decagrammus,7.5,1,7.7132,POINT (-125.30999755859375 48.869998931884766)
ep_m1_public_data.fid-1acd095e_191e9a83fd6_dc5,923400139,Canada,British Columbia,"Oregon, Washington, Vancouver Coast and Shelf",Temperate Northern Pacific,Vancouver Island,BMSC13,Effingham West,48.87,-125.31,2021-05-04,4.8,RLS,4,10:30:00,,,1,2,Chordata,Actinopterygii,Perciformes,Hexagrammidae,Hexagrammos decagrammus,Hexagrammos decagrammus,10,2,37.8508,POINT (-125.30999755859375 48.869998931884766)
ep_m1_public_data.fid-1acd095e_191e9a83fd6_dc6,923400139,Canada,British Columbia,"Oregon, Washington, Vancouver Coast and Shelf",Temperate Northern Pacific,Vancouver Island,BMSC13,Effingham West,48.87,-125.31,2021-05-04,4.8,RLS,4,10:30:00,,,1,2,Chordata,Actinopterygii,Perciformes,Hexagrammidae,Hexagrammos decagrammus,Hexagrammos decagrammus,12.5,1,37.9668,POINT (-125.30999755859375 48.869998931884766)
ep_m1_public_data.fid-1acd095e_191e9a83fd6_dc7,923400139,Canada,British Columbia,"Oregon, Washington, Vancouver Coast and Shelf",Temperate Northern Pacific,Vancouver Island,BMSC13,Effingham West,48.87,-125.31,2021-05-04,4.8,RLS,4,10:30:00,,,1,2,Chordata,Actinopterygii,Perciformes,Hexagrammidae,Hexagrammos decagrammus,Hexagrammos decagrammus,15,1,67.0579,POINT (-125.30999755859375 48.869998931884766)
ep_m1_public_data.fid-1acd095e_191e9a83fd6_dc8,923401182,Canada,British Columbia,"Oregon, Washington, Vancouver Coast and Shelf",Temperate Northern Pacific,Vancouver Island,BMSC13,Effingham West,48.87,-125.31,2022-04-26,4.5,RLS,2,10:20:00,,,1,2,Chordata,Actinopterygii,Perciformes,Hexagrammidae,Hexagrammos decagrammus,Hexagrammos decagrammus,20,1,150.0203,POINT (-125.30999755859375 48.869998931884766)
ep_m1_public_data.fid-1acd095e_191e9a83fd6_dc9,923401182,Canada,British Columbia,"Oregon, Washington, Vancouver Coast and Shelf",Temperate Northern Pacific,Vancouver Island,BMSC13,Effingham West,48.87,-125.31,2022-04-26,4.5,RLS,2,10:20:00,,,1,2,Ctenophora,Tentaculata,Lobata,Bolinopsidae,Bolinopsis infundibulum,Bolinopsis infundibulum,0,1,,POINT (-125.30999755859375 48.869998931884766)
ep_m1_public_data.fid-1acd095e_191e9a83fd6_dca,923401182,Canada,British Columbia,"Oregon, Washington, Vancouver Coast and Shelf",Temperate Northern Pacific,Vancouver Island,BMSC13,Effingham West,48.87,-125.31,2022-04-26,4.5,RLS,2,10:20:00,,,1,1,Chordata,Actinopterygii,Perciformes,Gobiidae,Rhinogobiops nicholsii,Rhinogobiops nicholsii,12.5,1,36.9044,POINT (-125.30999755859375 48.869998931884766)
ep_m1_public_data.fid-1acd095e_191e9a83fd6_dcb,923401202,Canada,British Columbia,"Oregon, Washington, Vancouver Coast and Shelf",Temperate Northern Pacific,Vancouver Island,BMSC15,Raymond Kelp Rock,48.88,-125.31,2022-04-26,7.5,RLS,3,12:10:00,,,1,2,Chordata,Actinopterygii,Perciformes,Hexagrammidae,Hexagrammos decagrammus,Hexagrammos decagrammus,25,1,232.1561,POINT (-125.30999755859375 48.880001068115234)
ep_m1_public_data.fid-1acd095e_191e9a83fd6_dcc,923401202,Canada,British Columbia,"Oregon, Washington, Vancouver Coast and Shelf",Temperate Northern Pacific,Vancouver Island,BMSC15,Raymond Kelp Rock,48.88,-125.31,2022-04-26,7.5,RLS,3,12:10:00,,,1,2,Chordata,Actinopterygii,Perciformes,Hexagrammidae,Hexagrammos decagrammus,Hexagrammos decagrammus,30,3,1032.016,POINT (-125.30999755859375 48.880001068115234)
ep_m1_public_data.fid-1acd095e_191e9a83fd6_dcd,923401202,Canada,British Columbia,"Oregon, Washington, Vancouver Coast and Shelf",Temperate Northern Pacific,Vancouver Island,BMSC15,Raymond Kelp Rock,48.88,-125.31,2022-04-26,7.5,RLS,3,12:10:00,,,1,2,Chordata,Actinopterygii,Perciformes,Hexagrammidae,Hexagrammos decagrammus,Hexagrammos decagrammus,35,1,483.3065,POINT (-125.30999755859375 48.880001068115234)
ep_m1_public_data.fid-1acd095e_191e9a83fd6_dce,923401202,Canada,British Columbia,"Oregon, Washington, Vancouver Coast and Shelf",Temperate Northern Pacific,Vancouver Island,BMSC15,Raymond Kelp Rock,48.88,-125.31,2022-04-26,7.5,RLS,3,12:10:00,,,1,1,Chordata,Actinopterygii,Perciformes,Hexagrammidae,Hexagrammos decagrammus,Hexagrammos decagrammus,12.5,1,37.9668,POINT (-125.30999755859375 48.880001068115234)
ep_m1_public_data.fid-1acd095e_191e9a83fd6_dcf,923401202,Canada,British Columbia,"Oregon, Washington, Vancouver Coast and Shelf",Temperate Northern Pacific,Vancouver Island,BMSC15,Raymond Kelp Rock,48.88,-125.31,2022-04-26,7.5,RLS,3,12:10:00,,,1,1,Chordata,Actinopterygii,Perciformes,Hexagrammidae,Hexagrammos decagrammus,Hexagrammos decagrammus,30,1,344.0053,POINT (-125.30999755859375 48.880001068115234)
ep_m1_public_data.fid-1acd095e_191e9a83fd6_dd0,923401202,Canada,British Columbia,"Oregon, Washington, Vancouver Coast and Shelf",Temperate Northern Pacific,Vancouver Island,BMSC15,Raymond Kelp Rock,48.88,-125.31,2022-04-26,7.5,RLS,3,12:10:00,,,1,1,Chordata,Actinopterygii,Perciformes,Hexagrammidae,Hexagrammos decagrammus,Hexagrammos decagrammus,40,1,619.0955,POINT (-125.30999755859375 48.880001068115234)
ep_m1_public_data.fid-1acd095e_191e9a83fd6_dd1,923400154,Canada,British Columbia,"Oregon, Washington, Vancouver Coast and Shelf",Temperate Northern Pacific,Vancouver Island,BMSC6,Baeria Rocks South Island,48.95,-125.16,2021-04-29,7,RLS,8,10:30:00,,,1,1,Chordata,Actinopterygii,Perciformes,Gobiidae,Rhinogobiops nicholsii,Rhinogobiops nicholsii,10,1,18.6854,POINT (-125.16000366210938 48.95000076293945)
ep_m1_public_data.fid-1acd095e_191e9a83fd6_dd2,923400154,Canada,British Columbia,"Oregon, Washington, Vancouver Coast and Shelf",Temperate Northern Pacific,Vancouver Island,BMSC6,Baeria Rocks South Island,48.95,-125.16,2021-04-29,7,RLS,8,10:30:00,,,1,1,Chordata,Actinopterygii,Perciformes,Hexagrammidae,Hexagrammos decagrammus,Hexagrammos decagrammus,7.5,4,30.8529,POINT (-125.16000366210938 48.95000076293945)
ep_m1_public_data.fid-1acd095e_191e9a83fd6_dd3,923400154,Canada,British Columbia,"Oregon, Washington, Vancouver Coast and Shelf",Temperate Northern Pacific,Vancouver Island,BMSC6,Baeria Rocks South Island,48.95,-125.16,2021-04-29,7,RLS,8,10:30:00,,,1,1,Chordata,Actinopterygii,Perciformes,Hexagrammidae,Hexagrammos decagrammus,Hexagrammos decagrammus,10,5,94.627,POINT (-125.16000366210938 48.95000076293945)
ep_m1_public_data.fid-1acd095e_191e9a83fd6_dd4,923400154,Canada,British Columbia,"Oregon, Washington, Vancouver Coast and Shelf",Temperate Northern Pacific,Vancouver Island,BMSC6,Baeria Rocks South Island,48.95,-125.16,2021-04-29,7,RLS,8,10:30:00,,,1,1,Chordata,Actinopterygii,Perciformes,Hexagrammidae,Hexagrammos decagrammus,Hexagrammos decagrammus,15,3,201.1736,POINT (-125.16000366210938 48.95000076293945)
ep_m1_public_data.fid-1acd095e_191e9a83fd6_dd5,923400154,Canada,British Columbia,"Oregon, Washington, Vancouver Coast and Shelf",Temperate Northern Pacific,Vancouver Island,BMSC6,Baeria Rocks South Island,48.95,-125.16,2021-04-29,7,RLS,8,10:30:00,,,1,1,Chordata,Actinopterygii,Perciformes,Hexagrammidae,Hexagrammos decagrammus,Hexagrammos decagrammus,20,5,750.1016,POINT (-125.16000366210938 48.95000076293945)
ep_m1_public_data.fid-1acd095e_191e9a83fd6_dd6,923400154,Canada,British Columbia,"Oregon, Washington, Vancouver Coast and Shelf",Temperate Northern Pacific,Vancouver Island,BMSC6,Baeria Rocks South Island,48.95,-125.16,2021-04-29,7,RLS,8,10:30:00,,,1,1,Chordata,Actinopterygii,Scorpaeniformes,Cottidae,Artedius harringtoni,Artedius harringtoni,7.5,1,6.8672,POINT (-125.16000366210938 48.95000076293945)
ep_m1_public_data.fid-1acd095e_191e9a83fd6_dd7,923400154,Canada,British Columbia,"Oregon, Washington, Vancouver Coast and Shelf",Temperate Northern Pacific,Vancouver Island,BMSC6,Baeria Rocks South Island,48.95,-125.16,2021-04-29,7,RLS,8,10:30:00,,,1,1,Chordata,Actinopterygii,Scorpaeniformes,Cottidae,Jordania zonope,Jordania zonope,10,1,16.8981,POINT (-125.16000366210938 48.95000076293945)
ep_m1_public_data.fid-1acd095e_191e9a83fd6_dd8,923400154,Canada,British Columbia,"Oregon, Washington, Vancouver Coast and Shelf",Temperate Northern Pacific,Vancouver Island,BMSC6,Baeria Rocks South Island,48.95,-125.16,2021-04-29,7,RLS,8,10:30:00,,,1,1,Chordata,Actinopterygii,Scorpaeniformes,Sebastidae,Sebastes spp.,Sebastes spp.,7.5,1,10.3518,POINT (-125.16000366210938 48.95000076293945)
ep_m1_public_data.fid-1acd095e_191e9a83fd6_dd9,923400154,Canada,British Columbia,"Oregon, Washington, Vancouver Coast and Shelf",Temperate Northern Pacific,Vancouver Island,BMSC6,Baeria Rocks South Island,48.95,-125.16,2021-04-29,7,RLS,8,10:30:00,,,1,2,Chordata,Actinopterygii,Perciformes,Embiotocidae,Embiotoca lateralis,Embiotoca lateralis,5,1,4.3653,POINT (-125.16000366210938 48.95000076293945)
ep_m1_public_data.fid-1acd095e_191e9a83fd6_dda,923400154,Canada,British Columbia,"Oregon, Washington, Vancouver Coast and Shelf",Temperate Northern Pacific,Vancouver Island,BMSC6,Baeria Rocks South Island,48.95,-125.16,2021-04-29,7,RLS,8,10:30:00,,,1,2,Chordata,Actinopterygii,Perciformes,Hexagrammidae,Hexagrammos decagrammus,Hexagrammos decagrammus,10,3,56.7762,POINT (-125.16000366210938 48.95000076293945)
ep_m1_public_data.fid-1acd095e_191e9a83fd6_ddb,923400154,Canada,British Columbia,"Oregon, Washington, Vancouver Coast and Shelf",Temperate Northern Pacific,Vancouver Island,BMSC6,Baeria Rocks South Island,48.95,-125.16,2021-04-29,7,RLS,8,10:30:00,,,1,2,Chordata,Actinopterygii,Perciformes,Hexagrammidae,Hexagrammos decagrammus,Hexagrammos decagrammus,12.5,3,113.9005,POINT (-125.16000366210938 48.95000076293945)
ep_m1_public_data.fid-1acd095e_191e9a83fd6_ddc,923400154,Canada,British Columbia,"Oregon, Washington, Vancouver Coast and Shelf",Temperate Northern Pacific,Vancouver Island,BMSC6,Baeria Rocks South Island,48.95,-125.16,2021-04-29,7,RLS,8,10:30:00,,,1,2,Chordata,Actinopterygii,Perciformes,Hexagrammidae,Hexagrammos decagrammus,Hexagrammos decagrammus,25,1,232.1561,POINT (-125.16000366210938 48.95000076293945)
ep_m1_public_data.fid-1acd095e_191e9a83fd6_ddd,923400154,Canada,British Columbia,"Oregon, Washington, Vancouver Coast and Shelf",Temperate Northern Pacific,Vancouver Island,BMSC6,Baeria Rocks South Island,48.95,-125.16,2021-04-29,7,RLS,8,10:30:00,,,1,2,Chordata,Actinopterygii,Scorpaeniformes,Hexagrammidae,Oxylebius pictus,Oxylebius pictus,15,1,73.4563,POINT (-125.16000366210938 48.95000076293945)
ep_m1_public_data.fid-1acd095e_191e9a83fd6_dde,923400154,Canada,British Columbia,"Oregon, Washington, Vancouver Coast and Shelf",Temperate Northern Pacific,Vancouver Island,BMSC6,Baeria Rocks South Island,48.95,-125.16,2021-04-29,7,RLS,8,10:30:00,,,1,2,Chordata,Actinopterygii,Scorpaeniformes,Sebastidae,Sebastes melanops,Sebastes melanops,10,2,42.1607,POINT (-125.16000366210938 48.95000076293945)
ep_m1_public_data.fid-1acd095e_191e9a83fd6_ddf,923400154,Canada,British Columbia,"Oregon, Washington, Vancouver Coast and Shelf",Temperate Northern Pacific,Vancouver Island,BMSC6,Baeria Rocks South Island,48.95,-125.16,2021-04-29,7,RLS,8,10:30:00,,,1,2,Chordata,Actinopterygii,Scorpaeniformes,Sebastidae,Sebastes melanops,Sebastes melanops,15,5,367.4593,POINT (-125.16000366210938 48.95000076293945)
ep_m1_public_data.fid-1acd095e_191e9a83fd6_de0,923400154,Canada,British Columbia,"Oregon, Washington, Vancouver Coast and Shelf",Temperate Northern Pacific,Vancouver Island,BMSC6,Baeria Rocks South Island,48.95,-125.16,2021-04-29,7,RLS,8,10:30:00,,,1,2,Chordata,Actinopterygii,Scorpaeniformes,Sebastidae,Sebastes melanops,Sebastes melanops,20,5,813.6285,POINT (-125.16000366210938 48.95000076293945)
ep_m1_public_data.fid-1acd095e_191e9a83fd6_de1,923400154,Canada,British Columbia,"Oregon, Washington, Vancouver Coast and Shelf",Temperate Northern Pacific,Vancouver Island,BMSC6,Baeria Rocks South Island,48.95,-125.16,2021-04-29,7,RLS,8,10:30:00,,,1,2,Chordata,Actinopterygii,Scorpaeniformes,Sebastidae,Sebastes melanops,Sebastes melanops,25,1,250.4119,POINT (-125.16000366210938 48.95000076293945)
ep_m1_public_data.fid-1acd095e_191e9a83fd6_de2,923400154,Canada,British Columbia,"Oregon, Washington, Vancouver Coast and Shelf",Temperate Northern Pacific,Vancouver Island,BMSC6,Baeria Rocks South Island,48.95,-125.16,2021-04-29,7,RLS,8,10:30:00,,,1,2,Chordata,Actinopterygii,Scorpaeniformes,Sebastidae,Sebastes melanops,Sebastes melanops,35,1,516.4341,POINT (-125.16000366210938 48.95000076293945)
ep_m1_public_data.fid-1acd095e_191e9a83fd6_de3,923401187,Canada,British Columbia,"Oregon, Washington, Vancouver Coast and Shelf",Temperate Northern Pacific,Vancouver Island,BMSC6,Baeria Rocks South Island,48.95,-125.16,2022-04-28,9,RLS,2,12:30:00,,,1,2,Chordata,Actinopterygii,Perciformes,Hexagrammidae,Hexagrammos decagrammus,Hexagrammos decagrammus,35,1,483.3065,POINT (-125.16000366210938 48.95000076293945)
ep_m1_public_data.fid-1acd095e_191e9a83fd6_de4,923401187,Canada,British Columbia,"Oregon, Washington, Vancouver Coast and Shelf",Temperate Northern Pacific,Vancouver Island,BMSC6,Baeria Rocks South Island,48.95,-125.16,2022-04-28,9,RLS,2,12:30:00,,,1,2,Chordata,Actinopterygii,Perciformes,Hexagrammidae,Hexagrammos decagrammus,Hexagrammos decagrammus,40,1,619.0955,POINT (-125.16000366210938 48.95000076293945)
ep_m1_public_data.fid-1acd095e_191e9a83fd6_de5,923401198,Canada,British Columbia,"Oregon, Washington, Vancouver Coast and Shelf",Temperate Northern Pacific,Vancouver Island,BMSC6,Baeria Rocks South Island,48.95,-125.16,2022-04-28,6.5,RLS,2,10:40:00,,,1,2,Chordata,Actinopterygii,Perciformes,Embiotocidae,Embiotoca lateralis,Embiotoca lateralis,25,1,400.8354,POINT (-125.16000366210938 48.95000076293945)
ep_m1_public_data.fid-1acd095e_191e9a83fd6_de6,923401198,Canada,British Columbia,"Oregon, Washington, Vancouver Coast and Shelf",Temperate Northern Pacific,Vancouver Island,BMSC6,Baeria Rocks South Island,48.95,-125.16,2022-04-28,6.5,RLS,2,10:40:00,,,1,2,Chordata,Actinopterygii,Perciformes,Hexagrammidae,Hexagrammos decagrammus,Hexagrammos decagrammus,25,1,232.1561,POINT (-125.16000366210938 48.95000076293945)
ep_m1_public_data.fid-1acd095e_191e9a83fd6_de7,923401198,Canada,British Columbia,"Oregon, Washington, Vancouver Coast and Shelf",Temperate Northern Pacific,Vancouver Island,BMSC6,Baeria Rocks South Island,48.95,-125.16,2022-04-28,6.5,RLS,2,10:40:00,,,1,2,Chordata,Actinopterygii,Perciformes,Hexagrammidae,Hexagrammos decagrammus,Hexagrammos decagrammus,40,3,1857.2866,POINT (-125.16000366210938 48.95000076293945)
ep_m1_public_data.fid-1acd095e_191e9a83fd6_de8,923401198,Canada,British Columbia,"Oregon, Washington, Vancouver Coast and Shelf",Temperate Northern Pacific,Vancouver Island,BMSC6,Baeria Rocks South Island,48.95,-125.16,2022-04-28,6.5,RLS,2,10:40:00,,,1,1,Chordata,Actinopterygii,Perciformes,Hexagrammidae,Hexagrammos decagrammus,Hexagrammos decagrammus,62.5,4,10051.322,POINT (-125.16000366210938 48.95000076293945)
ep_m1_public_data.fid-1acd095e_191e9a83fd6_de9,923401198,Canada,British Columbia,"Oregon, Washington, Vancouver Coast and Shelf",Temperate Northern Pacific,Vancouver Island,BMSC6,Baeria Rocks South Island,48.95,-125.16,2022-04-28,6.5,RLS,2,10:40:00,,,1,1,Chordata,Actinopterygii,Scorpaeniformes,Cottidae,Jordania zonope,Jordania zonope,7.5,1,6.8672,POINT (-125.16000366210938 48.95000076293945)
ep_m1_public_data.fid-1acd095e_191e9a83fd6_dea,923402219,Canada,British Columbia,"Oregon, Washington, Vancouver Coast and Shelf",Temperate Northern Pacific,Vancouver Island,BMSC6,Baeria Rocks South Island,48.95,-125.16,2023-05-17,5.5,RLS,5,10:20:00,,,1,1,Chordata,Actinopterygii,Perciformes,Hexagrammidae,Hexagrammos decagrammus,Hexagrammos decagrammus,30,1,344.0053,POINT (-125.16000366210938 48.95000076293945)
ep_m1_public_data.fid-1acd095e_191e9a83fd6_deb,923402219,Canada,British Columbia,"Oregon, Washington, Vancouver Coast and Shelf",Temperate Northern Pacific,Vancouver Island,BMSC6,Baeria Rocks South Island,48.95,-125.16,2023-05-17,5.5,RLS,5,10:20:00,,,1,1,Chordata,Actinopterygii,Perciformes,Hexagrammidae,Hexagrammos decagrammus,Hexagrammos decagrammus,35,1,483.3065,POINT (-125.16000366210938 48.95000076293945)
ep_m1_public_data.fid-1acd095e_191e9a83fd6_dec,923402219,Canada,British Columbia,"Oregon, Washington, Vancouver Coast and Shelf",Temperate Northern Pacific,Vancouver Island,BMSC6,Baeria Rocks South Island,48.95,-125.16,2023-05-17,5.5,RLS,5,10:20:00,,,1,1,Chordata,Actinopterygii,Scorpaeniformes,Hexagrammidae,Oxylebius pictus,Oxylebius pictus,10,1,21.4147,POINT (-125.16000366210938 48.95000076293945)
ep_m1_public_data.fid-1acd095e_191e9a83fd6_ded,923402219,Canada,British Columbia,"Oregon, Washington, Vancouver Coast and Shelf",Temperate Northern Pacific,Vancouver Island,BMSC6,Baeria Rocks South Island,48.95,-125.16,2023-05-17,5.5,RLS,5,10:20:00,,,1,2,Chordata,Actinopterygii,Perciformes,Hexagrammidae,Hexagrammos decagrammus,Hexagrammos decagrammus,30,1,344.0053,POINT (-125.16000366210938 48.95000076293945)
ep_m1_public_data.fid-1acd095e_191e9a83fd6_dee,923402219,Canada,British Columbia,"Oregon, Washington, Vancouver Coast and Shelf",Temperate Northern Pacific,Vancouver Island,BMSC6,Baeria Rocks South Island,48.95,-125.16,2023-05-17,5.5,RLS,5,10:20:00,,,1,2,Chordata,Mammalia,Carnivora,Phocidae,Phoca vitulina,Phoca vitulina,150,1,,POINT (-125.16000366210938 48.95000076293945)
ep_m1_public_data.fid-1acd095e_191e9a83fd6_def,923402240,Canada,British Columbia,"Oregon, Washington, Vancouver Coast and Shelf",Temperate Northern Pacific,Vancouver Island,BMSC6,Baeria Rocks South Island,48.95,-125.16,2023-05-17,10,RLS,5,10:25:00,,,1,2,Chordata,Actinopterygii,Perciformes,Hexagrammidae,Hexagrammos decagrammus,Hexagrammos decagrammus,20,3,450.0609,POINT (-125.16000366210938 48.95000076293945)
ep_m1_public_data.fid-1acd095e_191e9a83fd6_df0,923402240,Canada,British Columbia,"Oregon, Washington, Vancouver Coast and Shelf",Temperate Northern Pacific,Vancouver Island,BMSC6,Baeria Rocks South Island,48.95,-125.16,2023-05-17,10,RLS,5,10:25:00,,,1,2,Chordata,Actinopterygii,Perciformes,Hexagrammidae,Hexagrammos decagrammus,Hexagrammos decagrammus,25,3,696.4684,POINT (-125.16000366210938 48.95000076293945)
ep_m1_public_data.fid-1acd095e_191e9a83fd6_df1,923402240,Canada,British Columbia,"Oregon, Washington, Vancouver Coast and Shelf",Temperate Northern Pacific,Vancouver Island,BMSC6,Baeria Rocks South Island,48.95,-125.16,2023-05-17,10,RLS,5,10:25:00,,,1,2,Chordata,Actinopterygii,Perciformes,Hexagrammidae,Hexagrammos decagrammus,Hexagrammos decagrammus,35,1,483.3065,POINT (-125.16000366210938 48.95000076293945)
ep_m1_public_data.fid-1acd095e_191e9a83fd6_df2,923402240,Canada,British Columbia,"Oregon, Washington, Vancouver Coast and Shelf",Temperate Northern Pacific,Vancouver Island,BMSC6,Baeria Rocks South Island,48.95,-125.16,2023-05-17,10,RLS,5,10:25:00,,,1,2,Chordata,Actinopterygii,Scorpaeniformes,Cottidae,Scorpaenichthys marmoratus,Scorpaenichthys marmoratus,40,1,572.0118,POINT (-125.16000366210938 48.95000076293945)
ep_m1_public_data.fid-1acd095e_191e9a83fd6_df3,923402240,Canada,British Columbia,"Oregon, Washington, Vancouver Coast and Shelf",Temperate Northern Pacific,Vancouver Island,BMSC6,Baeria Rocks South Island,48.95,-125.16,2023-05-17,10,RLS,5,10:25:00,,,1,2,Chordata,Actinopterygii,Scorpaeniformes,Sebastidae,Sebastes caurinus,Sebastes caurinus,20,1,162.7257,POINT (-125.16000366210938 48.95000076293945)
ep_m1_public_data.fid-1acd095e_191e9a83fd6_df4,923402240,Canada,British Columbia,"Oregon, Washington, Vancouver Coast and Shelf",Temperate Northern Pacific,Vancouver Island,BMSC6,Baeria Rocks South Island,48.95,-125.16,2023-05-17,10,RLS,5,10:25:00,,,1,2,Chordata,Actinopterygii,Scorpaeniformes,Sebastidae,Sebastes melanops,Sebastes melanops,25,1,250.4119,POINT (-125.16000366210938 48.95000076293945)
ep_m1_public_data.fid-1acd095e_191e9a83fd6_df5,923402240,Canada,British Columbia,"Oregon, Washington, Vancouver Coast and Shelf",Temperate Northern Pacific,Vancouver Island,BMSC6,Baeria Rocks South Island,48.95,-125.16,2023-05-17,10,RLS,5,10:25:00,,,1,1,Chordata,Actinopterygii,Perciformes,Hexagrammidae,Hexagrammos decagrammus,Hexagrammos decagrammus,20,1,150.0203,POINT (-125.16000366210938 48.95000076293945)
ep_m1_public_data.fid-1acd095e_191e9a83fd6_df6,923402240,Canada,British Columbia,"Oregon, Washington, Vancouver Coast and Shelf",Temperate Northern Pacific,Vancouver Island,BMSC6,Baeria Rocks South Island,48.95,-125.16,2023-05-17,10,RLS,5,10:25:00,,,1,1,Chordata,Actinopterygii,Perciformes,Hexagrammidae,Hexagrammos decagrammus,Hexagrammos decagrammus,25,3,696.4684,POINT (-125.16000366210938 48.95000076293945)
ep_m1_public_data.fid-1acd095e_191e9a83fd6_df7,923402240,Canada,British Columbia,"Oregon, Washington, Vancouver Coast and Shelf",Temperate Northern Pacific,Vancouver Island,BMSC6,Baeria Rocks South Island,48.95,-125.16,2023-05-17,10,RLS,5,10:25:00,,,1,1,Chordata,Actinopterygii,Scorpaeniformes,Sebastidae,Sebastes maliger,Sebastes maliger,30,1,369.1905,POINT (-125.16000366210938 48.95000076293945)
ep_m1_public_data.fid-1acd095e_191e9a83fd6_df8,923402240,Canada,British Columbia,"Oregon, Washington, Vancouver Coast and Shelf",Temperate Northern Pacific,Vancouver Island,BMSC6,Baeria Rocks South Island,48.95,-125.16,2023-05-17,10,RLS,5,10:25:00,,,1,1,Chordata,Actinopterygii,Scorpaeniformes,Sebastidae,Sebastes maliger,Sebastes maliger,35,2,1032.8683,POINT (-125.16000366210938 48.95000076293945)
ep_m1_public_data.fid-1acd095e_191e9a83fd6_df9,923400154,Canada,British Columbia,"Oregon, Washington, Vancouver Coast and Shelf",Temperate Northern Pacific,Vancouver Island,BMSC6,Baeria Rocks South Island,48.95,-125.16,2021-04-29,7,RLS,8,10:30:00,,,1,1,Chordata,Actinopterygii,Perciformes,Gobiidae,Rhinogobiops nicholsii,Rhinogobiops nicholsii,12.5,1,36.9044,POINT (-125.16000366210938 48.95000076293945)
ep_m1_public_data.fid-1acd095e_191e9a83fd6_dfa,923400154,Canada,British Columbia,"Oregon, Washington, Vancouver Coast and Shelf",Temperate Northern Pacific,Vancouver Island,BMSC6,Baeria Rocks South Island,48.95,-125.16,2021-04-29,7,RLS,8,10:30:00,,,1,1,Chordata,Actinopterygii,Perciformes,Hexagrammidae,Hexagrammos decagrammus,Hexagrammos decagrammus,12.5,4,151.8673,POINT (-125.16000366210938 48.95000076293945)
ep_m1_public_data.fid-1acd095e_191e9a83fd6_dfb,923400154,Canada,British Columbia,"Oregon, Washington, Vancouver Coast and Shelf",Temperate Northern Pacific,Vancouver Island,BMSC6,Baeria Rocks South Island,48.95,-125.16,2021-04-29,7,RLS,8,10:30:00,,,1,1,Chordata,Actinopterygii,Perciformes,Hexagrammidae,Hexagrammos decagrammus,Hexagrammos decagrammus,25,1,232.1561,POINT (-125.16000366210938 48.95000076293945)
ep_m1_public_data.fid-1acd095e_191e9a83fd6_dfc,923400154,Canada,British Columbia,"Oregon, Washington, Vancouver Coast and Shelf",Temperate Northern Pacific,Vancouver Island,BMSC6,Baeria Rocks South Island,48.95,-125.16,2021-04-29,7,RLS,8,10:30:00,,,1,1,Chordata,Actinopterygii,Scorpaeniformes,Cottidae,Hemilepidotus hemilepidotus,Hemilepidotus hemilepidotus,25,1,213.8268,POINT (-125.16000366210938 48.95000076293945)
ep_m1_public_data.fid-1acd095e_191e9a83fd6_dfd,923400154,Canada,British Columbia,"Oregon, Washington, Vancouver Coast and Shelf",Temperate Northern Pacific,Vancouver Island,BMSC6,Baeria Rocks South Island,48.95,-125.16,2021-04-29,7,RLS,8,10:30:00,,,1,1,Chordata,Actinopterygii,Scorpaeniformes,Cottidae,Jordania zonope,Jordania zonope,7.5,2,13.7344,POINT (-125.16000366210938 48.95000076293945)
ep_m1_public_data.fid-1acd095e_191e9a83fd6_dfe,923400154,Canada,British Columbia,"Oregon, Washington, Vancouver Coast and Shelf",Temperate Northern Pacific,Vancouver Island,BMSC6,Baeria Rocks South Island,48.95,-125.16,2021-04-29,7,RLS,8,10:30:00,,,1,1,Chordata,Actinopterygii,Scorpaeniformes,Sebastidae,Sebastes spp.,Sebastes spp.,10,1,24.5376,POINT (-125.16000366210938 48.95000076293945)
ep_m1_public_data.fid-1acd095e_191e9a83fd6_dff,923400154,Canada,British Columbia,"Oregon, Washington, Vancouver Coast and Shelf",Temperate Northern Pacific,Vancouver Island,BMSC6,Baeria Rocks South Island,48.95,-125.16,2021-04-29,7,RLS,8,10:30:00,,,1,2,Chordata,Actinopterygii,Perciformes,Embiotocidae,Embiotoca lateralis,Embiotoca lateralis,7.5,4,59.4116,POINT (-125.16000366210938 48.95000076293945)
ep_m1_public_data.fid-1acd095e_191e9a83fd6_e00,923400154,Canada,British Columbia,"Oregon, Washington, Vancouver Coast and Shelf",Temperate Northern Pacific,Vancouver Island,BMSC6,Baeria Rocks South Island,48.95,-125.16,2021-04-29,7,RLS,8,10:30:00,,,1,2,Chordata,Actinopterygii,Perciformes,Embiotocidae,Embiotoca lateralis,Embiotoca lateralis,12.5,1,69.4696,POINT (-125.16000366210938 48.95000076293945)
ep_m1_public_data.fid-1acd095e_191e9a83fd6_e01,923400154,Canada,British Columbia,"Oregon, Washington, Vancouver Coast and Shelf",Temperate Northern Pacific,Vancouver Island,BMSC6,Baeria Rocks South Island,48.95,-125.16,2021-04-29,7,RLS,8,10:30:00,,,1,2,Chordata,Actinopterygii,Perciformes,Embiotocidae,Embiotoca lateralis,Embiotoca lateralis,15,4,481.9277,POINT (-125.16000366210938 48.95000076293945)
ep_m1_public_data.fid-1acd095e_191e9a83fd6_e02,923400154,Canada,British Columbia,"Oregon, Washington, Vancouver Coast and Shelf",Temperate Northern Pacific,Vancouver Island,BMSC6,Baeria Rocks South Island,48.95,-125.16,2021-04-29,7,RLS,8,10:30:00,,,1,2,Chordata,Actinopterygii,Perciformes,Embiotocidae,Embiotoca lateralis,Embiotoca lateralis,20,1,262.672,POINT (-125.16000366210938 48.95000076293945)
ep_m1_public_data.fid-1acd095e_191e9a83fd6_e03,923400154,Canada,British Columbia,"Oregon, Washington, Vancouver Coast and Shelf",Temperate Northern Pacific,Vancouver Island,BMSC6,Baeria Rocks South Island,48.95,-125.16,2021-04-29,7,RLS,8,10:30:00,,,1,2,Chordata,Actinopterygii,Perciformes,Gobiidae,Rhinogobiops nicholsii,Rhinogobiops nicholsii,7.5,1,7.7703,POINT (-125.16000366210938 48.95000076293945)
ep_m1_public_data.fid-1acd095e_191e9a83fd6_e04,923400154,Canada,British Columbia,"Oregon, Washington, Vancouver Coast and Shelf",Temperate Northern Pacific,Vancouver Island,BMSC6,Baeria Rocks South Island,48.95,-125.16,2021-04-29,7,RLS,8,10:30:00,,,1,2,Chordata,Actinopterygii,Perciformes,Hexagrammidae,Hexagrammos decagrammus,Hexagrammos decagrammus,7.5,2,15.4265,POINT (-125.16000366210938 48.95000076293945)
ep_m1_public_data.fid-1acd095e_191e9a83fd6_e05,923400154,Canada,British Columbia,"Oregon, Washington, Vancouver Coast and Shelf",Temperate Northern Pacific,Vancouver Island,BMSC6,Baeria Rocks South Island,48.95,-125.16,2021-04-29,7,RLS,8,10:30:00,,,1,2,Chordata,Actinopterygii,Perciformes,Hexagrammidae,Hexagrammos decagrammus,Hexagrammos decagrammus,15,1,67.0579,POINT (-125.16000366210938 48.95000076293945)
ep_m1_public_data.fid-1acd095e_191e9a83fd6_e06,923400154,Canada,British Columbia,"Oregon, Washington, Vancouver Coast and Shelf",Temperate Northern Pacific,Vancouver Island,BMSC6,Baeria Rocks South Island,48.95,-125.16,2021-04-29,7,RLS,8,10:30:00,,,1,2,Chordata,Actinopterygii,Perciformes,Hexagrammidae,Hexagrammos decagrammus,Hexagrammos decagrammus,20,1,150.0203,POINT (-125.16000366210938 48.95000076293945)
ep_m1_public_data.fid-1acd095e_191e9a83fd6_e07,923400154,Canada,British Columbia,"Oregon, Washington, Vancouver Coast and Shelf",Temperate Northern Pacific,Vancouver Island,BMSC6,Baeria Rocks South Island,48.95,-125.16,2021-04-29,7,RLS,8,10:30:00,,,1,2,Chordata,Actinopterygii,Scorpaeniformes,Cottidae,Jordania zonope,Jordania zonope,7.5,1,6.8672,POINT (-125.16000366210938 48.95000076293945)
ep_m1_public_data.fid-1acd095e_191e9a83fd6_e08,923400154,Canada,British Columbia,"Oregon, Washington, Vancouver Coast and Shelf",Temperate Northern Pacific,Vancouver Island,BMSC6,Baeria Rocks South Island,48.95,-125.16,2021-04-29,7,RLS,8,10:30:00,,,1,2,Chordata,Actinopterygii,Scorpaeniformes,Hexagrammidae,Oxylebius pictus,Oxylebius pictus,10,1,21.4147,POINT (-125.16000366210938 48.95000076293945)
ep_m1_public_data.fid-1acd095e_191e9a83fd6_e09,923400154,Canada,British Columbia,"Oregon, Washington, Vancouver Coast and Shelf",Temperate Northern Pacific,Vancouver Island,BMSC6,Baeria Rocks South Island,48.95,-125.16,2021-04-29,7,RLS,8,10:30:00,,,1,2,Chordata,Actinopterygii,Scorpaeniformes,Sebastidae,Sebastes melanops,Sebastes melanops,12.5,4,167.6567,POINT (-125.16000366210938 48.95000076293945)
ep_m1_public_data.fid-1acd095e_191e9a83fd6_e0a,923400154,Canada,British Columbia,"Oregon, Washington, Vancouver Coast and Shelf",Temperate Northern Pacific,Vancouver Island,BMSC6,Baeria Rocks South Island,48.95,-125.16,2021-04-29,7,RLS,8,10:30:00,,,1,2,Chordata,Actinopterygii,Scorpaeniformes,Sebastidae,Sebastes melanops,Sebastes melanops,30,1,369.1905,POINT (-125.16000366210938 48.95000076293945)
ep_m1_public_data.fid-1acd095e_191e9a83fd6_e0b,923400154,Canada,British Columbia,"Oregon, Washington, Vancouver Coast and Shelf",Temperate Northern Pacific,Vancouver Island,BMSC6,Baeria Rocks South Island,48.95,-125.16,2021-04-29,7,RLS,8,10:30:00,,,1,2,Chordata,Actinopterygii,Scorpaeniformes,Sebastidae,Sebastes spp.,Sebastes spp.,7.5,2,20.7036,POINT (-125.16000366210938 48.95000076293945)
ep_m1_public_data.fid-1acd095e_191e9a83fd6_e0c,923400154,Canada,British Columbia,"Oregon, Washington, Vancouver Coast and Shelf",Temperate Northern Pacific,Vancouver Island,BMSC6,Baeria Rocks South Island,48.95,-125.16,2021-04-29,7,RLS,8,10:30:00,,,1,2,Chordata,Actinopterygii,Scorpaeniformes,Sebastidae,Sebastes spp.,Sebastes spp.,10,1,24.5376,POINT (-125.16000366210938 48.95000076293945)
ep_m1_public_data.fid-1acd095e_191e9a83fd6_e0d,923401187,Canada,British Columbia,"Oregon, Washington, Vancouver Coast and Shelf",Temperate Northern Pacific,Vancouver Island,BMSC6,Baeria Rocks South Island,48.95,-125.16,2022-04-28,9,RLS,2,12:30:00,,,1,2,Chordata,Actinopterygii,Perciformes,Hexagrammidae,Hexagrammos decagrammus,Hexagrammos decagrammus,30,2,688.0106,POINT (-125.16000366210938 48.95000076293945)
ep_m1_public_data.fid-1acd095e_191e9a83fd6_e0e,923401187,Canada,British Columbia,"Oregon, Washington, Vancouver Coast and Shelf",Temperate Northern Pacific,Vancouver Island,BMSC6,Baeria Rocks South Island,48.95,-125.16,2022-04-28,9,RLS,2,12:30:00,,,1,1,Chordata,Actinopteri,Perciformes,Percidae,Percidae spp.,,15,1,,POINT (-125.16000366210938 48.95000076293945)
ep_m1_public_data.fid-1acd095e_191e9a83fd6_e0f,923401187,Canada,British Columbia,"Oregon, Washington, Vancouver Coast and Shelf",Temperate Northern Pacific,Vancouver Island,BMSC6,Baeria Rocks South Island,48.95,-125.16,2022-04-28,9,RLS,2,12:30:00,,,1,1,Chordata,Actinopterygii,Perciformes,Hexagrammidae,Hexagrammos decagrammus,Hexagrammos decagrammus,30,1,344.0053,POINT (-125.16000366210938 48.95000076293945)
ep_m1_public_data.fid-1acd095e_191e9a83fd6_e10,923401198,Canada,British Columbia,"Oregon, Washington, Vancouver Coast and Shelf",Temperate Northern Pacific,Vancouver Island,BMSC6,Baeria Rocks South Island,48.95,-125.16,2022-04-28,6.5,RLS,2,10:40:00,,,1,2,Chordata,Actinopterygii,Perciformes,Hexagrammidae,Hexagrammos decagrammus,Hexagrammos decagrammus,30,2,688.0106,POINT (-125.16000366210938 48.95000076293945)
ep_m1_public_data.fid-1acd095e_191e9a83fd6_e11,923401198,Canada,British Columbia,"Oregon, Washington, Vancouver Coast and Shelf",Temperate Northern Pacific,Vancouver Island,BMSC6,Baeria Rocks South Island,48.95,-125.16,2022-04-28,6.5,RLS,2,10:40:00,,,1,2,Chordata,Actinopterygii,Perciformes,Hexagrammidae,Hexagrammos decagrammus,Hexagrammos decagrammus,35,1,483.3065,POINT (-125.16000366210938 48.95000076293945)
ep_m1_public_data.fid-1acd095e_191e9a83fd6_e12,923401198,Canada,British Columbia,"Oregon, Washington, Vancouver Coast and Shelf",Temperate Northern Pacific,Vancouver Island,BMSC6,Baeria Rocks South Island,48.95,-125.16,2022-04-28,6.5,RLS,2,10:40:00,,,1,2,Ctenophora,Tentaculata,Lobata,Bolinopsidae,Bolinopsis infundibulum,Bolinopsis infundibulum,0,1,,POINT (-125.16000366210938 48.95000076293945)
ep_m1_public_data.fid-1acd095e_191e9a83fd6_e13,923401198,Canada,British Columbia,"Oregon, Washington, Vancouver Coast and Shelf",Temperate Northern Pacific,Vancouver Island,BMSC6,Baeria Rocks South Island,48.95,-125.16,2022-04-28,6.5,RLS,2,10:40:00,,,1,1,Chordata,Actinopterygii,Perciformes,Hexagrammidae,Hexagrammos decagrammus,Hexagrammos decagrammus,40,1,619.0955,POINT (-125.16000366210938 48.95000076293945)
ep_m1_public_data.fid-1acd095e_191e9a83fd6_e14,923401198,Canada,British Columbia,"Oregon, Washington, Vancouver Coast and Shelf",Temperate Northern Pacific,Vancouver Island,BMSC6,Baeria Rocks South Island,48.95,-125.16,2022-04-28,6.5,RLS,2,10:40:00,,,1,1,Chordata,Actinopterygii,Perciformes,Hexagrammidae,Hexagrammos decagrammus,Hexagrammos decagrammus,50,1,1252.5757,POINT (-125.16000366210938 48.95000076293945)
ep_m1_public_data.fid-1acd095e_191e9a83fd6_e15,923402219,Canada,British Columbia,"Oregon, Washington, Vancouver Coast and Shelf",Temperate Northern Pacific,Vancouver Island,BMSC6,Baeria Rocks South Island,48.95,-125.16,2023-05-17,5.5,RLS,5,10:20:00,,,1,1,Chordata,Actinopterygii,Perciformes,Hexagrammidae,Hexagrammos decagrammus,Hexagrammos decagrammus,20,1,150.0203,POINT (-125.16000366210938 48.95000076293945)
ep_m1_public_data.fid-1acd095e_191e9a83fd6_e16,923402219,Canada,British Columbia,"Oregon, Washington, Vancouver Coast and Shelf",Temperate Northern Pacific,Vancouver Island,BMSC6,Baeria Rocks South Island,48.95,-125.16,2023-05-17,5.5,RLS,5,10:20:00,,,1,1,Chordata,Actinopterygii,Perciformes,Hexagrammidae,Hexagrammos decagrammus,Hexagrammos decagrammus,40,1,619.0955,POINT (-125.16000366210938 48.95000076293945)
ep_m1_public_data.fid-1acd095e_191e9a83fd6_e17,923402219,Canada,British Columbia,"Oregon, Washington, Vancouver Coast and Shelf",Temperate Northern Pacific,Vancouver Island,BMSC6,Baeria Rocks South Island,48.95,-125.16,2023-05-17,5.5,RLS,5,10:20:00,,,1,1,Chordata,Actinopterygii,Scorpaeniformes,Hexagrammidae,Ophiodon elongatus,Ophiodon elongatus,100,1,5247.5923,POINT (-125.16000366210938 48.95000076293945)
ep_m1_public_data.fid-1acd095e_191e9a83fd6_e18,923402240,Canada,British Columbia,"Oregon, Washington, Vancouver Coast and Shelf",Temperate Northern Pacific,Vancouver Island,BMSC6,Baeria Rocks South Island,48.95,-125.16,2023-05-17,10,RLS,5,10:25:00,,,1,2,Chordata,Actinopterygii,Perciformes,Hexagrammidae,Hexagrammos decagrammus,Hexagrammos decagrammus,30,5,1720.0266,POINT (-125.16000366210938 48.95000076293945)
ep_m1_public_data.fid-1acd095e_191e9a83fd6_e19,923402240,Canada,British Columbia,"Oregon, Washington, Vancouver Coast and Shelf",Temperate Northern Pacific,Vancouver Island,BMSC6,Baeria Rocks South Island,48.95,-125.16,2023-05-17,10,RLS,5,10:25:00,,,1,2,Chordata,Actinopterygii,Scorpaeniformes,Hexagrammidae,Ophiodon elongatus,Ophiodon elongatus,62.5,1,1202.7167,POINT (-125.16000366210938 48.95000076293945)
ep_m1_public_data.fid-1acd095e_191e9a83fd6_e1a,923402240,Canada,British Columbia,"Oregon, Washington, Vancouver Coast and Shelf",Temperate Northern Pacific,Vancouver Island,BMSC6,Baeria Rocks South Island,48.95,-125.16,2023-05-17,10,RLS,5,10:25:00,,,1,2,Chordata,Actinopterygii,Scorpaeniformes,Hexagrammidae,Oxylebius pictus,Oxylebius pictus,15,1,73.4563,POINT (-125.16000366210938 48.95000076293945)
ep_m1_public_data.fid-1acd095e_191e9a83fd6_e1b,923402240,Canada,British Columbia,"Oregon, Washington, Vancouver Coast and Shelf",Temperate Northern Pacific,Vancouver Island,BMSC6,Baeria Rocks South Island,48.95,-125.16,2023-05-17,10,RLS,5,10:25:00,,,1,2,Chordata,Actinopterygii,Scorpaeniformes,Sebastidae,Sebastes caurinus,Sebastes caurinus,25,1,250.4119,POINT (-125.16000366210938 48.95000076293945)
ep_m1_public_data.fid-1acd095e_191e9a83fd6_e1c,923402240,Canada,British Columbia,"Oregon, Washington, Vancouver Coast and Shelf",Temperate Northern Pacific,Vancouver Island,BMSC6,Baeria Rocks South Island,48.95,-125.16,2023-05-17,10,RLS,5,10:25:00,,,1,1,Chordata,Actinopterygii,Perciformes,Hexagrammidae,Hexagrammos decagrammus,Hexagrammos decagrammus,30,3,1032.016,POINT (-125.16000366210938 48.95000076293945)
ep_m1_public_data.fid-1acd095e_191e9a83fd6_e1d,923402240,Canada,British Columbia,"Oregon, Washington, Vancouver Coast and Shelf",Temperate Northern Pacific,Vancouver Island,BMSC6,Baeria Rocks South Island,48.95,-125.16,2023-05-17,10,RLS,5,10:25:00,,,1,1,Chordata,Actinopterygii,Perciformes,Hexagrammidae,Hexagrammos decagrammus,Hexagrammos decagrammus,35,2,966.613,POINT (-125.16000366210938 48.95000076293945)
ep_m1_public_data.fid-1acd095e_191e9a83fd6_e1e,923401179,Canada,British Columbia,"Oregon, Washington, Vancouver Coast and Shelf",Temperate Northern Pacific,Vancouver Island,BMSC23,Aguilar Point,48.84,-125.14,2022-05-06,6.5,RLS,3,09:30:00,,,1,2,Chordata,Actinopterygii,Perciformes,Embiotocidae,Embiotoca lateralis,Embiotoca lateralis,15,2,240.9639,POINT (-125.13999938964844 48.84000015258789)
ep_m1_public_data.fid-1acd095e_191e9a83fd6_e1f,923401179,Canada,British Columbia,"Oregon, Washington, Vancouver Coast and Shelf",Temperate Northern Pacific,Vancouver Island,BMSC23,Aguilar Point,48.84,-125.14,2022-05-06,6.5,RLS,3,09:30:00,,,1,2,Chordata,Actinopterygii,Perciformes,Hexagrammidae,Hexagrammos decagrammus,Hexagrammos decagrammus,20,1,150.0203,POINT (-125.13999938964844 48.84000015258789)
ep_m1_public_data.fid-1acd095e_191e9a83fd6_e20,923401179,Canada,British Columbia,"Oregon, Washington, Vancouver Coast and Shelf",Temperate Northern Pacific,Vancouver Island,BMSC23,Aguilar Point,48.84,-125.14,2022-05-06,6.5,RLS,3,09:30:00,,,1,2,Chordata,Actinopterygii,Perciformes,Hexagrammidae,Hexagrammos decagrammus,Hexagrammos decagrammus,25,2,464.3122,POINT (-125.13999938964844 48.84000015258789)
ep_m1_public_data.fid-1acd095e_191e9a83fd6_e21,923401179,Canada,British Columbia,"Oregon, Washington, Vancouver Coast and Shelf",Temperate Northern Pacific,Vancouver Island,BMSC23,Aguilar Point,48.84,-125.14,2022-05-06,6.5,RLS,3,09:30:00,,,1,2,Chordata,Actinopterygii,Perciformes,Hexagrammidae,Hexagrammos decagrammus,Hexagrammos decagrammus,40,1,619.0955,POINT (-125.13999938964844 48.84000015258789)
ep_m1_public_data.fid-1acd095e_191e9a83fd6_e22,923401179,Canada,British Columbia,"Oregon, Washington, Vancouver Coast and Shelf",Temperate Northern Pacific,Vancouver Island,BMSC23,Aguilar Point,48.84,-125.14,2022-05-06,6.5,RLS,3,09:30:00,,,1,2,Chordata,Actinopterygii,Scorpaeniformes,Hexagrammidae,Oxylebius pictus,Oxylebius pictus,0,1,,POINT (-125.13999938964844 48.84000015258789)
ep_m1_public_data.fid-1acd095e_191e9a83fd6_e23,923401179,Canada,British Columbia,"Oregon, Washington, Vancouver Coast and Shelf",Temperate Northern Pacific,Vancouver Island,BMSC23,Aguilar Point,48.84,-125.14,2022-05-06,6.5,RLS,3,09:30:00,,,1,1,Chordata,Actinopterygii,Perciformes,Hexagrammidae,Hexagrammos decagrammus,Hexagrammos decagrammus,30,2,688.0106,POINT (-125.13999938964844 48.84000015258789)
ep_m1_public_data.fid-1acd095e_191e9a83fd6_e24,923401179,Canada,British Columbia,"Oregon, Washington, Vancouver Coast and Shelf",Temperate Northern Pacific,Vancouver Island,BMSC23,Aguilar Point,48.84,-125.14,2022-05-06,6.5,RLS,3,09:30:00,,,1,1,Chordata,Actinopterygii,Perciformes,Hexagrammidae,Hexagrammos decagrammus,Hexagrammos decagrammus,35,1,483.3065,POINT (-125.13999938964844 48.84000015258789)
ep_m1_public_data.fid-1acd095e_191e9a83fd6_e25,923401179,Canada,British Columbia,"Oregon, Washington, Vancouver Coast and Shelf",Temperate Northern Pacific,Vancouver Island,BMSC23,Aguilar Point,48.84,-125.14,2022-05-06,6.5,RLS,3,09:30:00,,,1,1,Chordata,Actinopterygii,Scorpaeniformes,Hexagrammidae,Oxylebius pictus,Oxylebius pictus,12.5,2,84.4011,POINT (-125.13999938964844 48.84000015258789)
ep_m1_public_data.fid-1acd095e_191e9a83fd6_e26,923402225,Canada,British Columbia,"Oregon, Washington, Vancouver Coast and Shelf",Temperate Northern Pacific,Vancouver Island,BMSC23,Aguilar Point,48.84,-125.14,2023-05-11,7,RLS,3,12:22:00,,,1,2,Chordata,Actinopterygii,Perciformes,Gobiidae,Rhinogobiops nicholsii,Rhinogobiops nicholsii,7.5,2,15.5407,POINT (-125.13999938964844 48.84000015258789)
ep_m1_public_data.fid-1acd095e_191e9a83fd6_e27,923402225,Canada,British Columbia,"Oregon, Washington, Vancouver Coast and Shelf",Temperate Northern Pacific,Vancouver Island,BMSC23,Aguilar Point,48.84,-125.14,2023-05-11,7,RLS,3,12:22:00,,,1,2,Chordata,Actinopterygii,Scorpaeniformes,Cottidae,Artedius harringtoni,Artedius harringtoni,5,1,1.9303,POINT (-125.13999938964844 48.84000015258789)
ep_m1_public_data.fid-1acd095e_191e9a83fd6_e28,923402225,Canada,British Columbia,"Oregon, Washington, Vancouver Coast and Shelf",Temperate Northern Pacific,Vancouver Island,BMSC23,Aguilar Point,48.84,-125.14,2023-05-11,7,RLS,3,12:22:00,,,1,2,Chordata,Actinopterygii,Scorpaeniformes,Hexagrammidae,Ophiodon elongatus,Ophiodon elongatus,50,1,599.5206,POINT (-125.13999938964844 48.84000015258789)
ep_m1_public_data.fid-1acd095e_191e9a83fd6_e29,923402225,Canada,British Columbia,"Oregon, Washington, Vancouver Coast and Shelf",Temperate Northern Pacific,Vancouver Island,BMSC23,Aguilar Point,48.84,-125.14,2023-05-11,7,RLS,3,12:22:00,,,1,2,Chordata,Actinopterygii,Scorpaeniformes,Sebastidae,Sebastes melanops,Sebastes melanops,20,21,3417.2395,POINT (-125.13999938964844 48.84000015258789)
ep_m1_public_data.fid-1acd095e_191e9a83fd6_e2a,923402225,Canada,British Columbia,"Oregon, Washington, Vancouver Coast and Shelf",Temperate Northern Pacific,Vancouver Island,BMSC23,Aguilar Point,48.84,-125.14,2023-05-11,7,RLS,3,12:22:00,,,1,1,Chordata,Actinopterygii,Perciformes,Gobiidae,Rhinogobiops nicholsii,Rhinogobiops nicholsii,5,3,6.7683,POINT (-125.13999938964844 48.84000015258789)
ep_m1_public_data.fid-1acd095e_191e9a83fd6_e2b,923402225,Canada,British Columbia,"Oregon, Washington, Vancouver Coast and Shelf",Temperate Northern Pacific,Vancouver Island,BMSC23,Aguilar Point,48.84,-125.14,2023-05-11,7,RLS,3,12:22:00,,,1,1,Chordata,Actinopterygii,Perciformes,Hexagrammidae,Hexagrammos decagrammus,Hexagrammos decagrammus,20,1,150.0203,POINT (-125.13999938964844 48.84000015258789)
ep_m1_public_data.fid-1acd095e_191e9a83fd6_e2c,923402225,Canada,British Columbia,"Oregon, Washington, Vancouver Coast and Shelf",Temperate Northern Pacific,Vancouver Island,BMSC23,Aguilar Point,48.84,-125.14,2023-05-11,7,RLS,3,12:22:00,,,1,1,Chordata,Actinopterygii,Perciformes,Hexagrammidae,Hexagrammos decagrammus,Hexagrammos decagrammus,25,1,232.1561,POINT (-125.13999938964844 48.84000015258789)
ep_m1_public_data.fid-1acd095e_191e9a83fd6_e2d,923402225,Canada,British Columbia,"Oregon, Washington, Vancouver Coast and Shelf",Temperate Northern Pacific,Vancouver Island,BMSC23,Aguilar Point,48.84,-125.14,2023-05-11,7,RLS,3,12:22:00,,,1,1,Chordata,Actinopterygii,Scorpaeniformes,Sebastidae,Sebastes caurinus,Sebastes caurinus,15,1,73.4918,POINT (-125.13999938964844 48.84000015258789)
ep_m1_public_data.fid-1acd095e_191e9a83fd6_e2e,923402225,Canada,British Columbia,"Oregon, Washington, Vancouver Coast and Shelf",Temperate Northern Pacific,Vancouver Island,BMSC23,Aguilar Point,48.84,-125.14,2023-05-11,7,RLS,3,12:22:00,,,1,1,Chordata,Actinopterygii,Scorpaeniformes,Sebastidae,Sebastes flavidus,Sebastes flavidus,7.5,1,8.6909,POINT (-125.13999938964844 48.84000015258789)
ep_m1_public_data.fid-1acd095e_191e9a83fd6_e2f,923402225,Canada,British Columbia,"Oregon, Washington, Vancouver Coast and Shelf",Temperate Northern Pacific,Vancouver Island,BMSC23,Aguilar Point,48.84,-125.14,2023-05-11,7,RLS,3,12:22:00,,,1,1,Chordata,Actinopterygii,Scorpaeniformes,Sebastidae,Sebastes pinniger,Sebastes pinniger,10,1,21.0804,POINT (-125.13999938964844 48.84000015258789)
ep_m1_public_data.fid-1acd095e_191e9a83fd6_e30,923402244,Canada,British Columbia,"Oregon, Washington, Vancouver Coast and Shelf",Temperate Northern Pacific,Vancouver Island,BMSC25,Goby Town,48.84,-125.14,2023-05-18,5.7,RLS,4,13:20:00,,,1,2,Chordata,Actinopterygii,Perciformes,Gobiidae,Rhinogobiops nicholsii,Rhinogobiops nicholsii,7.5,5,38.8517,POINT (-125.13999938964844 48.84000015258789)
ep_m1_public_data.fid-1acd095e_191e9a83fd6_e31,923402244,Canada,British Columbia,"Oregon, Washington, Vancouver Coast and Shelf",Temperate Northern Pacific,Vancouver Island,BMSC25,Goby Town,48.84,-125.14,2023-05-18,5.7,RLS,4,13:20:00,,,1,2,Chordata,Actinopterygii,Perciformes,Hexagrammidae,Hexagrammos decagrammus,Hexagrammos decagrammus,20,3,450.0609,POINT (-125.13999938964844 48.84000015258789)
ep_m1_public_data.fid-1acd095e_191e9a83fd6_e32,923402244,Canada,British Columbia,"Oregon, Washington, Vancouver Coast and Shelf",Temperate Northern Pacific,Vancouver Island,BMSC25,Goby Town,48.84,-125.14,2023-05-18,5.7,RLS,4,13:20:00,,,1,2,Chordata,Actinopterygii,Perciformes,Hexagrammidae,Hexagrammos decagrammus,Hexagrammos decagrammus,25,3,696.4684,POINT (-125.13999938964844 48.84000015258789)
ep_m1_public_data.fid-1acd095e_191e9a83fd6_e33,923402244,Canada,British Columbia,"Oregon, Washington, Vancouver Coast and Shelf",Temperate Northern Pacific,Vancouver Island,BMSC25,Goby Town,48.84,-125.14,2023-05-18,5.7,RLS,4,13:20:00,,,1,2,Chordata,Actinopterygii,Scorpaeniformes,Sebastidae,Sebastes caurinus,Sebastes caurinus,12.5,4,167.6567,POINT (-125.13999938964844 48.84000015258789)
ep_m1_public_data.fid-1acd095e_191e9a83fd6_e34,923402244,Canada,British Columbia,"Oregon, Washington, Vancouver Coast and Shelf",Temperate Northern Pacific,Vancouver Island,BMSC25,Goby Town,48.84,-125.14,2023-05-18,5.7,RLS,4,13:20:00,,,1,2,Chordata,Actinopterygii,Scorpaeniformes,Sebastidae,Sebastes flavidus,Sebastes flavidus,10,2,42.1607,POINT (-125.13999938964844 48.84000015258789)
ep_m1_public_data.fid-1acd095e_191e9a83fd6_e35,923402244,Canada,British Columbia,"Oregon, Washington, Vancouver Coast and Shelf",Temperate Northern Pacific,Vancouver Island,BMSC25,Goby Town,48.84,-125.14,2023-05-18,5.7,RLS,4,13:20:00,,,1,2,Chordata,Actinopterygii,Scorpaeniformes,Sebastidae,Sebastes maliger,Sebastes maliger,12.5,1,41.9142,POINT (-125.13999938964844 48.84000015258789)
ep_m1_public_data.fid-1acd095e_191e9a83fd6_e36,923402244,Canada,British Columbia,"Oregon, Washington, Vancouver Coast and Shelf",Temperate Northern Pacific,Vancouver Island,BMSC25,Goby Town,48.84,-125.14,2023-05-18,5.7,RLS,4,13:20:00,,,1,2,Chordata,Actinopterygii,Scorpaeniformes,Sebastidae,Sebastes maliger,Sebastes maliger,15,1,73.4918,POINT (-125.13999938964844 48.84000015258789)
ep_m1_public_data.fid-1acd095e_191e9a83fd6_e37,923402244,Canada,British Columbia,"Oregon, Washington, Vancouver Coast and Shelf",Temperate Northern Pacific,Vancouver Island,BMSC25,Goby Town,48.84,-125.14,2023-05-18,5.7,RLS,4,13:20:00,,,1,2,Chordata,Actinopterygii,Scorpaeniformes,Sebastidae,Sebastes melanops,Sebastes melanops,20,4,650.9028,POINT (-125.13999938964844 48.84000015258789)
ep_m1_public_data.fid-1acd095e_191e9a83fd6_e38,923402244,Canada,British Columbia,"Oregon, Washington, Vancouver Coast and Shelf",Temperate Northern Pacific,Vancouver Island,BMSC25,Goby Town,48.84,-125.14,2023-05-18,5.7,RLS,4,13:20:00,,,1,1,Chordata,Actinopterygii,Perciformes,Hexagrammidae,Hexagrammos decagrammus,Hexagrammos decagrammus,15,2,134.1157,POINT (-125.13999938964844 48.84000015258789)
ep_m1_public_data.fid-1acd095e_191e9a83fd6_e39,923402244,Canada,British Columbia,"Oregon, Washington, Vancouver Coast and Shelf",Temperate Northern Pacific,Vancouver Island,BMSC25,Goby Town,48.84,-125.14,2023-05-18,5.7,RLS,4,13:20:00,,,1,1,Chordata,Actinopterygii,Perciformes,Hexagrammidae,Hexagrammos decagrammus,Hexagrammos decagrammus,20,5,750.1016,POINT (-125.13999938964844 48.84000015258789)
ep_m1_public_data.fid-1acd095e_191e9a83fd6_e3a,923402244,Canada,British Columbia,"Oregon, Washington, Vancouver Coast and Shelf",Temperate Northern Pacific,Vancouver Island,BMSC25,Goby Town,48.84,-125.14,2023-05-18,5.7,RLS,4,13:20:00,,,1,1,Chordata,Actinopterygii,Perciformes,Hexagrammidae,Hexagrammos decagrammus,Hexagrammos decagrammus,25,3,696.4684,POINT (-125.13999938964844 48.84000015258789)
ep_m1_public_data.fid-1acd095e_191e9a83fd6_e3b,923402244,Canada,British Columbia,"Oregon, Washington, Vancouver Coast and Shelf",Temperate Northern Pacific,Vancouver Island,BMSC25,Goby Town,48.84,-125.14,2023-05-18,5.7,RLS,4,13:20:00,,,1,1,Chordata,Actinopterygii,Scorpaeniformes,Sebastidae,Sebastes flavidus,Sebastes flavidus,7.5,3,26.0728,POINT (-125.13999938964844 48.84000015258789)
ep_m1_public_data.fid-1acd095e_191e9a83fd6_e3c,923402244,Canada,British Columbia,"Oregon, Washington, Vancouver Coast and Shelf",Temperate Northern Pacific,Vancouver Island,BMSC25,Goby Town,48.84,-125.14,2023-05-18,5.7,RLS,4,13:20:00,,,1,1,Chordata,Actinopterygii,Scorpaeniformes,Sebastidae,Sebastes melanops,Sebastes melanops,12.5,3,125.7425,POINT (-125.13999938964844 48.84000015258789)
ep_m1_public_data.fid-1acd095e_191e9a83fd6_e3d,923402246,Canada,British Columbia,"Oregon, Washington, Vancouver Coast and Shelf",Temperate Northern Pacific,Vancouver Island,BMSC25,Goby Town,48.84,-125.14,2023-05-18,5.5,RLS,4,13:20:00,,,1,1,Chordata,Actinopterygii,Perciformes,Gobiidae,Rhinogobiops nicholsii,Rhinogobiops nicholsii,7.5,7,54.3924,POINT (-125.13999938964844 48.84000015258789)
ep_m1_public_data.fid-1acd095e_191e9a83fd6_e3e,923402246,Canada,British Columbia,"Oregon, Washington, Vancouver Coast and Shelf",Temperate Northern Pacific,Vancouver Island,BMSC25,Goby Town,48.84,-125.14,2023-05-18,5.5,RLS,4,13:20:00,,,1,1,Chordata,Actinopterygii,Perciformes,Hexagrammidae,Hexagrammos decagrammus,Hexagrammos decagrammus,20,5,750.1016,POINT (-125.13999938964844 48.84000015258789)
ep_m1_public_data.fid-1acd095e_191e9a83fd6_e3f,923402246,Canada,British Columbia,"Oregon, Washington, Vancouver Coast and Shelf",Temperate Northern Pacific,Vancouver Island,BMSC25,Goby Town,48.84,-125.14,2023-05-18,5.5,RLS,4,13:20:00,,,1,1,Chordata,Actinopterygii,Scorpaeniformes,Sebastidae,Sebastes flavidus,Sebastes flavidus,10,20,421.6073,POINT (-125.13999938964844 48.84000015258789)
ep_m1_public_data.fid-1acd095e_191e9a83fd6_e40,923402246,Canada,British Columbia,"Oregon, Washington, Vancouver Coast and Shelf",Temperate Northern Pacific,Vancouver Island,BMSC25,Goby Town,48.84,-125.14,2023-05-18,5.5,RLS,4,13:20:00,,,1,1,Chordata,Actinopterygii,Scorpaeniformes,Sebastidae,Sebastes flavidus,Sebastes flavidus,15,5,367.4593,POINT (-125.13999938964844 48.84000015258789)
ep_m1_public_data.fid-1acd095e_191e9a83fd6_e41,923402246,Canada,British Columbia,"Oregon, Washington, Vancouver Coast and Shelf",Temperate Northern Pacific,Vancouver Island,BMSC25,Goby Town,48.84,-125.14,2023-05-18,5.5,RLS,4,13:20:00,,,1,1,Chordata,Actinopterygii,Scorpaeniformes,Sebastidae,Sebastes maliger,Sebastes maliger,15,6,440.9511,POINT (-125.13999938964844 48.84000015258789)
ep_m1_public_data.fid-1acd095e_191e9a83fd6_e42,923402246,Canada,British Columbia,"Oregon, Washington, Vancouver Coast and Shelf",Temperate Northern Pacific,Vancouver Island,BMSC25,Goby Town,48.84,-125.14,2023-05-18,5.5,RLS,4,13:20:00,,,1,1,Chordata,Actinopterygii,Scorpaeniformes,Sebastidae,Sebastes melanops,Sebastes melanops,15,1,73.4918,POINT (-125.13999938964844 48.84000015258789)
ep_m1_public_data.fid-1acd095e_191e9a83fd6_e43,923402246,Canada,British Columbia,"Oregon, Washington, Vancouver Coast and Shelf",Temperate Northern Pacific,Vancouver Island,BMSC25,Goby Town,48.84,-125.14,2023-05-18,5.5,RLS,4,13:20:00,,,1,2,Chordata,Actinopterygii,Perciformes,Anarhichadidae,Anarrhichthys ocellatus,Anarrhichthys ocellatus,187.5,1,49590.867,POINT (-125.13999938964844 48.84000015258789)
ep_m1_public_data.fid-1acd095e_191e9a83fd6_e44,923402246,Canada,British Columbia,"Oregon, Washington, Vancouver Coast and Shelf",Temperate Northern Pacific,Vancouver Island,BMSC25,Goby Town,48.84,-125.14,2023-05-18,5.5,RLS,4,13:20:00,,,1,2,Chordata,Actinopterygii,Perciformes,Gobiidae,Rhinogobiops nicholsii,Rhinogobiops nicholsii,7.5,8,62.1627,POINT (-125.13999938964844 48.84000015258789)
ep_m1_public_data.fid-1acd095e_191e9a83fd6_e45,923402246,Canada,British Columbia,"Oregon, Washington, Vancouver Coast and Shelf",Temperate Northern Pacific,Vancouver Island,BMSC25,Goby Town,48.84,-125.14,2023-05-18,5.5,RLS,4,13:20:00,,,1,2,Chordata,Actinopterygii,Perciformes,Gobiidae,Rhinogobiops nicholsii,Rhinogobiops nicholsii,10,7,130.798,POINT (-125.13999938964844 48.84000015258789)
ep_m1_public_data.fid-1acd095e_191e9a83fd6_e46,923402246,Canada,British Columbia,"Oregon, Washington, Vancouver Coast and Shelf",Temperate Northern Pacific,Vancouver Island,BMSC25,Goby Town,48.84,-125.14,2023-05-18,5.5,RLS,4,13:20:00,,,1,2,Chordata,Actinopterygii,Perciformes,Hexagrammidae,Hexagrammos decagrammus,Hexagrammos decagrammus,12.5,1,37.9668,POINT (-125.13999938964844 48.84000015258789)
ep_m1_public_data.fid-1acd095e_191e9a83fd6_e47,923402246,Canada,British Columbia,"Oregon, Washington, Vancouver Coast and Shelf",Temperate Northern Pacific,Vancouver Island,BMSC25,Goby Town,48.84,-125.14,2023-05-18,5.5,RLS,4,13:20:00,,,1,2,Chordata,Actinopterygii,Scorpaeniformes,Hexagrammidae,Oxylebius pictus,Oxylebius pictus,20,1,160.9765,POINT (-125.13999938964844 48.84000015258789)
ep_m1_public_data.fid-1acd095e_191e9a83fd6_e48,923402246,Canada,British Columbia,"Oregon, Washington, Vancouver Coast and Shelf",Temperate Northern Pacific,Vancouver Island,BMSC25,Goby Town,48.84,-125.14,2023-05-18,5.5,RLS,4,13:20:00,,,1,2,Chordata,Actinopterygii,Scorpaeniformes,Sebastidae,Sebastes caurinus,Sebastes caurinus,10,3,63.2411,POINT (-125.13999938964844 48.84000015258789)
ep_m1_public_data.fid-1acd095e_191e9a83fd6_e49,923402246,Canada,British Columbia,"Oregon, Washington, Vancouver Coast and Shelf",Temperate Northern Pacific,Vancouver Island,BMSC25,Goby Town,48.84,-125.14,2023-05-18,5.5,RLS,4,13:20:00,,,1,2,Chordata,Actinopterygii,Scorpaeniformes,Sebastidae,Sebastes flavidus,Sebastes flavidus,10,13,274.0448,POINT (-125.13999938964844 48.84000015258789)
ep_m1_public_data.fid-1acd095e_191e9a83fd6_e4a,923402246,Canada,British Columbia,"Oregon, Washington, Vancouver Coast and Shelf",Temperate Northern Pacific,Vancouver Island,BMSC25,Goby Town,48.84,-125.14,2023-05-18,5.5,RLS,4,13:20:00,,,1,2,Chordata,Actinopterygii,Scorpaeniformes,Sebastidae,Sebastes melanops,Sebastes melanops,10,1,21.0804,POINT (-125.13999938964844 48.84000015258789)
ep_m1_public_data.fid-1acd095e_191e9a83fd6_e4b,923400144,Canada,British Columbia,"Oregon, Washington, Vancouver Coast and Shelf",Temperate Northern Pacific,Vancouver Island,BMSC9,Eagle Bay,48.83,-125.15,2021-04-30,6,RLS,3,10:30:00,,,1,1,Chordata,Actinopteri,Perciformes,Rhamphocottidae,Rhamphocottus richardsonii,Rhamphocottus richardsonii,5,1,2.3205,POINT (-125.1500015258789 48.83000183105469)
ep_m1_public_data.fid-1acd095e_191e9a83fd6_e4c,923400144,Canada,British Columbia,"Oregon, Washington, Vancouver Coast and Shelf",Temperate Northern Pacific,Vancouver Island,BMSC9,Eagle Bay,48.83,-125.15,2021-04-30,6,RLS,3,10:30:00,,,1,1,Chordata,Actinopterygii,Perciformes,Hexagrammidae,Hexagrammos decagrammus,Hexagrammos decagrammus,25,2,464.3122,POINT (-125.1500015258789 48.83000183105469)
ep_m1_public_data.fid-1acd095e_191e9a83fd6_e4d,923400144,Canada,British Columbia,"Oregon, Washington, Vancouver Coast and Shelf",Temperate Northern Pacific,Vancouver Island,BMSC9,Eagle Bay,48.83,-125.15,2021-04-30,6,RLS,3,10:30:00,,,1,1,Chordata,Actinopterygii,Scorpaeniformes,Hexagrammidae,Oxylebius pictus,Oxylebius pictus,12.5,1,42.2005,POINT (-125.1500015258789 48.83000183105469)
ep_m1_public_data.fid-1acd095e_191e9a83fd6_e4e,923400144,Canada,British Columbia,"Oregon, Washington, Vancouver Coast and Shelf",Temperate Northern Pacific,Vancouver Island,BMSC9,Eagle Bay,48.83,-125.15,2021-04-30,6,RLS,3,10:30:00,,,1,1,Chordata,Actinopterygii,Scorpaeniformes,Sebastidae,Sebastes melanops,Sebastes melanops,12.5,3,125.7425,POINT (-125.1500015258789 48.83000183105469)
ep_m1_public_data.fid-1acd095e_191e9a83fd6_e4f,923400144,Canada,British Columbia,"Oregon, Washington, Vancouver Coast and Shelf",Temperate Northern Pacific,Vancouver Island,BMSC9,Eagle Bay,48.83,-125.15,2021-04-30,6,RLS,3,10:30:00,,,1,1,Chordata,Actinopterygii,Scorpaeniformes,Sebastidae,Sebastes melanops,Sebastes melanops,25,2,500.8239,POINT (-125.1500015258789 48.83000183105469)
ep_m1_public_data.fid-1acd095e_191e9a83fd6_e50,923400144,Canada,British Columbia,"Oregon, Washington, Vancouver Coast and Shelf",Temperate Northern Pacific,Vancouver Island,BMSC9,Eagle Bay,48.83,-125.15,2021-04-30,6,RLS,3,10:30:00,,,1,1,Chordata,Actinopterygii,Scorpaeniformes,Sebastidae,Sebastes nebulosus,Sebastes nebulosus,25,1,250.4119,POINT (-125.1500015258789 48.83000183105469)
ep_m1_public_data.fid-1acd095e_191e9a83fd6_e51,923400144,Canada,British Columbia,"Oregon, Washington, Vancouver Coast and Shelf",Temperate Northern Pacific,Vancouver Island,BMSC9,Eagle Bay,48.83,-125.15,2021-04-30,6,RLS,3,10:30:00,,,1,2,Chordata,Actinopterygii,Perciformes,Gobiidae,Rhinogobiops nicholsii,Rhinogobiops nicholsii,7.5,1,7.7703,POINT (-125.1500015258789 48.83000183105469)
ep_m1_public_data.fid-1acd095e_191e9a83fd6_e52,923400144,Canada,British Columbia,"Oregon, Washington, Vancouver Coast and Shelf",Temperate Northern Pacific,Vancouver Island,BMSC9,Eagle Bay,48.83,-125.15,2021-04-30,6,RLS,3,10:30:00,,,1,2,Chordata,Actinopterygii,Perciformes,Hexagrammidae,Hexagrammos decagrammus,Hexagrammos decagrammus,25,1,232.1561,POINT (-125.1500015258789 48.83000183105469)
ep_m1_public_data.fid-1acd095e_191e9a83fd6_e53,923400144,Canada,British Columbia,"Oregon, Washington, Vancouver Coast and Shelf",Temperate Northern Pacific,Vancouver Island,BMSC9,Eagle Bay,48.83,-125.15,2021-04-30,6,RLS,3,10:30:00,,,1,2,Chordata,Actinopterygii,Scorpaeniformes,Sebastidae,Sebastes melanops,Sebastes melanops,10,4,84.3215,POINT (-125.1500015258789 48.83000183105469)
ep_m1_public_data.fid-1acd095e_191e9a83fd6_e54,923400144,Canada,British Columbia,"Oregon, Washington, Vancouver Coast and Shelf",Temperate Northern Pacific,Vancouver Island,BMSC9,Eagle Bay,48.83,-125.15,2021-04-30,6,RLS,3,10:30:00,,,1,2,Chordata,Actinopterygii,Scorpaeniformes,Sebastidae,Sebastes melanops,Sebastes melanops,15,9,661.4267,POINT (-125.1500015258789 48.83000183105469)
ep_m1_public_data.fid-1acd095e_191e9a83fd6_e55,923400153,Canada,British Columbia,"Oregon, Washington, Vancouver Coast and Shelf",Temperate Northern Pacific,Vancouver Island,BMSC4,Kii xin,48.82,-125.18,2021-04-28,7.5,RLS,2,12:30:00,,,1,1,Chordata,Actinopterygii,Perciformes,Hexagrammidae,Hexagrammos decagrammus,Hexagrammos decagrammus,7.5,1,7.7132,POINT (-125.18000030517578 48.81999969482422)
ep_m1_public_data.fid-1acd095e_191e9a83fd6_e56,923400153,Canada,British Columbia,"Oregon, Washington, Vancouver Coast and Shelf",Temperate Northern Pacific,Vancouver Island,BMSC4,Kii xin,48.82,-125.18,2021-04-28,7.5,RLS,2,12:30:00,,,1,1,Chordata,Actinopterygii,Perciformes,Hexagrammidae,Hexagrammos decagrammus,Hexagrammos decagrammus,10,1,18.9254,POINT (-125.18000030517578 48.81999969482422)
ep_m1_public_data.fid-1acd095e_191e9a83fd6_e57,923400153,Canada,British Columbia,"Oregon, Washington, Vancouver Coast and Shelf",Temperate Northern Pacific,Vancouver Island,BMSC4,Kii xin,48.82,-125.18,2021-04-28,7.5,RLS,2,12:30:00,,,1,2,Chordata,Actinopterygii,Perciformes,Hexagrammidae,Hexagrammos decagrammus,Hexagrammos decagrammus,7.5,2,15.4265,POINT (-125.18000030517578 48.81999969482422)
ep_m1_public_data.fid-1acd095e_191e9a83fd6_e58,923400153,Canada,British Columbia,"Oregon, Washington, Vancouver Coast and Shelf",Temperate Northern Pacific,Vancouver Island,BMSC4,Kii xin,48.82,-125.18,2021-04-28,7.5,RLS,2,12:30:00,,,1,2,Chordata,Actinopterygii,Perciformes,Hexagrammidae,Hexagrammos decagrammus,Hexagrammos decagrammus,15,1,67.0579,POINT (-125.18000030517578 48.81999969482422)
ep_m1_public_data.fid-1acd095e_191e9a83fd6_e59,923401193,Canada,British Columbia,"Oregon, Washington, Vancouver Coast and Shelf",Temperate Northern Pacific,Vancouver Island,BMSC9,Eagle Bay,48.83,-125.15,2022-05-02,6.5,RLS,3,13:45:00,,,1,2,Chordata,Actinopterygii,Perciformes,Hexagrammidae,Hexagrammos decagrammus,Hexagrammos decagrammus,15,1,67.0579,POINT (-125.1500015258789 48.83000183105469)
ep_m1_public_data.fid-1acd095e_191e9a83fd6_e5a,923401193,Canada,British Columbia,"Oregon, Washington, Vancouver Coast and Shelf",Temperate Northern Pacific,Vancouver Island,BMSC9,Eagle Bay,48.83,-125.15,2022-05-02,6.5,RLS,3,13:45:00,,,1,2,Chordata,Actinopterygii,Perciformes,Hexagrammidae,Hexagrammos decagrammus,Hexagrammos decagrammus,25,6,1392.9368,POINT (-125.1500015258789 48.83000183105469)
ep_m1_public_data.fid-1acd095e_191e9a83fd6_e5b,923401193,Canada,British Columbia,"Oregon, Washington, Vancouver Coast and Shelf",Temperate Northern Pacific,Vancouver Island,BMSC9,Eagle Bay,48.83,-125.15,2022-05-02,6.5,RLS,3,13:45:00,,,1,2,Chordata,Actinopterygii,Perciformes,Hexagrammidae,Hexagrammos decagrammus,Hexagrammos decagrammus,35,1,483.3065,POINT (-125.1500015258789 48.83000183105469)
ep_m1_public_data.fid-1acd095e_191e9a83fd6_e5c,923401193,Canada,British Columbia,"Oregon, Washington, Vancouver Coast and Shelf",Temperate Northern Pacific,Vancouver Island,BMSC9,Eagle Bay,48.83,-125.15,2022-05-02,6.5,RLS,3,13:45:00,,,1,2,Chordata,Actinopterygii,Scorpaeniformes,Sebastidae,Sebastes caurinus,Sebastes caurinus,15,1,73.4918,POINT (-125.1500015258789 48.83000183105469)
ep_m1_public_data.fid-1acd095e_191e9a83fd6_e5d,923401193,Canada,British Columbia,"Oregon, Washington, Vancouver Coast and Shelf",Temperate Northern Pacific,Vancouver Island,BMSC9,Eagle Bay,48.83,-125.15,2022-05-02,6.5,RLS,3,13:45:00,,,1,1,Chordata,Actinopterygii,Perciformes,Gobiidae,Rhinogobiops nicholsii,Rhinogobiops nicholsii,5,1,2.2561,POINT (-125.1500015258789 48.83000183105469)
ep_m1_public_data.fid-1acd095e_191e9a83fd6_e5e,923401193,Canada,British Columbia,"Oregon, Washington, Vancouver Coast and Shelf",Temperate Northern Pacific,Vancouver Island,BMSC9,Eagle Bay,48.83,-125.15,2022-05-02,6.5,RLS,3,13:45:00,,,1,1,Chordata,Actinopterygii,Perciformes,Gobiidae,Rhinogobiops nicholsii,Rhinogobiops nicholsii,10,2,37.3708,POINT (-125.1500015258789 48.83000183105469)
ep_m1_public_data.fid-1acd095e_191e9a83fd6_e5f,923401193,Canada,British Columbia,"Oregon, Washington, Vancouver Coast and Shelf",Temperate Northern Pacific,Vancouver Island,BMSC9,Eagle Bay,48.83,-125.15,2022-05-02,6.5,RLS,3,13:45:00,,,1,1,Chordata,Actinopterygii,Perciformes,Hexagrammidae,Hexagrammos decagrammus,Hexagrammos decagrammus,25,2,464.3122,POINT (-125.1500015258789 48.83000183105469)
ep_m1_public_data.fid-1acd095e_191e9a83fd6_e60,923401193,Canada,British Columbia,"Oregon, Washington, Vancouver Coast and Shelf",Temperate Northern Pacific,Vancouver Island,BMSC9,Eagle Bay,48.83,-125.15,2022-05-02,6.5,RLS,3,13:45:00,,,1,1,Chordata,Actinopterygii,Perciformes,Hexagrammidae,Hexagrammos decagrammus,Hexagrammos decagrammus,30,1,344.0053,POINT (-125.1500015258789 48.83000183105469)
ep_m1_public_data.fid-1acd095e_191e9a83fd6_e61,923401193,Canada,British Columbia,"Oregon, Washington, Vancouver Coast and Shelf",Temperate Northern Pacific,Vancouver Island,BMSC9,Eagle Bay,48.83,-125.15,2022-05-02,6.5,RLS,3,13:45:00,,,1,1,Chordata,Actinopterygii,Scorpaeniformes,Sebastidae,Sebastes caurinus,Sebastes caurinus,25,1,250.4119,POINT (-125.1500015258789 48.83000183105469)
ep_m1_public_data.fid-1acd095e_191e9a83fd6_e62,923401193,Canada,British Columbia,"Oregon, Washington, Vancouver Coast and Shelf",Temperate Northern Pacific,Vancouver Island,BMSC9,Eagle Bay,48.83,-125.15,2022-05-02,6.5,RLS,3,13:45:00,,,1,1,Chordata,Actinopterygii,Scorpaeniformes,Sebastidae,Sebastes melanops,Sebastes melanops,12.5,1,41.9142,POINT (-125.1500015258789 48.83000183105469)
ep_m1_public_data.fid-1acd095e_191e9a83fd6_e63,923401193,Canada,British Columbia,"Oregon, Washington, Vancouver Coast and Shelf",Temperate Northern Pacific,Vancouver Island,BMSC9,Eagle Bay,48.83,-125.15,2022-05-02,6.5,RLS,3,13:45:00,,,1,1,Chordata,Actinopterygii,Scorpaeniformes,Sebastidae,Sebastes melanops,Sebastes melanops,15,1,73.4918,POINT (-125.1500015258789 48.83000183105469)
ep_m1_public_data.fid-1acd095e_191e9a83fd6_e64,923401193,Canada,British Columbia,"Oregon, Washington, Vancouver Coast and Shelf",Temperate Northern Pacific,Vancouver Island,BMSC9,Eagle Bay,48.83,-125.15,2022-05-02,6.5,RLS,3,13:45:00,,,1,1,Chordata,Actinopterygii,Scorpaeniformes,Sebastidae,Sebastes melanops,Sebastes melanops,20,1,162.7257,POINT (-125.1500015258789 48.83000183105469)
ep_m1_public_data.fid-1acd095e_191e9a83fd6_e65,923402230,Canada,British Columbia,"Oregon, Washington, Vancouver Coast and Shelf",Temperate Northern Pacific,Vancouver Island,BMSC4,Kii xin,48.82,-125.18,2023-05-12,8.5,RLS,2,10:07:00,,,1,1,Chordata,Actinopterygii,Perciformes,Hexagrammidae,Hexagrammos decagrammus,Hexagrammos decagrammus,12.5,1,37.9668,POINT (-125.18000030517578 48.81999969482422)
ep_m1_public_data.fid-1acd095e_191e9a83fd6_e66,923402230,Canada,British Columbia,"Oregon, Washington, Vancouver Coast and Shelf",Temperate Northern Pacific,Vancouver Island,BMSC4,Kii xin,48.82,-125.18,2023-05-12,8.5,RLS,2,10:07:00,,,1,1,Chordata,Actinopterygii,Perciformes,Hexagrammidae,Hexagrammos decagrammus,Hexagrammos decagrammus,20,1,150.0203,POINT (-125.18000030517578 48.81999969482422)
ep_m1_public_data.fid-1acd095e_191e9a83fd6_e67,923402230,Canada,British Columbia,"Oregon, Washington, Vancouver Coast and Shelf",Temperate Northern Pacific,Vancouver Island,BMSC4,Kii xin,48.82,-125.18,2023-05-12,8.5,RLS,2,10:07:00,,,1,1,Chordata,Actinopterygii,Perciformes,Hexagrammidae,Hexagrammos decagrammus,Hexagrammos decagrammus,35,1,483.3065,POINT (-125.18000030517578 48.81999969482422)
ep_m1_public_data.fid-1acd095e_191e9a83fd6_e68,923402233,Canada,British Columbia,"Oregon, Washington, Vancouver Coast and Shelf",Temperate Northern Pacific,Vancouver Island,BMSC9,Eagle Bay,48.83,-125.15,2023-05-11,6,RLS,2,09:38:00,,,1,2,Chordata,Actinopterygii,Perciformes,Gobiidae,Rhinogobiops nicholsii,Rhinogobiops nicholsii,7.5,2,15.5407,POINT (-125.1500015258789 48.83000183105469)
ep_m1_public_data.fid-1acd095e_191e9a83fd6_e69,923402233,Canada,British Columbia,"Oregon, Washington, Vancouver Coast and Shelf",Temperate Northern Pacific,Vancouver Island,BMSC9,Eagle Bay,48.83,-125.15,2023-05-11,6,RLS,2,09:38:00,,,1,2,Chordata,Actinopterygii,Perciformes,Hexagrammidae,Hexagrammos decagrammus,Hexagrammos decagrammus,20,1,150.0203,POINT (-125.1500015258789 48.83000183105469)
ep_m1_public_data.fid-1acd095e_191e9a83fd6_e6a,923402233,Canada,British Columbia,"Oregon, Washington, Vancouver Coast and Shelf",Temperate Northern Pacific,Vancouver Island,BMSC9,Eagle Bay,48.83,-125.15,2023-05-11,6,RLS,2,09:38:00,,,1,2,Chordata,Actinopterygii,Perciformes,Hexagrammidae,Hexagrammos decagrammus,Hexagrammos decagrammus,30,2,688.0106,POINT (-125.1500015258789 48.83000183105469)
ep_m1_public_data.fid-1acd095e_191e9a83fd6_e6b,923402233,Canada,British Columbia,"Oregon, Washington, Vancouver Coast and Shelf",Temperate Northern Pacific,Vancouver Island,BMSC9,Eagle Bay,48.83,-125.15,2023-05-11,6,RLS,2,09:38:00,,,1,2,Chordata,Actinopterygii,Scorpaeniformes,Hexagrammidae,Oxylebius pictus,Oxylebius pictus,12.5,1,42.2005,POINT (-125.1500015258789 48.83000183105469)
ep_m1_public_data.fid-1acd095e_191e9a83fd6_e6c,923402233,Canada,British Columbia,"Oregon, Washington, Vancouver Coast and Shelf",Temperate Northern Pacific,Vancouver Island,BMSC9,Eagle Bay,48.83,-125.15,2023-05-11,6,RLS,2,09:38:00,,,1,2,Chordata,Actinopterygii,Scorpaeniformes,Sebastidae,Sebastes caurinus,Sebastes caurinus,15,1,73.4918,POINT (-125.1500015258789 48.83000183105469)
ep_m1_public_data.fid-1acd095e_191e9a83fd6_e6d,923402233,Canada,British Columbia,"Oregon, Washington, Vancouver Coast and Shelf",Temperate Northern Pacific,Vancouver Island,BMSC9,Eagle Bay,48.83,-125.15,2023-05-11,6,RLS,2,09:38:00,,,1,2,Chordata,Actinopterygii,Scorpaeniformes,Sebastidae,Sebastes melanops,Sebastes melanops,20,43,6997.2046,POINT (-125.1500015258789 48.83000183105469)
ep_m1_public_data.fid-1acd095e_191e9a83fd6_e6e,923402233,Canada,British Columbia,"Oregon, Washington, Vancouver Coast and Shelf",Temperate Northern Pacific,Vancouver Island,BMSC9,Eagle Bay,48.83,-125.15,2023-05-11,6,RLS,2,09:38:00,,,1,2,Chordata,Actinopterygii,Scorpaeniformes,Sebastidae,Sebastes melanops,Sebastes melanops,25,6,1502.4717,POINT (-125.1500015258789 48.83000183105469)
ep_m1_public_data.fid-1acd095e_191e9a83fd6_e6f,923402233,Canada,British Columbia,"Oregon, Washington, Vancouver Coast and Shelf",Temperate Northern Pacific,Vancouver Island,BMSC9,Eagle Bay,48.83,-125.15,2023-05-11,6,RLS,2,09:38:00,,,1,1,Chordata,Actinopterygii,Perciformes,Gobiidae,Rhinogobiops nicholsii,Rhinogobiops nicholsii,5,3,6.7683,POINT (-125.1500015258789 48.83000183105469)
ep_m1_public_data.fid-1acd095e_191e9a83fd6_e70,923402233,Canada,British Columbia,"Oregon, Washington, Vancouver Coast and Shelf",Temperate Northern Pacific,Vancouver Island,BMSC9,Eagle Bay,48.83,-125.15,2023-05-11,6,RLS,2,09:38:00,,,1,1,Chordata,Actinopterygii,Perciformes,Gobiidae,Rhinogobiops nicholsii,Rhinogobiops nicholsii,7.5,5,38.8517,POINT (-125.1500015258789 48.83000183105469)
ep_m1_public_data.fid-1acd095e_191e9a83fd6_e71,923402233,Canada,British Columbia,"Oregon, Washington, Vancouver Coast and Shelf",Temperate Northern Pacific,Vancouver Island,BMSC9,Eagle Bay,48.83,-125.15,2023-05-11,6,RLS,2,09:38:00,,,1,1,Chordata,Actinopterygii,Perciformes,Hexagrammidae,Hexagrammos decagrammus,Hexagrammos decagrammus,20,1,150.0203,POINT (-125.1500015258789 48.83000183105469)
ep_m1_public_data.fid-1acd095e_191e9a83fd6_e72,923402233,Canada,British Columbia,"Oregon, Washington, Vancouver Coast and Shelf",Temperate Northern Pacific,Vancouver Island,BMSC9,Eagle Bay,48.83,-125.15,2023-05-11,6,RLS,2,09:38:00,,,1,1,Chordata,Actinopterygii,Perciformes,Hexagrammidae,Hexagrammos decagrammus,Hexagrammos decagrammus,25,1,232.1561,POINT (-125.1500015258789 48.83000183105469)
ep_m1_public_data.fid-1acd095e_191e9a83fd6_e73,923402233,Canada,British Columbia,"Oregon, Washington, Vancouver Coast and Shelf",Temperate Northern Pacific,Vancouver Island,BMSC9,Eagle Bay,48.83,-125.15,2023-05-11,6,RLS,2,09:38:00,,,1,1,Chordata,Actinopterygii,Scorpaeniformes,Sebastidae,Sebastes caurinus,Sebastes caurinus,15,2,146.9837,POINT (-125.1500015258789 48.83000183105469)
ep_m1_public_data.fid-1acd095e_191e9a83fd6_e74,923402233,Canada,British Columbia,"Oregon, Washington, Vancouver Coast and Shelf",Temperate Northern Pacific,Vancouver Island,BMSC9,Eagle Bay,48.83,-125.15,2023-05-11,6,RLS,2,09:38:00,,,1,1,Chordata,Actinopterygii,Scorpaeniformes,Sebastidae,Sebastes flavidus,Sebastes flavidus,12.5,1,41.9142,POINT (-125.1500015258789 48.83000183105469)
ep_m1_public_data.fid-1acd095e_191e9a83fd6_e75,923402233,Canada,British Columbia,"Oregon, Washington, Vancouver Coast and Shelf",Temperate Northern Pacific,Vancouver Island,BMSC9,Eagle Bay,48.83,-125.15,2023-05-11,6,RLS,2,09:38:00,,,1,1,Chordata,Actinopterygii,Scorpaeniformes,Sebastidae,Sebastes maliger,Sebastes maliger,20,1,162.7257,POINT (-125.1500015258789 48.83000183105469)
ep_m1_public_data.fid-1acd095e_191e9a83fd6_e76,923402233,Canada,British Columbia,"Oregon, Washington, Vancouver Coast and Shelf",Temperate Northern Pacific,Vancouver Island,BMSC9,Eagle Bay,48.83,-125.15,2023-05-11,6,RLS,2,09:38:00,,,1,1,Chordata,Actinopterygii,Scorpaeniformes,Sebastidae,Sebastes melanops,Sebastes melanops,15,4,293.9674,POINT (-125.1500015258789 48.83000183105469)
ep_m1_public_data.fid-1acd095e_191e9a83fd6_e77,923402233,Canada,British Columbia,"Oregon, Washington, Vancouver Coast and Shelf",Temperate Northern Pacific,Vancouver Island,BMSC9,Eagle Bay,48.83,-125.15,2023-05-11,6,RLS,2,09:38:00,,,1,1,Chordata,Actinopterygii,Scorpaeniformes,Sebastidae,Sebastes melanops,Sebastes melanops,20,5,813.6285,POINT (-125.1500015258789 48.83000183105469)
ep_m1_public_data.fid-1acd095e_191e9a83fd6_e78,923402370,Canada,British Columbia,"Oregon, Washington, Vancouver Coast and Shelf",Temperate Northern Pacific,Vancouver Island,KCCA13,Second Beach South,48.82,-125.18,2023-06-07,4.9,RLS,2,09:44:00,,,1,2,Chordata,Actinopterygii,Perciformes,Hexagrammidae,Hexagrammos decagrammus,Hexagrammos decagrammus,12.5,1,37.9668,POINT (-125.18000030517578 48.81999969482422)
ep_m1_public_data.fid-1acd095e_191e9a83fd6_e79,923402370,Canada,British Columbia,"Oregon, Washington, Vancouver Coast and Shelf",Temperate Northern Pacific,Vancouver Island,KCCA13,Second Beach South,48.82,-125.18,2023-06-07,4.9,RLS,2,09:44:00,,,1,1,Chordata,Actinopterygii,Perciformes,Hexagrammidae,Hexagrammos decagrammus,Hexagrammos decagrammus,20,1,150.0203,POINT (-125.18000030517578 48.81999969482422)
ep_m1_public_data.fid-1acd095e_191e9a83fd6_e7a,923402370,Canada,British Columbia,"Oregon, Washington, Vancouver Coast and Shelf",Temperate Northern Pacific,Vancouver Island,KCCA13,Second Beach South,48.82,-125.18,2023-06-07,4.9,RLS,2,09:44:00,,,1,1,Chordata,Actinopterygii,Perciformes,Hexagrammidae,Hexagrammos decagrammus,Hexagrammos decagrammus,30,1,344.0053,POINT (-125.18000030517578 48.81999969482422)
ep_m1_public_data.fid-1acd095e_191e9a83fd6_e7b,923402238,Canada,British Columbia,"Oregon, Washington, Vancouver Coast and Shelf",Temperate Northern Pacific,Vancouver Island,BMSC28,Swiss Boy,48.92,-125.13,2023-05-18,11,RLS,6,10:27:00,,,1,2,Chordata,Actinopterygii,Perciformes,Hexagrammidae,Hexagrammos decagrammus,Hexagrammos decagrammus,20,1,150.0203,POINT (-125.12999725341797 48.91999816894531)
ep_m1_public_data.fid-1acd095e_191e9a83fd6_e7c,923402238,Canada,British Columbia,"Oregon, Washington, Vancouver Coast and Shelf",Temperate Northern Pacific,Vancouver Island,BMSC28,Swiss Boy,48.92,-125.13,2023-05-18,11,RLS,6,10:27:00,,,1,2,Chordata,Actinopterygii,Perciformes,Hexagrammidae,Hexagrammos decagrammus,Hexagrammos decagrammus,25,2,464.3122,POINT (-125.12999725341797 48.91999816894531)
ep_m1_public_data.fid-1acd095e_191e9a83fd6_e7d,923402238,Canada,British Columbia,"Oregon, Washington, Vancouver Coast and Shelf",Temperate Northern Pacific,Vancouver Island,BMSC28,Swiss Boy,48.92,-125.13,2023-05-18,11,RLS,6,10:27:00,,,1,2,Chordata,Actinopterygii,Perciformes,Hexagrammidae,Hexagrammos decagrammus,Hexagrammos decagrammus,30,3,1032.016,POINT (-125.12999725341797 48.91999816894531)
ep_m1_public_data.fid-1acd095e_191e9a83fd6_e7e,923402238,Canada,British Columbia,"Oregon, Washington, Vancouver Coast and Shelf",Temperate Northern Pacific,Vancouver Island,BMSC28,Swiss Boy,48.92,-125.13,2023-05-18,11,RLS,6,10:27:00,,,1,2,Chordata,Actinopterygii,Perciformes,Hexagrammidae,Hexagrammos decagrammus,Hexagrammos decagrammus,35,1,483.3065,POINT (-125.12999725341797 48.91999816894531)
ep_m1_public_data.fid-1acd095e_191e9a83fd6_e7f,923402238,Canada,British Columbia,"Oregon, Washington, Vancouver Coast and Shelf",Temperate Northern Pacific,Vancouver Island,BMSC28,Swiss Boy,48.92,-125.13,2023-05-18,11,RLS,6,10:27:00,,,1,2,Chordata,Actinopterygii,Scorpaeniformes,Cottidae,Artedius harringtoni,Artedius harringtoni,2.5,1,0.2205,POINT (-125.12999725341797 48.91999816894531)
ep_m1_public_data.fid-1acd095e_191e9a83fd6_e80,923402238,Canada,British Columbia,"Oregon, Washington, Vancouver Coast and Shelf",Temperate Northern Pacific,Vancouver Island,BMSC28,Swiss Boy,48.92,-125.13,2023-05-18,11,RLS,6,10:27:00,,,1,2,Chordata,Actinopterygii,Scorpaeniformes,Cottidae,Jordania zonope,Jordania zonope,5,2,3.8605,POINT (-125.12999725341797 48.91999816894531)
ep_m1_public_data.fid-1acd095e_191e9a83fd6_e81,923402238,Canada,British Columbia,"Oregon, Washington, Vancouver Coast and Shelf",Temperate Northern Pacific,Vancouver Island,BMSC28,Swiss Boy,48.92,-125.13,2023-05-18,11,RLS,6,10:27:00,,,1,2,Chordata,Actinopterygii,Scorpaeniformes,Cottidae,Jordania zonope,Jordania zonope,7.5,1,6.8672,POINT (-125.12999725341797 48.91999816894531)
ep_m1_public_data.fid-1acd095e_191e9a83fd6_e82,923402238,Canada,British Columbia,"Oregon, Washington, Vancouver Coast and Shelf",Temperate Northern Pacific,Vancouver Island,BMSC28,Swiss Boy,48.92,-125.13,2023-05-18,11,RLS,6,10:27:00,,,1,2,Chordata,Actinopterygii,Scorpaeniformes,Hexagrammidae,Ophiodon elongatus,Ophiodon elongatus,40,1,296.3178,POINT (-125.12999725341797 48.91999816894531)
ep_m1_public_data.fid-1acd095e_191e9a83fd6_e83,923402238,Canada,British Columbia,"Oregon, Washington, Vancouver Coast and Shelf",Temperate Northern Pacific,Vancouver Island,BMSC28,Swiss Boy,48.92,-125.13,2023-05-18,11,RLS,6,10:27:00,,,1,2,Chordata,Actinopterygii,Scorpaeniformes,Hexagrammidae,Ophiodon elongatus,Ophiodon elongatus,50,2,1199.0411,POINT (-125.12999725341797 48.91999816894531)
ep_m1_public_data.fid-1acd095e_191e9a83fd6_e84,923402238,Canada,British Columbia,"Oregon, Washington, Vancouver Coast and Shelf",Temperate Northern Pacific,Vancouver Island,BMSC28,Swiss Boy,48.92,-125.13,2023-05-18,11,RLS,6,10:27:00,,,1,2,Chordata,Actinopterygii,Scorpaeniformes,Sebastidae,Sebastes nebulosus,Sebastes nebulosus,30,1,369.1905,POINT (-125.12999725341797 48.91999816894531)
ep_m1_public_data.fid-1acd095e_191e9a83fd6_e85,923402238,Canada,British Columbia,"Oregon, Washington, Vancouver Coast and Shelf",Temperate Northern Pacific,Vancouver Island,BMSC28,Swiss Boy,48.92,-125.13,2023-05-18,11,RLS,6,10:27:00,,,1,1,Chordata,Actinopterygii,Perciformes,Hexagrammidae,Hexagrammos decagrammus,Hexagrammos decagrammus,20,1,150.0203,POINT (-125.12999725341797 48.91999816894531)
ep_m1_public_data.fid-1acd095e_191e9a83fd6_e86,923402238,Canada,British Columbia,"Oregon, Washington, Vancouver Coast and Shelf",Temperate Northern Pacific,Vancouver Island,BMSC28,Swiss Boy,48.92,-125.13,2023-05-18,11,RLS,6,10:27:00,,,1,1,Chordata,Actinopterygii,Perciformes,Hexagrammidae,Hexagrammos decagrammus,Hexagrammos decagrammus,25,1,232.1561,POINT (-125.12999725341797 48.91999816894531)
ep_m1_public_data.fid-1acd095e_191e9a83fd6_e87,923402238,Canada,British Columbia,"Oregon, Washington, Vancouver Coast and Shelf",Temperate Northern Pacific,Vancouver Island,BMSC28,Swiss Boy,48.92,-125.13,2023-05-18,11,RLS,6,10:27:00,,,1,1,Chordata,Actinopterygii,Perciformes,Hexagrammidae,Hexagrammos decagrammus,Hexagrammos decagrammus,30,2,688.0106,POINT (-125.12999725341797 48.91999816894531)
ep_m1_public_data.fid-1acd095e_191e9a83fd6_e88,923402238,Canada,British Columbia,"Oregon, Washington, Vancouver Coast and Shelf",Temperate Northern Pacific,Vancouver Island,BMSC28,Swiss Boy,48.92,-125.13,2023-05-18,11,RLS,6,10:27:00,,,1,1,Chordata,Actinopterygii,Scorpaeniformes,Hexagrammidae,Ophiodon elongatus,Ophiodon elongatus,35,1,231.3251,POINT (-125.12999725341797 48.91999816894531)
ep_m1_public_data.fid-1acd095e_191e9a83fd6_e89,923402238,Canada,British Columbia,"Oregon, Washington, Vancouver Coast and Shelf",Temperate Northern Pacific,Vancouver Island,BMSC28,Swiss Boy,48.92,-125.13,2023-05-18,11,RLS,6,10:27:00,,,1,1,Chordata,Actinopterygii,Scorpaeniformes,Hexagrammidae,Ophiodon elongatus,Ophiodon elongatus,62.5,1,1202.7167,POINT (-125.12999725341797 48.91999816894531)
ep_m1_public_data.fid-1acd095e_191e9a83fd6_e8a,923402238,Canada,British Columbia,"Oregon, Washington, Vancouver Coast and Shelf",Temperate Northern Pacific,Vancouver Island,BMSC28,Swiss Boy,48.92,-125.13,2023-05-18,11,RLS,6,10:27:00,,,1,1,Chordata,Actinopterygii,Scorpaeniformes,Sebastidae,Sebastes caurinus,Sebastes caurinus,35,1,516.4341,POINT (-125.12999725341797 48.91999816894531)
ep_m1_public_data.fid-1acd095e_191e9a83fd6_e8b,923402238,Canada,British Columbia,"Oregon, Washington, Vancouver Coast and Shelf",Temperate Northern Pacific,Vancouver Island,BMSC28,Swiss Boy,48.92,-125.13,2023-05-18,11,RLS,6,10:27:00,,,1,1,Chordata,Actinopterygii,Scorpaeniformes,Sebastidae,Sebastes flavidus,Sebastes flavidus,20,5,813.6285,POINT (-125.12999725341797 48.91999816894531)
ep_m1_public_data.fid-1acd095e_191e9a83fd6_e8c,923402238,Canada,British Columbia,"Oregon, Washington, Vancouver Coast and Shelf",Temperate Northern Pacific,Vancouver Island,BMSC28,Swiss Boy,48.92,-125.13,2023-05-18,11,RLS,6,10:27:00,,,1,1,Chordata,Actinopterygii,Scorpaeniformes,Sebastidae,Sebastes flavidus,Sebastes flavidus,25,4,1001.6478,POINT (-125.12999725341797 48.91999816894531)
ep_m1_public_data.fid-1acd095e_191e9a83fd6_e8d,923402238,Canada,British Columbia,"Oregon, Washington, Vancouver Coast and Shelf",Temperate Northern Pacific,Vancouver Island,BMSC28,Swiss Boy,48.92,-125.13,2023-05-18,11,RLS,6,10:27:00,,,1,1,Chordata,Actinopterygii,Scorpaeniformes,Sebastidae,Sebastes melanops,Sebastes melanops,15,1,73.4918,POINT (-125.12999725341797 48.91999816894531)
ep_m1_public_data.fid-1acd095e_191e9a83fd6_e8e,923402238,Canada,British Columbia,"Oregon, Washington, Vancouver Coast and Shelf",Temperate Northern Pacific,Vancouver Island,BMSC28,Swiss Boy,48.92,-125.13,2023-05-18,11,RLS,6,10:27:00,,,1,1,Chordata,Actinopterygii,Scorpaeniformes,Sebastidae,Sebastes melanops,Sebastes melanops,20,12,1952.7083,POINT (-125.12999725341797 48.91999816894531)
ep_m1_public_data.fid-1acd095e_191e9a83fd6_e8f,923402238,Canada,British Columbia,"Oregon, Washington, Vancouver Coast and Shelf",Temperate Northern Pacific,Vancouver Island,BMSC28,Swiss Boy,48.92,-125.13,2023-05-18,11,RLS,6,10:27:00,,,1,1,Chordata,Actinopterygii,Scorpaeniformes,Sebastidae,Sebastes melanops,Sebastes melanops,30,3,1107.5715,POINT (-125.12999725341797 48.91999816894531)
ep_m1_public_data.fid-1acd095e_191e9a83fd6_e90,923402238,Canada,British Columbia,"Oregon, Washington, Vancouver Coast and Shelf",Temperate Northern Pacific,Vancouver Island,BMSC28,Swiss Boy,48.92,-125.13,2023-05-18,11,RLS,6,10:27:00,,,1,1,Chordata,Actinopterygii,Scorpaeniformes,Sebastidae,Sebastes nebulosus,Sebastes nebulosus,20,1,162.7257,POINT (-125.12999725341797 48.91999816894531)
ep_m1_public_data.fid-1acd095e_191e9a83fd6_e91,923402239,Canada,British Columbia,"Oregon, Washington, Vancouver Coast and Shelf",Temperate Northern Pacific,Vancouver Island,BMSC28,Swiss Boy,48.92,-125.13,2023-05-18,7.5,RLS,6,10:30:00,,,1,1,Chordata,Actinopterygii,Perciformes,Hexagrammidae,Hexagrammos decagrammus,Hexagrammos decagrammus,15,4,268.2315,POINT (-125.12999725341797 48.91999816894531)
ep_m1_public_data.fid-1acd095e_191e9a83fd6_e92,923402239,Canada,British Columbia,"Oregon, Washington, Vancouver Coast and Shelf",Temperate Northern Pacific,Vancouver Island,BMSC28,Swiss Boy,48.92,-125.13,2023-05-18,7.5,RLS,6,10:30:00,,,1,1,Chordata,Actinopterygii,Perciformes,Hexagrammidae,Hexagrammos decagrammus,Hexagrammos decagrammus,20,2,300.0406,POINT (-125.12999725341797 48.91999816894531)
ep_m1_public_data.fid-1acd095e_191e9a83fd6_e93,923402239,Canada,British Columbia,"Oregon, Washington, Vancouver Coast and Shelf",Temperate Northern Pacific,Vancouver Island,BMSC28,Swiss Boy,48.92,-125.13,2023-05-18,7.5,RLS,6,10:30:00,,,1,1,Chordata,Actinopterygii,Perciformes,Hexagrammidae,Hexagrammos decagrammus,Hexagrammos decagrammus,25,5,1160.7806,POINT (-125.12999725341797 48.91999816894531)
ep_m1_public_data.fid-1acd095e_191e9a83fd6_e94,923402239,Canada,British Columbia,"Oregon, Washington, Vancouver Coast and Shelf",Temperate Northern Pacific,Vancouver Island,BMSC28,Swiss Boy,48.92,-125.13,2023-05-18,7.5,RLS,6,10:30:00,,,1,1,Chordata,Actinopterygii,Perciformes,Hexagrammidae,Hexagrammos decagrammus,Hexagrammos decagrammus,30,6,2064.032,POINT (-125.12999725341797 48.91999816894531)
ep_m1_public_data.fid-1acd095e_191e9a83fd6_e95,923402239,Canada,British Columbia,"Oregon, Washington, Vancouver Coast and Shelf",Temperate Northern Pacific,Vancouver Island,BMSC28,Swiss Boy,48.92,-125.13,2023-05-18,7.5,RLS,6,10:30:00,,,1,1,Chordata,Actinopterygii,Scorpaeniformes,Hexagrammidae,Ophiodon elongatus,Ophiodon elongatus,40,2,592.6357,POINT (-125.12999725341797 48.91999816894531)
ep_m1_public_data.fid-1acd095e_191e9a83fd6_e96,923402239,Canada,British Columbia,"Oregon, Washington, Vancouver Coast and Shelf",Temperate Northern Pacific,Vancouver Island,BMSC28,Swiss Boy,48.92,-125.13,2023-05-18,7.5,RLS,6,10:30:00,,,1,1,Chordata,Actinopterygii,Scorpaeniformes,Sebastidae,Sebastes melanops,Sebastes melanops,15,7,514.443,POINT (-125.12999725341797 48.91999816894531)
ep_m1_public_data.fid-1acd095e_191e9a83fd6_e97,923402239,Canada,British Columbia,"Oregon, Washington, Vancouver Coast and Shelf",Temperate Northern Pacific,Vancouver Island,BMSC28,Swiss Boy,48.92,-125.13,2023-05-18,7.5,RLS,6,10:30:00,,,1,1,Chordata,Actinopterygii,Scorpaeniformes,Sebastidae,Sebastes melanops,Sebastes melanops,20,2,325.4514,POINT (-125.12999725341797 48.91999816894531)
ep_m1_public_data.fid-1acd095e_191e9a83fd6_e98,923402239,Canada,British Columbia,"Oregon, Washington, Vancouver Coast and Shelf",Temperate Northern Pacific,Vancouver Island,BMSC28,Swiss Boy,48.92,-125.13,2023-05-18,7.5,RLS,6,10:30:00,,,1,2,Chordata,Actinopterygii,Perciformes,Embiotocidae,Embiotoca lateralis,Embiotoca lateralis,10,5,177.0502,POINT (-125.12999725341797 48.91999816894531)
ep_m1_public_data.fid-1acd095e_191e9a83fd6_e99,923402239,Canada,British Columbia,"Oregon, Washington, Vancouver Coast and Shelf",Temperate Northern Pacific,Vancouver Island,BMSC28,Swiss Boy,48.92,-125.13,2023-05-18,7.5,RLS,6,10:30:00,,,1,2,Chordata,Actinopterygii,Perciformes,Embiotocidae,Embiotoca lateralis,Embiotoca lateralis,12.5,2,138.9391,POINT (-125.12999725341797 48.91999816894531)
ep_m1_public_data.fid-1acd095e_191e9a83fd6_e9a,923402239,Canada,British Columbia,"Oregon, Washington, Vancouver Coast and Shelf",Temperate Northern Pacific,Vancouver Island,BMSC28,Swiss Boy,48.92,-125.13,2023-05-18,7.5,RLS,6,10:30:00,,,1,2,Chordata,Actinopterygii,Perciformes,Embiotocidae,Embiotoca lateralis,Embiotoca lateralis,15,11,1325.3013,POINT (-125.12999725341797 48.91999816894531)
ep_m1_public_data.fid-1acd095e_191e9a83fd6_e9b,923402239,Canada,British Columbia,"Oregon, Washington, Vancouver Coast and Shelf",Temperate Northern Pacific,Vancouver Island,BMSC28,Swiss Boy,48.92,-125.13,2023-05-18,7.5,RLS,6,10:30:00,,,1,2,Chordata,Actinopterygii,Perciformes,Embiotocidae,Embiotoca lateralis,Embiotoca lateralis,20,5,1313.3602,POINT (-125.12999725341797 48.91999816894531)
ep_m1_public_data.fid-1acd095e_191e9a83fd6_e9c,923402239,Canada,British Columbia,"Oregon, Washington, Vancouver Coast and Shelf",Temperate Northern Pacific,Vancouver Island,BMSC28,Swiss Boy,48.92,-125.13,2023-05-18,7.5,RLS,6,10:30:00,,,1,2,Chordata,Actinopterygii,Perciformes,Embiotocidae,Rhacochilus vacca,Rhacochilus vacca,15,7,843.3735,POINT (-125.12999725341797 48.91999816894531)
ep_m1_public_data.fid-1acd095e_191e9a83fd6_e9d,923402239,Canada,British Columbia,"Oregon, Washington, Vancouver Coast and Shelf",Temperate Northern Pacific,Vancouver Island,BMSC28,Swiss Boy,48.92,-125.13,2023-05-18,7.5,RLS,6,10:30:00,,,1,2,Chordata,Actinopterygii,Perciformes,Embiotocidae,Rhacochilus vacca,Rhacochilus vacca,20,5,1313.3602,POINT (-125.12999725341797 48.91999816894531)
ep_m1_public_data.fid-1acd095e_191e9a83fd6_e9e,923402239,Canada,British Columbia,"Oregon, Washington, Vancouver Coast and Shelf",Temperate Northern Pacific,Vancouver Island,BMSC28,Swiss Boy,48.92,-125.13,2023-05-18,7.5,RLS,6,10:30:00,,,1,2,Chordata,Actinopterygii,Perciformes,Hexagrammidae,Hexagrammos decagrammus,Hexagrammos decagrammus,20,2,300.0406,POINT (-125.12999725341797 48.91999816894531)
ep_m1_public_data.fid-1acd095e_191e9a83fd6_e9f,923402239,Canada,British Columbia,"Oregon, Washington, Vancouver Coast and Shelf",Temperate Northern Pacific,Vancouver Island,BMSC28,Swiss Boy,48.92,-125.13,2023-05-18,7.5,RLS,6,10:30:00,,,1,2,Chordata,Actinopterygii,Perciformes,Hexagrammidae,Hexagrammos decagrammus,Hexagrammos decagrammus,25,1,232.1561,POINT (-125.12999725341797 48.91999816894531)
ep_m1_public_data.fid-1acd095e_191e9a83fd6_ea0,923402239,Canada,British Columbia,"Oregon, Washington, Vancouver Coast and Shelf",Temperate Northern Pacific,Vancouver Island,BMSC28,Swiss Boy,48.92,-125.13,2023-05-18,7.5,RLS,6,10:30:00,,,1,2,Chordata,Actinopterygii,Perciformes,Hexagrammidae,Hexagrammos decagrammus,Hexagrammos decagrammus,30,3,1032.016,POINT (-125.12999725341797 48.91999816894531)
ep_m1_public_data.fid-1acd095e_191e9a83fd6_ea1,923402239,Canada,British Columbia,"Oregon, Washington, Vancouver Coast and Shelf",Temperate Northern Pacific,Vancouver Island,BMSC28,Swiss Boy,48.92,-125.13,2023-05-18,7.5,RLS,6,10:30:00,,,1,2,Chordata,Actinopterygii,Perciformes,Hexagrammidae,Hexagrammos decagrammus,Hexagrammos decagrammus,35,2,966.613,POINT (-125.12999725341797 48.91999816894531)
ep_m1_public_data.fid-1acd095e_191e9a83fd6_ea2,923402239,Canada,British Columbia,"Oregon, Washington, Vancouver Coast and Shelf",Temperate Northern Pacific,Vancouver Island,BMSC28,Swiss Boy,48.92,-125.13,2023-05-18,7.5,RLS,6,10:30:00,,,1,2,Chordata,Actinopterygii,Scorpaeniformes,Hexagrammidae,Ophiodon elongatus,Ophiodon elongatus,50,1,599.5206,POINT (-125.12999725341797 48.91999816894531)
ep_m1_public_data.fid-1acd095e_191e9a83fd6_ea3,923402239,Canada,British Columbia,"Oregon, Washington, Vancouver Coast and Shelf",Temperate Northern Pacific,Vancouver Island,BMSC28,Swiss Boy,48.92,-125.13,2023-05-18,7.5,RLS,6,10:30:00,,,1,2,Ctenophora,Tentaculata,Lobata,Bolinopsidae,Bolinopsis infundibulum,Bolinopsis infundibulum,0,1,,POINT (-125.12999725341797 48.91999816894531)
ep_m1_public_data.fid-1acd095e_191e9a83fd6_ea4,923400145,Canada,British Columbia,"Oregon, Washington, Vancouver Coast and Shelf",Temperate Northern Pacific,Vancouver Island,BMSC18,Eussen Rock,48.91,-125.27,2021-05-05,7.5,RLS,4,14:45:00,,,1,1,Chordata,Actinopterygii,Perciformes,Hexagrammidae,Hexagrammos decagrammus,Hexagrammos decagrammus,30,1,344.0053,POINT (-125.2699966430664 48.90999984741211)
ep_m1_public_data.fid-1acd095e_191e9a83fd6_ea5,923400145,Canada,British Columbia,"Oregon, Washington, Vancouver Coast and Shelf",Temperate Northern Pacific,Vancouver Island,BMSC18,Eussen Rock,48.91,-125.27,2021-05-05,7.5,RLS,4,14:45:00,,,1,1,Chordata,Actinopterygii,Scorpaeniformes,Hexagrammidae,Oxylebius pictus,Oxylebius pictus,7.5,1,8.931,POINT (-125.2699966430664 48.90999984741211)
ep_m1_public_data.fid-1acd095e_191e9a83fd6_ea6,923400145,Canada,British Columbia,"Oregon, Washington, Vancouver Coast and Shelf",Temperate Northern Pacific,Vancouver Island,BMSC18,Eussen Rock,48.91,-125.27,2021-05-05,7.5,RLS,4,14:45:00,,,1,1,Chordata,Actinopterygii,Scorpaeniformes,Sebastidae,Sebastes flavidus,Sebastes flavidus,20,13,2115.434,POINT (-125.2699966430664 48.90999984741211)
ep_m1_public_data.fid-1acd095e_191e9a83fd6_ea7,923400145,Canada,British Columbia,"Oregon, Washington, Vancouver Coast and Shelf",Temperate Northern Pacific,Vancouver Island,BMSC18,Eussen Rock,48.91,-125.27,2021-05-05,7.5,RLS,4,14:45:00,,,1,1,Chordata,Actinopterygii,Scorpaeniformes,Sebastidae,Sebastes flavidus,Sebastes flavidus,25,33,8263.595,POINT (-125.2699966430664 48.90999984741211)
ep_m1_public_data.fid-1acd095e_191e9a83fd6_ea8,923400145,Canada,British Columbia,"Oregon, Washington, Vancouver Coast and Shelf",Temperate Northern Pacific,Vancouver Island,BMSC18,Eussen Rock,48.91,-125.27,2021-05-05,7.5,RLS,4,14:45:00,,,1,1,Chordata,Actinopterygii,Scorpaeniformes,Sebastidae,Sebastes melanops,Sebastes melanops,15,3,220.4756,POINT (-125.2699966430664 48.90999984741211)
ep_m1_public_data.fid-1acd095e_191e9a83fd6_ea9,923400145,Canada,British Columbia,"Oregon, Washington, Vancouver Coast and Shelf",Temperate Northern Pacific,Vancouver Island,BMSC18,Eussen Rock,48.91,-125.27,2021-05-05,7.5,RLS,4,14:45:00,,,1,1,Chordata,Actinopterygii,Scorpaeniformes,Sebastidae,Sebastes melanops,Sebastes melanops,20,5,813.6285,POINT (-125.2699966430664 48.90999984741211)
ep_m1_public_data.fid-1acd095e_191e9a83fd6_eaa,923400145,Canada,British Columbia,"Oregon, Washington, Vancouver Coast and Shelf",Temperate Northern Pacific,Vancouver Island,BMSC18,Eussen Rock,48.91,-125.27,2021-05-05,7.5,RLS,4,14:45:00,,,1,1,Chordata,Actinopterygii,Scorpaeniformes,Sebastidae,Sebastes nebulosus,Sebastes nebulosus,25,1,250.4119,POINT (-125.2699966430664 48.90999984741211)
ep_m1_public_data.fid-1acd095e_191e9a83fd6_eab,923400145,Canada,British Columbia,"Oregon, Washington, Vancouver Coast and Shelf",Temperate Northern Pacific,Vancouver Island,BMSC18,Eussen Rock,48.91,-125.27,2021-05-05,7.5,RLS,4,14:45:00,,,1,1,Chordata,Actinopterygii,Scorpaeniformes,Sebastidae,Sebastes spp.,Sebastes spp.,10,2,49.0752,POINT (-125.2699966430664 48.90999984741211)
ep_m1_public_data.fid-1acd095e_191e9a83fd6_eac,923400145,Canada,British Columbia,"Oregon, Washington, Vancouver Coast and Shelf",Temperate Northern Pacific,Vancouver Island,BMSC18,Eussen Rock,48.91,-125.27,2021-05-05,7.5,RLS,4,14:45:00,,,1,2,Chordata,Actinopterygii,Perciformes,Gobiidae,Rhinogobiops nicholsii,Rhinogobiops nicholsii,5,6,13.5367,POINT (-125.2699966430664 48.90999984741211)
ep_m1_public_data.fid-1acd095e_191e9a83fd6_ead,923400145,Canada,British Columbia,"Oregon, Washington, Vancouver Coast and Shelf",Temperate Northern Pacific,Vancouver Island,BMSC18,Eussen Rock,48.91,-125.27,2021-05-05,7.5,RLS,4,14:45:00,,,1,2,Chordata,Actinopterygii,Perciformes,Gobiidae,Rhinogobiops nicholsii,Rhinogobiops nicholsii,7.5,19,147.6364,POINT (-125.2699966430664 48.90999984741211)
ep_m1_public_data.fid-1acd095e_191e9a83fd6_eae,923400145,Canada,British Columbia,"Oregon, Washington, Vancouver Coast and Shelf",Temperate Northern Pacific,Vancouver Island,BMSC18,Eussen Rock,48.91,-125.27,2021-05-05,7.5,RLS,4,14:45:00,,,1,2,Chordata,Actinopterygii,Perciformes,Gobiidae,Rhinogobiops nicholsii,Rhinogobiops nicholsii,10,21,392.3939,POINT (-125.2699966430664 48.90999984741211)
ep_m1_public_data.fid-1acd095e_191e9a83fd6_eaf,923400145,Canada,British Columbia,"Oregon, Washington, Vancouver Coast and Shelf",Temperate Northern Pacific,Vancouver Island,BMSC18,Eussen Rock,48.91,-125.27,2021-05-05,7.5,RLS,4,14:45:00,,,1,2,Chordata,Actinopterygii,Perciformes,Hexagrammidae,Hexagrammos decagrammus,Hexagrammos decagrammus,30,2,688.0106,POINT (-125.2699966430664 48.90999984741211)
ep_m1_public_data.fid-1acd095e_191e9a83fd6_eb0,923400145,Canada,British Columbia,"Oregon, Washington, Vancouver Coast and Shelf",Temperate Northern Pacific,Vancouver Island,BMSC18,Eussen Rock,48.91,-125.27,2021-05-05,7.5,RLS,4,14:45:00,,,1,2,Chordata,Actinopterygii,Perciformes,Hexagrammidae,Hexagrammos decagrammus,Hexagrammos decagrammus,35,1,483.3065,POINT (-125.2699966430664 48.90999984741211)
ep_m1_public_data.fid-1acd095e_191e9a83fd6_eb1,923400145,Canada,British Columbia,"Oregon, Washington, Vancouver Coast and Shelf",Temperate Northern Pacific,Vancouver Island,BMSC18,Eussen Rock,48.91,-125.27,2021-05-05,7.5,RLS,4,14:45:00,,,1,2,Chordata,Actinopterygii,Scorpaeniformes,Hexagrammidae,Oxylebius pictus,Oxylebius pictus,12.5,1,42.2005,POINT (-125.2699966430664 48.90999984741211)
ep_m1_public_data.fid-1acd095e_191e9a83fd6_eb2,923400145,Canada,British Columbia,"Oregon, Washington, Vancouver Coast and Shelf",Temperate Northern Pacific,Vancouver Island,BMSC18,Eussen Rock,48.91,-125.27,2021-05-05,7.5,RLS,4,14:45:00,,,1,2,Chordata,Actinopterygii,Scorpaeniformes,Sebastidae,Sebastes flavidus,Sebastes flavidus,12.5,9,377.2276,POINT (-125.2699966430664 48.90999984741211)
ep_m1_public_data.fid-1acd095e_191e9a83fd6_eb3,923400145,Canada,British Columbia,"Oregon, Washington, Vancouver Coast and Shelf",Temperate Northern Pacific,Vancouver Island,BMSC18,Eussen Rock,48.91,-125.27,2021-05-05,7.5,RLS,4,14:45:00,,,1,2,Chordata,Actinopterygii,Scorpaeniformes,Sebastidae,Sebastes flavidus,Sebastes flavidus,15,6,440.9511,POINT (-125.2699966430664 48.90999984741211)
ep_m1_public_data.fid-1acd095e_191e9a83fd6_eb4,923400145,Canada,British Columbia,"Oregon, Washington, Vancouver Coast and Shelf",Temperate Northern Pacific,Vancouver Island,BMSC18,Eussen Rock,48.91,-125.27,2021-05-05,7.5,RLS,4,14:45:00,,,1,2,Chordata,Actinopterygii,Scorpaeniformes,Sebastidae,Sebastes flavidus,Sebastes flavidus,20,3,488.1771,POINT (-125.2699966430664 48.90999984741211)
ep_m1_public_data.fid-1acd095e_191e9a83fd6_eb5,923400145,Canada,British Columbia,"Oregon, Washington, Vancouver Coast and Shelf",Temperate Northern Pacific,Vancouver Island,BMSC18,Eussen Rock,48.91,-125.27,2021-05-05,7.5,RLS,4,14:45:00,,,1,2,Chordata,Actinopterygii,Scorpaeniformes,Sebastidae,Sebastes melanops,Sebastes melanops,5,1,2.4929,POINT (-125.2699966430664 48.90999984741211)
ep_m1_public_data.fid-1acd095e_191e9a83fd6_eb6,923400145,Canada,British Columbia,"Oregon, Washington, Vancouver Coast and Shelf",Temperate Northern Pacific,Vancouver Island,BMSC18,Eussen Rock,48.91,-125.27,2021-05-05,7.5,RLS,4,14:45:00,,,1,2,Chordata,Actinopterygii,Scorpaeniformes,Sebastidae,Sebastes melanops,Sebastes melanops,7.5,2,17.3819,POINT (-125.2699966430664 48.90999984741211)
ep_m1_public_data.fid-1acd095e_191e9a83fd6_eb7,923400145,Canada,British Columbia,"Oregon, Washington, Vancouver Coast and Shelf",Temperate Northern Pacific,Vancouver Island,BMSC18,Eussen Rock,48.91,-125.27,2021-05-05,7.5,RLS,4,14:45:00,,,1,2,Chordata,Actinopterygii,Scorpaeniformes,Sebastidae,Sebastes melanops,Sebastes melanops,10,4,84.3215,POINT (-125.2699966430664 48.90999984741211)
ep_m1_public_data.fid-1acd095e_191e9a83fd6_eb8,923400145,Canada,British Columbia,"Oregon, Washington, Vancouver Coast and Shelf",Temperate Northern Pacific,Vancouver Island,BMSC18,Eussen Rock,48.91,-125.27,2021-05-05,7.5,RLS,4,14:45:00,,,1,2,Chordata,Actinopterygii,Scorpaeniformes,Sebastidae,Sebastes melanops,Sebastes melanops,12.5,2,83.8284,POINT (-125.2699966430664 48.90999984741211)
ep_m1_public_data.fid-1acd095e_191e9a83fd6_eb9,923400145,Canada,British Columbia,"Oregon, Washington, Vancouver Coast and Shelf",Temperate Northern Pacific,Vancouver Island,BMSC18,Eussen Rock,48.91,-125.27,2021-05-05,7.5,RLS,4,14:45:00,,,1,2,Chordata,Actinopterygii,Scorpaeniformes,Sebastidae,Sebastes melanops,Sebastes melanops,15,1,73.4918,POINT (-125.2699966430664 48.90999984741211)
ep_m1_public_data.fid-1acd095e_191e9a83fd6_eba,923400145,Canada,British Columbia,"Oregon, Washington, Vancouver Coast and Shelf",Temperate Northern Pacific,Vancouver Island,BMSC18,Eussen Rock,48.91,-125.27,2021-05-05,7.5,RLS,4,14:45:00,,,1,2,Chordata,Actinopterygii,Scorpaeniformes,Sebastidae,Sebastes melanops,Sebastes melanops,20,2,325.4514,POINT (-125.2699966430664 48.90999984741211)
ep_m1_public_data.fid-1acd095e_191e9a83fd6_ebb,923400145,Canada,British Columbia,"Oregon, Washington, Vancouver Coast and Shelf",Temperate Northern Pacific,Vancouver Island,BMSC18,Eussen Rock,48.91,-125.27,2021-05-05,7.5,RLS,4,14:45:00,,,1,2,Chordata,Actinopterygii,Scorpaeniformes,Sebastidae,Sebastes melanops,Sebastes melanops,25,2,500.8239,POINT (-125.2699966430664 48.90999984741211)
ep_m1_public_data.fid-1acd095e_191e9a83fd6_ebc,923400145,Canada,British Columbia,"Oregon, Washington, Vancouver Coast and Shelf",Temperate Northern Pacific,Vancouver Island,BMSC18,Eussen Rock,48.91,-125.27,2021-05-05,7.5,RLS,4,14:45:00,,,1,2,Chordata,Actinopterygii,Scorpaeniformes,Sebastidae,Sebastes nebulosus,Sebastes nebulosus,10,1,21.0804,POINT (-125.2699966430664 48.90999984741211)
ep_m1_public_data.fid-1acd095e_191e9a83fd6_ebd,923400145,Canada,British Columbia,"Oregon, Washington, Vancouver Coast and Shelf",Temperate Northern Pacific,Vancouver Island,BMSC18,Eussen Rock,48.91,-125.27,2021-05-05,7.5,RLS,4,14:45:00,,,1,2,Chordata,Actinopterygii,Scorpaeniformes,Sebastidae,Sebastes nebulosus,Sebastes nebulosus,20,1,162.7257,POINT (-125.2699966430664 48.90999984741211)
ep_m1_public_data.fid-1acd095e_191e9a83fd6_ebe,923400145,Canada,British Columbia,"Oregon, Washington, Vancouver Coast and Shelf",Temperate Northern Pacific,Vancouver Island,BMSC18,Eussen Rock,48.91,-125.27,2021-05-05,7.5,RLS,4,14:45:00,,,1,2,Chordata,Actinopterygii,Scorpaeniformes,Sebastidae,Sebastes nebulosus,Sebastes nebulosus,25,2,500.8239,POINT (-125.2699966430664 48.90999984741211)
ep_m1_public_data.fid-1acd095e_191e9a83fd6_ebf,923400145,Canada,British Columbia,"Oregon, Washington, Vancouver Coast and Shelf",Temperate Northern Pacific,Vancouver Island,BMSC18,Eussen Rock,48.91,-125.27,2021-05-05,7.5,RLS,4,14:45:00,,,1,2,Chordata,Actinopterygii,Scorpaeniformes,Sebastidae,Sebastes nebulosus,Sebastes nebulosus,30,2,738.381,POINT (-125.2699966430664 48.90999984741211)
ep_m1_public_data.fid-1acd095e_191e9a83fd6_ec0,923400145,Canada,British Columbia,"Oregon, Washington, Vancouver Coast and Shelf",Temperate Northern Pacific,Vancouver Island,BMSC18,Eussen Rock,48.91,-125.27,2021-05-05,7.5,RLS,4,14:45:00,,,1,2,Chordata,Actinopterygii,Scorpaeniformes,Sebastidae,Sebastes spp.,Sebastes spp.,5,1,3.0672,POINT (-125.2699966430664 48.90999984741211)
ep_m1_public_data.fid-1acd095e_191e9a83fd6_ec1,923400145,Canada,British Columbia,"Oregon, Washington, Vancouver Coast and Shelf",Temperate Northern Pacific,Vancouver Island,BMSC18,Eussen Rock,48.91,-125.27,2021-05-05,7.5,RLS,4,14:45:00,,,1,2,Chordata,Actinopterygii,Scorpaeniformes,Sebastidae,Sebastes spp.,Sebastes spp.,7.5,5,51.759,POINT (-125.2699966430664 48.90999984741211)
ep_m1_public_data.fid-1acd095e_191e9a83fd6_ec2,923401196,Canada,British Columbia,"Oregon, Washington, Vancouver Coast and Shelf",Temperate Northern Pacific,Vancouver Island,BMSC18,Eussen Rock,48.91,-125.27,2022-04-27,7.5,RLS,2,14:40:00,,,1,2,Chordata,Actinopterygii,Perciformes,Hexagrammidae,Hexagrammos decagrammus,Hexagrammos decagrammus,35,1,483.3065,POINT (-125.2699966430664 48.90999984741211)
ep_m1_public_data.fid-1acd095e_191e9a83fd6_ec3,923401196,Canada,British Columbia,"Oregon, Washington, Vancouver Coast and Shelf",Temperate Northern Pacific,Vancouver Island,BMSC18,Eussen Rock,48.91,-125.27,2022-04-27,7.5,RLS,2,14:40:00,,,1,2,Chordata,Actinopterygii,Perciformes,Hexagrammidae,Hexagrammos decagrammus,Hexagrammos decagrammus,40,1,619.0955,POINT (-125.2699966430664 48.90999984741211)
ep_m1_public_data.fid-1acd095e_191e9a83fd6_ec4,923401196,Canada,British Columbia,"Oregon, Washington, Vancouver Coast and Shelf",Temperate Northern Pacific,Vancouver Island,BMSC18,Eussen Rock,48.91,-125.27,2022-04-27,7.5,RLS,2,14:40:00,,,1,2,Chordata,Actinopterygii,Scorpaeniformes,Sebastidae,Sebastes flavidus,Sebastes flavidus,25,2,500.8239,POINT (-125.2699966430664 48.90999984741211)
ep_m1_public_data.fid-1acd095e_191e9a83fd6_ec5,923401196,Canada,British Columbia,"Oregon, Washington, Vancouver Coast and Shelf",Temperate Northern Pacific,Vancouver Island,BMSC18,Eussen Rock,48.91,-125.27,2022-04-27,7.5,RLS,2,14:40:00,,,1,2,Chordata,Actinopterygii,Scorpaeniformes,Sebastidae,Sebastes flavidus,Sebastes flavidus,30,2,738.381,POINT (-125.2699966430664 48.90999984741211)
ep_m1_public_data.fid-1acd095e_191e9a83fd6_ec6,923401196,Canada,British Columbia,"Oregon, Washington, Vancouver Coast and Shelf",Temperate Northern Pacific,Vancouver Island,BMSC18,Eussen Rock,48.91,-125.27,2022-04-27,7.5,RLS,2,14:40:00,,,1,2,Chordata,Actinopterygii,Scorpaeniformes,Sebastidae,Sebastes flavidus,Sebastes flavidus,35,3,1549.3024,POINT (-125.2699966430664 48.90999984741211)
ep_m1_public_data.fid-1acd095e_191e9a83fd6_ec7,923401196,Canada,British Columbia,"Oregon, Washington, Vancouver Coast and Shelf",Temperate Northern Pacific,Vancouver Island,BMSC18,Eussen Rock,48.91,-125.27,2022-04-27,7.5,RLS,2,14:40:00,,,1,2,Chordata,Actinopterygii,Scorpaeniformes,Sebastidae,Sebastes flavidus,Sebastes flavidus,40,5,3297.1702,POINT (-125.2699966430664 48.90999984741211)
ep_m1_public_data.fid-1acd095e_191e9a83fd6_ec8,923401196,Canada,British Columbia,"Oregon, Washington, Vancouver Coast and Shelf",Temperate Northern Pacific,Vancouver Island,BMSC18,Eussen Rock,48.91,-125.27,2022-04-27,7.5,RLS,2,14:40:00,,,1,2,Chordata,Actinopterygii,Scorpaeniformes,Sebastidae,Sebastes melanops,Sebastes melanops,20,1,162.7257,POINT (-125.2699966430664 48.90999984741211)
ep_m1_public_data.fid-1acd095e_191e9a83fd6_ec9,923401196,Canada,British Columbia,"Oregon, Washington, Vancouver Coast and Shelf",Temperate Northern Pacific,Vancouver Island,BMSC18,Eussen Rock,48.91,-125.27,2022-04-27,7.5,RLS,2,14:40:00,,,1,2,Chordata,Actinopterygii,Scorpaeniformes,Sebastidae,Sebastes melanops,Sebastes melanops,25,2,500.8239,POINT (-125.2699966430664 48.90999984741211)
ep_m1_public_data.fid-1acd095e_191e9a83fd6_eca,923401196,Canada,British Columbia,"Oregon, Washington, Vancouver Coast and Shelf",Temperate Northern Pacific,Vancouver Island,BMSC18,Eussen Rock,48.91,-125.27,2022-04-27,7.5,RLS,2,14:40:00,,,1,2,Chordata,Actinopterygii,Scorpaeniformes,Sebastidae,Sebastes melanops,Sebastes melanops,30,1,369.1905,POINT (-125.2699966430664 48.90999984741211)
ep_m1_public_data.fid-1acd095e_191e9a83fd6_ecb,923401196,Canada,British Columbia,"Oregon, Washington, Vancouver Coast and Shelf",Temperate Northern Pacific,Vancouver Island,BMSC18,Eussen Rock,48.91,-125.27,2022-04-27,7.5,RLS,2,14:40:00,,,1,2,Chordata,Actinopterygii,Scorpaeniformes,Sebastidae,Sebastes nebulosus,Sebastes nebulosus,30,1,369.1905,POINT (-125.2699966430664 48.90999984741211)
ep_m1_public_data.fid-1acd095e_191e9a83fd6_ecc,923401196,Canada,British Columbia,"Oregon, Washington, Vancouver Coast and Shelf",Temperate Northern Pacific,Vancouver Island,BMSC18,Eussen Rock,48.91,-125.27,2022-04-27,7.5,RLS,2,14:40:00,,,1,2,Chordata,Actinopterygii,Scorpaeniformes,Sebastidae,Sebastes nebulosus,Sebastes nebulosus,35,1,516.4341,POINT (-125.2699966430664 48.90999984741211)
ep_m1_public_data.fid-1acd095e_191e9a83fd6_ecd,923401196,Canada,British Columbia,"Oregon, Washington, Vancouver Coast and Shelf",Temperate Northern Pacific,Vancouver Island,BMSC18,Eussen Rock,48.91,-125.27,2022-04-27,7.5,RLS,2,14:40:00,,,1,1,Chordata,Actinopterygii,Perciformes,Gobiidae,Rhinogobiops nicholsii,Rhinogobiops nicholsii,7.5,2,15.5407,POINT (-125.2699966430664 48.90999984741211)
ep_m1_public_data.fid-1acd095e_191e9a83fd6_ece,923401196,Canada,British Columbia,"Oregon, Washington, Vancouver Coast and Shelf",Temperate Northern Pacific,Vancouver Island,BMSC18,Eussen Rock,48.91,-125.27,2022-04-27,7.5,RLS,2,14:40:00,,,1,1,Chordata,Actinopterygii,Perciformes,Gobiidae,Rhinogobiops nicholsii,Rhinogobiops nicholsii,10,5,93.4271,POINT (-125.2699966430664 48.90999984741211)
ep_m1_public_data.fid-1acd095e_191e9a83fd6_ecf,923401196,Canada,British Columbia,"Oregon, Washington, Vancouver Coast and Shelf",Temperate Northern Pacific,Vancouver Island,BMSC18,Eussen Rock,48.91,-125.27,2022-04-27,7.5,RLS,2,14:40:00,,,1,1,Chordata,Actinopterygii,Perciformes,Gobiidae,Rhinogobiops nicholsii,Rhinogobiops nicholsii,12.5,2,73.8089,POINT (-125.2699966430664 48.90999984741211)
ep_m1_public_data.fid-1acd095e_191e9a83fd6_ed0,923401196,Canada,British Columbia,"Oregon, Washington, Vancouver Coast and Shelf",Temperate Northern Pacific,Vancouver Island,BMSC18,Eussen Rock,48.91,-125.27,2022-04-27,7.5,RLS,2,14:40:00,,,1,1,Chordata,Actinopterygii,Perciformes,Hexagrammidae,Hexagrammos decagrammus,Hexagrammos decagrammus,35,1,483.3065,POINT (-125.2699966430664 48.90999984741211)
ep_m1_public_data.fid-1acd095e_191e9a83fd6_ed1,923401196,Canada,British Columbia,"Oregon, Washington, Vancouver Coast and Shelf",Temperate Northern Pacific,Vancouver Island,BMSC18,Eussen Rock,48.91,-125.27,2022-04-27,7.5,RLS,2,14:40:00,,,1,1,Chordata,Actinopterygii,Perciformes,Hexagrammidae,Hexagrammos decagrammus,Hexagrammos decagrammus,50,1,1252.5757,POINT (-125.2699966430664 48.90999984741211)
ep_m1_public_data.fid-1acd095e_191e9a83fd6_ed2,923401196,Canada,British Columbia,"Oregon, Washington, Vancouver Coast and Shelf",Temperate Northern Pacific,Vancouver Island,BMSC18,Eussen Rock,48.91,-125.27,2022-04-27,7.5,RLS,2,14:40:00,,,1,1,Chordata,Actinopterygii,Scorpaeniformes,Sebastidae,Sebastes caurinus,Sebastes caurinus,15,1,73.4918,POINT (-125.2699966430664 48.90999984741211)
ep_m1_public_data.fid-1acd095e_191e9a83fd6_ed3,923401196,Canada,British Columbia,"Oregon, Washington, Vancouver Coast and Shelf",Temperate Northern Pacific,Vancouver Island,BMSC18,Eussen Rock,48.91,-125.27,2022-04-27,7.5,RLS,2,14:40:00,,,1,1,Chordata,Actinopterygii,Scorpaeniformes,Sebastidae,Sebastes flavidus,Sebastes flavidus,25,2,500.8239,POINT (-125.2699966430664 48.90999984741211)
ep_m1_public_data.fid-1acd095e_191e9a83fd6_ed4,923401196,Canada,British Columbia,"Oregon, Washington, Vancouver Coast and Shelf",Temperate Northern Pacific,Vancouver Island,BMSC18,Eussen Rock,48.91,-125.27,2022-04-27,7.5,RLS,2,14:40:00,,,1,1,Chordata,Actinopterygii,Scorpaeniformes,Sebastidae,Sebastes flavidus,Sebastes flavidus,30,4,1476.762,POINT (-125.2699966430664 48.90999984741211)
ep_m1_public_data.fid-1acd095e_191e9a83fd6_ed5,923401196,Canada,British Columbia,"Oregon, Washington, Vancouver Coast and Shelf",Temperate Northern Pacific,Vancouver Island,BMSC18,Eussen Rock,48.91,-125.27,2022-04-27,7.5,RLS,2,14:40:00,,,1,1,Chordata,Actinopterygii,Scorpaeniformes,Sebastidae,Sebastes flavidus,Sebastes flavidus,35,2,1032.8683,POINT (-125.2699966430664 48.90999984741211)
ep_m1_public_data.fid-1acd095e_191e9a83fd6_ed6,923401196,Canada,British Columbia,"Oregon, Washington, Vancouver Coast and Shelf",Temperate Northern Pacific,Vancouver Island,BMSC18,Eussen Rock,48.91,-125.27,2022-04-27,7.5,RLS,2,14:40:00,,,1,1,Chordata,Actinopterygii,Scorpaeniformes,Sebastidae,Sebastes flavidus,Sebastes flavidus,62.5,1,2628.9167,POINT (-125.2699966430664 48.90999984741211)
ep_m1_public_data.fid-1acd095e_191e9a83fd6_ed7,923401196,Canada,British Columbia,"Oregon, Washington, Vancouver Coast and Shelf",Temperate Northern Pacific,Vancouver Island,BMSC18,Eussen Rock,48.91,-125.27,2022-04-27,7.5,RLS,2,14:40:00,,,1,1,Chordata,Actinopterygii,Scorpaeniformes,Sebastidae,Sebastes nebulosus,Sebastes nebulosus,25,1,250.4119,POINT (-125.2699966430664 48.90999984741211)
ep_m1_public_data.fid-1acd095e_191e9a83fd6_ed8,923401196,Canada,British Columbia,"Oregon, Washington, Vancouver Coast and Shelf",Temperate Northern Pacific,Vancouver Island,BMSC18,Eussen Rock,48.91,-125.27,2022-04-27,7.5,RLS,2,14:40:00,,,1,1,Chordata,Actinopterygii,Scorpaeniformes,Sebastidae,Sebastes nebulosus,Sebastes nebulosus,30,1,369.1905,POINT (-125.2699966430664 48.90999984741211)
ep_m1_public_data.fid-1acd095e_191e9a83fd6_ed9,923401196,Canada,British Columbia,"Oregon, Washington, Vancouver Coast and Shelf",Temperate Northern Pacific,Vancouver Island,BMSC18,Eussen Rock,48.91,-125.27,2022-04-27,7.5,RLS,2,14:40:00,,,1,1,Chordata,Actinopterygii,Scorpaeniformes,Sebastidae,Sebastes spp.,Sebastes spp.,7.5,1,10.3518,POINT (-125.2699966430664 48.90999984741211)
ep_m1_public_data.fid-1acd095e_191e9a83fd6_eda,923401196,Canada,British Columbia,"Oregon, Washington, Vancouver Coast and Shelf",Temperate Northern Pacific,Vancouver Island,BMSC18,Eussen Rock,48.91,-125.27,2022-04-27,7.5,RLS,2,14:40:00,,,1,1,Chordata,Actinopterygii,Scorpaeniformes,Sebastidae,Sebastes spp.,Sebastes spp.,10,1,24.5376,POINT (-125.2699966430664 48.90999984741211)
ep_m1_public_data.fid-1acd095e_191e9a83fd6_edb,923401196,Canada,British Columbia,"Oregon, Washington, Vancouver Coast and Shelf",Temperate Northern Pacific,Vancouver Island,BMSC18,Eussen Rock,48.91,-125.27,2022-04-27,7.5,RLS,2,14:40:00,,,1,1,Chordata,Actinopterygii,Scorpaeniformes,Sebastidae,Sebastes spp.,Sebastes spp.,12.5,1,47.925,POINT (-125.2699966430664 48.90999984741211)
ep_m1_public_data.fid-1acd095e_191e9a83fd6_edc,923402222,Canada,British Columbia,"Oregon, Washington, Vancouver Coast and Shelf",Temperate Northern Pacific,Vancouver Island,BMSC26,Hosie South,48.91,-125.04,2023-05-19,9.5,RLS,4,10:22:00,,,1,2,Chordata,Actinopterygii,Perciformes,Embiotocidae,Brachyistius frenatus,Brachyistius frenatus,7.5,2,21.4747,POINT (-125.04000091552734 48.90999984741211)
ep_m1_public_data.fid-1acd095e_191e9a83fd6_edd,923402222,Canada,British Columbia,"Oregon, Washington, Vancouver Coast and Shelf",Temperate Northern Pacific,Vancouver Island,BMSC26,Hosie South,48.91,-125.04,2023-05-19,9.5,RLS,4,10:22:00,,,1,2,Chordata,Actinopterygii,Perciformes,Embiotocidae,Brachyistius frenatus,Brachyistius frenatus,10,1,25.746,POINT (-125.04000091552734 48.90999984741211)
ep_m1_public_data.fid-1acd095e_191e9a83fd6_ede,923402222,Canada,British Columbia,"Oregon, Washington, Vancouver Coast and Shelf",Temperate Northern Pacific,Vancouver Island,BMSC26,Hosie South,48.91,-125.04,2023-05-19,9.5,RLS,4,10:22:00,,,1,2,Chordata,Actinopterygii,Perciformes,Gobiidae,Rhinogobiops nicholsii,Rhinogobiops nicholsii,10,2,37.3708,POINT (-125.04000091552734 48.90999984741211)
ep_m1_public_data.fid-1acd095e_191e9a83fd6_edf,923402222,Canada,British Columbia,"Oregon, Washington, Vancouver Coast and Shelf",Temperate Northern Pacific,Vancouver Island,BMSC26,Hosie South,48.91,-125.04,2023-05-19,9.5,RLS,4,10:22:00,,,1,2,Chordata,Actinopterygii,Perciformes,Hexagrammidae,Hexagrammos decagrammus,Hexagrammos decagrammus,25,2,464.3122,POINT (-125.04000091552734 48.90999984741211)
ep_m1_public_data.fid-1acd095e_191e9a83fd6_ee0,923402222,Canada,British Columbia,"Oregon, Washington, Vancouver Coast and Shelf",Temperate Northern Pacific,Vancouver Island,BMSC26,Hosie South,48.91,-125.04,2023-05-19,9.5,RLS,4,10:22:00,,,1,2,Chordata,Actinopterygii,Scorpaeniformes,Sebastidae,Sebastes caurinus,Sebastes caurinus,20,1,162.7257,POINT (-125.04000091552734 48.90999984741211)
ep_m1_public_data.fid-1acd095e_191e9a83fd6_ee1,923402222,Canada,British Columbia,"Oregon, Washington, Vancouver Coast and Shelf",Temperate Northern Pacific,Vancouver Island,BMSC26,Hosie South,48.91,-125.04,2023-05-19,9.5,RLS,4,10:22:00,,,1,2,Chordata,Actinopterygii,Scorpaeniformes,Sebastidae,Sebastes melanops,Sebastes melanops,12.5,1,41.9142,POINT (-125.04000091552734 48.90999984741211)
ep_m1_public_data.fid-1acd095e_191e9a83fd6_ee2,923402222,Canada,British Columbia,"Oregon, Washington, Vancouver Coast and Shelf",Temperate Northern Pacific,Vancouver Island,BMSC26,Hosie South,48.91,-125.04,2023-05-19,9.5,RLS,4,10:22:00,,,1,2,Chordata,Actinopterygii,Scorpaeniformes,Sebastidae,Sebastes melanops,Sebastes melanops,15,5,367.4593,POINT (-125.04000091552734 48.90999984741211)
ep_m1_public_data.fid-1acd095e_191e9a83fd6_ee3,923402222,Canada,British Columbia,"Oregon, Washington, Vancouver Coast and Shelf",Temperate Northern Pacific,Vancouver Island,BMSC26,Hosie South,48.91,-125.04,2023-05-19,9.5,RLS,4,10:22:00,,,1,2,Chordata,Actinopterygii,Scorpaeniformes,Sebastidae,Sebastes melanops,Sebastes melanops,20,3,488.1771,POINT (-125.04000091552734 48.90999984741211)
ep_m1_public_data.fid-1acd095e_191e9a83fd6_ee4,923402222,Canada,British Columbia,"Oregon, Washington, Vancouver Coast and Shelf",Temperate Northern Pacific,Vancouver Island,BMSC26,Hosie South,48.91,-125.04,2023-05-19,9.5,RLS,4,10:22:00,,,1,1,Chordata,Actinopterygii,Perciformes,Gobiidae,Rhinogobiops nicholsii,Rhinogobiops nicholsii,7.5,1,7.7703,POINT (-125.04000091552734 48.90999984741211)
ep_m1_public_data.fid-1acd095e_191e9a83fd6_ee5,923402222,Canada,British Columbia,"Oregon, Washington, Vancouver Coast and Shelf",Temperate Northern Pacific,Vancouver Island,BMSC26,Hosie South,48.91,-125.04,2023-05-19,9.5,RLS,4,10:22:00,,,1,1,Chordata,Actinopterygii,Perciformes,Hexagrammidae,Hexagrammos decagrammus,Hexagrammos decagrammus,20,1,150.0203,POINT (-125.04000091552734 48.90999984741211)
ep_m1_public_data.fid-1acd095e_191e9a83fd6_ee6,923402229,Canada,British Columbia,"Oregon, Washington, Vancouver Coast and Shelf",Temperate Northern Pacific,Vancouver Island,BMSC26,Hosie South,48.91,-125.04,2023-05-19,10,RLS,3,10:17:00,,,1,1,Chordata,Actinopterygii,Gasterosteiformes,Aulorhynchidae,Aulorhynchus flavidus,Aulorhynchus flavidus,12.5,20,259.3923,POINT (-125.04000091552734 48.90999984741211)
ep_m1_public_data.fid-1acd095e_191e9a83fd6_ee7,923402229,Canada,British Columbia,"Oregon, Washington, Vancouver Coast and Shelf",Temperate Northern Pacific,Vancouver Island,BMSC26,Hosie South,48.91,-125.04,2023-05-19,10,RLS,3,10:17:00,,,1,1,Chordata,Actinopterygii,Perciformes,Hexagrammidae,Hexagrammos decagrammus,Hexagrammos decagrammus,25,1,232.1561,POINT (-125.04000091552734 48.90999984741211)
ep_m1_public_data.fid-1acd095e_191e9a83fd6_ee8,923402229,Canada,British Columbia,"Oregon, Washington, Vancouver Coast and Shelf",Temperate Northern Pacific,Vancouver Island,BMSC26,Hosie South,48.91,-125.04,2023-05-19,10,RLS,3,10:17:00,,,1,1,Chordata,Actinopterygii,Scorpaeniformes,Sebastidae,Sebastes melanops,Sebastes melanops,15,3,220.4756,POINT (-125.04000091552734 48.90999984741211)
ep_m1_public_data.fid-1acd095e_191e9a83fd6_ee9,923402229,Canada,British Columbia,"Oregon, Washington, Vancouver Coast and Shelf",Temperate Northern Pacific,Vancouver Island,BMSC26,Hosie South,48.91,-125.04,2023-05-19,10,RLS,3,10:17:00,,,1,1,Chordata,Actinopterygii,Scorpaeniformes,Sebastidae,Sebastes melanops,Sebastes melanops,20,3,488.1771,POINT (-125.04000091552734 48.90999984741211)
ep_m1_public_data.fid-1acd095e_191e9a83fd6_eea,923402229,Canada,British Columbia,"Oregon, Washington, Vancouver Coast and Shelf",Temperate Northern Pacific,Vancouver Island,BMSC26,Hosie South,48.91,-125.04,2023-05-19,10,RLS,3,10:17:00,,,1,2,Chordata,Actinopterygii,Gasterosteiformes,Aulorhynchidae,Aulorhynchus flavidus,Aulorhynchus flavidus,10,2,12.8724,POINT (-125.04000091552734 48.90999984741211)
ep_m1_public_data.fid-1acd095e_191e9a83fd6_eeb,923402229,Canada,British Columbia,"Oregon, Washington, Vancouver Coast and Shelf",Temperate Northern Pacific,Vancouver Island,BMSC26,Hosie South,48.91,-125.04,2023-05-19,10,RLS,3,10:17:00,,,1,2,Chordata,Actinopterygii,Perciformes,Embiotocidae,Embiotoca lateralis,Embiotoca lateralis,15,1,120.4819,POINT (-125.04000091552734 48.90999984741211)
ep_m1_public_data.fid-1acd095e_191e9a83fd6_eec,923402229,Canada,British Columbia,"Oregon, Washington, Vancouver Coast and Shelf",Temperate Northern Pacific,Vancouver Island,BMSC26,Hosie South,48.91,-125.04,2023-05-19,10,RLS,3,10:17:00,,,1,2,Chordata,Actinopterygii,Perciformes,Embiotocidae,Rhacochilus vacca,Rhacochilus vacca,10,1,35.41,POINT (-125.04000091552734 48.90999984741211)
ep_m1_public_data.fid-1acd095e_191e9a83fd6_eed,923402229,Canada,British Columbia,"Oregon, Washington, Vancouver Coast and Shelf",Temperate Northern Pacific,Vancouver Island,BMSC26,Hosie South,48.91,-125.04,2023-05-19,10,RLS,3,10:17:00,,,1,2,Chordata,Actinopterygii,Perciformes,Embiotocidae,Rhacochilus vacca,Rhacochilus vacca,12.5,1,69.4696,POINT (-125.04000091552734 48.90999984741211)
ep_m1_public_data.fid-1acd095e_191e9a83fd6_eee,923402229,Canada,British Columbia,"Oregon, Washington, Vancouver Coast and Shelf",Temperate Northern Pacific,Vancouver Island,BMSC26,Hosie South,48.91,-125.04,2023-05-19,10,RLS,3,10:17:00,,,1,2,Chordata,Actinopterygii,Perciformes,Embiotocidae,Rhacochilus vacca,Rhacochilus vacca,15,1,120.4819,POINT (-125.04000091552734 48.90999984741211)
ep_m1_public_data.fid-1acd095e_191e9a83fd6_eef,923402229,Canada,British Columbia,"Oregon, Washington, Vancouver Coast and Shelf",Temperate Northern Pacific,Vancouver Island,BMSC26,Hosie South,48.91,-125.04,2023-05-19,10,RLS,3,10:17:00,,,1,2,Chordata,Actinopterygii,Perciformes,Embiotocidae,Rhacochilus vacca,Rhacochilus vacca,20,1,262.672,POINT (-125.04000091552734 48.90999984741211)
ep_m1_public_data.fid-1acd095e_191e9a83fd6_ef0,923402229,Canada,British Columbia,"Oregon, Washington, Vancouver Coast and Shelf",Temperate Northern Pacific,Vancouver Island,BMSC26,Hosie South,48.91,-125.04,2023-05-19,10,RLS,3,10:17:00,,,1,2,Chordata,Actinopterygii,Perciformes,Gobiidae,Rhinogobiops nicholsii,Rhinogobiops nicholsii,7.5,1,7.7703,POINT (-125.04000091552734 48.90999984741211)
ep_m1_public_data.fid-1acd095e_191e9a83fd6_ef1,923402229,Canada,British Columbia,"Oregon, Washington, Vancouver Coast and Shelf",Temperate Northern Pacific,Vancouver Island,BMSC26,Hosie South,48.91,-125.04,2023-05-19,10,RLS,3,10:17:00,,,1,2,Chordata,Actinopterygii,Perciformes,Gobiidae,Rhinogobiops nicholsii,Rhinogobiops nicholsii,10,2,37.3708,POINT (-125.04000091552734 48.90999984741211)
ep_m1_public_data.fid-1acd095e_191e9a83fd6_ef2,923402229,Canada,British Columbia,"Oregon, Washington, Vancouver Coast and Shelf",Temperate Northern Pacific,Vancouver Island,BMSC26,Hosie South,48.91,-125.04,2023-05-19,10,RLS,3,10:17:00,,,1,2,Chordata,Actinopterygii,Perciformes,Hexagrammidae,Hexagrammos decagrammus,Hexagrammos decagrammus,30,1,344.0053,POINT (-125.04000091552734 48.90999984741211)
ep_m1_public_data.fid-1acd095e_191e9a83fd6_ef3,923402229,Canada,British Columbia,"Oregon, Washington, Vancouver Coast and Shelf",Temperate Northern Pacific,Vancouver Island,BMSC26,Hosie South,48.91,-125.04,2023-05-19,10,RLS,3,10:17:00,,,1,2,Chordata,Actinopterygii,Scorpaeniformes,Sebastidae,Sebastes melanops,Sebastes melanops,12.5,2,83.8284,POINT (-125.04000091552734 48.90999984741211)
ep_m1_public_data.fid-1acd095e_191e9a83fd6_ef4,923402229,Canada,British Columbia,"Oregon, Washington, Vancouver Coast and Shelf",Temperate Northern Pacific,Vancouver Island,BMSC26,Hosie South,48.91,-125.04,2023-05-19,10,RLS,3,10:17:00,,,1,2,Chordata,Actinopterygii,Scorpaeniformes,Sebastidae,Sebastes melanops,Sebastes melanops,15,8,587.9348,POINT (-125.04000091552734 48.90999984741211)
ep_m1_public_data.fid-1acd095e_191e9a83fd6_ef5,923402229,Canada,British Columbia,"Oregon, Washington, Vancouver Coast and Shelf",Temperate Northern Pacific,Vancouver Island,BMSC26,Hosie South,48.91,-125.04,2023-05-19,10,RLS,3,10:17:00,,,1,2,Chordata,Actinopterygii,Scorpaeniformes,Sebastidae,Sebastes melanops,Sebastes melanops,20,7,1139.0798,POINT (-125.04000091552734 48.90999984741211)
ep_m1_public_data.fid-1acd095e_191e9a83fd6_ef6,923402229,Canada,British Columbia,"Oregon, Washington, Vancouver Coast and Shelf",Temperate Northern Pacific,Vancouver Island,BMSC26,Hosie South,48.91,-125.04,2023-05-19,10,RLS,3,10:17:00,,,1,2,Chordata,Actinopterygii,Scorpaeniformes,Sebastidae,Sebastes melanops,Sebastes melanops,25,1,250.4119,POINT (-125.04000091552734 48.90999984741211)
ep_m1_public_data.fid-1acd095e_191e9a83fd6_ef7,923402229,Canada,British Columbia,"Oregon, Washington, Vancouver Coast and Shelf",Temperate Northern Pacific,Vancouver Island,BMSC26,Hosie South,48.91,-125.04,2023-05-19,10,RLS,3,10:17:00,,,1,2,Ctenophora,Tentaculata,Lobata,Bolinopsidae,Bolinopsis infundibulum,Bolinopsis infundibulum,0,1,,POINT (-125.04000091552734 48.90999984741211)
ep_m1_public_data.fid-1acd095e_191e9a83fd6_ef8,923400144,Canada,British Columbia,"Oregon, Washington, Vancouver Coast and Shelf",Temperate Northern Pacific,Vancouver Island,BMSC9,Eagle Bay,48.83,-125.15,2021-04-30,6,RLS,3,10:30:00,,,1,1,Chordata,Actinopterygii,Perciformes,Gobiidae,Rhinogobiops nicholsii,Rhinogobiops nicholsii,10,1,18.6854,POINT (-125.1500015258789 48.83000183105469)
ep_m1_public_data.fid-1acd095e_191e9a83fd6_ef9,923400144,Canada,British Columbia,"Oregon, Washington, Vancouver Coast and Shelf",Temperate Northern Pacific,Vancouver Island,BMSC9,Eagle Bay,48.83,-125.15,2021-04-30,6,RLS,3,10:30:00,,,1,1,Chordata,Actinopterygii,Perciformes,Hexagrammidae,Hexagrammos decagrammus,Hexagrammos decagrammus,15,2,134.1157,POINT (-125.1500015258789 48.83000183105469)
ep_m1_public_data.fid-1acd095e_191e9a83fd6_efa,923400144,Canada,British Columbia,"Oregon, Washington, Vancouver Coast and Shelf",Temperate Northern Pacific,Vancouver Island,BMSC9,Eagle Bay,48.83,-125.15,2021-04-30,6,RLS,3,10:30:00,,,1,1,Chordata,Actinopterygii,Perciformes,Hexagrammidae,Hexagrammos decagrammus,Hexagrammos decagrammus,20,2,300.0406,POINT (-125.1500015258789 48.83000183105469)
ep_m1_public_data.fid-1acd095e_191e9a83fd6_efb,923400144,Canada,British Columbia,"Oregon, Washington, Vancouver Coast and Shelf",Temperate Northern Pacific,Vancouver Island,BMSC9,Eagle Bay,48.83,-125.15,2021-04-30,6,RLS,3,10:30:00,,,1,1,Chordata,Actinopterygii,Perciformes,Hexagrammidae,Hexagrammos decagrammus,Hexagrammos decagrammus,30,1,344.0053,POINT (-125.1500015258789 48.83000183105469)
ep_m1_public_data.fid-1acd095e_191e9a83fd6_efc,923400144,Canada,British Columbia,"Oregon, Washington, Vancouver Coast and Shelf",Temperate Northern Pacific,Vancouver Island,BMSC9,Eagle Bay,48.83,-125.15,2021-04-30,6,RLS,3,10:30:00,,,1,1,Chordata,Actinopterygii,Scorpaeniformes,Hexagrammidae,Oxylebius pictus,Oxylebius pictus,10,1,21.4147,POINT (-125.1500015258789 48.83000183105469)
ep_m1_public_data.fid-1acd095e_191e9a83fd6_efd,923400144,Canada,British Columbia,"Oregon, Washington, Vancouver Coast and Shelf",Temperate Northern Pacific,Vancouver Island,BMSC9,Eagle Bay,48.83,-125.15,2021-04-30,6,RLS,3,10:30:00,,,1,1,Chordata,Actinopterygii,Scorpaeniformes,Sebastidae,Sebastes flavidus,Sebastes flavidus,12.5,1,41.9142,POINT (-125.1500015258789 48.83000183105469)
ep_m1_public_data.fid-1acd095e_191e9a83fd6_efe,923400144,Canada,British Columbia,"Oregon, Washington, Vancouver Coast and Shelf",Temperate Northern Pacific,Vancouver Island,BMSC9,Eagle Bay,48.83,-125.15,2021-04-30,6,RLS,3,10:30:00,,,1,1,Chordata,Actinopterygii,Scorpaeniformes,Sebastidae,Sebastes melanops,Sebastes melanops,10,1,21.0804,POINT (-125.1500015258789 48.83000183105469)
ep_m1_public_data.fid-1acd095e_191e9a83fd6_eff,923400144,Canada,British Columbia,"Oregon, Washington, Vancouver Coast and Shelf",Temperate Northern Pacific,Vancouver Island,BMSC9,Eagle Bay,48.83,-125.15,2021-04-30,6,RLS,3,10:30:00,,,1,1,Chordata,Actinopterygii,Scorpaeniformes,Sebastidae,Sebastes melanops,Sebastes melanops,15,3,220.4756,POINT (-125.1500015258789 48.83000183105469)
ep_m1_public_data.fid-1acd095e_191e9a83fd6_f00,923400144,Canada,British Columbia,"Oregon, Washington, Vancouver Coast and Shelf",Temperate Northern Pacific,Vancouver Island,BMSC9,Eagle Bay,48.83,-125.15,2021-04-30,6,RLS,3,10:30:00,,,1,1,Chordata,Actinopterygii,Scorpaeniformes,Sebastidae,Sebastes melanops,Sebastes melanops,20,1,162.7257,POINT (-125.1500015258789 48.83000183105469)
ep_m1_public_data.fid-1acd095e_191e9a83fd6_f01,923400144,Canada,British Columbia,"Oregon, Washington, Vancouver Coast and Shelf",Temperate Northern Pacific,Vancouver Island,BMSC9,Eagle Bay,48.83,-125.15,2021-04-30,6,RLS,3,10:30:00,,,1,2,Chordata,Actinopterygii,Perciformes,Hexagrammidae,Hexagrammos decagrammus,Hexagrammos decagrammus,20,1,150.0203,POINT (-125.1500015258789 48.83000183105469)
ep_m1_public_data.fid-1acd095e_191e9a83fd6_f02,923400144,Canada,British Columbia,"Oregon, Washington, Vancouver Coast and Shelf",Temperate Northern Pacific,Vancouver Island,BMSC9,Eagle Bay,48.83,-125.15,2021-04-30,6,RLS,3,10:30:00,,,1,2,Chordata,Actinopterygii,Scorpaeniformes,Hexagrammidae,Oxylebius pictus,Oxylebius pictus,15,1,73.4563,POINT (-125.1500015258789 48.83000183105469)
ep_m1_public_data.fid-1acd095e_191e9a83fd6_f03,923400144,Canada,British Columbia,"Oregon, Washington, Vancouver Coast and Shelf",Temperate Northern Pacific,Vancouver Island,BMSC9,Eagle Bay,48.83,-125.15,2021-04-30,6,RLS,3,10:30:00,,,1,2,Chordata,Actinopterygii,Scorpaeniformes,Hexagrammidae,Oxylebius pictus,Oxylebius pictus,25,1,246.3374,POINT (-125.1500015258789 48.83000183105469)
ep_m1_public_data.fid-1acd095e_191e9a83fd6_f04,923400144,Canada,British Columbia,"Oregon, Washington, Vancouver Coast and Shelf",Temperate Northern Pacific,Vancouver Island,BMSC9,Eagle Bay,48.83,-125.15,2021-04-30,6,RLS,3,10:30:00,,,1,2,Chordata,Actinopterygii,Scorpaeniformes,Sebastidae,Sebastes caurinus,Sebastes caurinus,12.5,1,41.9142,POINT (-125.1500015258789 48.83000183105469)
ep_m1_public_data.fid-1acd095e_191e9a83fd6_f05,923400144,Canada,British Columbia,"Oregon, Washington, Vancouver Coast and Shelf",Temperate Northern Pacific,Vancouver Island,BMSC9,Eagle Bay,48.83,-125.15,2021-04-30,6,RLS,3,10:30:00,,,1,2,Chordata,Actinopterygii,Scorpaeniformes,Sebastidae,Sebastes caurinus,Sebastes caurinus,20,1,162.7257,POINT (-125.1500015258789 48.83000183105469)
ep_m1_public_data.fid-1acd095e_191e9a83fd6_f06,923400144,Canada,British Columbia,"Oregon, Washington, Vancouver Coast and Shelf",Temperate Northern Pacific,Vancouver Island,BMSC9,Eagle Bay,48.83,-125.15,2021-04-30,6,RLS,3,10:30:00,,,1,2,Chordata,Actinopterygii,Scorpaeniformes,Sebastidae,Sebastes melanops,Sebastes melanops,12.5,9,377.2276,POINT (-125.1500015258789 48.83000183105469)
ep_m1_public_data.fid-1acd095e_191e9a83fd6_f07,923400144,Canada,British Columbia,"Oregon, Washington, Vancouver Coast and Shelf",Temperate Northern Pacific,Vancouver Island,BMSC9,Eagle Bay,48.83,-125.15,2021-04-30,6,RLS,3,10:30:00,,,1,2,Chordata,Actinopterygii,Scorpaeniformes,Sebastidae,Sebastes melanops,Sebastes melanops,20,6,976.3541,POINT (-125.1500015258789 48.83000183105469)
ep_m1_public_data.fid-1acd095e_191e9a83fd6_f08,923400144,Canada,British Columbia,"Oregon, Washington, Vancouver Coast and Shelf",Temperate Northern Pacific,Vancouver Island,BMSC9,Eagle Bay,48.83,-125.15,2021-04-30,6,RLS,3,10:30:00,,,1,2,Chordata,Actinopterygii,Scorpaeniformes,Sebastidae,Sebastes melanops,Sebastes melanops,25,1,250.4119,POINT (-125.1500015258789 48.83000183105469)
ep_m1_public_data.fid-1acd095e_191e9a83fd6_f09,923400153,Canada,British Columbia,"Oregon, Washington, Vancouver Coast and Shelf",Temperate Northern Pacific,Vancouver Island,BMSC4,Kii xin,48.82,-125.18,2021-04-28,7.5,RLS,2,12:30:00,,,1,2,Chordata,Actinopterygii,Perciformes,Hexagrammidae,Hexagrammos decagrammus,Hexagrammos decagrammus,20,1,150.0203,POINT (-125.18000030517578 48.81999969482422)
ep_m1_public_data.fid-1acd095e_191e9a83fd6_f0a,923401193,Canada,British Columbia,"Oregon, Washington, Vancouver Coast and Shelf",Temperate Northern Pacific,Vancouver Island,BMSC9,Eagle Bay,48.83,-125.15,2022-05-02,6.5,RLS,3,13:45:00,,,1,2,Chordata,Actinopterygii,Perciformes,Hexagrammidae,Hexagrammos decagrammus,Hexagrammos decagrammus,20,2,300.0406,POINT (-125.1500015258789 48.83000183105469)
ep_m1_public_data.fid-1acd095e_191e9a83fd6_f0b,923401193,Canada,British Columbia,"Oregon, Washington, Vancouver Coast and Shelf",Temperate Northern Pacific,Vancouver Island,BMSC9,Eagle Bay,48.83,-125.15,2022-05-02,6.5,RLS,3,13:45:00,,,1,2,Chordata,Actinopterygii,Perciformes,Hexagrammidae,Hexagrammos decagrammus,Hexagrammos decagrammus,30,1,344.0053,POINT (-125.1500015258789 48.83000183105469)
ep_m1_public_data.fid-1acd095e_191e9a83fd6_f0c,923401193,Canada,British Columbia,"Oregon, Washington, Vancouver Coast and Shelf",Temperate Northern Pacific,Vancouver Island,BMSC9,Eagle Bay,48.83,-125.15,2022-05-02,6.5,RLS,3,13:45:00,,,1,2,Chordata,Actinopterygii,Scorpaeniformes,Hexagrammidae,Ophiodon elongatus,Ophiodon elongatus,40,1,296.3178,POINT (-125.1500015258789 48.83000183105469)
ep_m1_public_data.fid-1acd095e_191e9a83fd6_f0d,923401193,Canada,British Columbia,"Oregon, Washington, Vancouver Coast and Shelf",Temperate Northern Pacific,Vancouver Island,BMSC9,Eagle Bay,48.83,-125.15,2022-05-02,6.5,RLS,3,13:45:00,,,1,2,Chordata,Actinopterygii,Scorpaeniformes,Sebastidae,Sebastes melanops,Sebastes melanops,15,7,514.443,POINT (-125.1500015258789 48.83000183105469)
ep_m1_public_data.fid-1acd095e_191e9a83fd6_f0e,923401193,Canada,British Columbia,"Oregon, Washington, Vancouver Coast and Shelf",Temperate Northern Pacific,Vancouver Island,BMSC9,Eagle Bay,48.83,-125.15,2022-05-02,6.5,RLS,3,13:45:00,,,1,2,Chordata,Actinopterygii,Scorpaeniformes,Sebastidae,Sebastes melanops,Sebastes melanops,20,10,1627.257,POINT (-125.1500015258789 48.83000183105469)
ep_m1_public_data.fid-1acd095e_191e9a83fd6_f0f,923401193,Canada,British Columbia,"Oregon, Washington, Vancouver Coast and Shelf",Temperate Northern Pacific,Vancouver Island,BMSC9,Eagle Bay,48.83,-125.15,2022-05-02,6.5,RLS,3,13:45:00,,,1,1,Chordata,Actinopterygii,Perciformes,Gobiidae,Rhinogobiops nicholsii,Rhinogobiops nicholsii,7.5,2,15.5407,POINT (-125.1500015258789 48.83000183105469)
ep_m1_public_data.fid-1acd095e_191e9a83fd6_f10,923401193,Canada,British Columbia,"Oregon, Washington, Vancouver Coast and Shelf",Temperate Northern Pacific,Vancouver Island,BMSC9,Eagle Bay,48.83,-125.15,2022-05-02,6.5,RLS,3,13:45:00,,,1,1,Chordata,Actinopterygii,Perciformes,Gobiidae,Rhinogobiops nicholsii,Rhinogobiops nicholsii,12.5,1,36.9044,POINT (-125.1500015258789 48.83000183105469)
ep_m1_public_data.fid-1acd095e_191e9a83fd6_f11,923401193,Canada,British Columbia,"Oregon, Washington, Vancouver Coast and Shelf",Temperate Northern Pacific,Vancouver Island,BMSC9,Eagle Bay,48.83,-125.15,2022-05-02,6.5,RLS,3,13:45:00,,,1,1,Chordata,Actinopterygii,Perciformes,Hexagrammidae,Hexagrammos decagrammus,Hexagrammos decagrammus,15,1,67.0579,POINT (-125.1500015258789 48.83000183105469)
ep_m1_public_data.fid-1acd095e_191e9a83fd6_f12,923401193,Canada,British Columbia,"Oregon, Washington, Vancouver Coast and Shelf",Temperate Northern Pacific,Vancouver Island,BMSC9,Eagle Bay,48.83,-125.15,2022-05-02,6.5,RLS,3,13:45:00,,,1,1,Chordata,Actinopterygii,Perciformes,Hexagrammidae,Hexagrammos decagrammus,Hexagrammos decagrammus,35,2,966.613,POINT (-125.1500015258789 48.83000183105469)
ep_m1_public_data.fid-1acd095e_191e9a83fd6_f13,923401193,Canada,British Columbia,"Oregon, Washington, Vancouver Coast and Shelf",Temperate Northern Pacific,Vancouver Island,BMSC9,Eagle Bay,48.83,-125.15,2022-05-02,6.5,RLS,3,13:45:00,,,1,1,Chordata,Actinopterygii,Perciformes,Hexagrammidae,Hexagrammos decagrammus,Hexagrammos decagrammus,40,1,619.0955,POINT (-125.1500015258789 48.83000183105469)
ep_m1_public_data.fid-1acd095e_191e9a83fd6_f14,923401193,Canada,British Columbia,"Oregon, Washington, Vancouver Coast and Shelf",Temperate Northern Pacific,Vancouver Island,BMSC9,Eagle Bay,48.83,-125.15,2022-05-02,6.5,RLS,3,13:45:00,,,1,1,Chordata,Actinopterygii,Scorpaeniformes,Sebastidae,Sebastes caurinus,Sebastes caurinus,15,1,73.4918,POINT (-125.1500015258789 48.83000183105469)
ep_m1_public_data.fid-1acd095e_191e9a83fd6_f15,923401193,Canada,British Columbia,"Oregon, Washington, Vancouver Coast and Shelf",Temperate Northern Pacific,Vancouver Island,BMSC9,Eagle Bay,48.83,-125.15,2022-05-02,6.5,RLS,3,13:45:00,,,1,1,Chordata,Actinopterygii,Scorpaeniformes,Sebastidae,Sebastes maliger,Sebastes maliger,20,1,162.7257,POINT (-125.1500015258789 48.83000183105469)
ep_m1_public_data.fid-1acd095e_191e9a83fd6_f16,923402230,Canada,British Columbia,"Oregon, Washington, Vancouver Coast and Shelf",Temperate Northern Pacific,Vancouver Island,BMSC4,Kii xin,48.82,-125.18,2023-05-12,8.5,RLS,2,10:07:00,,,1,2,Chordata,Actinopterygii,Perciformes,Hexagrammidae,Hexagrammos decagrammus,Hexagrammos decagrammus,25,1,232.1561,POINT (-125.18000030517578 48.81999969482422)
ep_m1_public_data.fid-1acd095e_191e9a83fd6_f17,923402230,Canada,British Columbia,"Oregon, Washington, Vancouver Coast and Shelf",Temperate Northern Pacific,Vancouver Island,BMSC4,Kii xin,48.82,-125.18,2023-05-12,8.5,RLS,2,10:07:00,,,1,1,Chordata,Actinopterygii,Perciformes,Hexagrammidae,Hexagrammos decagrammus,Hexagrammos decagrammus,25,1,232.1561,POINT (-125.18000030517578 48.81999969482422)
ep_m1_public_data.fid-1acd095e_191e9a83fd6_f18,923402233,Canada,British Columbia,"Oregon, Washington, Vancouver Coast and Shelf",Temperate Northern Pacific,Vancouver Island,BMSC9,Eagle Bay,48.83,-125.15,2023-05-11,6,RLS,2,09:38:00,,,1,2,Chordata,Actinopterygii,Perciformes,Hexagrammidae,Hexagrammos decagrammus,Hexagrammos decagrammus,15,1,67.0579,POINT (-125.1500015258789 48.83000183105469)
ep_m1_public_data.fid-1acd095e_191e9a83fd6_f19,923402233,Canada,British Columbia,"Oregon, Washington, Vancouver Coast and Shelf",Temperate Northern Pacific,Vancouver Island,BMSC9,Eagle Bay,48.83,-125.15,2023-05-11,6,RLS,2,09:38:00,,,1,2,Chordata,Actinopterygii,Perciformes,Hexagrammidae,Hexagrammos decagrammus,Hexagrammos decagrammus,25,5,1160.7806,POINT (-125.1500015258789 48.83000183105469)
ep_m1_public_data.fid-1acd095e_191e9a83fd6_f1a,923402233,Canada,British Columbia,"Oregon, Washington, Vancouver Coast and Shelf",Temperate Northern Pacific,Vancouver Island,BMSC9,Eagle Bay,48.83,-125.15,2023-05-11,6,RLS,2,09:38:00,,,1,2,Chordata,Actinopterygii,Scorpaeniformes,Sebastidae,Sebastes melanops,Sebastes melanops,12.5,5,209.5709,POINT (-125.1500015258789 48.83000183105469)
ep_m1_public_data.fid-1acd095e_191e9a83fd6_f1b,923402233,Canada,British Columbia,"Oregon, Washington, Vancouver Coast and Shelf",Temperate Northern Pacific,Vancouver Island,BMSC9,Eagle Bay,48.83,-125.15,2023-05-11,6,RLS,2,09:38:00,,,1,2,Chordata,Actinopterygii,Scorpaeniformes,Sebastidae,Sebastes melanops,Sebastes melanops,15,27,1984.28,POINT (-125.1500015258789 48.83000183105469)
ep_m1_public_data.fid-1acd095e_191e9a83fd6_f1c,923402233,Canada,British Columbia,"Oregon, Washington, Vancouver Coast and Shelf",Temperate Northern Pacific,Vancouver Island,BMSC9,Eagle Bay,48.83,-125.15,2023-05-11,6,RLS,2,09:38:00,,,1,1,Chordata,Actinopterygii,Perciformes,Gobiidae,Rhinogobiops nicholsii,Rhinogobiops nicholsii,10,3,56.0563,POINT (-125.1500015258789 48.83000183105469)
ep_m1_public_data.fid-1acd095e_191e9a83fd6_f1d,923402233,Canada,British Columbia,"Oregon, Washington, Vancouver Coast and Shelf",Temperate Northern Pacific,Vancouver Island,BMSC9,Eagle Bay,48.83,-125.15,2023-05-11,6,RLS,2,09:38:00,,,1,1,Chordata,Actinopterygii,Perciformes,Hexagrammidae,Hexagrammos decagrammus,Hexagrammos decagrammus,30,3,1032.016,POINT (-125.1500015258789 48.83000183105469)
ep_m1_public_data.fid-1acd095e_191e9a83fd6_f1e,923402233,Canada,British Columbia,"Oregon, Washington, Vancouver Coast and Shelf",Temperate Northern Pacific,Vancouver Island,BMSC9,Eagle Bay,48.83,-125.15,2023-05-11,6,RLS,2,09:38:00,,,1,1,Chordata,Actinopterygii,Perciformes,Hexagrammidae,Hexagrammos decagrammus,Hexagrammos decagrammus,35,2,966.613,POINT (-125.1500015258789 48.83000183105469)
ep_m1_public_data.fid-1acd095e_191e9a83fd6_f1f,923402233,Canada,British Columbia,"Oregon, Washington, Vancouver Coast and Shelf",Temperate Northern Pacific,Vancouver Island,BMSC9,Eagle Bay,48.83,-125.15,2023-05-11,6,RLS,2,09:38:00,,,1,1,Chordata,Actinopterygii,Scorpaeniformes,Hexagrammidae,Ophiodon elongatus,Ophiodon elongatus,50,1,599.5206,POINT (-125.1500015258789 48.83000183105469)
ep_m1_public_data.fid-1acd095e_191e9a83fd6_f20,923402233,Canada,British Columbia,"Oregon, Washington, Vancouver Coast and Shelf",Temperate Northern Pacific,Vancouver Island,BMSC9,Eagle Bay,48.83,-125.15,2023-05-11,6,RLS,2,09:38:00,,,1,1,Chordata,Actinopterygii,Scorpaeniformes,Hexagrammidae,Oxylebius pictus,Oxylebius pictus,12.5,2,84.4011,POINT (-125.1500015258789 48.83000183105469)
ep_m1_public_data.fid-1acd095e_191e9a83fd6_f21,923402233,Canada,British Columbia,"Oregon, Washington, Vancouver Coast and Shelf",Temperate Northern Pacific,Vancouver Island,BMSC9,Eagle Bay,48.83,-125.15,2023-05-11,6,RLS,2,09:38:00,,,1,1,Chordata,Actinopterygii,Scorpaeniformes,Sebastidae,Sebastes caurinus,Sebastes caurinus,20,4,650.9028,POINT (-125.1500015258789 48.83000183105469)
ep_m1_public_data.fid-1acd095e_191e9a83fd6_f22,923402233,Canada,British Columbia,"Oregon, Washington, Vancouver Coast and Shelf",Temperate Northern Pacific,Vancouver Island,BMSC9,Eagle Bay,48.83,-125.15,2023-05-11,6,RLS,2,09:38:00,,,1,1,Chordata,Actinopterygii,Scorpaeniformes,Sebastidae,Sebastes caurinus,Sebastes caurinus,25,2,500.8239,POINT (-125.1500015258789 48.83000183105469)
ep_m1_public_data.fid-1acd095e_191e9a83fd6_f23,923402233,Canada,British Columbia,"Oregon, Washington, Vancouver Coast and Shelf",Temperate Northern Pacific,Vancouver Island,BMSC9,Eagle Bay,48.83,-125.15,2023-05-11,6,RLS,2,09:38:00,,,1,1,Chordata,Actinopterygii,Scorpaeniformes,Sebastidae,Sebastes melanops,Sebastes melanops,25,3,751.2358,POINT (-125.1500015258789 48.83000183105469)
ep_m1_public_data.fid-1acd095e_191e9a83fd6_f24,923402370,Canada,British Columbia,"Oregon, Washington, Vancouver Coast and Shelf",Temperate Northern Pacific,Vancouver Island,KCCA13,Second Beach South,48.82,-125.18,2023-06-07,4.9,RLS,2,09:44:00,,,1,2,Chordata,Actinopterygii,Gasterosteiformes,Aulorhynchidae,Aulorhynchus flavidus,Aulorhynchus flavidus,7.5,11,28.6889,POINT (-125.18000030517578 48.81999969482422)
ep_m1_public_data.fid-1acd095e_191e9a83fd6_f25,923402370,Canada,British Columbia,"Oregon, Washington, Vancouver Coast and Shelf",Temperate Northern Pacific,Vancouver Island,KCCA13,Second Beach South,48.82,-125.18,2023-06-07,4.9,RLS,2,09:44:00,,,1,2,Chordata,Actinopterygii,Perciformes,Hexagrammidae,Hexagrammos decagrammus,Hexagrammos decagrammus,10,1,18.9254,POINT (-125.18000030517578 48.81999969482422)
ep_m1_public_data.fid-1acd095e_191e9a83fd6_f26,923402370,Canada,British Columbia,"Oregon, Washington, Vancouver Coast and Shelf",Temperate Northern Pacific,Vancouver Island,KCCA13,Second Beach South,48.82,-125.18,2023-06-07,4.9,RLS,2,09:44:00,,,1,2,Chordata,Actinopterygii,Perciformes,Hexagrammidae,Hexagrammos decagrammus,Hexagrammos decagrammus,25,3,696.4684,POINT (-125.18000030517578 48.81999969482422)
ep_m1_public_data.fid-1acd095e_191e9a83fd6_f27,923402370,Canada,British Columbia,"Oregon, Washington, Vancouver Coast and Shelf",Temperate Northern Pacific,Vancouver Island,KCCA13,Second Beach South,48.82,-125.18,2023-06-07,4.9,RLS,2,09:44:00,,,1,2,Chordata,Actinopterygii,Perciformes,Hexagrammidae,Hexagrammos decagrammus,Hexagrammos decagrammus,30,1,344.0053,POINT (-125.18000030517578 48.81999969482422)
ep_m1_public_data.fid-1acd095e_191e9a83fd6_f28,923402370,Canada,British Columbia,"Oregon, Washington, Vancouver Coast and Shelf",Temperate Northern Pacific,Vancouver Island,KCCA13,Second Beach South,48.82,-125.18,2023-06-07,4.9,RLS,2,09:44:00,,,1,1,Chordata,Actinopterygii,Perciformes,Embiotocidae,Rhacochilus vacca,Rhacochilus vacca,20,1,262.672,POINT (-125.18000030517578 48.81999969482422)
ep_m1_public_data.fid-1acd095e_191e9a83fd6_f29,923402370,Canada,British Columbia,"Oregon, Washington, Vancouver Coast and Shelf",Temperate Northern Pacific,Vancouver Island,KCCA13,Second Beach South,48.82,-125.18,2023-06-07,4.9,RLS,2,09:44:00,,,1,1,Chordata,Actinopterygii,Perciformes,Hexagrammidae,Hexagrammos decagrammus,Hexagrammos decagrammus,10,1,18.9254,POINT (-125.18000030517578 48.81999969482422)
ep_m1_public_data.fid-1acd095e_191e9a83fd6_f2a,923402370,Canada,British Columbia,"Oregon, Washington, Vancouver Coast and Shelf",Temperate Northern Pacific,Vancouver Island,KCCA13,Second Beach South,48.82,-125.18,2023-06-07,4.9,RLS,2,09:44:00,,,1,1,Chordata,Actinopterygii,Perciformes,Hexagrammidae,Hexagrammos decagrammus,Hexagrammos decagrammus,15,1,67.0579,POINT (-125.18000030517578 48.81999969482422)
ep_m1_public_data.fid-1acd095e_191e9a83fd6_f2b,923402370,Canada,British Columbia,"Oregon, Washington, Vancouver Coast and Shelf",Temperate Northern Pacific,Vancouver Island,KCCA13,Second Beach South,48.82,-125.18,2023-06-07,4.9,RLS,2,09:44:00,,,1,1,Chordata,Actinopterygii,Scorpaeniformes,Hexagrammidae,Ophiodon elongatus,Ophiodon elongatus,25,1,111.1169,POINT (-125.18000030517578 48.81999969482422)
ep_m1_public_data.fid-1acd095e_191e9a83fd6_f2c,923402370,Canada,British Columbia,"Oregon, Washington, Vancouver Coast and Shelf",Temperate Northern Pacific,Vancouver Island,KCCA13,Second Beach South,48.82,-125.18,2023-06-07,4.9,RLS,2,09:44:00,,,1,1,Chordata,Teleostei,Perciformes,Cottidae,Myoxocephalus polyacanthocephalus,Myoxocephalus polyacanthocephalus,15,1,72.7242,POINT (-125.18000030517578 48.81999969482422)
ep_m1_public_data.fid-1acd095e_191e9a83fd6_f2d,923400143,Canada,British Columbia,"Oregon, Washington, Vancouver Coast and Shelf",Temperate Northern Pacific,Vancouver Island,BMSC5,Taylor Rock,48.83,-125.2,2021-04-28,6.5,RLS,4,14:50:00,,,1,1,Chordata,Actinopterygii,Perciformes,Hexagrammidae,Hexagrammos decagrammus,Hexagrammos decagrammus,20,3,450.0609,POINT (-125.19999694824219 48.83000183105469)
ep_m1_public_data.fid-1acd095e_191e9a83fd6_f2e,923400143,Canada,British Columbia,"Oregon, Washington, Vancouver Coast and Shelf",Temperate Northern Pacific,Vancouver Island,BMSC5,Taylor Rock,48.83,-125.2,2021-04-28,6.5,RLS,4,14:50:00,,,1,1,Chordata,Actinopterygii,Scorpaeniformes,Hexagrammidae,Hexagrammos stelleri,Hexagrammos stelleri,12.5,1,36.0121,POINT (-125.19999694824219 48.83000183105469)
ep_m1_public_data.fid-1acd095e_191e9a83fd6_f2f,923400143,Canada,British Columbia,"Oregon, Washington, Vancouver Coast and Shelf",Temperate Northern Pacific,Vancouver Island,BMSC5,Taylor Rock,48.83,-125.2,2021-04-28,6.5,RLS,4,14:50:00,,,1,2,Chordata,Actinopterygii,Perciformes,Hexagrammidae,Hexagrammos decagrammus,Hexagrammos decagrammus,12.5,2,75.9337,POINT (-125.19999694824219 48.83000183105469)
ep_m1_public_data.fid-1acd095e_191e9a83fd6_f30,923400143,Canada,British Columbia,"Oregon, Washington, Vancouver Coast and Shelf",Temperate Northern Pacific,Vancouver Island,BMSC5,Taylor Rock,48.83,-125.2,2021-04-28,6.5,RLS,4,14:50:00,,,1,2,Chordata,Actinopterygii,Perciformes,Hexagrammidae,Hexagrammos decagrammus,Hexagrammos decagrammus,30,1,344.0053,POINT (-125.19999694824219 48.83000183105469)
ep_m1_public_data.fid-1acd095e_191e9a83fd6_f31,923400149,Canada,British Columbia,"Oregon, Washington, Vancouver Coast and Shelf",Temperate Northern Pacific,Vancouver Island,BMSC1,Dodger Channel,48.83,-125.2,2021-04-26,6.5,RLS,2,12:17:00,48.83,-125.2,1,1,Chordata,Actinopterygii,Perciformes,Hexagrammidae,Hexagrammos decagrammus,Hexagrammos decagrammus,12.5,2,75.9337,POINT (-125.2 48.83)
ep_m1_public_data.fid-1acd095e_191e9a83fd6_f32,923400149,Canada,British Columbia,"Oregon, Washington, Vancouver Coast and Shelf",Temperate Northern Pacific,Vancouver Island,BMSC1,Dodger Channel,48.83,-125.2,2021-04-26,6.5,RLS,2,12:17:00,48.83,-125.2,1,2,Chordata,Actinopterygii,Perciformes,Hexagrammidae,Hexagrammos decagrammus,Hexagrammos decagrammus,12.5,1,37.9668,POINT (-125.2 48.83)
ep_m1_public_data.fid-1acd095e_191e9a83fd6_f33,923400149,Canada,British Columbia,"Oregon, Washington, Vancouver Coast and Shelf",Temperate Northern Pacific,Vancouver Island,BMSC1,Dodger Channel,48.83,-125.2,2021-04-26,6.5,RLS,2,12:17:00,48.83,-125.2,1,2,Chordata,Actinopterygii,Perciformes,Hexagrammidae,Hexagrammos decagrammus,Hexagrammos decagrammus,25,1,232.1561,POINT (-125.2 48.83)
ep_m1_public_data.fid-1acd095e_191e9a83fd6_f34,923401189,Canada,British Columbia,"Oregon, Washington, Vancouver Coast and Shelf",Temperate Northern Pacific,Vancouver Island,BMSC1,Dodger Channel,48.83,-125.2,2022-05-04,4.7,RLS,3,10:15:00,,,1,2,Chordata,Actinopterygii,Perciformes,Hexagrammidae,Hexagrammos decagrammus,Hexagrammos decagrammus,12.5,1,37.9668,POINT (-125.19999694824219 48.83000183105469)
ep_m1_public_data.fid-1acd095e_191e9a83fd6_f35,923401189,Canada,British Columbia,"Oregon, Washington, Vancouver Coast and Shelf",Temperate Northern Pacific,Vancouver Island,BMSC1,Dodger Channel,48.83,-125.2,2022-05-04,4.7,RLS,3,10:15:00,,,1,2,Chordata,Actinopterygii,Perciformes,Hexagrammidae,Hexagrammos decagrammus,Hexagrammos decagrammus,20,5,750.1016,POINT (-125.19999694824219 48.83000183105469)
ep_m1_public_data.fid-1acd095e_191e9a83fd6_f36,923401189,Canada,British Columbia,"Oregon, Washington, Vancouver Coast and Shelf",Temperate Northern Pacific,Vancouver Island,BMSC1,Dodger Channel,48.83,-125.2,2022-05-04,4.7,RLS,3,10:15:00,,,1,2,Chordata,Actinopterygii,Perciformes,Hexagrammidae,Hexagrammos decagrammus,Hexagrammos decagrammus,25,1,232.1561,POINT (-125.19999694824219 48.83000183105469)
ep_m1_public_data.fid-1acd095e_191e9a83fd6_f37,923401189,Canada,British Columbia,"Oregon, Washington, Vancouver Coast and Shelf",Temperate Northern Pacific,Vancouver Island,BMSC1,Dodger Channel,48.83,-125.2,2022-05-04,4.7,RLS,3,10:15:00,,,1,1,Chordata,Actinopterygii,Perciformes,Gobiidae,Rhinogobiops nicholsii,Rhinogobiops nicholsii,5,1,2.2561,POINT (-125.19999694824219 48.83000183105469)
ep_m1_public_data.fid-1acd095e_191e9a83fd6_f38,923401189,Canada,British Columbia,"Oregon, Washington, Vancouver Coast and Shelf",Temperate Northern Pacific,Vancouver Island,BMSC1,Dodger Channel,48.83,-125.2,2022-05-04,4.7,RLS,3,10:15:00,,,1,1,Chordata,Actinopterygii,Perciformes,Hexagrammidae,Hexagrammos decagrammus,Hexagrammos decagrammus,12.5,3,113.9005,POINT (-125.19999694824219 48.83000183105469)
ep_m1_public_data.fid-1acd095e_191e9a83fd6_f39,923401189,Canada,British Columbia,"Oregon, Washington, Vancouver Coast and Shelf",Temperate Northern Pacific,Vancouver Island,BMSC1,Dodger Channel,48.83,-125.2,2022-05-04,4.7,RLS,3,10:15:00,,,1,1,Chordata,Actinopterygii,Perciformes,Hexagrammidae,Hexagrammos decagrammus,Hexagrammos decagrammus,20,1,150.0203,POINT (-125.19999694824219 48.83000183105469)
ep_m1_public_data.fid-1acd095e_191e9a83fd6_f3a,923401191,Canada,British Columbia,"Oregon, Washington, Vancouver Coast and Shelf",Temperate Northern Pacific,Vancouver Island,BMSC5,Taylor Rock,48.83,-125.2,2022-05-04,6.2,RLS,3,12:40:00,,,1,2,Chordata,Actinopterygii,Perciformes,Gobiidae,Rhinogobiops nicholsii,Rhinogobiops nicholsii,7.5,2,15.5407,POINT (-125.19999694824219 48.83000183105469)
ep_m1_public_data.fid-1acd095e_191e9a83fd6_f3b,923401191,Canada,British Columbia,"Oregon, Washington, Vancouver Coast and Shelf",Temperate Northern Pacific,Vancouver Island,BMSC5,Taylor Rock,48.83,-125.2,2022-05-04,6.2,RLS,3,12:40:00,,,1,2,Chordata,Actinopterygii,Perciformes,Hexagrammidae,Hexagrammos decagrammus,Hexagrammos decagrammus,25,2,464.3122,POINT (-125.19999694824219 48.83000183105469)
ep_m1_public_data.fid-1acd095e_191e9a83fd6_f3c,923401191,Canada,British Columbia,"Oregon, Washington, Vancouver Coast and Shelf",Temperate Northern Pacific,Vancouver Island,BMSC5,Taylor Rock,48.83,-125.2,2022-05-04,6.2,RLS,3,12:40:00,,,1,2,Chordata,Actinopterygii,Perciformes,Hexagrammidae,Hexagrammos decagrammus,Hexagrammos decagrammus,30,1,344.0053,POINT (-125.19999694824219 48.83000183105469)
ep_m1_public_data.fid-1acd095e_191e9a83fd6_f3d,923401191,Canada,British Columbia,"Oregon, Washington, Vancouver Coast and Shelf",Temperate Northern Pacific,Vancouver Island,BMSC5,Taylor Rock,48.83,-125.2,2022-05-04,6.2,RLS,3,12:40:00,,,1,1,Chordata,Actinopterygii,Perciformes,Hexagrammidae,Hexagrammos decagrammus,Hexagrammos decagrammus,15,1,67.0579,POINT (-125.19999694824219 48.83000183105469)
ep_m1_public_data.fid-1acd095e_191e9a83fd6_f3e,923401191,Canada,British Columbia,"Oregon, Washington, Vancouver Coast and Shelf",Temperate Northern Pacific,Vancouver Island,BMSC5,Taylor Rock,48.83,-125.2,2022-05-04,6.2,RLS,3,12:40:00,,,1,1,Chordata,Actinopterygii,Perciformes,Hexagrammidae,Hexagrammos decagrammus,Hexagrammos decagrammus,25,3,696.4684,POINT (-125.19999694824219 48.83000183105469)
ep_m1_public_data.fid-1acd095e_191e9a83fd6_f3f,923401192,Canada,British Columbia,"Oregon, Washington, Vancouver Coast and Shelf",Temperate Northern Pacific,Vancouver Island,BMSC5,Taylor Rock,48.83,-125.2,2022-05-04,6,RLS,4,12:45:00,,,1,2,Chordata,Actinopterygii,Perciformes,Hexagrammidae,Hexagrammos decagrammus,Hexagrammos decagrammus,12.5,3,113.9005,POINT (-125.19999694824219 48.83000183105469)
ep_m1_public_data.fid-1acd095e_191e9a83fd6_f40,923401192,Canada,British Columbia,"Oregon, Washington, Vancouver Coast and Shelf",Temperate Northern Pacific,Vancouver Island,BMSC5,Taylor Rock,48.83,-125.2,2022-05-04,6,RLS,4,12:45:00,,,1,2,Chordata,Actinopterygii,Scorpaeniformes,Sebastidae,Sebastes melanops,Sebastes melanops,20,5,813.6285,POINT (-125.19999694824219 48.83000183105469)
ep_m1_public_data.fid-1acd095e_191e9a83fd6_f41,923401192,Canada,British Columbia,"Oregon, Washington, Vancouver Coast and Shelf",Temperate Northern Pacific,Vancouver Island,BMSC5,Taylor Rock,48.83,-125.2,2022-05-04,6,RLS,4,12:45:00,,,1,1,Chordata,Actinopterygii,Perciformes,Hexagrammidae,Hexagrammos decagrammus,Hexagrammos decagrammus,15,2,134.1157,POINT (-125.19999694824219 48.83000183105469)
ep_m1_public_data.fid-1acd095e_191e9a83fd6_f42,923401192,Canada,British Columbia,"Oregon, Washington, Vancouver Coast and Shelf",Temperate Northern Pacific,Vancouver Island,BMSC5,Taylor Rock,48.83,-125.2,2022-05-04,6,RLS,4,12:45:00,,,1,1,Chordata,Actinopterygii,Perciformes,Hexagrammidae,Hexagrammos decagrammus,Hexagrammos decagrammus,50,2,2505.1514,POINT (-125.19999694824219 48.83000183105469)
ep_m1_public_data.fid-1acd095e_191e9a83fd6_f43,923401203,Canada,British Columbia,"Oregon, Washington, Vancouver Coast and Shelf",Temperate Northern Pacific,Vancouver Island,BMSC1,Dodger Channel,48.83,-125.2,2022-05-04,5.5,RLS,3,10:15:00,,,1,2,Chordata,Actinopterygii,Perciformes,Hexagrammidae,Hexagrammos decagrammus,Hexagrammos decagrammus,15,1,67.0579,POINT (-125.19999694824219 48.83000183105469)
ep_m1_public_data.fid-1acd095e_191e9a83fd6_f44,923401203,Canada,British Columbia,"Oregon, Washington, Vancouver Coast and Shelf",Temperate Northern Pacific,Vancouver Island,BMSC1,Dodger Channel,48.83,-125.2,2022-05-04,5.5,RLS,3,10:15:00,,,1,2,Chordata,Actinopterygii,Perciformes,Hexagrammidae,Hexagrammos decagrammus,Hexagrammos decagrammus,20,1,150.0203,POINT (-125.19999694824219 48.83000183105469)
ep_m1_public_data.fid-1acd095e_191e9a83fd6_f45,923401203,Canada,British Columbia,"Oregon, Washington, Vancouver Coast and Shelf",Temperate Northern Pacific,Vancouver Island,BMSC1,Dodger Channel,48.83,-125.2,2022-05-04,5.5,RLS,3,10:15:00,,,1,2,Chordata,Actinopterygii,Scorpaeniformes,Hexagrammidae,Ophiodon elongatus,Ophiodon elongatus,40,1,296.3178,POINT (-125.19999694824219 48.83000183105469)
ep_m1_public_data.fid-1acd095e_191e9a83fd6_f46,923402221,Canada,British Columbia,"Oregon, Washington, Vancouver Coast and Shelf",Temperate Northern Pacific,Vancouver Island,BMSC1,Dodger Channel,48.83,-125.2,2023-05-15,8,RLS,1,09:54:00,,,1,2,Chordata,Actinopterygii,Perciformes,Hexagrammidae,Hexagrammos decagrammus,Hexagrammos decagrammus,15,2,134.1157,POINT (-125.19999694824219 48.83000183105469)
ep_m1_public_data.fid-1acd095e_191e9a83fd6_f47,923402221,Canada,British Columbia,"Oregon, Washington, Vancouver Coast and Shelf",Temperate Northern Pacific,Vancouver Island,BMSC1,Dodger Channel,48.83,-125.2,2023-05-15,8,RLS,1,09:54:00,,,1,2,Chordata,Actinopterygii,Perciformes,Hexagrammidae,Hexagrammos decagrammus,Hexagrammos decagrammus,20,1,150.0203,POINT (-125.19999694824219 48.83000183105469)
ep_m1_public_data.fid-1acd095e_191e9a83fd6_f48,923402221,Canada,British Columbia,"Oregon, Washington, Vancouver Coast and Shelf",Temperate Northern Pacific,Vancouver Island,BMSC1,Dodger Channel,48.83,-125.2,2023-05-15,8,RLS,1,09:54:00,,,1,2,Chordata,Actinopterygii,Perciformes,Hexagrammidae,Hexagrammos decagrammus,Hexagrammos decagrammus,30,1,344.0053,POINT (-125.19999694824219 48.83000183105469)
ep_m1_public_data.fid-1acd095e_191e9a83fd6_f49,923402221,Canada,British Columbia,"Oregon, Washington, Vancouver Coast and Shelf",Temperate Northern Pacific,Vancouver Island,BMSC1,Dodger Channel,48.83,-125.2,2023-05-15,8,RLS,1,09:54:00,,,1,2,Chordata,Actinopterygii,Scorpaeniformes,Sebastidae,Sebastes caurinus,Sebastes caurinus,15,1,73.4918,POINT (-125.19999694824219 48.83000183105469)
ep_m1_public_data.fid-1acd095e_191e9a83fd6_f4a,923402221,Canada,British Columbia,"Oregon, Washington, Vancouver Coast and Shelf",Temperate Northern Pacific,Vancouver Island,BMSC1,Dodger Channel,48.83,-125.2,2023-05-15,8,RLS,1,09:54:00,,,1,1,Chordata,Actinopterygii,Perciformes,Hexagrammidae,Hexagrammos decagrammus,Hexagrammos decagrammus,10,1,18.9254,POINT (-125.19999694824219 48.83000183105469)
ep_m1_public_data.fid-1acd095e_191e9a83fd6_f4b,923402224,Canada,British Columbia,"Oregon, Washington, Vancouver Coast and Shelf",Temperate Northern Pacific,Vancouver Island,BMSC5,Taylor Rock,48.83,-125.2,2023-05-15,5.5,RLS,1,12:18:00,,,1,2,Chordata,Actinopterygii,Perciformes,Hexagrammidae,Hexagrammos decagrammus,Hexagrammos decagrammus,25,3,696.4684,POINT (-125.19999694824219 48.83000183105469)
ep_m1_public_data.fid-1acd095e_191e9a83fd6_f4c,923402224,Canada,British Columbia,"Oregon, Washington, Vancouver Coast and Shelf",Temperate Northern Pacific,Vancouver Island,BMSC5,Taylor Rock,48.83,-125.2,2023-05-15,5.5,RLS,1,12:18:00,,,1,1,Chordata,Actinopterygii,Perciformes,Hexagrammidae,Hexagrammos decagrammus,Hexagrammos decagrammus,25,1,232.1561,POINT (-125.19999694824219 48.83000183105469)
ep_m1_public_data.fid-1acd095e_191e9a83fd6_f4d,923402237,Canada,British Columbia,"Oregon, Washington, Vancouver Coast and Shelf",Temperate Northern Pacific,Vancouver Island,BMSC5,Taylor Rock,48.83,-125.2,2023-05-15,8,RLS,1,12:18:00,,,1,1,Chordata,Actinopterygii,Perciformes,Gobiidae,Rhinogobiops nicholsii,Rhinogobiops nicholsii,5,2,4.5122,POINT (-125.19999694824219 48.83000183105469)
ep_m1_public_data.fid-1acd095e_191e9a83fd6_f4e,923402237,Canada,British Columbia,"Oregon, Washington, Vancouver Coast and Shelf",Temperate Northern Pacific,Vancouver Island,BMSC5,Taylor Rock,48.83,-125.2,2023-05-15,8,RLS,1,12:18:00,,,1,2,Chordata,Actinopterygii,Perciformes,Hexagrammidae,Hexagrammos decagrammus,Hexagrammos decagrammus,15,1,67.0579,POINT (-125.19999694824219 48.83000183105469)
ep_m1_public_data.fid-1acd095e_191e9a83fd6_f4f,923402237,Canada,British Columbia,"Oregon, Washington, Vancouver Coast and Shelf",Temperate Northern Pacific,Vancouver Island,BMSC5,Taylor Rock,48.83,-125.2,2023-05-15,8,RLS,1,12:18:00,,,1,2,Chordata,Actinopterygii,Scorpaeniformes,Cottidae,Artedius harringtoni,Artedius harringtoni,12.5,1,33.9755,POINT (-125.19999694824219 48.83000183105469)
ep_m1_public_data.fid-1acd095e_191e9a83fd6_f50,923400147,Canada,British Columbia,"Oregon, Washington, Vancouver Coast and Shelf",Temperate Northern Pacific,Vancouver Island,BMSC21,Dixon SW,48.85,-125.12,2021-05-20,5,RLS,0,10:40:00,,,1,1,Chordata,Actinopterygii,Perciformes,Embiotocidae,Embiotoca lateralis,Embiotoca lateralis,15,2,240.9639,POINT (-125.12000274658203 48.849998474121094)
ep_m1_public_data.fid-1acd095e_191e9a83fd6_f51,923400147,Canada,British Columbia,"Oregon, Washington, Vancouver Coast and Shelf",Temperate Northern Pacific,Vancouver Island,BMSC21,Dixon SW,48.85,-125.12,2021-05-20,5,RLS,0,10:40:00,,,1,1,Chordata,Actinopterygii,Perciformes,Embiotocidae,Embiotoca lateralis,Embiotoca lateralis,20,2,525.3441,POINT (-125.12000274658203 48.849998474121094)
ep_m1_public_data.fid-1acd095e_191e9a83fd6_f52,923400147,Canada,British Columbia,"Oregon, Washington, Vancouver Coast and Shelf",Temperate Northern Pacific,Vancouver Island,BMSC21,Dixon SW,48.85,-125.12,2021-05-20,5,RLS,0,10:40:00,,,1,1,Chordata,Actinopterygii,Perciformes,Hexagrammidae,Hexagrammos decagrammus,Hexagrammos decagrammus,10,1,18.9254,POINT (-125.12000274658203 48.849998474121094)
ep_m1_public_data.fid-1acd095e_191e9a83fd6_f53,923400147,Canada,British Columbia,"Oregon, Washington, Vancouver Coast and Shelf",Temperate Northern Pacific,Vancouver Island,BMSC21,Dixon SW,48.85,-125.12,2021-05-20,5,RLS,0,10:40:00,,,1,1,Chordata,Actinopterygii,Perciformes,Hexagrammidae,Hexagrammos decagrammus,Hexagrammos decagrammus,30,2,688.0106,POINT (-125.12000274658203 48.849998474121094)
ep_m1_public_data.fid-1acd095e_191e9a83fd6_f54,923400147,Canada,British Columbia,"Oregon, Washington, Vancouver Coast and Shelf",Temperate Northern Pacific,Vancouver Island,BMSC21,Dixon SW,48.85,-125.12,2021-05-20,5,RLS,0,10:40:00,,,1,1,Chordata,Actinopterygii,Scorpaeniformes,Cottidae,Artedius harringtoni,Artedius harringtoni,7.5,1,6.8672,POINT (-125.12000274658203 48.849998474121094)
ep_m1_public_data.fid-1acd095e_191e9a83fd6_f55,923400147,Canada,British Columbia,"Oregon, Washington, Vancouver Coast and Shelf",Temperate Northern Pacific,Vancouver Island,BMSC21,Dixon SW,48.85,-125.12,2021-05-20,5,RLS,0,10:40:00,,,1,2,Chordata,Actinopterygii,Perciformes,Embiotocidae,Embiotoca lateralis,Embiotoca lateralis,7.5,1,14.8529,POINT (-125.12000274658203 48.849998474121094)
ep_m1_public_data.fid-1acd095e_191e9a83fd6_f56,923400147,Canada,British Columbia,"Oregon, Washington, Vancouver Coast and Shelf",Temperate Northern Pacific,Vancouver Island,BMSC21,Dixon SW,48.85,-125.12,2021-05-20,5,RLS,0,10:40:00,,,1,2,Chordata,Actinopterygii,Perciformes,Embiotocidae,Embiotoca lateralis,Embiotoca lateralis,10,2,70.8201,POINT (-125.12000274658203 48.849998474121094)
ep_m1_public_data.fid-1acd095e_191e9a83fd6_f57,923400147,Canada,British Columbia,"Oregon, Washington, Vancouver Coast and Shelf",Temperate Northern Pacific,Vancouver Island,BMSC21,Dixon SW,48.85,-125.12,2021-05-20,5,RLS,0,10:40:00,,,1,2,Chordata,Actinopterygii,Perciformes,Gobiidae,Rhinogobiops nicholsii,Rhinogobiops nicholsii,5,1,2.2561,POINT (-125.12000274658203 48.849998474121094)
ep_m1_public_data.fid-1acd095e_191e9a83fd6_f58,923400147,Canada,British Columbia,"Oregon, Washington, Vancouver Coast and Shelf",Temperate Northern Pacific,Vancouver Island,BMSC21,Dixon SW,48.85,-125.12,2021-05-20,5,RLS,0,10:40:00,,,1,2,Chordata,Actinopterygii,Perciformes,Hexagrammidae,Hexagrammos decagrammus,Hexagrammos decagrammus,20,1,150.0203,POINT (-125.12000274658203 48.849998474121094)
ep_m1_public_data.fid-1acd095e_191e9a83fd6_f59,923400150,Canada,British Columbia,"Oregon, Washington, Vancouver Coast and Shelf",Temperate Northern Pacific,Vancouver Island,BMSC22,Dixon Inside,48.85,-125.12,2021-05-20,6.5,RLS,1,12:55:00,,,1,2,Chordata,Actinopterygii,Perciformes,Gobiidae,Rhinogobiops nicholsii,Rhinogobiops nicholsii,5,2,4.5122,POINT (-125.12000274658203 48.849998474121094)
ep_m1_public_data.fid-1acd095e_191e9a83fd6_f5a,923400150,Canada,British Columbia,"Oregon, Washington, Vancouver Coast and Shelf",Temperate Northern Pacific,Vancouver Island,BMSC22,Dixon Inside,48.85,-125.12,2021-05-20,6.5,RLS,1,12:55:00,,,1,2,Chordata,Actinopterygii,Perciformes,Gobiidae,Rhinogobiops nicholsii,Rhinogobiops nicholsii,7.5,12,93.244,POINT (-125.12000274658203 48.849998474121094)
ep_m1_public_data.fid-1acd095e_191e9a83fd6_f5b,923400150,Canada,British Columbia,"Oregon, Washington, Vancouver Coast and Shelf",Temperate Northern Pacific,Vancouver Island,BMSC22,Dixon Inside,48.85,-125.12,2021-05-20,6.5,RLS,1,12:55:00,,,1,2,Chordata,Actinopterygii,Perciformes,Gobiidae,Rhinogobiops nicholsii,Rhinogobiops nicholsii,10,17,317.6522,POINT (-125.12000274658203 48.849998474121094)
ep_m1_public_data.fid-1acd095e_191e9a83fd6_f5c,923400150,Canada,British Columbia,"Oregon, Washington, Vancouver Coast and Shelf",Temperate Northern Pacific,Vancouver Island,BMSC22,Dixon Inside,48.85,-125.12,2021-05-20,6.5,RLS,1,12:55:00,,,1,2,Chordata,Actinopterygii,Perciformes,Gobiidae,Rhinogobiops nicholsii,Rhinogobiops nicholsii,12.5,15,553.5664,POINT (-125.12000274658203 48.849998474121094)
ep_m1_public_data.fid-1acd095e_191e9a83fd6_f5d,923400150,Canada,British Columbia,"Oregon, Washington, Vancouver Coast and Shelf",Temperate Northern Pacific,Vancouver Island,BMSC22,Dixon Inside,48.85,-125.12,2021-05-20,6.5,RLS,1,12:55:00,,,1,2,Chordata,Actinopterygii,Perciformes,Gobiidae,Rhinogobiops nicholsii,Rhinogobiops nicholsii,15,7,450.4839,POINT (-125.12000274658203 48.849998474121094)
ep_m1_public_data.fid-1acd095e_191e9a83fd6_f5e,923400150,Canada,British Columbia,"Oregon, Washington, Vancouver Coast and Shelf",Temperate Northern Pacific,Vancouver Island,BMSC22,Dixon Inside,48.85,-125.12,2021-05-20,6.5,RLS,1,12:55:00,,,1,2,Chordata,Actinopterygii,Scorpaeniformes,Sebastidae,Sebastes maliger,Sebastes maliger,15,2,146.9837,POINT (-125.12000274658203 48.849998474121094)
ep_m1_public_data.fid-1acd095e_191e9a83fd6_f5f,923400150,Canada,British Columbia,"Oregon, Washington, Vancouver Coast and Shelf",Temperate Northern Pacific,Vancouver Island,BMSC22,Dixon Inside,48.85,-125.12,2021-05-20,6.5,RLS,1,12:55:00,,,1,1,Chordata,Actinopterygii,Perciformes,Gobiidae,Rhinogobiops nicholsii,Rhinogobiops nicholsii,12.5,3,110.7133,POINT (-125.12000274658203 48.849998474121094)
ep_m1_public_data.fid-1acd095e_191e9a83fd6_f60,923400150,Canada,British Columbia,"Oregon, Washington, Vancouver Coast and Shelf",Temperate Northern Pacific,Vancouver Island,BMSC22,Dixon Inside,48.85,-125.12,2021-05-20,6.5,RLS,1,12:55:00,,,1,1,Chordata,Actinopterygii,Perciformes,Gobiidae,Rhinogobiops nicholsii,Rhinogobiops nicholsii,15,1,64.3548,POINT (-125.12000274658203 48.849998474121094)
ep_m1_public_data.fid-1acd095e_191e9a83fd6_f61,923400150,Canada,British Columbia,"Oregon, Washington, Vancouver Coast and Shelf",Temperate Northern Pacific,Vancouver Island,BMSC22,Dixon Inside,48.85,-125.12,2021-05-20,6.5,RLS,1,12:55:00,,,1,1,Chordata,Actinopterygii,Perciformes,Hexagrammidae,Hexagrammos decagrammus,Hexagrammos decagrammus,15,2,134.1157,POINT (-125.12000274658203 48.849998474121094)
ep_m1_public_data.fid-1acd095e_191e9a83fd6_f62,923400150,Canada,British Columbia,"Oregon, Washington, Vancouver Coast and Shelf",Temperate Northern Pacific,Vancouver Island,BMSC22,Dixon Inside,48.85,-125.12,2021-05-20,6.5,RLS,1,12:55:00,,,1,1,Chordata,Actinopterygii,Perciformes,Hexagrammidae,Hexagrammos decagrammus,Hexagrammos decagrammus,20,1,150.0203,POINT (-125.12000274658203 48.849998474121094)
ep_m1_public_data.fid-1acd095e_191e9a83fd6_f63,923400150,Canada,British Columbia,"Oregon, Washington, Vancouver Coast and Shelf",Temperate Northern Pacific,Vancouver Island,BMSC22,Dixon Inside,48.85,-125.12,2021-05-20,6.5,RLS,1,12:55:00,,,1,1,Chordata,Actinopterygii,Perciformes,Hexagrammidae,Hexagrammos decagrammus,Hexagrammos decagrammus,25,2,464.3122,POINT (-125.12000274658203 48.849998474121094)
ep_m1_public_data.fid-1acd095e_191e9a83fd6_f64,923400150,Canada,British Columbia,"Oregon, Washington, Vancouver Coast and Shelf",Temperate Northern Pacific,Vancouver Island,BMSC22,Dixon Inside,48.85,-125.12,2021-05-20,6.5,RLS,1,12:55:00,,,1,1,Cnidaria,Hydrozoa,Anthoathecata,Corynidae,Polyorchis penicillatus,Polyorchis penicillatus,2.5,1,,POINT (-125.12000274658203 48.849998474121094)
ep_m1_public_data.fid-1acd095e_191e9a83fd6_f65,923401197,Canada,British Columbia,"Oregon, Washington, Vancouver Coast and Shelf",Temperate Northern Pacific,Vancouver Island,BMSC21,Dixon SW,48.85,-125.12,2022-04-25,4.5,RLS,2,12:30:00,,,1,2,Chordata,Actinopterygii,Perciformes,Hexagrammidae,Hexagrammos decagrammus,Hexagrammos decagrammus,15,1,67.0579,POINT (-125.12000274658203 48.849998474121094)
ep_m1_public_data.fid-1acd095e_191e9a83fd6_f66,923401197,Canada,British Columbia,"Oregon, Washington, Vancouver Coast and Shelf",Temperate Northern Pacific,Vancouver Island,BMSC21,Dixon SW,48.85,-125.12,2022-04-25,4.5,RLS,2,12:30:00,,,1,2,Chordata,Actinopterygii,Perciformes,Hexagrammidae,Hexagrammos decagrammus,Hexagrammos decagrammus,20,1,150.0203,POINT (-125.12000274658203 48.849998474121094)
ep_m1_public_data.fid-1acd095e_191e9a83fd6_f67,923401197,Canada,British Columbia,"Oregon, Washington, Vancouver Coast and Shelf",Temperate Northern Pacific,Vancouver Island,BMSC21,Dixon SW,48.85,-125.12,2022-04-25,4.5,RLS,2,12:30:00,,,1,2,Chordata,Actinopterygii,Perciformes,Hexagrammidae,Hexagrammos decagrammus,Hexagrammos decagrammus,25,1,232.1561,POINT (-125.12000274658203 48.849998474121094)
ep_m1_public_data.fid-1acd095e_191e9a83fd6_f68,923401197,Canada,British Columbia,"Oregon, Washington, Vancouver Coast and Shelf",Temperate Northern Pacific,Vancouver Island,BMSC21,Dixon SW,48.85,-125.12,2022-04-25,4.5,RLS,2,12:30:00,,,1,1,Chordata,Actinopterygii,Perciformes,Hexagrammidae,Hexagrammos decagrammus,Hexagrammos decagrammus,20,1,150.0203,POINT (-125.12000274658203 48.849998474121094)
ep_m1_public_data.fid-1acd095e_191e9a83fd6_f69,923401197,Canada,British Columbia,"Oregon, Washington, Vancouver Coast and Shelf",Temperate Northern Pacific,Vancouver Island,BMSC21,Dixon SW,48.85,-125.12,2022-04-25,4.5,RLS,2,12:30:00,,,1,1,Chordata,Actinopterygii,Perciformes,Hexagrammidae,Hexagrammos decagrammus,Hexagrammos decagrammus,35,1,483.3065,POINT (-125.12000274658203 48.849998474121094)
ep_m1_public_data.fid-1acd095e_191e9a83fd6_f6a,923401201,Canada,British Columbia,"Oregon, Washington, Vancouver Coast and Shelf",Temperate Northern Pacific,Vancouver Island,BMSC22,Dixon Inside,48.85,-125.12,2022-04-25,8.3,RLS,2,10:50:00,,,1,2,Chordata,Actinopterygii,Perciformes,Gobiidae,Rhinogobiops nicholsii,Rhinogobiops nicholsii,5,2,4.5122,POINT (-125.12000274658203 48.849998474121094)
ep_m1_public_data.fid-1acd095e_191e9a83fd6_f6b,923401201,Canada,British Columbia,"Oregon, Washington, Vancouver Coast and Shelf",Temperate Northern Pacific,Vancouver Island,BMSC22,Dixon Inside,48.85,-125.12,2022-04-25,8.3,RLS,2,10:50:00,,,1,2,Chordata,Actinopterygii,Perciformes,Gobiidae,Rhinogobiops nicholsii,Rhinogobiops nicholsii,7.5,20,155.4067,POINT (-125.12000274658203 48.849998474121094)
ep_m1_public_data.fid-1acd095e_191e9a83fd6_f6c,923401201,Canada,British Columbia,"Oregon, Washington, Vancouver Coast and Shelf",Temperate Northern Pacific,Vancouver Island,BMSC22,Dixon Inside,48.85,-125.12,2022-04-25,8.3,RLS,2,10:50:00,,,1,2,Chordata,Actinopterygii,Perciformes,Gobiidae,Rhinogobiops nicholsii,Rhinogobiops nicholsii,10,2,37.3708,POINT (-125.12000274658203 48.849998474121094)
ep_m1_public_data.fid-1acd095e_191e9a83fd6_f6d,923401201,Canada,British Columbia,"Oregon, Washington, Vancouver Coast and Shelf",Temperate Northern Pacific,Vancouver Island,BMSC22,Dixon Inside,48.85,-125.12,2022-04-25,8.3,RLS,2,10:50:00,,,1,2,Chordata,Actinopterygii,Perciformes,Hexagrammidae,Hexagrammos decagrammus,Hexagrammos decagrammus,25,1,232.1561,POINT (-125.12000274658203 48.849998474121094)
ep_m1_public_data.fid-1acd095e_191e9a83fd6_f6e,923401201,Canada,British Columbia,"Oregon, Washington, Vancouver Coast and Shelf",Temperate Northern Pacific,Vancouver Island,BMSC22,Dixon Inside,48.85,-125.12,2022-04-25,8.3,RLS,2,10:50:00,,,1,2,Chordata,Actinopterygii,Scorpaeniformes,Sebastidae,Sebastes caurinus,Sebastes caurinus,15,1,73.4918,POINT (-125.12000274658203 48.849998474121094)
ep_m1_public_data.fid-1acd095e_191e9a83fd6_f6f,923401201,Canada,British Columbia,"Oregon, Washington, Vancouver Coast and Shelf",Temperate Northern Pacific,Vancouver Island,BMSC22,Dixon Inside,48.85,-125.12,2022-04-25,8.3,RLS,2,10:50:00,,,1,2,Chordata,Actinopterygii,Scorpaeniformes,Sebastidae,Sebastes caurinus,Sebastes caurinus,20,1,162.7257,POINT (-125.12000274658203 48.849998474121094)
ep_m1_public_data.fid-1acd095e_191e9a83fd6_f70,923401201,Canada,British Columbia,"Oregon, Washington, Vancouver Coast and Shelf",Temperate Northern Pacific,Vancouver Island,BMSC22,Dixon Inside,48.85,-125.12,2022-04-25,8.3,RLS,2,10:50:00,,,1,2,Chordata,Actinopterygii,Scorpaeniformes,Sebastidae,Sebastes melanops,Sebastes melanops,15,1,73.4918,POINT (-125.12000274658203 48.849998474121094)
ep_m1_public_data.fid-1acd095e_191e9a83fd6_f71,923401201,Canada,British Columbia,"Oregon, Washington, Vancouver Coast and Shelf",Temperate Northern Pacific,Vancouver Island,BMSC22,Dixon Inside,48.85,-125.12,2022-04-25,8.3,RLS,2,10:50:00,,,1,1,Chordata,Actinopterygii,Perciformes,Gobiidae,Rhinogobiops nicholsii,Rhinogobiops nicholsii,5,1,2.2561,POINT (-125.12000274658203 48.849998474121094)
ep_m1_public_data.fid-1acd095e_191e9a83fd6_f72,923401201,Canada,British Columbia,"Oregon, Washington, Vancouver Coast and Shelf",Temperate Northern Pacific,Vancouver Island,BMSC22,Dixon Inside,48.85,-125.12,2022-04-25,8.3,RLS,2,10:50:00,,,1,1,Chordata,Actinopterygii,Perciformes,Gobiidae,Rhinogobiops nicholsii,Rhinogobiops nicholsii,7.5,2,15.5407,POINT (-125.12000274658203 48.849998474121094)
ep_m1_public_data.fid-1acd095e_191e9a83fd6_f73,923401201,Canada,British Columbia,"Oregon, Washington, Vancouver Coast and Shelf",Temperate Northern Pacific,Vancouver Island,BMSC22,Dixon Inside,48.85,-125.12,2022-04-25,8.3,RLS,2,10:50:00,,,1,1,Chordata,Actinopterygii,Perciformes,Gobiidae,Rhinogobiops nicholsii,Rhinogobiops nicholsii,10,2,37.3708,POINT (-125.12000274658203 48.849998474121094)
ep_m1_public_data.fid-1acd095e_191e9a83fd6_f74,923401201,Canada,British Columbia,"Oregon, Washington, Vancouver Coast and Shelf",Temperate Northern Pacific,Vancouver Island,BMSC22,Dixon Inside,48.85,-125.12,2022-04-25,8.3,RLS,2,10:50:00,,,1,1,Chordata,Actinopterygii,Perciformes,Gobiidae,Rhinogobiops nicholsii,Rhinogobiops nicholsii,12.5,2,73.8089,POINT (-125.12000274658203 48.849998474121094)
ep_m1_public_data.fid-1acd095e_191e9a83fd6_f75,923401201,Canada,British Columbia,"Oregon, Washington, Vancouver Coast and Shelf",Temperate Northern Pacific,Vancouver Island,BMSC22,Dixon Inside,48.85,-125.12,2022-04-25,8.3,RLS,2,10:50:00,,,1,1,Chordata,Actinopterygii,Perciformes,Gobiidae,Rhinogobiops nicholsii,Rhinogobiops nicholsii,15,2,128.7097,POINT (-125.12000274658203 48.849998474121094)
ep_m1_public_data.fid-1acd095e_191e9a83fd6_f76,923401201,Canada,British Columbia,"Oregon, Washington, Vancouver Coast and Shelf",Temperate Northern Pacific,Vancouver Island,BMSC22,Dixon Inside,48.85,-125.12,2022-04-25,8.3,RLS,2,10:50:00,,,1,1,Chordata,Actinopterygii,Perciformes,Hexagrammidae,Hexagrammos decagrammus,Hexagrammos decagrammus,10,1,18.9254,POINT (-125.12000274658203 48.849998474121094)
ep_m1_public_data.fid-1acd095e_191e9a83fd6_f77,923401201,Canada,British Columbia,"Oregon, Washington, Vancouver Coast and Shelf",Temperate Northern Pacific,Vancouver Island,BMSC22,Dixon Inside,48.85,-125.12,2022-04-25,8.3,RLS,2,10:50:00,,,1,1,Chordata,Actinopterygii,Perciformes,Hexagrammidae,Hexagrammos decagrammus,Hexagrammos decagrammus,15,1,67.0579,POINT (-125.12000274658203 48.849998474121094)
ep_m1_public_data.fid-1acd095e_191e9a83fd6_f78,923401201,Canada,British Columbia,"Oregon, Washington, Vancouver Coast and Shelf",Temperate Northern Pacific,Vancouver Island,BMSC22,Dixon Inside,48.85,-125.12,2022-04-25,8.3,RLS,2,10:50:00,,,1,1,Chordata,Actinopterygii,Perciformes,Hexagrammidae,Hexagrammos decagrammus,Hexagrammos decagrammus,20,1,150.0203,POINT (-125.12000274658203 48.849998474121094)
ep_m1_public_data.fid-1acd095e_191e9a83fd6_f79,923402245,Canada,British Columbia,"Oregon, Washington, Vancouver Coast and Shelf",Temperate Northern Pacific,Vancouver Island,BMSC22,Dixon Inside,48.85,-125.12,2023-05-08,5.5,RLS,3,10:14:00,,,1,1,Chordata,Actinopterygii,Perciformes,Gobiidae,Rhinogobiops nicholsii,Rhinogobiops nicholsii,7.5,34,264.1914,POINT (-125.12000274658203 48.849998474121094)
ep_m1_public_data.fid-1acd095e_191e9a83fd6_f7a,923402245,Canada,British Columbia,"Oregon, Washington, Vancouver Coast and Shelf",Temperate Northern Pacific,Vancouver Island,BMSC22,Dixon Inside,48.85,-125.12,2023-05-08,5.5,RLS,3,10:14:00,,,1,1,Chordata,Actinopterygii,Perciformes,Gobiidae,Rhinogobiops nicholsii,Rhinogobiops nicholsii,10,5,93.4271,POINT (-125.12000274658203 48.849998474121094)
ep_m1_public_data.fid-1acd095e_191e9a83fd6_f7b,923402245,Canada,British Columbia,"Oregon, Washington, Vancouver Coast and Shelf",Temperate Northern Pacific,Vancouver Island,BMSC22,Dixon Inside,48.85,-125.12,2023-05-08,5.5,RLS,3,10:14:00,,,1,1,Chordata,Actinopterygii,Perciformes,Hexagrammidae,Hexagrammos decagrammus,Hexagrammos decagrammus,12.5,1,37.9668,POINT (-125.12000274658203 48.849998474121094)
ep_m1_public_data.fid-1acd095e_191e9a83fd6_f7c,923402245,Canada,British Columbia,"Oregon, Washington, Vancouver Coast and Shelf",Temperate Northern Pacific,Vancouver Island,BMSC22,Dixon Inside,48.85,-125.12,2023-05-08,5.5,RLS,3,10:14:00,,,1,1,Chordata,Actinopterygii,Perciformes,Hexagrammidae,Hexagrammos decagrammus,Hexagrammos decagrammus,15,1,67.0579,POINT (-125.12000274658203 48.849998474121094)
ep_m1_public_data.fid-1acd095e_191e9a83fd6_f7d,923402245,Canada,British Columbia,"Oregon, Washington, Vancouver Coast and Shelf",Temperate Northern Pacific,Vancouver Island,BMSC22,Dixon Inside,48.85,-125.12,2023-05-08,5.5,RLS,3,10:14:00,,,1,1,Chordata,Actinopterygii,Perciformes,Hexagrammidae,Hexagrammos decagrammus,Hexagrammos decagrammus,20,1,150.0203,POINT (-125.12000274658203 48.849998474121094)
ep_m1_public_data.fid-1acd095e_191e9a83fd6_f7e,923402245,Canada,British Columbia,"Oregon, Washington, Vancouver Coast and Shelf",Temperate Northern Pacific,Vancouver Island,BMSC22,Dixon Inside,48.85,-125.12,2023-05-08,5.5,RLS,3,10:14:00,,,1,2,Chordata,Actinopterygii,Perciformes,Gobiidae,Rhinogobiops nicholsii,Rhinogobiops nicholsii,5,12,27.0734,POINT (-125.12000274658203 48.849998474121094)
ep_m1_public_data.fid-1acd095e_191e9a83fd6_f7f,923402245,Canada,British Columbia,"Oregon, Washington, Vancouver Coast and Shelf",Temperate Northern Pacific,Vancouver Island,BMSC22,Dixon Inside,48.85,-125.12,2023-05-08,5.5,RLS,3,10:14:00,,,1,2,Chordata,Actinopterygii,Perciformes,Gobiidae,Rhinogobiops nicholsii,Rhinogobiops nicholsii,7.5,15,116.555,POINT (-125.12000274658203 48.849998474121094)
ep_m1_public_data.fid-1acd095e_191e9a83fd6_f80,923402245,Canada,British Columbia,"Oregon, Washington, Vancouver Coast and Shelf",Temperate Northern Pacific,Vancouver Island,BMSC22,Dixon Inside,48.85,-125.12,2023-05-08,5.5,RLS,3,10:14:00,,,1,2,Chordata,Actinopterygii,Perciformes,Gobiidae,Rhinogobiops nicholsii,Rhinogobiops nicholsii,10,15,280.2813,POINT (-125.12000274658203 48.849998474121094)
ep_m1_public_data.fid-1acd095e_191e9a83fd6_f81,923402245,Canada,British Columbia,"Oregon, Washington, Vancouver Coast and Shelf",Temperate Northern Pacific,Vancouver Island,BMSC22,Dixon Inside,48.85,-125.12,2023-05-08,5.5,RLS,3,10:14:00,,,1,2,Chordata,Actinopterygii,Perciformes,Gobiidae,Rhinogobiops nicholsii,Rhinogobiops nicholsii,12.5,8,295.2354,POINT (-125.12000274658203 48.849998474121094)
ep_m1_public_data.fid-1acd095e_191e9a83fd6_f82,923402245,Canada,British Columbia,"Oregon, Washington, Vancouver Coast and Shelf",Temperate Northern Pacific,Vancouver Island,BMSC22,Dixon Inside,48.85,-125.12,2023-05-08,5.5,RLS,3,10:14:00,,,1,2,Chordata,Actinopterygii,Perciformes,Hexagrammidae,Hexagrammos decagrammus,Hexagrammos decagrammus,15,1,67.0579,POINT (-125.12000274658203 48.849998474121094)
ep_m1_public_data.fid-1acd095e_191e9a83fd6_f83,923402245,Canada,British Columbia,"Oregon, Washington, Vancouver Coast and Shelf",Temperate Northern Pacific,Vancouver Island,BMSC22,Dixon Inside,48.85,-125.12,2023-05-08,5.5,RLS,3,10:14:00,,,1,2,Chordata,Actinopterygii,Scorpaeniformes,Hexagrammidae,Oxylebius pictus,Oxylebius pictus,10,1,21.4147,POINT (-125.12000274658203 48.849998474121094)
ep_m1_public_data.fid-1acd095e_191e9a83fd6_f84,923402245,Canada,British Columbia,"Oregon, Washington, Vancouver Coast and Shelf",Temperate Northern Pacific,Vancouver Island,BMSC22,Dixon Inside,48.85,-125.12,2023-05-08,5.5,RLS,3,10:14:00,,,1,2,Chordata,Actinopterygii,Scorpaeniformes,Sebastidae,Sebastes caurinus,Sebastes caurinus,10,1,21.0804,POINT (-125.12000274658203 48.849998474121094)
ep_m1_public_data.fid-1acd095e_191e9a83fd6_f85,923402245,Canada,British Columbia,"Oregon, Washington, Vancouver Coast and Shelf",Temperate Northern Pacific,Vancouver Island,BMSC22,Dixon Inside,48.85,-125.12,2023-05-08,5.5,RLS,3,10:14:00,,,1,2,Chordata,Actinopterygii,Scorpaeniformes,Sebastidae,Sebastes caurinus,Sebastes caurinus,12.5,1,41.9142,POINT (-125.12000274658203 48.849998474121094)
ep_m1_public_data.fid-1acd095e_191e9a83fd6_f86,923402245,Canada,British Columbia,"Oregon, Washington, Vancouver Coast and Shelf",Temperate Northern Pacific,Vancouver Island,BMSC22,Dixon Inside,48.85,-125.12,2023-05-08,5.5,RLS,3,10:14:00,,,1,2,Ctenophora,Tentaculata,Lobata,Bolinopsidae,Bolinopsis infundibulum,Bolinopsis infundibulum,0,1,,POINT (-125.12000274658203 48.849998474121094)
ep_m1_public_data.fid-1acd095e_191e9a83fd6_f87,923402248,Canada,British Columbia,"Oregon, Washington, Vancouver Coast and Shelf",Temperate Northern Pacific,Vancouver Island,BMSC21,Dixon SW,48.85,-125.12,2023-05-08,6,RLS,2,13:00:00,,,1,2,Chordata,Actinopterygii,Perciformes,Gobiidae,Rhinogobiops nicholsii,Rhinogobiops nicholsii,5,1,2.2561,POINT (-125.12000274658203 48.849998474121094)
ep_m1_public_data.fid-1acd095e_191e9a83fd6_f88,923402248,Canada,British Columbia,"Oregon, Washington, Vancouver Coast and Shelf",Temperate Northern Pacific,Vancouver Island,BMSC21,Dixon SW,48.85,-125.12,2023-05-08,6,RLS,2,13:00:00,,,1,2,Chordata,Actinopterygii,Perciformes,Gobiidae,Rhinogobiops nicholsii,Rhinogobiops nicholsii,7.5,3,23.311,POINT (-125.12000274658203 48.849998474121094)
ep_m1_public_data.fid-1acd095e_191e9a83fd6_f89,923402248,Canada,British Columbia,"Oregon, Washington, Vancouver Coast and Shelf",Temperate Northern Pacific,Vancouver Island,BMSC21,Dixon SW,48.85,-125.12,2023-05-08,6,RLS,2,13:00:00,,,1,2,Chordata,Actinopterygii,Perciformes,Gobiidae,Rhinogobiops nicholsii,Rhinogobiops nicholsii,10,2,37.3708,POINT (-125.12000274658203 48.849998474121094)
ep_m1_public_data.fid-1acd095e_191e9a83fd6_f8a,923402248,Canada,British Columbia,"Oregon, Washington, Vancouver Coast and Shelf",Temperate Northern Pacific,Vancouver Island,BMSC21,Dixon SW,48.85,-125.12,2023-05-08,6,RLS,2,13:00:00,,,1,2,Chordata,Actinopterygii,Perciformes,Hexagrammidae,Hexagrammos decagrammus,Hexagrammos decagrammus,15,1,67.0579,POINT (-125.12000274658203 48.849998474121094)
ep_m1_public_data.fid-1acd095e_191e9a83fd6_f8b,923402248,Canada,British Columbia,"Oregon, Washington, Vancouver Coast and Shelf",Temperate Northern Pacific,Vancouver Island,BMSC21,Dixon SW,48.85,-125.12,2023-05-08,6,RLS,2,13:00:00,,,1,2,Chordata,Actinopterygii,Perciformes,Hexagrammidae,Hexagrammos decagrammus,Hexagrammos decagrammus,20,1,150.0203,POINT (-125.12000274658203 48.849998474121094)
ep_m1_public_data.fid-1acd095e_191e9a83fd6_f8c,923402248,Canada,British Columbia,"Oregon, Washington, Vancouver Coast and Shelf",Temperate Northern Pacific,Vancouver Island,BMSC21,Dixon SW,48.85,-125.12,2023-05-08,6,RLS,2,13:00:00,,,1,2,Chordata,Actinopterygii,Perciformes,Hexagrammidae,Hexagrammos decagrammus,Hexagrammos decagrammus,25,2,464.3122,POINT (-125.12000274658203 48.849998474121094)
ep_m1_public_data.fid-1acd095e_191e9a83fd6_f8d,923402248,Canada,British Columbia,"Oregon, Washington, Vancouver Coast and Shelf",Temperate Northern Pacific,Vancouver Island,BMSC21,Dixon SW,48.85,-125.12,2023-05-08,6,RLS,2,13:00:00,,,1,2,Chordata,Actinopterygii,Perciformes,Hexagrammidae,Hexagrammos decagrammus,Hexagrammos decagrammus,30,3,1032.016,POINT (-125.12000274658203 48.849998474121094)
ep_m1_public_data.fid-1acd095e_191e9a83fd6_f8e,923402248,Canada,British Columbia,"Oregon, Washington, Vancouver Coast and Shelf",Temperate Northern Pacific,Vancouver Island,BMSC21,Dixon SW,48.85,-125.12,2023-05-08,6,RLS,2,13:00:00,,,1,2,Chordata,Actinopterygii,Scorpaeniformes,Hexagrammidae,Ophiodon elongatus,Ophiodon elongatus,35,1,231.3251,POINT (-125.12000274658203 48.849998474121094)
ep_m1_public_data.fid-1acd095e_191e9a83fd6_f8f,923402248,Canada,British Columbia,"Oregon, Washington, Vancouver Coast and Shelf",Temperate Northern Pacific,Vancouver Island,BMSC21,Dixon SW,48.85,-125.12,2023-05-08,6,RLS,2,13:00:00,,,1,2,Chordata,Actinopterygii,Scorpaeniformes,Hexagrammidae,Ophiodon elongatus,Ophiodon elongatus,40,1,296.3178,POINT (-125.12000274658203 48.849998474121094)
ep_m1_public_data.fid-1acd095e_191e9a83fd6_f90,923402248,Canada,British Columbia,"Oregon, Washington, Vancouver Coast and Shelf",Temperate Northern Pacific,Vancouver Island,BMSC21,Dixon SW,48.85,-125.12,2023-05-08,6,RLS,2,13:00:00,,,1,2,Chordata,Actinopterygii,Scorpaeniformes,Hexagrammidae,Ophiodon elongatus,Ophiodon elongatus,50,1,599.5206,POINT (-125.12000274658203 48.849998474121094)
ep_m1_public_data.fid-1acd095e_191e9a83fd6_f91,923402248,Canada,British Columbia,"Oregon, Washington, Vancouver Coast and Shelf",Temperate Northern Pacific,Vancouver Island,BMSC21,Dixon SW,48.85,-125.12,2023-05-08,6,RLS,2,13:00:00,,,1,1,Chordata,Actinopterygii,Perciformes,Gobiidae,Rhinogobiops nicholsii,Rhinogobiops nicholsii,5,1,2.2561,POINT (-125.12000274658203 48.849998474121094)
ep_m1_public_data.fid-1acd095e_191e9a83fd6_f92,923402248,Canada,British Columbia,"Oregon, Washington, Vancouver Coast and Shelf",Temperate Northern Pacific,Vancouver Island,BMSC21,Dixon SW,48.85,-125.12,2023-05-08,6,RLS,2,13:00:00,,,1,1,Chordata,Actinopterygii,Perciformes,Gobiidae,Rhinogobiops nicholsii,Rhinogobiops nicholsii,7.5,2,15.5407,POINT (-125.12000274658203 48.849998474121094)
ep_m1_public_data.fid-1acd095e_191e9a83fd6_f93,923402248,Canada,British Columbia,"Oregon, Washington, Vancouver Coast and Shelf",Temperate Northern Pacific,Vancouver Island,BMSC21,Dixon SW,48.85,-125.12,2023-05-08,6,RLS,2,13:00:00,,,1,1,Chordata,Actinopterygii,Perciformes,Gobiidae,Rhinogobiops nicholsii,Rhinogobiops nicholsii,10,5,93.4271,POINT (-125.12000274658203 48.849998474121094)
ep_m1_public_data.fid-1acd095e_191e9a83fd6_f94,923402248,Canada,British Columbia,"Oregon, Washington, Vancouver Coast and Shelf",Temperate Northern Pacific,Vancouver Island,BMSC21,Dixon SW,48.85,-125.12,2023-05-08,6,RLS,2,13:00:00,,,1,1,Chordata,Actinopterygii,Perciformes,Gobiidae,Rhinogobiops nicholsii,Rhinogobiops nicholsii,12.5,1,36.9044,POINT (-125.12000274658203 48.849998474121094)
ep_m1_public_data.fid-1acd095e_191e9a83fd6_f95,923402248,Canada,British Columbia,"Oregon, Washington, Vancouver Coast and Shelf",Temperate Northern Pacific,Vancouver Island,BMSC21,Dixon SW,48.85,-125.12,2023-05-08,6,RLS,2,13:00:00,,,1,1,Chordata,Actinopterygii,Perciformes,Hexagrammidae,Hexagrammos decagrammus,Hexagrammos decagrammus,10,1,18.9254,POINT (-125.12000274658203 48.849998474121094)
ep_m1_public_data.fid-1acd095e_191e9a83fd6_f96,923402248,Canada,British Columbia,"Oregon, Washington, Vancouver Coast and Shelf",Temperate Northern Pacific,Vancouver Island,BMSC21,Dixon SW,48.85,-125.12,2023-05-08,6,RLS,2,13:00:00,,,1,1,Chordata,Actinopterygii,Perciformes,Hexagrammidae,Hexagrammos decagrammus,Hexagrammos decagrammus,15,2,134.1157,POINT (-125.12000274658203 48.849998474121094)
ep_m1_public_data.fid-1acd095e_191e9a83fd6_f97,923402248,Canada,British Columbia,"Oregon, Washington, Vancouver Coast and Shelf",Temperate Northern Pacific,Vancouver Island,BMSC21,Dixon SW,48.85,-125.12,2023-05-08,6,RLS,2,13:00:00,,,1,1,Chordata,Actinopterygii,Perciformes,Hexagrammidae,Hexagrammos decagrammus,Hexagrammos decagrammus,20,3,450.0609,POINT (-125.12000274658203 48.849998474121094)
ep_m1_public_data.fid-1acd095e_191e9a83fd6_f98,923402248,Canada,British Columbia,"Oregon, Washington, Vancouver Coast and Shelf",Temperate Northern Pacific,Vancouver Island,BMSC21,Dixon SW,48.85,-125.12,2023-05-08,6,RLS,2,13:00:00,,,1,1,Chordata,Actinopterygii,Perciformes,Hexagrammidae,Hexagrammos decagrammus,Hexagrammos decagrammus,25,3,696.4684,POINT (-125.12000274658203 48.849998474121094)
ep_m1_public_data.fid-1acd095e_191e9a83fd6_f99,923402248,Canada,British Columbia,"Oregon, Washington, Vancouver Coast and Shelf",Temperate Northern Pacific,Vancouver Island,BMSC21,Dixon SW,48.85,-125.12,2023-05-08,6,RLS,2,13:00:00,,,1,1,Chordata,Actinopterygii,Perciformes,Hexagrammidae,Hexagrammos decagrammus,Hexagrammos decagrammus,30,1,344.0053,POINT (-125.12000274658203 48.849998474121094)
ep_m1_public_data.fid-1acd095e_191e9a83fd6_f9a,923402248,Canada,British Columbia,"Oregon, Washington, Vancouver Coast and Shelf",Temperate Northern Pacific,Vancouver Island,BMSC21,Dixon SW,48.85,-125.12,2023-05-08,6,RLS,2,13:00:00,,,1,1,Chordata,Actinopterygii,Scorpaeniformes,Cottidae,Artedius harringtoni,Artedius harringtoni,5,1,1.9303,POINT (-125.12000274658203 48.849998474121094)
ep_m1_public_data.fid-1acd095e_191e9a83fd6_f9b,923402248,Canada,British Columbia,"Oregon, Washington, Vancouver Coast and Shelf",Temperate Northern Pacific,Vancouver Island,BMSC21,Dixon SW,48.85,-125.12,2023-05-08,6,RLS,2,13:00:00,,,1,1,Chordata,Actinopterygii,Scorpaeniformes,Sebastidae,Sebastes melanops,Sebastes melanops,12.5,2,83.8284,POINT (-125.12000274658203 48.849998474121094)
ep_m1_public_data.fid-1acd095e_191e9a83fd6_f9c,923402248,Canada,British Columbia,"Oregon, Washington, Vancouver Coast and Shelf",Temperate Northern Pacific,Vancouver Island,BMSC21,Dixon SW,48.85,-125.12,2023-05-08,6,RLS,2,13:00:00,,,1,1,Chordata,Actinopterygii,Scorpaeniformes,Sebastidae,Sebastes melanops,Sebastes melanops,15,3,220.4756,POINT (-125.12000274658203 48.849998474121094)
ep_m1_public_data.fid-1acd095e_191e9a83fd6_f9d,923402248,Canada,British Columbia,"Oregon, Washington, Vancouver Coast and Shelf",Temperate Northern Pacific,Vancouver Island,BMSC21,Dixon SW,48.85,-125.12,2023-05-08,6,RLS,2,13:00:00,,,1,1,Ctenophora,Tentaculata,Lobata,Bolinopsidae,Bolinopsis infundibulum,Bolinopsis infundibulum,0,1,,POINT (-125.12000274658203 48.849998474121094)
ep_m1_public_data.fid-1acd095e_191e9a83fd6_f9e,923402377,Canada,British Columbia,"Oregon, Washington, Vancouver Coast and Shelf",Temperate Northern Pacific,Vancouver Island,BMKC1,Dixon Bay 2,48.85,-125.12,2023-05-29,6,RLS,2,07:40:00,,,1,1,Chordata,Actinopterygii,Perciformes,Embiotocidae,Brachyistius frenatus,Brachyistius frenatus,7.5,2,21.4747,POINT (-125.12000274658203 48.849998474121094)
ep_m1_public_data.fid-1acd095e_191e9a83fd6_f9f,923402377,Canada,British Columbia,"Oregon, Washington, Vancouver Coast and Shelf",Temperate Northern Pacific,Vancouver Island,BMKC1,Dixon Bay 2,48.85,-125.12,2023-05-29,6,RLS,2,07:40:00,,,1,1,Chordata,Actinopterygii,Perciformes,Embiotocidae,Brachyistius frenatus,Brachyistius frenatus,10,14,360.4442,POINT (-125.12000274658203 48.849998474121094)
ep_m1_public_data.fid-1acd095e_191e9a83fd6_fa0,923402377,Canada,British Columbia,"Oregon, Washington, Vancouver Coast and Shelf",Temperate Northern Pacific,Vancouver Island,BMKC1,Dixon Bay 2,48.85,-125.12,2023-05-29,6,RLS,2,07:40:00,,,1,1,Chordata,Actinopterygii,Perciformes,Embiotocidae,Brachyistius frenatus,Brachyistius frenatus,12.5,2,101.472,POINT (-125.12000274658203 48.849998474121094)
ep_m1_public_data.fid-1acd095e_191e9a83fd6_fa1,923402377,Canada,British Columbia,"Oregon, Washington, Vancouver Coast and Shelf",Temperate Northern Pacific,Vancouver Island,BMKC1,Dixon Bay 2,48.85,-125.12,2023-05-29,6,RLS,2,07:40:00,,,1,1,Chordata,Actinopterygii,Perciformes,Hexagrammidae,Hexagrammos decagrammus,Hexagrammos decagrammus,20,1,150.0203,POINT (-125.12000274658203 48.849998474121094)
ep_m1_public_data.fid-1acd095e_191e9a83fd6_fa2,923402377,Canada,British Columbia,"Oregon, Washington, Vancouver Coast and Shelf",Temperate Northern Pacific,Vancouver Island,BMKC1,Dixon Bay 2,48.85,-125.12,2023-05-29,6,RLS,2,07:40:00,,,1,1,Chordata,Actinopterygii,Scorpaeniformes,Sebastidae,Sebastes caurinus,Sebastes caurinus,7.5,1,8.6909,POINT (-125.12000274658203 48.849998474121094)
ep_m1_public_data.fid-1acd095e_191e9a83fd6_fa3,923402377,Canada,British Columbia,"Oregon, Washington, Vancouver Coast and Shelf",Temperate Northern Pacific,Vancouver Island,BMKC1,Dixon Bay 2,48.85,-125.12,2023-05-29,6,RLS,2,07:40:00,,,1,1,Chordata,Actinopterygii,Scorpaeniformes,Sebastidae,Sebastes melanops,Sebastes melanops,15,1,73.4918,POINT (-125.12000274658203 48.849998474121094)
ep_m1_public_data.fid-1acd095e_191e9a83fd6_fa4,923402377,Canada,British Columbia,"Oregon, Washington, Vancouver Coast and Shelf",Temperate Northern Pacific,Vancouver Island,BMKC1,Dixon Bay 2,48.85,-125.12,2023-05-29,6,RLS,2,07:40:00,,,1,2,Chordata,Actinopterygii,Perciformes,Embiotocidae,Brachyistius frenatus,Brachyistius frenatus,2.5,2,0.7612,POINT (-125.12000274658203 48.849998474121094)
ep_m1_public_data.fid-1acd095e_191e9a83fd6_fa5,923402377,Canada,British Columbia,"Oregon, Washington, Vancouver Coast and Shelf",Temperate Northern Pacific,Vancouver Island,BMKC1,Dixon Bay 2,48.85,-125.12,2023-05-29,6,RLS,2,07:40:00,,,1,2,Chordata,Actinopterygii,Perciformes,Embiotocidae,Brachyistius frenatus,Brachyistius frenatus,5,1,3.1302,POINT (-125.12000274658203 48.849998474121094)
ep_m1_public_data.fid-1acd095e_191e9a83fd6_fa6,923402377,Canada,British Columbia,"Oregon, Washington, Vancouver Coast and Shelf",Temperate Northern Pacific,Vancouver Island,BMKC1,Dixon Bay 2,48.85,-125.12,2023-05-29,6,RLS,2,07:40:00,,,1,2,Chordata,Actinopterygii,Perciformes,Embiotocidae,Brachyistius frenatus,Brachyistius frenatus,7.5,2,21.4747,POINT (-125.12000274658203 48.849998474121094)
ep_m1_public_data.fid-1acd095e_191e9a83fd6_fa7,923402377,Canada,British Columbia,"Oregon, Washington, Vancouver Coast and Shelf",Temperate Northern Pacific,Vancouver Island,BMKC1,Dixon Bay 2,48.85,-125.12,2023-05-29,6,RLS,2,07:40:00,,,1,2,Chordata,Actinopterygii,Perciformes,Embiotocidae,Cymatogaster aggregata,Cymatogaster aggregata,2.5,3,1.6145,POINT (-125.12000274658203 48.849998474121094)
ep_m1_public_data.fid-1acd095e_191e9a83fd6_fa8,923402377,Canada,British Columbia,"Oregon, Washington, Vancouver Coast and Shelf",Temperate Northern Pacific,Vancouver Island,BMKC1,Dixon Bay 2,48.85,-125.12,2023-05-29,6,RLS,2,07:40:00,,,1,2,Chordata,Actinopterygii,Perciformes,Embiotocidae,Cymatogaster aggregata,Cymatogaster aggregata,5,2,8.7306,POINT (-125.12000274658203 48.849998474121094)
ep_m1_public_data.fid-1acd095e_191e9a83fd6_fa9,923402377,Canada,British Columbia,"Oregon, Washington, Vancouver Coast and Shelf",Temperate Northern Pacific,Vancouver Island,BMKC1,Dixon Bay 2,48.85,-125.12,2023-05-29,6,RLS,2,07:40:00,,,1,2,Chordata,Actinopterygii,Perciformes,Embiotocidae,Cymatogaster aggregata,Cymatogaster aggregata,7.5,1,14.8529,POINT (-125.12000274658203 48.849998474121094)
ep_m1_public_data.fid-1acd095e_191e9a83fd6_faa,923402377,Canada,British Columbia,"Oregon, Washington, Vancouver Coast and Shelf",Temperate Northern Pacific,Vancouver Island,BMKC1,Dixon Bay 2,48.85,-125.12,2023-05-29,6,RLS,2,07:40:00,,,1,2,Chordata,Actinopterygii,Perciformes,Hexagrammidae,Hexagrammos decagrammus,Hexagrammos decagrammus,5,1,2.1769,POINT (-125.12000274658203 48.849998474121094)
ep_m1_public_data.fid-1acd095e_191e9a83fd6_fab,923402377,Canada,British Columbia,"Oregon, Washington, Vancouver Coast and Shelf",Temperate Northern Pacific,Vancouver Island,BMKC1,Dixon Bay 2,48.85,-125.12,2023-05-29,6,RLS,2,07:40:00,,,1,2,Chordata,Actinopterygii,Perciformes,Hexagrammidae,Hexagrammos decagrammus,Hexagrammos decagrammus,7.5,1,7.7132,POINT (-125.12000274658203 48.849998474121094)
ep_m1_public_data.fid-1acd095e_191e9a83fd6_fac,923402377,Canada,British Columbia,"Oregon, Washington, Vancouver Coast and Shelf",Temperate Northern Pacific,Vancouver Island,BMKC1,Dixon Bay 2,48.85,-125.12,2023-05-29,6,RLS,2,07:40:00,,,1,2,Chordata,Actinopterygii,Perciformes,Hexagrammidae,Hexagrammos decagrammus,Hexagrammos decagrammus,12.5,1,37.9668,POINT (-125.12000274658203 48.849998474121094)
ep_m1_public_data.fid-1acd095e_191e9a83fd6_fad,923402377,Canada,British Columbia,"Oregon, Washington, Vancouver Coast and Shelf",Temperate Northern Pacific,Vancouver Island,BMKC1,Dixon Bay 2,48.85,-125.12,2023-05-29,6,RLS,2,07:40:00,,,1,2,Chordata,Actinopterygii,Scorpaeniformes,Hexagrammidae,Hexagrammos stelleri,Hexagrammos stelleri,10,1,17.7915,POINT (-125.12000274658203 48.849998474121094)
ep_m1_public_data.fid-1acd095e_191e9a83fd6_fae,923402377,Canada,British Columbia,"Oregon, Washington, Vancouver Coast and Shelf",Temperate Northern Pacific,Vancouver Island,BMKC1,Dixon Bay 2,48.85,-125.12,2023-05-29,6,RLS,2,07:40:00,,,1,2,Chordata,Actinopterygii,Scorpaeniformes,Sebastidae,Sebastes caurinus,Sebastes caurinus,2.5,1,0.2948,POINT (-125.12000274658203 48.849998474121094)
ep_m1_public_data.fid-1acd095e_191e9a83fd6_faf,923402377,Canada,British Columbia,"Oregon, Washington, Vancouver Coast and Shelf",Temperate Northern Pacific,Vancouver Island,BMKC1,Dixon Bay 2,48.85,-125.12,2023-05-29,6,RLS,2,07:40:00,,,1,2,Chordata,Actinopterygii,Scorpaeniformes,Sebastidae,Sebastes caurinus,Sebastes caurinus,5,1,2.4929,POINT (-125.12000274658203 48.849998474121094)
ep_m1_public_data.fid-1acd095e_191e9a83fd6_fb0,923400138,Canada,British Columbia,"Oregon, Washington, Vancouver Coast and Shelf",Temperate Northern Pacific,Vancouver Island,BMSC3,Ohiat,48.86,-125.18,2021-04-27,5.5,RLS,5,12:39:00,,,1,1,Chordata,Actinopterygii,Perciformes,Embiotocidae,Embiotoca lateralis,Embiotoca lateralis,12.5,1,69.4696,POINT (-125.18000030517578 48.86000061035156)
ep_m1_public_data.fid-1acd095e_191e9a83fd6_fb1,923400138,Canada,British Columbia,"Oregon, Washington, Vancouver Coast and Shelf",Temperate Northern Pacific,Vancouver Island,BMSC3,Ohiat,48.86,-125.18,2021-04-27,5.5,RLS,5,12:39:00,,,1,1,Chordata,Actinopterygii,Perciformes,Hexagrammidae,Hexagrammos decagrammus,Hexagrammos decagrammus,15,2,134.1157,POINT (-125.18000030517578 48.86000061035156)
ep_m1_public_data.fid-1acd095e_191e9a83fd6_fb2,923400138,Canada,British Columbia,"Oregon, Washington, Vancouver Coast and Shelf",Temperate Northern Pacific,Vancouver Island,BMSC3,Ohiat,48.86,-125.18,2021-04-27,5.5,RLS,5,12:39:00,,,1,1,Chordata,Actinopterygii,Scorpaeniformes,Hexagrammidae,Oxylebius pictus,Oxylebius pictus,10,2,42.8294,POINT (-125.18000030517578 48.86000061035156)
ep_m1_public_data.fid-1acd095e_191e9a83fd6_fb3,923400138,Canada,British Columbia,"Oregon, Washington, Vancouver Coast and Shelf",Temperate Northern Pacific,Vancouver Island,BMSC3,Ohiat,48.86,-125.18,2021-04-27,5.5,RLS,5,12:39:00,,,1,1,Chordata,Actinopterygii,Scorpaeniformes,Sebastidae,Sebastes melanops,Sebastes melanops,10,3,63.2411,POINT (-125.18000030517578 48.86000061035156)
ep_m1_public_data.fid-1acd095e_191e9a83fd6_fb4,923400138,Canada,British Columbia,"Oregon, Washington, Vancouver Coast and Shelf",Temperate Northern Pacific,Vancouver Island,BMSC3,Ohiat,48.86,-125.18,2021-04-27,5.5,RLS,5,12:39:00,,,1,1,Chordata,Actinopterygii,Scorpaeniformes,Sebastidae,Sebastes melanops,Sebastes melanops,12.5,3,125.7425,POINT (-125.18000030517578 48.86000061035156)
ep_m1_public_data.fid-1acd095e_191e9a83fd6_fb5,923400138,Canada,British Columbia,"Oregon, Washington, Vancouver Coast and Shelf",Temperate Northern Pacific,Vancouver Island,BMSC3,Ohiat,48.86,-125.18,2021-04-27,5.5,RLS,5,12:39:00,,,1,1,Chordata,Actinopterygii,Scorpaeniformes,Sebastidae,Sebastes melanops,Sebastes melanops,15,5,367.4593,POINT (-125.18000030517578 48.86000061035156)
ep_m1_public_data.fid-1acd095e_191e9a83fd6_fb6,923400138,Canada,British Columbia,"Oregon, Washington, Vancouver Coast and Shelf",Temperate Northern Pacific,Vancouver Island,BMSC3,Ohiat,48.86,-125.18,2021-04-27,5.5,RLS,5,12:39:00,,,1,2,Chordata,Actinopterygii,Perciformes,Embiotocidae,Rhacochilus vacca,Rhacochilus vacca,15,3,361.4458,POINT (-125.18000030517578 48.86000061035156)
ep_m1_public_data.fid-1acd095e_191e9a83fd6_fb7,923400138,Canada,British Columbia,"Oregon, Washington, Vancouver Coast and Shelf",Temperate Northern Pacific,Vancouver Island,BMSC3,Ohiat,48.86,-125.18,2021-04-27,5.5,RLS,5,12:39:00,,,1,2,Chordata,Actinopterygii,Perciformes,Embiotocidae,Rhacochilus vacca,Rhacochilus vacca,20,1,262.672,POINT (-125.18000030517578 48.86000061035156)
ep_m1_public_data.fid-1acd095e_191e9a83fd6_fb8,923400138,Canada,British Columbia,"Oregon, Washington, Vancouver Coast and Shelf",Temperate Northern Pacific,Vancouver Island,BMSC3,Ohiat,48.86,-125.18,2021-04-27,5.5,RLS,5,12:39:00,,,1,2,Chordata,Actinopterygii,Perciformes,Hexagrammidae,Hexagrammos decagrammus,Hexagrammos decagrammus,20,1,150.0203,POINT (-125.18000030517578 48.86000061035156)
ep_m1_public_data.fid-1acd095e_191e9a83fd6_fb9,923400138,Canada,British Columbia,"Oregon, Washington, Vancouver Coast and Shelf",Temperate Northern Pacific,Vancouver Island,BMSC3,Ohiat,48.86,-125.18,2021-04-27,5.5,RLS,5,12:39:00,,,1,2,Chordata,Actinopterygii,Perciformes,Hexagrammidae,Hexagrammos decagrammus,Hexagrammos decagrammus,25,1,232.1561,POINT (-125.18000030517578 48.86000061035156)
ep_m1_public_data.fid-1acd095e_191e9a83fd6_fba,923400138,Canada,British Columbia,"Oregon, Washington, Vancouver Coast and Shelf",Temperate Northern Pacific,Vancouver Island,BMSC3,Ohiat,48.86,-125.18,2021-04-27,5.5,RLS,5,12:39:00,,,1,2,Chordata,Actinopterygii,Scorpaeniformes,Sebastidae,Sebastes melanops,Sebastes melanops,20,1,162.7257,POINT (-125.18000030517578 48.86000061035156)
ep_m1_public_data.fid-1acd095e_191e9a83fd6_fbb,923401188,Canada,British Columbia,"Oregon, Washington, Vancouver Coast and Shelf",Temperate Northern Pacific,Vancouver Island,BMSC3,Ohiat,48.86,-125.18,2022-05-05,6.5,RLS,3,13:45:00,,,1,2,Chordata,Actinopterygii,Perciformes,Embiotocidae,Embiotoca lateralis,Embiotoca lateralis,30,1,586.5124,POINT (-125.18000030517578 48.86000061035156)
ep_m1_public_data.fid-1acd095e_191e9a83fd6_fbc,923401188,Canada,British Columbia,"Oregon, Washington, Vancouver Coast and Shelf",Temperate Northern Pacific,Vancouver Island,BMSC3,Ohiat,48.86,-125.18,2022-05-05,6.5,RLS,3,13:45:00,,,1,2,Chordata,Actinopterygii,Perciformes,Embiotocidae,Embiotoca lateralis,Embiotoca lateralis,35,1,815.0834,POINT (-125.18000030517578 48.86000061035156)
ep_m1_public_data.fid-1acd095e_191e9a83fd6_fbd,923401188,Canada,British Columbia,"Oregon, Washington, Vancouver Coast and Shelf",Temperate Northern Pacific,Vancouver Island,BMSC3,Ohiat,48.86,-125.18,2022-05-05,6.5,RLS,3,13:45:00,,,1,2,Chordata,Actinopterygii,Scorpaeniformes,Sebastidae,Sebastes melanops,Sebastes melanops,20,4,650.9028,POINT (-125.18000030517578 48.86000061035156)
ep_m1_public_data.fid-1acd095e_191e9a83fd6_fbe,923401188,Canada,British Columbia,"Oregon, Washington, Vancouver Coast and Shelf",Temperate Northern Pacific,Vancouver Island,BMSC3,Ohiat,48.86,-125.18,2022-05-05,6.5,RLS,3,13:45:00,,,1,2,Chordata,Actinopterygii,Scorpaeniformes,Sebastidae,Sebastes melanops,Sebastes melanops,25,13,3255.3552,POINT (-125.18000030517578 48.86000061035156)
ep_m1_public_data.fid-1acd095e_191e9a83fd6_fbf,923401188,Canada,British Columbia,"Oregon, Washington, Vancouver Coast and Shelf",Temperate Northern Pacific,Vancouver Island,BMSC3,Ohiat,48.86,-125.18,2022-05-05,6.5,RLS,3,13:45:00,,,1,2,Chordata,Actinopterygii,Scorpaeniformes,Sebastidae,Sebastes melanops,Sebastes melanops,30,10,3691.905,POINT (-125.18000030517578 48.86000061035156)
ep_m1_public_data.fid-1acd095e_191e9a83fd6_fc0,923401188,Canada,British Columbia,"Oregon, Washington, Vancouver Coast and Shelf",Temperate Northern Pacific,Vancouver Island,BMSC3,Ohiat,48.86,-125.18,2022-05-05,6.5,RLS,3,13:45:00,,,1,1,Chordata,Actinopterygii,Scorpaeniformes,Hexagrammidae,Ophiodon elongatus,Ophiodon elongatus,50,1,599.5206,POINT (-125.18000030517578 48.86000061035156)
ep_m1_public_data.fid-1acd095e_191e9a83fd6_fc1,923401188,Canada,British Columbia,"Oregon, Washington, Vancouver Coast and Shelf",Temperate Northern Pacific,Vancouver Island,BMSC3,Ohiat,48.86,-125.18,2022-05-05,6.5,RLS,3,13:45:00,,,1,1,Chordata,Actinopterygii,Scorpaeniformes,Sebastidae,Sebastes melanops,Sebastes melanops,20,10,1627.257,POINT (-125.18000030517578 48.86000061035156)
ep_m1_public_data.fid-1acd095e_191e9a83fd6_fc2,923401188,Canada,British Columbia,"Oregon, Washington, Vancouver Coast and Shelf",Temperate Northern Pacific,Vancouver Island,BMSC3,Ohiat,48.86,-125.18,2022-05-05,6.5,RLS,3,13:45:00,,,1,1,Chordata,Actinopterygii,Scorpaeniformes,Sebastidae,Sebastes melanops,Sebastes melanops,35,3,1549.3024,POINT (-125.18000030517578 48.86000061035156)
ep_m1_public_data.fid-1acd095e_191e9a83fd6_fc3,923402236,Canada,British Columbia,"Oregon, Washington, Vancouver Coast and Shelf",Temperate Northern Pacific,Vancouver Island,BMSC3,Ohiat,48.86,-125.18,2023-05-12,7.5,RLS,1,12:40:00,,,1,2,Chordata,Actinopterygii,Perciformes,Gobiidae,Rhinogobiops nicholsii,Rhinogobiops nicholsii,7.5,2,15.5407,POINT (-125.18000030517578 48.86000061035156)
ep_m1_public_data.fid-1acd095e_191e9a83fd6_fc4,923402236,Canada,British Columbia,"Oregon, Washington, Vancouver Coast and Shelf",Temperate Northern Pacific,Vancouver Island,BMSC3,Ohiat,48.86,-125.18,2023-05-12,7.5,RLS,1,12:40:00,,,1,2,Chordata,Actinopterygii,Perciformes,Hexagrammidae,Hexagrammos decagrammus,Hexagrammos decagrammus,20,1,150.0203,POINT (-125.18000030517578 48.86000061035156)
ep_m1_public_data.fid-1acd095e_191e9a83fd6_fc5,923402236,Canada,British Columbia,"Oregon, Washington, Vancouver Coast and Shelf",Temperate Northern Pacific,Vancouver Island,BMSC3,Ohiat,48.86,-125.18,2023-05-12,7.5,RLS,1,12:40:00,,,1,2,Chordata,Actinopterygii,Perciformes,Hexagrammidae,Hexagrammos decagrammus,Hexagrammos decagrammus,30,2,688.0106,POINT (-125.18000030517578 48.86000061035156)
ep_m1_public_data.fid-1acd095e_191e9a83fd6_fc6,923402236,Canada,British Columbia,"Oregon, Washington, Vancouver Coast and Shelf",Temperate Northern Pacific,Vancouver Island,BMSC3,Ohiat,48.86,-125.18,2023-05-12,7.5,RLS,1,12:40:00,,,1,2,Chordata,Actinopterygii,Scorpaeniformes,Sebastidae,Sebastes melanops,Sebastes melanops,30,1,369.1905,POINT (-125.18000030517578 48.86000061035156)
ep_m1_public_data.fid-1acd095e_191e9a83fd6_fc7,923402236,Canada,British Columbia,"Oregon, Washington, Vancouver Coast and Shelf",Temperate Northern Pacific,Vancouver Island,BMSC3,Ohiat,48.86,-125.18,2023-05-12,7.5,RLS,1,12:40:00,,,1,1,Chordata,Actinopterygii,Perciformes,Gobiidae,Rhinogobiops nicholsii,Rhinogobiops nicholsii,7.5,1,7.7703,POINT (-125.18000030517578 48.86000061035156)
ep_m1_public_data.fid-1acd095e_191e9a83fd6_fc8,923402236,Canada,British Columbia,"Oregon, Washington, Vancouver Coast and Shelf",Temperate Northern Pacific,Vancouver Island,BMSC3,Ohiat,48.86,-125.18,2023-05-12,7.5,RLS,1,12:40:00,,,1,1,Chordata,Actinopterygii,Perciformes,Hexagrammidae,Hexagrammos decagrammus,Hexagrammos decagrammus,25,1,232.1561,POINT (-125.18000030517578 48.86000061035156)
ep_m1_public_data.fid-1acd095e_191e9a83fd6_fc9,923402236,Canada,British Columbia,"Oregon, Washington, Vancouver Coast and Shelf",Temperate Northern Pacific,Vancouver Island,BMSC3,Ohiat,48.86,-125.18,2023-05-12,7.5,RLS,1,12:40:00,,,1,1,Chordata,Actinopterygii,Perciformes,Hexagrammidae,Hexagrammos decagrammus,Hexagrammos decagrammus,35,2,966.613,POINT (-125.18000030517578 48.86000061035156)
ep_m1_public_data.fid-1acd095e_191e9a83fd6_fca,923402236,Canada,British Columbia,"Oregon, Washington, Vancouver Coast and Shelf",Temperate Northern Pacific,Vancouver Island,BMSC3,Ohiat,48.86,-125.18,2023-05-12,7.5,RLS,1,12:40:00,,,1,1,Chordata,Actinopterygii,Scorpaeniformes,Hexagrammidae,Ophiodon elongatus,Ophiodon elongatus,40,1,296.3178,POINT (-125.18000030517578 48.86000061035156)
ep_m1_public_data.fid-1acd095e_191e9a83fd6_fcb,923400148,Canada,British Columbia,"Oregon, Washington, Vancouver Coast and Shelf",Temperate Northern Pacific,Vancouver Island,BMSC14,Effingham Archipelago,48.88,-125.3,2021-05-04,6,RLS,4,13:00:00,,,1,1,Chordata,Actinopterygii,Perciformes,Hexagrammidae,Hexagrammos decagrammus,Hexagrammos decagrammus,20,2,300.0406,POINT (-125.30000305175781 48.880001068115234)
ep_m1_public_data.fid-1acd095e_191e9a83fd6_fcc,923400148,Canada,British Columbia,"Oregon, Washington, Vancouver Coast and Shelf",Temperate Northern Pacific,Vancouver Island,BMSC14,Effingham Archipelago,48.88,-125.3,2021-05-04,6,RLS,4,13:00:00,,,1,1,Chordata,Actinopterygii,Perciformes,Hexagrammidae,Hexagrammos decagrammus,Hexagrammos decagrammus,25,1,232.1561,POINT (-125.30000305175781 48.880001068115234)
ep_m1_public_data.fid-1acd095e_191e9a83fd6_fcd,923400148,Canada,British Columbia,"Oregon, Washington, Vancouver Coast and Shelf",Temperate Northern Pacific,Vancouver Island,BMSC14,Effingham Archipelago,48.88,-125.3,2021-05-04,6,RLS,4,13:00:00,,,1,1,Chordata,Actinopterygii,Perciformes,Hexagrammidae,Hexagrammos decagrammus,Hexagrammos decagrammus,30,1,344.0053,POINT (-125.30000305175781 48.880001068115234)
ep_m1_public_data.fid-1acd095e_191e9a83fd6_fce,923400148,Canada,British Columbia,"Oregon, Washington, Vancouver Coast and Shelf",Temperate Northern Pacific,Vancouver Island,BMSC14,Effingham Archipelago,48.88,-125.3,2021-05-04,6,RLS,4,13:00:00,,,1,1,Chordata,Actinopterygii,Scorpaeniformes,Sebastidae,Sebastes caurinus,Sebastes caurinus,20,1,162.7257,POINT (-125.30000305175781 48.880001068115234)
ep_m1_public_data.fid-1acd095e_191e9a83fd6_fcf,923400148,Canada,British Columbia,"Oregon, Washington, Vancouver Coast and Shelf",Temperate Northern Pacific,Vancouver Island,BMSC14,Effingham Archipelago,48.88,-125.3,2021-05-04,6,RLS,4,13:00:00,,,1,1,Chordata,Actinopterygii,Scorpaeniformes,Sebastidae,Sebastes caurinus,Sebastes caurinus,25,1,250.4119,POINT (-125.30000305175781 48.880001068115234)
ep_m1_public_data.fid-1acd095e_191e9a83fd6_fd0,923400148,Canada,British Columbia,"Oregon, Washington, Vancouver Coast and Shelf",Temperate Northern Pacific,Vancouver Island,BMSC14,Effingham Archipelago,48.88,-125.3,2021-05-04,6,RLS,4,13:00:00,,,1,1,Chordata,Actinopterygii,Scorpaeniformes,Sebastidae,Sebastes melanops,Sebastes melanops,35,1,516.4341,POINT (-125.30000305175781 48.880001068115234)
ep_m1_public_data.fid-1acd095e_191e9a83fd6_fd1,923400148,Canada,British Columbia,"Oregon, Washington, Vancouver Coast and Shelf",Temperate Northern Pacific,Vancouver Island,BMSC14,Effingham Archipelago,48.88,-125.3,2021-05-04,6,RLS,4,13:00:00,,,1,2,Chordata,Actinopterygii,Perciformes,Hexagrammidae,Hexagrammos decagrammus,Hexagrammos decagrammus,25,1,232.1561,POINT (-125.30000305175781 48.880001068115234)
ep_m1_public_data.fid-1acd095e_191e9a83fd6_fd2,923400148,Canada,British Columbia,"Oregon, Washington, Vancouver Coast and Shelf",Temperate Northern Pacific,Vancouver Island,BMSC14,Effingham Archipelago,48.88,-125.3,2021-05-04,6,RLS,4,13:00:00,,,1,2,Chordata,Actinopterygii,Perciformes,Hexagrammidae,Hexagrammos decagrammus,Hexagrammos decagrammus,30,2,688.0106,POINT (-125.30000305175781 48.880001068115234)
ep_m1_public_data.fid-1acd095e_191e9a83fd6_fd3,923400148,Canada,British Columbia,"Oregon, Washington, Vancouver Coast and Shelf",Temperate Northern Pacific,Vancouver Island,BMSC14,Effingham Archipelago,48.88,-125.3,2021-05-04,6,RLS,4,13:00:00,,,1,2,Chordata,Actinopterygii,Scorpaeniformes,Sebastidae,Sebastes melanops,Sebastes melanops,15,1,73.4918,POINT (-125.30000305175781 48.880001068115234)
ep_m1_public_data.fid-1acd095e_191e9a83fd6_fd4,923401180,Canada,British Columbia,"Oregon, Washington, Vancouver Coast and Shelf",Temperate Northern Pacific,Vancouver Island,BMSC14,Effingham Archipelago,48.88,-125.3,2022-04-26,7,RLS,2,14:10:00,,,1,2,Chordata,Actinopterygii,Perciformes,Hexagrammidae,Hexagrammos decagrammus,Hexagrammos decagrammus,30,1,344.0053,POINT (-125.30000305175781 48.880001068115234)
ep_m1_public_data.fid-1acd095e_191e9a83fd6_fd5,923401180,Canada,British Columbia,"Oregon, Washington, Vancouver Coast and Shelf",Temperate Northern Pacific,Vancouver Island,BMSC14,Effingham Archipelago,48.88,-125.3,2022-04-26,7,RLS,2,14:10:00,,,1,2,Chordata,Actinopterygii,Perciformes,Hexagrammidae,Hexagrammos decagrammus,Hexagrammos decagrammus,35,1,483.3065,POINT (-125.30000305175781 48.880001068115234)
ep_m1_public_data.fid-1acd095e_191e9a83fd6_fd6,923401180,Canada,British Columbia,"Oregon, Washington, Vancouver Coast and Shelf",Temperate Northern Pacific,Vancouver Island,BMSC14,Effingham Archipelago,48.88,-125.3,2022-04-26,7,RLS,2,14:10:00,,,1,1,Chordata,Actinopteri,Perciformes,Cottidae,Enophrys bison,Enophrys bison,50,1,1233.6069,POINT (-125.30000305175781 48.880001068115234)
ep_m1_public_data.fid-1acd095e_191e9a83fd6_fd7,923401180,Canada,British Columbia,"Oregon, Washington, Vancouver Coast and Shelf",Temperate Northern Pacific,Vancouver Island,BMSC14,Effingham Archipelago,48.88,-125.3,2022-04-26,7,RLS,2,14:10:00,,,1,1,Chordata,Actinopterygii,Perciformes,Gobiidae,Rhinogobiops nicholsii,Rhinogobiops nicholsii,7.5,1,7.7703,POINT (-125.30000305175781 48.880001068115234)
ep_m1_public_data.fid-1acd095e_191e9a83fd6_fd8,923401180,Canada,British Columbia,"Oregon, Washington, Vancouver Coast and Shelf",Temperate Northern Pacific,Vancouver Island,BMSC14,Effingham Archipelago,48.88,-125.3,2022-04-26,7,RLS,2,14:10:00,,,1,1,Chordata,Actinopterygii,Perciformes,Gobiidae,Rhinogobiops nicholsii,Rhinogobiops nicholsii,10,1,18.6854,POINT (-125.30000305175781 48.880001068115234)
ep_m1_public_data.fid-1acd095e_191e9a83fd6_fd9,923401180,Canada,British Columbia,"Oregon, Washington, Vancouver Coast and Shelf",Temperate Northern Pacific,Vancouver Island,BMSC14,Effingham Archipelago,48.88,-125.3,2022-04-26,7,RLS,2,14:10:00,,,1,1,Chordata,Actinopterygii,Perciformes,Gobiidae,Rhinogobiops nicholsii,Rhinogobiops nicholsii,12.5,1,36.9044,POINT (-125.30000305175781 48.880001068115234)
ep_m1_public_data.fid-1acd095e_191e9a83fd6_fda,923401180,Canada,British Columbia,"Oregon, Washington, Vancouver Coast and Shelf",Temperate Northern Pacific,Vancouver Island,BMSC14,Effingham Archipelago,48.88,-125.3,2022-04-26,7,RLS,2,14:10:00,,,1,1,Chordata,Actinopterygii,Perciformes,Hexagrammidae,Hexagrammos decagrammus,Hexagrammos decagrammus,40,1,619.0955,POINT (-125.30000305175781 48.880001068115234)
ep_m1_public_data.fid-1acd095e_191e9a83fd6_fdb,923402375,Canada,British Columbia,"Oregon, Washington, Vancouver Coast and Shelf",Temperate Northern Pacific,Vancouver Island,KCCA20,Nanat Bay,48.88,-125.08,2023-05-30,5.5,RLS,3,09:23:00,,,1,1,Chordata,Actinopterygii,Perciformes,Embiotocidae,Brachyistius frenatus,Brachyistius frenatus,5,11,34.4327,POINT (-125.08000183105469 48.880001068115234)
ep_m1_public_data.fid-1acd095e_191e9a83fd6_fdc,923402375,Canada,British Columbia,"Oregon, Washington, Vancouver Coast and Shelf",Temperate Northern Pacific,Vancouver Island,KCCA20,Nanat Bay,48.88,-125.08,2023-05-30,5.5,RLS,3,09:23:00,,,1,1,Chordata,Actinopterygii,Perciformes,Embiotocidae,Brachyistius frenatus,Brachyistius frenatus,7.5,9,96.636,POINT (-125.08000183105469 48.880001068115234)
ep_m1_public_data.fid-1acd095e_191e9a83fd6_fdd,923402375,Canada,British Columbia,"Oregon, Washington, Vancouver Coast and Shelf",Temperate Northern Pacific,Vancouver Island,KCCA20,Nanat Bay,48.88,-125.08,2023-05-30,5.5,RLS,3,09:23:00,,,1,1,Chordata,Actinopterygii,Perciformes,Embiotocidae,Brachyistius frenatus,Brachyistius frenatus,10,3,77.238,POINT (-125.08000183105469 48.880001068115234)
ep_m1_public_data.fid-1acd095e_191e9a83fd6_fde,923402375,Canada,British Columbia,"Oregon, Washington, Vancouver Coast and Shelf",Temperate Northern Pacific,Vancouver Island,KCCA20,Nanat Bay,48.88,-125.08,2023-05-30,5.5,RLS,3,09:23:00,,,1,1,Chordata,Actinopterygii,Perciformes,Embiotocidae,Brachyistius frenatus,Brachyistius frenatus,12.5,1,50.736,POINT (-125.08000183105469 48.880001068115234)
ep_m1_public_data.fid-1acd095e_191e9a83fd6_fdf,923402375,Canada,British Columbia,"Oregon, Washington, Vancouver Coast and Shelf",Temperate Northern Pacific,Vancouver Island,KCCA20,Nanat Bay,48.88,-125.08,2023-05-30,5.5,RLS,3,09:23:00,,,1,1,Chordata,Actinopterygii,Perciformes,Embiotocidae,Cymatogaster aggregata,Cymatogaster aggregata,10,1,35.41,POINT (-125.08000183105469 48.880001068115234)
ep_m1_public_data.fid-1acd095e_191e9a83fd6_fe0,923402375,Canada,British Columbia,"Oregon, Washington, Vancouver Coast and Shelf",Temperate Northern Pacific,Vancouver Island,KCCA20,Nanat Bay,48.88,-125.08,2023-05-30,5.5,RLS,3,09:23:00,,,1,1,Chordata,Actinopterygii,Perciformes,Gobiidae,Rhinogobiops nicholsii,Rhinogobiops nicholsii,5,1,2.2561,POINT (-125.08000183105469 48.880001068115234)
ep_m1_public_data.fid-1acd095e_191e9a83fd6_fe1,923402375,Canada,British Columbia,"Oregon, Washington, Vancouver Coast and Shelf",Temperate Northern Pacific,Vancouver Island,KCCA20,Nanat Bay,48.88,-125.08,2023-05-30,5.5,RLS,3,09:23:00,,,1,1,Chordata,Actinopterygii,Scorpaeniformes,Sebastidae,Sebastes caurinus,Sebastes caurinus,7.5,1,8.6909,POINT (-125.08000183105469 48.880001068115234)
ep_m1_public_data.fid-1acd095e_191e9a83fd6_fe2,923402375,Canada,British Columbia,"Oregon, Washington, Vancouver Coast and Shelf",Temperate Northern Pacific,Vancouver Island,KCCA20,Nanat Bay,48.88,-125.08,2023-05-30,5.5,RLS,3,09:23:00,,,1,1,Chordata,Actinopterygii,Scorpaeniformes,Sebastidae,Sebastes caurinus,Sebastes caurinus,10,1,21.0804,POINT (-125.08000183105469 48.880001068115234)
ep_m1_public_data.fid-1acd095e_191e9a83fd6_fe3,923402375,Canada,British Columbia,"Oregon, Washington, Vancouver Coast and Shelf",Temperate Northern Pacific,Vancouver Island,KCCA20,Nanat Bay,48.88,-125.08,2023-05-30,5.5,RLS,3,09:23:00,,,1,1,Chordata,Actinopterygii,Scorpaeniformes,Sebastidae,Sebastes caurinus,Sebastes caurinus,15,1,73.4918,POINT (-125.08000183105469 48.880001068115234)
ep_m1_public_data.fid-1acd095e_191e9a83fd6_fe4,923402375,Canada,British Columbia,"Oregon, Washington, Vancouver Coast and Shelf",Temperate Northern Pacific,Vancouver Island,KCCA20,Nanat Bay,48.88,-125.08,2023-05-30,5.5,RLS,3,09:23:00,,,1,1,Chordata,Actinopterygii,Scorpaeniformes,Sebastidae,Sebastes melanops,Sebastes melanops,12.5,1,41.9142,POINT (-125.08000183105469 48.880001068115234)
ep_m1_public_data.fid-1acd095e_191e9a83fd6_fe5,923402375,Canada,British Columbia,"Oregon, Washington, Vancouver Coast and Shelf",Temperate Northern Pacific,Vancouver Island,KCCA20,Nanat Bay,48.88,-125.08,2023-05-30,5.5,RLS,3,09:23:00,,,1,2,Chordata,Actinopterygii,Perciformes,Embiotocidae,Brachyistius frenatus,Brachyistius frenatus,2.5,10,3.8058,POINT (-125.08000183105469 48.880001068115234)
ep_m1_public_data.fid-1acd095e_191e9a83fd6_fe6,923402375,Canada,British Columbia,"Oregon, Washington, Vancouver Coast and Shelf",Temperate Northern Pacific,Vancouver Island,KCCA20,Nanat Bay,48.88,-125.08,2023-05-30,5.5,RLS,3,09:23:00,,,1,2,Chordata,Actinopterygii,Perciformes,Embiotocidae,Brachyistius frenatus,Brachyistius frenatus,5,15,46.9537,POINT (-125.08000183105469 48.880001068115234)
ep_m1_public_data.fid-1acd095e_191e9a83fd6_fe7,923402375,Canada,British Columbia,"Oregon, Washington, Vancouver Coast and Shelf",Temperate Northern Pacific,Vancouver Island,KCCA20,Nanat Bay,48.88,-125.08,2023-05-30,5.5,RLS,3,09:23:00,,,1,2,Chordata,Actinopterygii,Perciformes,Embiotocidae,Brachyistius frenatus,Brachyistius frenatus,7.5,10,107.3733,POINT (-125.08000183105469 48.880001068115234)
ep_m1_public_data.fid-1acd095e_191e9a83fd6_fe8,923402375,Canada,British Columbia,"Oregon, Washington, Vancouver Coast and Shelf",Temperate Northern Pacific,Vancouver Island,KCCA20,Nanat Bay,48.88,-125.08,2023-05-30,5.5,RLS,3,09:23:00,,,1,2,Chordata,Actinopterygii,Perciformes,Embiotocidae,Brachyistius frenatus,Brachyistius frenatus,10,2,51.492,POINT (-125.08000183105469 48.880001068115234)
ep_m1_public_data.fid-1acd095e_191e9a83fd6_fe9,923402375,Canada,British Columbia,"Oregon, Washington, Vancouver Coast and Shelf",Temperate Northern Pacific,Vancouver Island,KCCA20,Nanat Bay,48.88,-125.08,2023-05-30,5.5,RLS,3,09:23:00,,,1,2,Chordata,Actinopterygii,Perciformes,Embiotocidae,Rhacochilus vacca,Rhacochilus vacca,5,1,4.3653,POINT (-125.08000183105469 48.880001068115234)
ep_m1_public_data.fid-1acd095e_191e9a83fd6_fea,923402375,Canada,British Columbia,"Oregon, Washington, Vancouver Coast and Shelf",Temperate Northern Pacific,Vancouver Island,KCCA20,Nanat Bay,48.88,-125.08,2023-05-30,5.5,RLS,3,09:23:00,,,1,2,Chordata,Actinopterygii,Perciformes,Embiotocidae,Rhacochilus vacca,Rhacochilus vacca,7.5,2,29.7058,POINT (-125.08000183105469 48.880001068115234)
ep_m1_public_data.fid-1acd095e_191e9a83fd6_feb,923402375,Canada,British Columbia,"Oregon, Washington, Vancouver Coast and Shelf",Temperate Northern Pacific,Vancouver Island,KCCA20,Nanat Bay,48.88,-125.08,2023-05-30,5.5,RLS,3,09:23:00,,,1,2,Chordata,Actinopterygii,Perciformes,Hexagrammidae,Hexagrammos decagrammus,Hexagrammos decagrammus,15,1,67.0579,POINT (-125.08000183105469 48.880001068115234)
ep_m1_public_data.fid-1acd095e_191e9a83fd6_fec,923402375,Canada,British Columbia,"Oregon, Washington, Vancouver Coast and Shelf",Temperate Northern Pacific,Vancouver Island,KCCA20,Nanat Bay,48.88,-125.08,2023-05-30,5.5,RLS,3,09:23:00,,,1,2,Chordata,Actinopterygii,Scorpaeniformes,Sebastidae,Sebastes caurinus,Sebastes caurinus,2.5,1,0.2948,POINT (-125.08000183105469 48.880001068115234)
ep_m1_public_data.fid-1acd095e_191e9a83fd6_fed,923402375,Canada,British Columbia,"Oregon, Washington, Vancouver Coast and Shelf",Temperate Northern Pacific,Vancouver Island,KCCA20,Nanat Bay,48.88,-125.08,2023-05-30,5.5,RLS,3,09:23:00,,,1,2,Chordata,Actinopterygii,Scorpaeniformes,Sebastidae,Sebastes caurinus,Sebastes caurinus,5,2,4.9858,POINT (-125.08000183105469 48.880001068115234)
ep_m1_public_data.fid-1acd095e_191e9a83fd6_fee,923402375,Canada,British Columbia,"Oregon, Washington, Vancouver Coast and Shelf",Temperate Northern Pacific,Vancouver Island,KCCA20,Nanat Bay,48.88,-125.08,2023-05-30,5.5,RLS,3,09:23:00,,,1,2,Chordata,Actinopterygii,Scorpaeniformes,Sebastidae,Sebastes caurinus,Sebastes caurinus,7.5,2,17.3819,POINT (-125.08000183105469 48.880001068115234)
ep_m1_public_data.fid-1acd095e_191e9a83fd6_fef,923402375,Canada,British Columbia,"Oregon, Washington, Vancouver Coast and Shelf",Temperate Northern Pacific,Vancouver Island,KCCA20,Nanat Bay,48.88,-125.08,2023-05-30,5.5,RLS,3,09:23:00,,,1,2,Chordata,Actinopterygii,Scorpaeniformes,Sebastidae,Sebastes caurinus,Sebastes caurinus,10,4,84.3215,POINT (-125.08000183105469 48.880001068115234)
ep_m1_public_data.fid-1acd095e_191e9a83fd6_ff0,923402375,Canada,British Columbia,"Oregon, Washington, Vancouver Coast and Shelf",Temperate Northern Pacific,Vancouver Island,KCCA20,Nanat Bay,48.88,-125.08,2023-05-30,5.5,RLS,3,09:23:00,,,1,2,Chordata,Actinopterygii,Scorpaeniformes,Sebastidae,Sebastes caurinus,Sebastes caurinus,12.5,1,41.9142,POINT (-125.08000183105469 48.880001068115234)
ep_m1_public_data.fid-1acd095e_191e9a83fd6_ff1,923402375,Canada,British Columbia,"Oregon, Washington, Vancouver Coast and Shelf",Temperate Northern Pacific,Vancouver Island,KCCA20,Nanat Bay,48.88,-125.08,2023-05-30,5.5,RLS,3,09:23:00,,,1,2,Chordata,Actinopterygii,Scorpaeniformes,Sebastidae,Sebastes caurinus,Sebastes caurinus,15,1,73.4918,POINT (-125.08000183105469 48.880001068115234)
ep_m1_public_data.fid-1acd095e_191e9a83fd6_ff2,923402375,Canada,British Columbia,"Oregon, Washington, Vancouver Coast and Shelf",Temperate Northern Pacific,Vancouver Island,KCCA20,Nanat Bay,48.88,-125.08,2023-05-30,5.5,RLS,3,09:23:00,,,1,2,Chordata,Actinopterygii,Scorpaeniformes,Sebastidae,Sebastes flavidus,Sebastes flavidus,7.5,4,34.7638,POINT (-125.08000183105469 48.880001068115234)
ep_m1_public_data.fid-1acd095e_191e9a83fd6_ff3,923402375,Canada,British Columbia,"Oregon, Washington, Vancouver Coast and Shelf",Temperate Northern Pacific,Vancouver Island,KCCA20,Nanat Bay,48.88,-125.08,2023-05-30,5.5,RLS,3,09:23:00,,,1,2,Chordata,Actinopterygii,Scorpaeniformes,Sebastidae,Sebastes flavidus,Sebastes flavidus,10,3,63.2411,POINT (-125.08000183105469 48.880001068115234)
ep_m1_public_data.fid-1acd095e_191e9a83fd6_ff4,923402375,Canada,British Columbia,"Oregon, Washington, Vancouver Coast and Shelf",Temperate Northern Pacific,Vancouver Island,KCCA20,Nanat Bay,48.88,-125.08,2023-05-30,5.5,RLS,3,09:23:00,,,1,2,Chordata,Actinopterygii,Scorpaeniformes,Sebastidae,Sebastes flavidus,Sebastes flavidus,12.5,4,167.6567,POINT (-125.08000183105469 48.880001068115234)
ep_m1_public_data.fid-1acd095e_191e9a83fd6_ff5,923402375,Canada,British Columbia,"Oregon, Washington, Vancouver Coast and Shelf",Temperate Northern Pacific,Vancouver Island,KCCA20,Nanat Bay,48.88,-125.08,2023-05-30,5.5,RLS,3,09:23:00,,,1,2,Chordata,Actinopterygii,Scorpaeniformes,Sebastidae,Sebastes flavidus,Sebastes flavidus,15,4,293.9674,POINT (-125.08000183105469 48.880001068115234)
ep_m1_public_data.fid-1acd095e_191e9a83fd6_ff6,923402375,Canada,British Columbia,"Oregon, Washington, Vancouver Coast and Shelf",Temperate Northern Pacific,Vancouver Island,KCCA20,Nanat Bay,48.88,-125.08,2023-05-30,5.5,RLS,3,09:23:00,,,1,2,Chordata,Actinopterygii,Scorpaeniformes,Sebastidae,Sebastes flavidus,Sebastes flavidus,20,3,488.1771,POINT (-125.08000183105469 48.880001068115234)
ep_m1_public_data.fid-1acd095e_191e9a83fd6_ff7,923402375,Canada,British Columbia,"Oregon, Washington, Vancouver Coast and Shelf",Temperate Northern Pacific,Vancouver Island,KCCA20,Nanat Bay,48.88,-125.08,2023-05-30,5.5,RLS,3,09:23:00,,,1,2,Chordata,Actinopterygii,Scorpaeniformes,Sebastidae,Sebastes melanops,Sebastes melanops,10,1,21.0804,POINT (-125.08000183105469 48.880001068115234)
ep_m1_public_data.fid-1acd095e_191e9a83fd6_ff8,923402375,Canada,British Columbia,"Oregon, Washington, Vancouver Coast and Shelf",Temperate Northern Pacific,Vancouver Island,KCCA20,Nanat Bay,48.88,-125.08,2023-05-30,5.5,RLS,3,09:23:00,,,1,2,Cnidaria,Scyphozoa,Semaeostomeae,Ulmaridae,Aurelia aurita,Aurelia aurita,5,1,,POINT (-125.08000183105469 48.880001068115234)
ep_m1_public_data.fid-1acd095e_191e9a83fd6_ff9,923402376,Canada,British Columbia,"Oregon, Washington, Vancouver Coast and Shelf",Temperate Northern Pacific,Vancouver Island,BMSC32,Less Dangerous Bay,48.88,-125.09,2023-06-13,3.2,RLS,3,08:56:00,,,1,1,Chordata,Actinopterygii,Perciformes,Hexagrammidae,Hexagrammos decagrammus,Hexagrammos decagrammus,15,1,67.0579,POINT (-125.08999633789062 48.880001068115234)
ep_m1_public_data.fid-1acd095e_191e9a83fd6_ffa,923402376,Canada,British Columbia,"Oregon, Washington, Vancouver Coast and Shelf",Temperate Northern Pacific,Vancouver Island,BMSC32,Less Dangerous Bay,48.88,-125.09,2023-06-13,3.2,RLS,3,08:56:00,,,1,1,Chordata,Actinopterygii,Perciformes,Hexagrammidae,Hexagrammos decagrammus,Hexagrammos decagrammus,20,5,750.1016,POINT (-125.08999633789062 48.880001068115234)
ep_m1_public_data.fid-1acd095e_191e9a83fd6_ffb,923402376,Canada,British Columbia,"Oregon, Washington, Vancouver Coast and Shelf",Temperate Northern Pacific,Vancouver Island,BMSC32,Less Dangerous Bay,48.88,-125.09,2023-06-13,3.2,RLS,3,08:56:00,,,1,1,Chordata,Actinopterygii,Perciformes,Hexagrammidae,Hexagrammos decagrammus,Hexagrammos decagrammus,25,2,464.3122,POINT (-125.08999633789062 48.880001068115234)
ep_m1_public_data.fid-1acd095e_191e9a83fd6_ffc,923402376,Canada,British Columbia,"Oregon, Washington, Vancouver Coast and Shelf",Temperate Northern Pacific,Vancouver Island,BMSC32,Less Dangerous Bay,48.88,-125.09,2023-06-13,3.2,RLS,3,08:56:00,,,1,1,Chordata,Actinopterygii,Scorpaeniformes,Sebastidae,Sebastes caurinus,Sebastes caurinus,15,1,73.4918,POINT (-125.08999633789062 48.880001068115234)
ep_m1_public_data.fid-1acd095e_191e9a83fd6_ffd,923402376,Canada,British Columbia,"Oregon, Washington, Vancouver Coast and Shelf",Temperate Northern Pacific,Vancouver Island,BMSC32,Less Dangerous Bay,48.88,-125.09,2023-06-13,3.2,RLS,3,08:56:00,,,1,2,Chordata,Actinopterygii,Perciformes,Embiotocidae,Rhacochilus vacca,Rhacochilus vacca,7.5,2,29.7058,POINT (-125.08999633789062 48.880001068115234)
ep_m1_public_data.fid-1acd095e_191e9a83fd6_ffe,923402376,Canada,British Columbia,"Oregon, Washington, Vancouver Coast and Shelf",Temperate Northern Pacific,Vancouver Island,BMSC32,Less Dangerous Bay,48.88,-125.09,2023-06-13,3.2,RLS,3,08:56:00,,,1,2,Chordata,Actinopterygii,Perciformes,Hexagrammidae,Hexagrammos decagrammus,Hexagrammos decagrammus,12.5,1,37.9668,POINT (-125.08999633789062 48.880001068115234)
ep_m1_public_data.fid-1acd095e_191e9a83fd6_fff,923402376,Canada,British Columbia,"Oregon, Washington, Vancouver Coast and Shelf",Temperate Northern Pacific,Vancouver Island,BMSC32,Less Dangerous Bay,48.88,-125.09,2023-06-13,3.2,RLS,3,08:56:00,,,1,2,Chordata,Actinopterygii,Perciformes,Hexagrammidae,Hexagrammos decagrammus,Hexagrammos decagrammus,15,1,67.0579,POINT (-125.08999633789062 48.880001068115234)
ep_m1_public_data.fid-1acd095e_191e9a83fd6_1000,923402376,Canada,British Columbia,"Oregon, Washington, Vancouver Coast and Shelf",Temperate Northern Pacific,Vancouver Island,BMSC32,Less Dangerous Bay,48.88,-125.09,2023-06-13,3.2,RLS,3,08:56:00,,,1,2,Chordata,Actinopterygii,Perciformes,Hexagrammidae,Hexagrammos decagrammus,Hexagrammos decagrammus,20,2,300.0406,POINT (-125.08999633789062 48.880001068115234)
ep_m1_public_data.fid-1acd095e_191e9a83fd6_1001,923402376,Canada,British Columbia,"Oregon, Washington, Vancouver Coast and Shelf",Temperate Northern Pacific,Vancouver Island,BMSC32,Less Dangerous Bay,48.88,-125.09,2023-06-13,3.2,RLS,3,08:56:00,,,1,2,Chordata,Actinopterygii,Perciformes,Hexagrammidae,Hexagrammos decagrammus,Hexagrammos decagrammus,25,3,696.4684,POINT (-125.08999633789062 48.880001068115234)
ep_m1_public_data.fid-1acd095e_191e9a83fd6_1002,923402376,Canada,British Columbia,"Oregon, Washington, Vancouver Coast and Shelf",Temperate Northern Pacific,Vancouver Island,BMSC32,Less Dangerous Bay,48.88,-125.09,2023-06-13,3.2,RLS,3,08:56:00,,,1,2,Chordata,Actinopterygii,Perciformes,Hexagrammidae,Hexagrammos decagrammus,Hexagrammos decagrammus,30,1,344.0053,POINT (-125.08999633789062 48.880001068115234)
ep_m1_public_data.fid-1acd095e_191e9a83fd6_1003,923402373,Canada,British Columbia,"Oregon, Washington, Vancouver Coast and Shelf",Temperate Northern Pacific,Vancouver Island,BMSC31,Dodger Channel 2,48.83,-125.19,2023-06-09,2,RLS,2,10:30:00,48.83,-125.19,1,1,Chordata,Actinopterygii,Perciformes,Hexagrammidae,Hexagrammos decagrammus,Hexagrammos decagrammus,10,3,56.7762,POINT (-125.19 48.83)
ep_m1_public_data.fid-1acd095e_191e9a83fd6_1004,923402373,Canada,British Columbia,"Oregon, Washington, Vancouver Coast and Shelf",Temperate Northern Pacific,Vancouver Island,BMSC31,Dodger Channel 2,48.83,-125.19,2023-06-09,2,RLS,2,10:30:00,48.83,-125.19,1,1,Chordata,Actinopterygii,Perciformes,Hexagrammidae,Hexagrammos decagrammus,Hexagrammos decagrammus,12.5,1,37.9668,POINT (-125.19 48.83)
ep_m1_public_data.fid-1acd095e_191e9a83fd6_1005,923402373,Canada,British Columbia,"Oregon, Washington, Vancouver Coast and Shelf",Temperate Northern Pacific,Vancouver Island,BMSC31,Dodger Channel 2,48.83,-125.19,2023-06-09,2,RLS,2,10:30:00,48.83,-125.19,1,1,Chordata,Actinopterygii,Perciformes,Hexagrammidae,Hexagrammos decagrammus,Hexagrammos decagrammus,15,1,67.0579,POINT (-125.19 48.83)
ep_m1_public_data.fid-1acd095e_191e9a83fd6_1006,923402373,Canada,British Columbia,"Oregon, Washington, Vancouver Coast and Shelf",Temperate Northern Pacific,Vancouver Island,BMSC31,Dodger Channel 2,48.83,-125.19,2023-06-09,2,RLS,2,10:30:00,48.83,-125.19,1,2,Chordata,Actinopterygii,Gasterosteiformes,Aulorhynchidae,Aulorhynchus flavidus,Aulorhynchus flavidus,5,3,2.1904,POINT (-125.19 48.83)
ep_m1_public_data.fid-1acd095e_191e9a83fd6_1007,923402373,Canada,British Columbia,"Oregon, Washington, Vancouver Coast and Shelf",Temperate Northern Pacific,Vancouver Island,BMSC31,Dodger Channel 2,48.83,-125.19,2023-06-09,2,RLS,2,10:30:00,48.83,-125.19,1,2,Chordata,Actinopterygii,Gasterosteiformes,Aulorhynchidae,Aulorhynchus flavidus,Aulorhynchus flavidus,7.5,8,20.8647,POINT (-125.19 48.83)
ep_m1_public_data.fid-1acd095e_191e9a83fd6_1008,923402373,Canada,British Columbia,"Oregon, Washington, Vancouver Coast and Shelf",Temperate Northern Pacific,Vancouver Island,BMSC31,Dodger Channel 2,48.83,-125.19,2023-06-09,2,RLS,2,10:30:00,48.83,-125.19,1,2,Chordata,Actinopterygii,Gasterosteiformes,Aulorhynchidae,Aulorhynchus flavidus,Aulorhynchus flavidus,10,7,45.0534,POINT (-125.19 48.83)
ep_m1_public_data.fid-1acd095e_191e9a83fd6_1009,923402373,Canada,British Columbia,"Oregon, Washington, Vancouver Coast and Shelf",Temperate Northern Pacific,Vancouver Island,BMSC31,Dodger Channel 2,48.83,-125.19,2023-06-09,2,RLS,2,10:30:00,48.83,-125.19,1,2,Chordata,Actinopterygii,Perciformes,Embiotocidae,Brachyistius frenatus,Brachyistius frenatus,5,1,3.1302,POINT (-125.19 48.83)
ep_m1_public_data.fid-1acd095e_191e9a83fd6_100a,923402373,Canada,British Columbia,"Oregon, Washington, Vancouver Coast and Shelf",Temperate Northern Pacific,Vancouver Island,BMSC31,Dodger Channel 2,48.83,-125.19,2023-06-09,2,RLS,2,10:30:00,48.83,-125.19,1,2,Chordata,Actinopterygii,Perciformes,Embiotocidae,Cymatogaster aggregata,Cymatogaster aggregata,5,6,26.1919,POINT (-125.19 48.83)
ep_m1_public_data.fid-1acd095e_191e9a83fd6_100b,923402373,Canada,British Columbia,"Oregon, Washington, Vancouver Coast and Shelf",Temperate Northern Pacific,Vancouver Island,BMSC31,Dodger Channel 2,48.83,-125.19,2023-06-09,2,RLS,2,10:30:00,48.83,-125.19,1,2,Chordata,Actinopterygii,Perciformes,Embiotocidae,Cymatogaster aggregata,Cymatogaster aggregata,7.5,2,29.7058,POINT (-125.19 48.83)
ep_m1_public_data.fid-1acd095e_191e9a83fd6_100c,923402373,Canada,British Columbia,"Oregon, Washington, Vancouver Coast and Shelf",Temperate Northern Pacific,Vancouver Island,BMSC31,Dodger Channel 2,48.83,-125.19,2023-06-09,2,RLS,2,10:30:00,48.83,-125.19,1,2,Chordata,Actinopterygii,Perciformes,Hexagrammidae,Hexagrammos decagrammus,Hexagrammos decagrammus,5,1,2.1769,POINT (-125.19 48.83)
ep_m1_public_data.fid-1acd095e_191e9a83fd6_100d,923402373,Canada,British Columbia,"Oregon, Washington, Vancouver Coast and Shelf",Temperate Northern Pacific,Vancouver Island,BMSC31,Dodger Channel 2,48.83,-125.19,2023-06-09,2,RLS,2,10:30:00,48.83,-125.19,1,2,Chordata,Actinopterygii,Perciformes,Hexagrammidae,Hexagrammos decagrammus,Hexagrammos decagrammus,10,2,37.8508,POINT (-125.19 48.83)
ep_m1_public_data.fid-1acd095e_191e9a83fd6_100e,923402373,Canada,British Columbia,"Oregon, Washington, Vancouver Coast and Shelf",Temperate Northern Pacific,Vancouver Island,BMSC31,Dodger Channel 2,48.83,-125.19,2023-06-09,2,RLS,2,10:30:00,48.83,-125.19,1,2,Chordata,Actinopterygii,Perciformes,Hexagrammidae,Hexagrammos decagrammus,Hexagrammos decagrammus,12.5,1,37.9668,POINT (-125.19 48.83)
ep_m1_public_data.fid-1acd095e_191e9a83fd6_100f,923402243,Canada,British Columbia,"Oregon, Washington, Vancouver Coast and Shelf",Temperate Northern Pacific,Vancouver Island,BMSC27,San Jose North Island,48.9,-125.06,2023-05-19,7,RLS,3,13:24:00,,,1,1,Chordata,Actinopterygii,Perciformes,Gobiidae,Rhinogobiops nicholsii,Rhinogobiops nicholsii,5,6,13.5367,POINT (-125.05999755859375 48.900001525878906)
ep_m1_public_data.fid-1acd095e_191e9a83fd6_1010,923402243,Canada,British Columbia,"Oregon, Washington, Vancouver Coast and Shelf",Temperate Northern Pacific,Vancouver Island,BMSC27,San Jose North Island,48.9,-125.06,2023-05-19,7,RLS,3,13:24:00,,,1,1,Chordata,Actinopterygii,Perciformes,Gobiidae,Rhinogobiops nicholsii,Rhinogobiops nicholsii,7.5,9,69.933,POINT (-125.05999755859375 48.900001525878906)
ep_m1_public_data.fid-1acd095e_191e9a83fd6_1011,923402243,Canada,British Columbia,"Oregon, Washington, Vancouver Coast and Shelf",Temperate Northern Pacific,Vancouver Island,BMSC27,San Jose North Island,48.9,-125.06,2023-05-19,7,RLS,3,13:24:00,,,1,1,Chordata,Actinopterygii,Perciformes,Gobiidae,Rhinogobiops nicholsii,Rhinogobiops nicholsii,10,2,37.3708,POINT (-125.05999755859375 48.900001525878906)
ep_m1_public_data.fid-1acd095e_191e9a83fd6_1012,923402243,Canada,British Columbia,"Oregon, Washington, Vancouver Coast and Shelf",Temperate Northern Pacific,Vancouver Island,BMSC27,San Jose North Island,48.9,-125.06,2023-05-19,7,RLS,3,13:24:00,,,1,1,Chordata,Actinopterygii,Perciformes,Hexagrammidae,Hexagrammos decagrammus,Hexagrammos decagrammus,15,1,67.0579,POINT (-125.05999755859375 48.900001525878906)
ep_m1_public_data.fid-1acd095e_191e9a83fd6_1013,923402243,Canada,British Columbia,"Oregon, Washington, Vancouver Coast and Shelf",Temperate Northern Pacific,Vancouver Island,BMSC27,San Jose North Island,48.9,-125.06,2023-05-19,7,RLS,3,13:24:00,,,1,1,Chordata,Actinopterygii,Perciformes,Hexagrammidae,Hexagrammos decagrammus,Hexagrammos decagrammus,20,1,150.0203,POINT (-125.05999755859375 48.900001525878906)
ep_m1_public_data.fid-1acd095e_191e9a83fd6_1014,923402243,Canada,British Columbia,"Oregon, Washington, Vancouver Coast and Shelf",Temperate Northern Pacific,Vancouver Island,BMSC27,San Jose North Island,48.9,-125.06,2023-05-19,7,RLS,3,13:24:00,,,1,1,Chordata,Actinopterygii,Perciformes,Hexagrammidae,Hexagrammos decagrammus,Hexagrammos decagrammus,25,4,928.6245,POINT (-125.05999755859375 48.900001525878906)
ep_m1_public_data.fid-1acd095e_191e9a83fd6_1015,923402243,Canada,British Columbia,"Oregon, Washington, Vancouver Coast and Shelf",Temperate Northern Pacific,Vancouver Island,BMSC27,San Jose North Island,48.9,-125.06,2023-05-19,7,RLS,3,13:24:00,,,1,1,Chordata,Actinopterygii,Perciformes,Hexagrammidae,Hexagrammos decagrammus,Hexagrammos decagrammus,30,2,688.0106,POINT (-125.05999755859375 48.900001525878906)
ep_m1_public_data.fid-1acd095e_191e9a83fd6_1016,923402243,Canada,British Columbia,"Oregon, Washington, Vancouver Coast and Shelf",Temperate Northern Pacific,Vancouver Island,BMSC27,San Jose North Island,48.9,-125.06,2023-05-19,7,RLS,3,13:24:00,,,1,2,Chordata,Actinopterygii,Perciformes,Gobiidae,Rhinogobiops nicholsii,Rhinogobiops nicholsii,7.5,3,23.311,POINT (-125.05999755859375 48.900001525878906)
ep_m1_public_data.fid-1acd095e_191e9a83fd6_1017,923402243,Canada,British Columbia,"Oregon, Washington, Vancouver Coast and Shelf",Temperate Northern Pacific,Vancouver Island,BMSC27,San Jose North Island,48.9,-125.06,2023-05-19,7,RLS,3,13:24:00,,,1,2,Chordata,Actinopterygii,Perciformes,Gobiidae,Rhinogobiops nicholsii,Rhinogobiops nicholsii,10,9,168.1688,POINT (-125.05999755859375 48.900001525878906)
ep_m1_public_data.fid-1acd095e_191e9a83fd6_1018,923402243,Canada,British Columbia,"Oregon, Washington, Vancouver Coast and Shelf",Temperate Northern Pacific,Vancouver Island,BMSC27,San Jose North Island,48.9,-125.06,2023-05-19,7,RLS,3,13:24:00,,,1,2,Chordata,Actinopterygii,Perciformes,Gobiidae,Rhinogobiops nicholsii,Rhinogobiops nicholsii,12.5,2,73.8089,POINT (-125.05999755859375 48.900001525878906)
ep_m1_public_data.fid-1acd095e_191e9a83fd6_1019,923402243,Canada,British Columbia,"Oregon, Washington, Vancouver Coast and Shelf",Temperate Northern Pacific,Vancouver Island,BMSC27,San Jose North Island,48.9,-125.06,2023-05-19,7,RLS,3,13:24:00,,,1,2,Chordata,Actinopterygii,Scorpaeniformes,Cottidae,Artedius harringtoni,Artedius harringtoni,5,1,1.9303,POINT (-125.05999755859375 48.900001525878906)
ep_m1_public_data.fid-1acd095e_191e9a83fd6_101a,923402243,Canada,British Columbia,"Oregon, Washington, Vancouver Coast and Shelf",Temperate Northern Pacific,Vancouver Island,BMSC27,San Jose North Island,48.9,-125.06,2023-05-19,7,RLS,3,13:24:00,,,1,2,Chordata,Actinopterygii,Scorpaeniformes,Hexagrammidae,Ophiodon elongatus,Ophiodon elongatus,50,1,599.5206,POINT (-125.05999755859375 48.900001525878906)
ep_m1_public_data.fid-1acd095e_191e9a83fd6_101b,923402247,Canada,British Columbia,"Oregon, Washington, Vancouver Coast and Shelf",Temperate Northern Pacific,Vancouver Island,BMSC27,San Jose North Island,48.9,-125.06,2023-05-19,9,RLS,3,13:24:00,,,1,2,Chordata,Actinopterygii,Perciformes,Gobiidae,Rhinogobiops nicholsii,Rhinogobiops nicholsii,5,1,2.2561,POINT (-125.05999755859375 48.900001525878906)
ep_m1_public_data.fid-1acd095e_191e9a83fd6_101c,923402247,Canada,British Columbia,"Oregon, Washington, Vancouver Coast and Shelf",Temperate Northern Pacific,Vancouver Island,BMSC27,San Jose North Island,48.9,-125.06,2023-05-19,9,RLS,3,13:24:00,,,1,2,Chordata,Actinopterygii,Perciformes,Gobiidae,Rhinogobiops nicholsii,Rhinogobiops nicholsii,7.5,5,38.8517,POINT (-125.05999755859375 48.900001525878906)
ep_m1_public_data.fid-1acd095e_191e9a83fd6_101d,923402247,Canada,British Columbia,"Oregon, Washington, Vancouver Coast and Shelf",Temperate Northern Pacific,Vancouver Island,BMSC27,San Jose North Island,48.9,-125.06,2023-05-19,9,RLS,3,13:24:00,,,1,2,Chordata,Actinopterygii,Perciformes,Hexagrammidae,Hexagrammos decagrammus,Hexagrammos decagrammus,12.5,1,37.9668,POINT (-125.05999755859375 48.900001525878906)
ep_m1_public_data.fid-1acd095e_191e9a83fd6_101e,923402247,Canada,British Columbia,"Oregon, Washington, Vancouver Coast and Shelf",Temperate Northern Pacific,Vancouver Island,BMSC27,San Jose North Island,48.9,-125.06,2023-05-19,9,RLS,3,13:24:00,,,1,2,Chordata,Actinopterygii,Perciformes,Hexagrammidae,Hexagrammos decagrammus,Hexagrammos decagrammus,15,2,134.1157,POINT (-125.05999755859375 48.900001525878906)
ep_m1_public_data.fid-1acd095e_191e9a83fd6_101f,923402247,Canada,British Columbia,"Oregon, Washington, Vancouver Coast and Shelf",Temperate Northern Pacific,Vancouver Island,BMSC27,San Jose North Island,48.9,-125.06,2023-05-19,9,RLS,3,13:24:00,,,1,2,Chordata,Actinopterygii,Perciformes,Hexagrammidae,Hexagrammos decagrammus,Hexagrammos decagrammus,20,4,600.0812,POINT (-125.05999755859375 48.900001525878906)
ep_m1_public_data.fid-1acd095e_191e9a83fd6_1020,923402247,Canada,British Columbia,"Oregon, Washington, Vancouver Coast and Shelf",Temperate Northern Pacific,Vancouver Island,BMSC27,San Jose North Island,48.9,-125.06,2023-05-19,9,RLS,3,13:24:00,,,1,2,Chordata,Actinopterygii,Perciformes,Hexagrammidae,Hexagrammos decagrammus,Hexagrammos decagrammus,25,1,232.1561,POINT (-125.05999755859375 48.900001525878906)
ep_m1_public_data.fid-1acd095e_191e9a83fd6_1021,923402247,Canada,British Columbia,"Oregon, Washington, Vancouver Coast and Shelf",Temperate Northern Pacific,Vancouver Island,BMSC27,San Jose North Island,48.9,-125.06,2023-05-19,9,RLS,3,13:24:00,,,1,2,Chordata,Actinopterygii,Perciformes,Hexagrammidae,Hexagrammos decagrammus,Hexagrammos decagrammus,30,1,344.0053,POINT (-125.05999755859375 48.900001525878906)
ep_m1_public_data.fid-1acd095e_191e9a83fd6_1022,923402247,Canada,British Columbia,"Oregon, Washington, Vancouver Coast and Shelf",Temperate Northern Pacific,Vancouver Island,BMSC27,San Jose North Island,48.9,-125.06,2023-05-19,9,RLS,3,13:24:00,,,1,2,Chordata,Actinopterygii,Scorpaeniformes,Hexagrammidae,Ophiodon elongatus,Ophiodon elongatus,62.5,1,1202.7167,POINT (-125.05999755859375 48.900001525878906)
ep_m1_public_data.fid-1acd095e_191e9a83fd6_1023,923402371,Canada,British Columbia,"Oregon, Washington, Vancouver Coast and Shelf",Temperate Northern Pacific,Vancouver Island,BMKC2,Tzartus 116 R,48.9,-125.08,2023-06-10,3,RLS,3,10:05:00,,,1,2,Chordata,Actinopterygii,Perciformes,Embiotocidae,Rhacochilus vacca,Rhacochilus vacca,12.5,2,138.9391,POINT (-125.08000183105469 48.900001525878906)
ep_m1_public_data.fid-1acd095e_191e9a83fd6_1024,923402371,Canada,British Columbia,"Oregon, Washington, Vancouver Coast and Shelf",Temperate Northern Pacific,Vancouver Island,BMKC2,Tzartus 116 R,48.9,-125.08,2023-06-10,3,RLS,3,10:05:00,,,1,2,Chordata,Actinopterygii,Perciformes,Embiotocidae,Rhacochilus vacca,Rhacochilus vacca,15,1,120.4819,POINT (-125.08000183105469 48.900001525878906)
ep_m1_public_data.fid-1acd095e_191e9a83fd6_1025,923402371,Canada,British Columbia,"Oregon, Washington, Vancouver Coast and Shelf",Temperate Northern Pacific,Vancouver Island,BMKC2,Tzartus 116 R,48.9,-125.08,2023-06-10,3,RLS,3,10:05:00,,,1,2,Chordata,Actinopterygii,Perciformes,Gobiidae,Rhinogobiops nicholsii,Rhinogobiops nicholsii,7.5,2,15.5407,POINT (-125.08000183105469 48.900001525878906)
ep_m1_public_data.fid-1acd095e_191e9a83fd6_1026,923402371,Canada,British Columbia,"Oregon, Washington, Vancouver Coast and Shelf",Temperate Northern Pacific,Vancouver Island,BMKC2,Tzartus 116 R,48.9,-125.08,2023-06-10,3,RLS,3,10:05:00,,,1,2,Chordata,Actinopterygii,Perciformes,Gobiidae,Rhinogobiops nicholsii,Rhinogobiops nicholsii,10,1,18.6854,POINT (-125.08000183105469 48.900001525878906)
ep_m1_public_data.fid-1acd095e_191e9a83fd6_1027,923402371,Canada,British Columbia,"Oregon, Washington, Vancouver Coast and Shelf",Temperate Northern Pacific,Vancouver Island,BMKC2,Tzartus 116 R,48.9,-125.08,2023-06-10,3,RLS,3,10:05:00,,,1,2,Chordata,Actinopterygii,Perciformes,Gobiidae,Rhinogobiops nicholsii,Rhinogobiops nicholsii,12.5,3,110.7133,POINT (-125.08000183105469 48.900001525878906)
ep_m1_public_data.fid-1acd095e_191e9a83fd6_1028,923402371,Canada,British Columbia,"Oregon, Washington, Vancouver Coast and Shelf",Temperate Northern Pacific,Vancouver Island,BMKC2,Tzartus 116 R,48.9,-125.08,2023-06-10,3,RLS,3,10:05:00,,,1,2,Chordata,Actinopterygii,Perciformes,Hexagrammidae,Hexagrammos decagrammus,Hexagrammos decagrammus,7.5,5,38.5661,POINT (-125.08000183105469 48.900001525878906)
ep_m1_public_data.fid-1acd095e_191e9a83fd6_1029,923402371,Canada,British Columbia,"Oregon, Washington, Vancouver Coast and Shelf",Temperate Northern Pacific,Vancouver Island,BMKC2,Tzartus 116 R,48.9,-125.08,2023-06-10,3,RLS,3,10:05:00,,,1,2,Chordata,Actinopterygii,Perciformes,Hexagrammidae,Hexagrammos decagrammus,Hexagrammos decagrammus,10,10,189.254,POINT (-125.08000183105469 48.900001525878906)
ep_m1_public_data.fid-1acd095e_191e9a83fd6_102a,923402371,Canada,British Columbia,"Oregon, Washington, Vancouver Coast and Shelf",Temperate Northern Pacific,Vancouver Island,BMKC2,Tzartus 116 R,48.9,-125.08,2023-06-10,3,RLS,3,10:05:00,,,1,2,Chordata,Actinopterygii,Perciformes,Hexagrammidae,Hexagrammos decagrammus,Hexagrammos decagrammus,12.5,2,75.9337,POINT (-125.08000183105469 48.900001525878906)
ep_m1_public_data.fid-1acd095e_191e9a83fd6_102b,923402371,Canada,British Columbia,"Oregon, Washington, Vancouver Coast and Shelf",Temperate Northern Pacific,Vancouver Island,BMKC2,Tzartus 116 R,48.9,-125.08,2023-06-10,3,RLS,3,10:05:00,,,1,2,Chordata,Actinopterygii,Perciformes,Hexagrammidae,Hexagrammos decagrammus,Hexagrammos decagrammus,20,1,150.0203,POINT (-125.08000183105469 48.900001525878906)
ep_m1_public_data.fid-1acd095e_191e9a83fd6_102c,923402371,Canada,British Columbia,"Oregon, Washington, Vancouver Coast and Shelf",Temperate Northern Pacific,Vancouver Island,BMKC2,Tzartus 116 R,48.9,-125.08,2023-06-10,3,RLS,3,10:05:00,,,1,2,Chordata,Actinopterygii,Scorpaeniformes,Sebastidae,Sebastes caurinus,Sebastes caurinus,7.5,1,8.6909,POINT (-125.08000183105469 48.900001525878906)
ep_m1_public_data.fid-1acd095e_191e9a83fd6_102d,923402371,Canada,British Columbia,"Oregon, Washington, Vancouver Coast and Shelf",Temperate Northern Pacific,Vancouver Island,BMKC2,Tzartus 116 R,48.9,-125.08,2023-06-10,3,RLS,3,10:05:00,,,1,2,Chordata,Actinopterygii,Scorpaeniformes,Sebastidae,Sebastes caurinus,Sebastes caurinus,10,1,21.0804,POINT (-125.08000183105469 48.900001525878906)
ep_m1_public_data.fid-1acd095e_191e9a83fd6_102e,923402371,Canada,British Columbia,"Oregon, Washington, Vancouver Coast and Shelf",Temperate Northern Pacific,Vancouver Island,BMKC2,Tzartus 116 R,48.9,-125.08,2023-06-10,3,RLS,3,10:05:00,,,1,2,Chordata,Actinopterygii,Scorpaeniformes,Sebastidae,Sebastes caurinus,Sebastes caurinus,12.5,2,83.8284,POINT (-125.08000183105469 48.900001525878906)
ep_m1_public_data.fid-1acd095e_191e9a83fd6_102f,923402371,Canada,British Columbia,"Oregon, Washington, Vancouver Coast and Shelf",Temperate Northern Pacific,Vancouver Island,BMKC2,Tzartus 116 R,48.9,-125.08,2023-06-10,3,RLS,3,10:05:00,,,1,2,Chordata,Actinopterygii,Scorpaeniformes,Sebastidae,Sebastes caurinus,Sebastes caurinus,15,1,73.4918,POINT (-125.08000183105469 48.900001525878906)
ep_m1_public_data.fid-1acd095e_191e9a83fd6_1030,923402371,Canada,British Columbia,"Oregon, Washington, Vancouver Coast and Shelf",Temperate Northern Pacific,Vancouver Island,BMKC2,Tzartus 116 R,48.9,-125.08,2023-06-10,3,RLS,3,10:05:00,,,1,2,Chordata,Actinopterygii,Scorpaeniformes,Sebastidae,Sebastes caurinus,Sebastes caurinus,20,1,162.7257,POINT (-125.08000183105469 48.900001525878906)
ep_m1_public_data.fid-1acd095e_191e9a83fd6_1031,923402371,Canada,British Columbia,"Oregon, Washington, Vancouver Coast and Shelf",Temperate Northern Pacific,Vancouver Island,BMKC2,Tzartus 116 R,48.9,-125.08,2023-06-10,3,RLS,3,10:05:00,,,1,1,Chordata,Actinopterygii,Perciformes,Embiotocidae,Brachyistius frenatus,Brachyistius frenatus,5,4,12.521,POINT (-125.08000183105469 48.900001525878906)
ep_m1_public_data.fid-1acd095e_191e9a83fd6_1032,923402371,Canada,British Columbia,"Oregon, Washington, Vancouver Coast and Shelf",Temperate Northern Pacific,Vancouver Island,BMKC2,Tzartus 116 R,48.9,-125.08,2023-06-10,3,RLS,3,10:05:00,,,1,1,Chordata,Actinopterygii,Perciformes,Embiotocidae,Brachyistius frenatus,Brachyistius frenatus,7.5,3,32.212,POINT (-125.08000183105469 48.900001525878906)
ep_m1_public_data.fid-1acd095e_191e9a83fd6_1033,923402371,Canada,British Columbia,"Oregon, Washington, Vancouver Coast and Shelf",Temperate Northern Pacific,Vancouver Island,BMKC2,Tzartus 116 R,48.9,-125.08,2023-06-10,3,RLS,3,10:05:00,,,1,1,Chordata,Actinopterygii,Perciformes,Embiotocidae,Brachyistius frenatus,Brachyistius frenatus,12.5,2,101.472,POINT (-125.08000183105469 48.900001525878906)
ep_m1_public_data.fid-1acd095e_191e9a83fd6_1034,923402371,Canada,British Columbia,"Oregon, Washington, Vancouver Coast and Shelf",Temperate Northern Pacific,Vancouver Island,BMKC2,Tzartus 116 R,48.9,-125.08,2023-06-10,3,RLS,3,10:05:00,,,1,1,Chordata,Actinopterygii,Perciformes,Embiotocidae,Rhacochilus vacca,Rhacochilus vacca,7.5,1,14.8529,POINT (-125.08000183105469 48.900001525878906)
ep_m1_public_data.fid-1acd095e_191e9a83fd6_1035,923402371,Canada,British Columbia,"Oregon, Washington, Vancouver Coast and Shelf",Temperate Northern Pacific,Vancouver Island,BMKC2,Tzartus 116 R,48.9,-125.08,2023-06-10,3,RLS,3,10:05:00,,,1,1,Chordata,Actinopterygii,Perciformes,Embiotocidae,Rhacochilus vacca,Rhacochilus vacca,10,3,106.2301,POINT (-125.08000183105469 48.900001525878906)
ep_m1_public_data.fid-1acd095e_191e9a83fd6_1036,923402371,Canada,British Columbia,"Oregon, Washington, Vancouver Coast and Shelf",Temperate Northern Pacific,Vancouver Island,BMKC2,Tzartus 116 R,48.9,-125.08,2023-06-10,3,RLS,3,10:05:00,,,1,1,Chordata,Actinopterygii,Perciformes,Embiotocidae,Rhacochilus vacca,Rhacochilus vacca,12.5,3,208.4087,POINT (-125.08000183105469 48.900001525878906)
ep_m1_public_data.fid-1acd095e_191e9a83fd6_1037,923402371,Canada,British Columbia,"Oregon, Washington, Vancouver Coast and Shelf",Temperate Northern Pacific,Vancouver Island,BMKC2,Tzartus 116 R,48.9,-125.08,2023-06-10,3,RLS,3,10:05:00,,,1,1,Chordata,Actinopterygii,Scorpaeniformes,Sebastidae,Sebastes caurinus,Sebastes caurinus,5,4,9.9716,POINT (-125.08000183105469 48.900001525878906)
ep_m1_public_data.fid-1acd095e_191e9a83fd6_1038,923402371,Canada,British Columbia,"Oregon, Washington, Vancouver Coast and Shelf",Temperate Northern Pacific,Vancouver Island,BMKC2,Tzartus 116 R,48.9,-125.08,2023-06-10,3,RLS,3,10:05:00,,,1,1,Chordata,Actinopterygii,Scorpaeniformes,Sebastidae,Sebastes caurinus,Sebastes caurinus,7.5,5,43.4547,POINT (-125.08000183105469 48.900001525878906)
ep_m1_public_data.fid-1acd095e_191e9a83fd6_1039,923402371,Canada,British Columbia,"Oregon, Washington, Vancouver Coast and Shelf",Temperate Northern Pacific,Vancouver Island,BMKC2,Tzartus 116 R,48.9,-125.08,2023-06-10,3,RLS,3,10:05:00,,,1,1,Chordata,Actinopterygii,Scorpaeniformes,Sebastidae,Sebastes caurinus,Sebastes caurinus,10,7,147.5626,POINT (-125.08000183105469 48.900001525878906)
ep_m1_public_data.fid-1acd095e_191e9a83fd6_103a,923402371,Canada,British Columbia,"Oregon, Washington, Vancouver Coast and Shelf",Temperate Northern Pacific,Vancouver Island,BMKC2,Tzartus 116 R,48.9,-125.08,2023-06-10,3,RLS,3,10:05:00,,,1,1,Chordata,Actinopterygii,Scorpaeniformes,Sebastidae,Sebastes caurinus,Sebastes caurinus,12.5,2,83.8284,POINT (-125.08000183105469 48.900001525878906)
ep_m1_public_data.fid-1acd095e_191e9a83fd6_103b,923402371,Canada,British Columbia,"Oregon, Washington, Vancouver Coast and Shelf",Temperate Northern Pacific,Vancouver Island,BMKC2,Tzartus 116 R,48.9,-125.08,2023-06-10,3,RLS,3,10:05:00,,,1,1,Chordata,Actinopterygii,Scorpaeniformes,Sebastidae,Sebastes caurinus,Sebastes caurinus,15,2,146.9837,POINT (-125.08000183105469 48.900001525878906)
ep_m1_public_data.fid-1acd095e_191e9a83fd6_103c,923402371,Canada,British Columbia,"Oregon, Washington, Vancouver Coast and Shelf",Temperate Northern Pacific,Vancouver Island,BMKC2,Tzartus 116 R,48.9,-125.08,2023-06-10,3,RLS,3,10:05:00,,,1,1,Chordata,Actinopterygii,Scorpaeniformes,Sebastidae,Sebastes caurinus,Sebastes caurinus,20,1,162.7257,POINT (-125.08000183105469 48.900001525878906)
ep_m1_public_data.fid-1acd095e_191e9a83fd6_103d,923402371,Canada,British Columbia,"Oregon, Washington, Vancouver Coast and Shelf",Temperate Northern Pacific,Vancouver Island,BMKC2,Tzartus 116 R,48.9,-125.08,2023-06-10,3,RLS,3,10:05:00,,,1,1,Chordata,Actinopterygii,Scorpaeniformes,Sebastidae,Sebastes maliger,Sebastes maliger,7.5,1,8.6909,POINT (-125.08000183105469 48.900001525878906)
ep_m1_public_data.fid-1acd095e_191e9a83fd6_103e,923402371,Canada,British Columbia,"Oregon, Washington, Vancouver Coast and Shelf",Temperate Northern Pacific,Vancouver Island,BMKC2,Tzartus 116 R,48.9,-125.08,2023-06-10,3,RLS,3,10:05:00,,,1,1,Chordata,Actinopterygii,Scorpaeniformes,Sebastidae,Sebastes maliger,Sebastes maliger,10,1,21.0804,POINT (-125.08000183105469 48.900001525878906)
ep_m1_public_data.fid-1acd095e_191e9a83fd6_103f,923402371,Canada,British Columbia,"Oregon, Washington, Vancouver Coast and Shelf",Temperate Northern Pacific,Vancouver Island,BMKC2,Tzartus 116 R,48.9,-125.08,2023-06-10,3,RLS,3,10:05:00,,,1,1,Chordata,Actinopterygii,Scorpaeniformes,Sebastidae,Sebastes melanops,Sebastes melanops,12.5,1,41.9142,POINT (-125.08000183105469 48.900001525878906)
ep_m1_public_data.fid-1acd095e_191e9a83fd6_1040,923402371,Canada,British Columbia,"Oregon, Washington, Vancouver Coast and Shelf",Temperate Northern Pacific,Vancouver Island,BMKC2,Tzartus 116 R,48.9,-125.08,2023-06-10,3,RLS,3,10:05:00,,,1,1,Chordata,Actinopterygii,Scorpaeniformes,Sebastidae,Sebastes melanops,Sebastes melanops,15,1,73.4918,POINT (-125.08000183105469 48.900001525878906)
ep_m1_public_data.fid-1acd095e_191e9a83fd6_1041,923400143,Canada,British Columbia,"Oregon, Washington, Vancouver Coast and Shelf",Temperate Northern Pacific,Vancouver Island,BMSC5,Taylor Rock,48.83,-125.2,2021-04-28,6.5,RLS,4,14:50:00,,,1,1,Chordata,Actinopterygii,Perciformes,Hexagrammidae,Hexagrammos decagrammus,Hexagrammos decagrammus,10,1,18.9254,POINT (-125.19999694824219 48.83000183105469)
ep_m1_public_data.fid-1acd095e_191e9a83fd6_1042,923400143,Canada,British Columbia,"Oregon, Washington, Vancouver Coast and Shelf",Temperate Northern Pacific,Vancouver Island,BMSC5,Taylor Rock,48.83,-125.2,2021-04-28,6.5,RLS,4,14:50:00,,,1,1,Chordata,Actinopterygii,Perciformes,Hexagrammidae,Hexagrammos decagrammus,Hexagrammos decagrammus,12.5,1,37.9668,POINT (-125.19999694824219 48.83000183105469)
ep_m1_public_data.fid-1acd095e_191e9a83fd6_1043,923400143,Canada,British Columbia,"Oregon, Washington, Vancouver Coast and Shelf",Temperate Northern Pacific,Vancouver Island,BMSC5,Taylor Rock,48.83,-125.2,2021-04-28,6.5,RLS,4,14:50:00,,,1,1,Chordata,Actinopterygii,Perciformes,Hexagrammidae,Hexagrammos decagrammus,Hexagrammos decagrammus,30,1,344.0053,POINT (-125.19999694824219 48.83000183105469)
ep_m1_public_data.fid-1acd095e_191e9a83fd6_1044,923400143,Canada,British Columbia,"Oregon, Washington, Vancouver Coast and Shelf",Temperate Northern Pacific,Vancouver Island,BMSC5,Taylor Rock,48.83,-125.2,2021-04-28,6.5,RLS,4,14:50:00,,,1,2,Chordata,Actinopterygii,Perciformes,Hexagrammidae,Hexagrammos decagrammus,Hexagrammos decagrammus,7.5,1,7.7132,POINT (-125.19999694824219 48.83000183105469)
ep_m1_public_data.fid-1acd095e_191e9a83fd6_1045,923400143,Canada,British Columbia,"Oregon, Washington, Vancouver Coast and Shelf",Temperate Northern Pacific,Vancouver Island,BMSC5,Taylor Rock,48.83,-125.2,2021-04-28,6.5,RLS,4,14:50:00,,,1,2,Chordata,Actinopterygii,Perciformes,Hexagrammidae,Hexagrammos decagrammus,Hexagrammos decagrammus,10,2,37.8508,POINT (-125.19999694824219 48.83000183105469)
ep_m1_public_data.fid-1acd095e_191e9a83fd6_1046,923400149,Canada,British Columbia,"Oregon, Washington, Vancouver Coast and Shelf",Temperate Northern Pacific,Vancouver Island,BMSC1,Dodger Channel,48.83,-125.2,2021-04-26,6.5,RLS,2,12:17:00,48.83,-125.2,1,1,Chordata,Actinopterygii,Perciformes,Hexagrammidae,Hexagrammos decagrammus,Hexagrammos decagrammus,35,1,483.3065,POINT (-125.2 48.83)
ep_m1_public_data.fid-1acd095e_191e9a83fd6_1047,923400149,Canada,British Columbia,"Oregon, Washington, Vancouver Coast and Shelf",Temperate Northern Pacific,Vancouver Island,BMSC1,Dodger Channel,48.83,-125.2,2021-04-26,6.5,RLS,2,12:17:00,48.83,-125.2,1,2,Chordata,Actinopterygii,Perciformes,Hexagrammidae,Hexagrammos decagrammus,Hexagrammos decagrammus,10,2,37.8508,POINT (-125.2 48.83)
ep_m1_public_data.fid-1acd095e_191e9a83fd6_1048,923400149,Canada,British Columbia,"Oregon, Washington, Vancouver Coast and Shelf",Temperate Northern Pacific,Vancouver Island,BMSC1,Dodger Channel,48.83,-125.2,2021-04-26,6.5,RLS,2,12:17:00,48.83,-125.2,1,2,Chordata,Actinopterygii,Perciformes,Hexagrammidae,Hexagrammos decagrammus,Hexagrammos decagrammus,20,1,150.0203,POINT (-125.2 48.83)
ep_m1_public_data.fid-1acd095e_191e9a83fd6_1049,923400149,Canada,British Columbia,"Oregon, Washington, Vancouver Coast and Shelf",Temperate Northern Pacific,Vancouver Island,BMSC1,Dodger Channel,48.83,-125.2,2021-04-26,6.5,RLS,2,12:17:00,48.83,-125.2,1,2,Chordata,Actinopterygii,Perciformes,Hexagrammidae,Hexagrammos decagrammus,Hexagrammos decagrammus,40,1,619.0955,POINT (-125.2 48.83)
ep_m1_public_data.fid-1acd095e_191e9a83fd6_104a,923400156,Canada,British Columbia,"Oregon, Washington, Vancouver Coast and Shelf",Temperate Northern Pacific,Vancouver Island,BMSC1,Dodger Channel,48.83,-125.2,2021-04-26,5.5,RLS,2,10:30:00,,,1,1,Chordata,Actinopterygii,Perciformes,Hexagrammidae,Hexagrammos decagrammus,Hexagrammos decagrammus,15,1,67.0579,POINT (-125.19999694824219 48.83000183105469)
ep_m1_public_data.fid-1acd095e_191e9a83fd6_104b,923401189,Canada,British Columbia,"Oregon, Washington, Vancouver Coast and Shelf",Temperate Northern Pacific,Vancouver Island,BMSC1,Dodger Channel,48.83,-125.2,2022-05-04,4.7,RLS,3,10:15:00,,,1,2,Chordata,Actinopterygii,Perciformes,Hexagrammidae,Hexagrammos decagrammus,Hexagrammos decagrammus,15,3,201.1736,POINT (-125.19999694824219 48.83000183105469)
ep_m1_public_data.fid-1acd095e_191e9a83fd6_104c,923401189,Canada,British Columbia,"Oregon, Washington, Vancouver Coast and Shelf",Temperate Northern Pacific,Vancouver Island,BMSC1,Dodger Channel,48.83,-125.2,2022-05-04,4.7,RLS,3,10:15:00,,,1,1,Chordata,Actinopterygii,Perciformes,Hexagrammidae,Hexagrammos decagrammus,Hexagrammos decagrammus,25,1,232.1561,POINT (-125.19999694824219 48.83000183105469)
ep_m1_public_data.fid-1acd095e_191e9a83fd6_104d,923401189,Canada,British Columbia,"Oregon, Washington, Vancouver Coast and Shelf",Temperate Northern Pacific,Vancouver Island,BMSC1,Dodger Channel,48.83,-125.2,2022-05-04,4.7,RLS,3,10:15:00,,,1,1,Chordata,Actinopterygii,Perciformes,Hexagrammidae,Hexagrammos decagrammus,Hexagrammos decagrammus,35,1,483.3065,POINT (-125.19999694824219 48.83000183105469)
ep_m1_public_data.fid-1acd095e_191e9a83fd6_104e,923401191,Canada,British Columbia,"Oregon, Washington, Vancouver Coast and Shelf",Temperate Northern Pacific,Vancouver Island,BMSC5,Taylor Rock,48.83,-125.2,2022-05-04,6.2,RLS,3,12:40:00,,,1,2,Chordata,Actinopterygii,Perciformes,Hexagrammidae,Hexagrammos decagrammus,Hexagrammos decagrammus,20,1,150.0203,POINT (-125.19999694824219 48.83000183105469)
ep_m1_public_data.fid-1acd095e_191e9a83fd6_104f,923401191,Canada,British Columbia,"Oregon, Washington, Vancouver Coast and Shelf",Temperate Northern Pacific,Vancouver Island,BMSC5,Taylor Rock,48.83,-125.2,2022-05-04,6.2,RLS,3,12:40:00,,,1,2,Chordata,Actinopterygii,Perciformes,Hexagrammidae,Hexagrammos decagrammus,Hexagrammos decagrammus,40,1,619.0955,POINT (-125.19999694824219 48.83000183105469)
ep_m1_public_data.fid-1acd095e_191e9a83fd6_1050,923401191,Canada,British Columbia,"Oregon, Washington, Vancouver Coast and Shelf",Temperate Northern Pacific,Vancouver Island,BMSC5,Taylor Rock,48.83,-125.2,2022-05-04,6.2,RLS,3,12:40:00,,,1,2,Chordata,Actinopterygii,Scorpaeniformes,Hexagrammidae,Hexagrammos stelleri,Hexagrammos stelleri,12.5,1,36.0121,POINT (-125.19999694824219 48.83000183105469)
ep_m1_public_data.fid-1acd095e_191e9a83fd6_1051,923401191,Canada,British Columbia,"Oregon, Washington, Vancouver Coast and Shelf",Temperate Northern Pacific,Vancouver Island,BMSC5,Taylor Rock,48.83,-125.2,2022-05-04,6.2,RLS,3,12:40:00,,,1,2,Chordata,Actinopterygii,Scorpaeniformes,Hexagrammidae,Hexagrammos stelleri,Hexagrammos stelleri,15,1,64.071,POINT (-125.19999694824219 48.83000183105469)
ep_m1_public_data.fid-1acd095e_191e9a83fd6_1052,923401191,Canada,British Columbia,"Oregon, Washington, Vancouver Coast and Shelf",Temperate Northern Pacific,Vancouver Island,BMSC5,Taylor Rock,48.83,-125.2,2022-05-04,6.2,RLS,3,12:40:00,,,1,1,Chordata,Actinopterygii,Blenniiformes,Clinidae,Gibbonsia metzi,Gibbonsia metzi,2.5,1,0.1397,POINT (-125.19999694824219 48.83000183105469)
ep_m1_public_data.fid-1acd095e_191e9a83fd6_1053,923401191,Canada,British Columbia,"Oregon, Washington, Vancouver Coast and Shelf",Temperate Northern Pacific,Vancouver Island,BMSC5,Taylor Rock,48.83,-125.2,2022-05-04,6.2,RLS,3,12:40:00,,,1,1,Chordata,Actinopterygii,Perciformes,Hexagrammidae,Hexagrammos decagrammus,Hexagrammos decagrammus,12.5,1,37.9668,POINT (-125.19999694824219 48.83000183105469)
ep_m1_public_data.fid-1acd095e_191e9a83fd6_1054,923401191,Canada,British Columbia,"Oregon, Washington, Vancouver Coast and Shelf",Temperate Northern Pacific,Vancouver Island,BMSC5,Taylor Rock,48.83,-125.2,2022-05-04,6.2,RLS,3,12:40:00,,,1,1,Chordata,Actinopterygii,Perciformes,Hexagrammidae,Hexagrammos decagrammus,Hexagrammos decagrammus,30,1,344.0053,POINT (-125.19999694824219 48.83000183105469)
ep_m1_public_data.fid-1acd095e_191e9a83fd6_1055,923401191,Canada,British Columbia,"Oregon, Washington, Vancouver Coast and Shelf",Temperate Northern Pacific,Vancouver Island,BMSC5,Taylor Rock,48.83,-125.2,2022-05-04,6.2,RLS,3,12:40:00,,,1,1,Chordata,Actinopterygii,Scorpaeniformes,Hexagrammidae,Hexagrammos stelleri,Hexagrammos stelleri,12.5,1,36.0121,POINT (-125.19999694824219 48.83000183105469)
ep_m1_public_data.fid-1acd095e_191e9a83fd6_1056,923401192,Canada,British Columbia,"Oregon, Washington, Vancouver Coast and Shelf",Temperate Northern Pacific,Vancouver Island,BMSC5,Taylor Rock,48.83,-125.2,2022-05-04,6,RLS,4,12:45:00,,,1,2,Chordata,Actinopterygii,Perciformes,Hexagrammidae,Hexagrammos decagrammus,Hexagrammos decagrammus,15,8,536.463,POINT (-125.19999694824219 48.83000183105469)
ep_m1_public_data.fid-1acd095e_191e9a83fd6_1057,923401192,Canada,British Columbia,"Oregon, Washington, Vancouver Coast and Shelf",Temperate Northern Pacific,Vancouver Island,BMSC5,Taylor Rock,48.83,-125.2,2022-05-04,6,RLS,4,12:45:00,,,1,2,Chordata,Actinopterygii,Perciformes,Hexagrammidae,Hexagrammos decagrammus,Hexagrammos decagrammus,20,2,300.0406,POINT (-125.19999694824219 48.83000183105469)
ep_m1_public_data.fid-1acd095e_191e9a83fd6_1058,923401192,Canada,British Columbia,"Oregon, Washington, Vancouver Coast and Shelf",Temperate Northern Pacific,Vancouver Island,BMSC5,Taylor Rock,48.83,-125.2,2022-05-04,6,RLS,4,12:45:00,,,1,2,Chordata,Actinopterygii,Perciformes,Hexagrammidae,Hexagrammos decagrammus,Hexagrammos decagrammus,25,2,464.3122,POINT (-125.19999694824219 48.83000183105469)
ep_m1_public_data.fid-1acd095e_191e9a83fd6_1059,923401192,Canada,British Columbia,"Oregon, Washington, Vancouver Coast and Shelf",Temperate Northern Pacific,Vancouver Island,BMSC5,Taylor Rock,48.83,-125.2,2022-05-04,6,RLS,4,12:45:00,,,1,2,Chordata,Actinopterygii,Perciformes,Hexagrammidae,Hexagrammos decagrammus,Hexagrammos decagrammus,40,1,619.0955,POINT (-125.19999694824219 48.83000183105469)
ep_m1_public_data.fid-1acd095e_191e9a83fd6_105a,923401192,Canada,British Columbia,"Oregon, Washington, Vancouver Coast and Shelf",Temperate Northern Pacific,Vancouver Island,BMSC5,Taylor Rock,48.83,-125.2,2022-05-04,6,RLS,4,12:45:00,,,1,2,Chordata,Actinopterygii,Scorpaeniformes,Hexagrammidae,Oxylebius pictus,Oxylebius pictus,15,1,73.4563,POINT (-125.19999694824219 48.83000183105469)
ep_m1_public_data.fid-1acd095e_191e9a83fd6_105b,923401192,Canada,British Columbia,"Oregon, Washington, Vancouver Coast and Shelf",Temperate Northern Pacific,Vancouver Island,BMSC5,Taylor Rock,48.83,-125.2,2022-05-04,6,RLS,4,12:45:00,,,1,2,Chordata,Actinopterygii,Scorpaeniformes,Sebastidae,Sebastes melanops,Sebastes melanops,25,3,751.2358,POINT (-125.19999694824219 48.83000183105469)
ep_m1_public_data.fid-1acd095e_191e9a83fd6_105c,923401192,Canada,British Columbia,"Oregon, Washington, Vancouver Coast and Shelf",Temperate Northern Pacific,Vancouver Island,BMSC5,Taylor Rock,48.83,-125.2,2022-05-04,6,RLS,4,12:45:00,,,1,1,Chordata,Actinopterygii,Perciformes,Hexagrammidae,Hexagrammos decagrammus,Hexagrammos decagrammus,10,1,18.9254,POINT (-125.19999694824219 48.83000183105469)
ep_m1_public_data.fid-1acd095e_191e9a83fd6_105d,923401192,Canada,British Columbia,"Oregon, Washington, Vancouver Coast and Shelf",Temperate Northern Pacific,Vancouver Island,BMSC5,Taylor Rock,48.83,-125.2,2022-05-04,6,RLS,4,12:45:00,,,1,1,Chordata,Actinopterygii,Perciformes,Hexagrammidae,Hexagrammos decagrammus,Hexagrammos decagrammus,12.5,3,113.9005,POINT (-125.19999694824219 48.83000183105469)
ep_m1_public_data.fid-1acd095e_191e9a83fd6_105e,923401192,Canada,British Columbia,"Oregon, Washington, Vancouver Coast and Shelf",Temperate Northern Pacific,Vancouver Island,BMSC5,Taylor Rock,48.83,-125.2,2022-05-04,6,RLS,4,12:45:00,,,1,1,Chordata,Actinopterygii,Perciformes,Hexagrammidae,Hexagrammos decagrammus,Hexagrammos decagrammus,20,1,150.0203,POINT (-125.19999694824219 48.83000183105469)
ep_m1_public_data.fid-1acd095e_191e9a83fd6_105f,923401192,Canada,British Columbia,"Oregon, Washington, Vancouver Coast and Shelf",Temperate Northern Pacific,Vancouver Island,BMSC5,Taylor Rock,48.83,-125.2,2022-05-04,6,RLS,4,12:45:00,,,1,1,Chordata,Actinopterygii,Perciformes,Hexagrammidae,Hexagrammos decagrammus,Hexagrammos decagrammus,35,1,483.3065,POINT (-125.19999694824219 48.83000183105469)
ep_m1_public_data.fid-1acd095e_191e9a83fd6_1060,923401192,Canada,British Columbia,"Oregon, Washington, Vancouver Coast and Shelf",Temperate Northern Pacific,Vancouver Island,BMSC5,Taylor Rock,48.83,-125.2,2022-05-04,6,RLS,4,12:45:00,,,1,1,Chordata,Actinopterygii,Perciformes,Hexagrammidae,Hexagrammos decagrammus,Hexagrammos decagrammus,40,1,619.0955,POINT (-125.19999694824219 48.83000183105469)
ep_m1_public_data.fid-1acd095e_191e9a83fd6_1061,923401192,Canada,British Columbia,"Oregon, Washington, Vancouver Coast and Shelf",Temperate Northern Pacific,Vancouver Island,BMSC5,Taylor Rock,48.83,-125.2,2022-05-04,6,RLS,4,12:45:00,,,1,1,Chordata,Actinopterygii,Scorpaeniformes,Sebastidae,Sebastes caurinus,Sebastes caurinus,20,1,162.7257,POINT (-125.19999694824219 48.83000183105469)
ep_m1_public_data.fid-1acd095e_191e9a83fd6_1062,923401203,Canada,British Columbia,"Oregon, Washington, Vancouver Coast and Shelf",Temperate Northern Pacific,Vancouver Island,BMSC1,Dodger Channel,48.83,-125.2,2022-05-04,5.5,RLS,3,10:15:00,,,1,1,Chordata,Actinopterygii,Perciformes,Hexagrammidae,Hexagrammos decagrammus,Hexagrammos decagrammus,12.5,1,37.9668,POINT (-125.19999694824219 48.83000183105469)
ep_m1_public_data.fid-1acd095e_191e9a83fd6_1063,923401203,Canada,British Columbia,"Oregon, Washington, Vancouver Coast and Shelf",Temperate Northern Pacific,Vancouver Island,BMSC1,Dodger Channel,48.83,-125.2,2022-05-04,5.5,RLS,3,10:15:00,,,1,1,Chordata,Actinopterygii,Perciformes,Hexagrammidae,Hexagrammos decagrammus,Hexagrammos decagrammus,15,2,134.1157,POINT (-125.19999694824219 48.83000183105469)
ep_m1_public_data.fid-1acd095e_191e9a83fd6_1064,923401203,Canada,British Columbia,"Oregon, Washington, Vancouver Coast and Shelf",Temperate Northern Pacific,Vancouver Island,BMSC1,Dodger Channel,48.83,-125.2,2022-05-04,5.5,RLS,3,10:15:00,,,1,1,Chordata,Actinopterygii,Scorpaeniformes,Sebastidae,Sebastes melanops,Sebastes melanops,25,1,250.4119,POINT (-125.19999694824219 48.83000183105469)
ep_m1_public_data.fid-1acd095e_191e9a83fd6_1065,923401203,Canada,British Columbia,"Oregon, Washington, Vancouver Coast and Shelf",Temperate Northern Pacific,Vancouver Island,BMSC1,Dodger Channel,48.83,-125.2,2022-05-04,5.5,RLS,3,10:15:00,,,1,2,Chordata,Actinopterygii,Perciformes,Hexagrammidae,Hexagrammos decagrammus,Hexagrammos decagrammus,12.5,3,113.9005,POINT (-125.19999694824219 48.83000183105469)
ep_m1_public_data.fid-1acd095e_191e9a83fd6_1066,923401203,Canada,British Columbia,"Oregon, Washington, Vancouver Coast and Shelf",Temperate Northern Pacific,Vancouver Island,BMSC1,Dodger Channel,48.83,-125.2,2022-05-04,5.5,RLS,3,10:15:00,,,1,2,Chordata,Actinopterygii,Perciformes,Hexagrammidae,Hexagrammos decagrammus,Hexagrammos decagrammus,25,2,464.3122,POINT (-125.19999694824219 48.83000183105469)
ep_m1_public_data.fid-1acd095e_191e9a83fd6_1067,923402224,Canada,British Columbia,"Oregon, Washington, Vancouver Coast and Shelf",Temperate Northern Pacific,Vancouver Island,BMSC5,Taylor Rock,48.83,-125.2,2023-05-15,5.5,RLS,1,12:18:00,,,1,2,Chordata,Actinopterygii,Perciformes,Hexagrammidae,Hexagrammos decagrammus,Hexagrammos decagrammus,15,4,268.2315,POINT (-125.19999694824219 48.83000183105469)
ep_m1_public_data.fid-1acd095e_191e9a83fd6_1068,923402224,Canada,British Columbia,"Oregon, Washington, Vancouver Coast and Shelf",Temperate Northern Pacific,Vancouver Island,BMSC5,Taylor Rock,48.83,-125.2,2023-05-15,5.5,RLS,1,12:18:00,,,1,2,Chordata,Actinopterygii,Perciformes,Hexagrammidae,Hexagrammos decagrammus,Hexagrammos decagrammus,20,2,300.0406,POINT (-125.19999694824219 48.83000183105469)
ep_m1_public_data.fid-1acd095e_191e9a83fd6_1069,923402224,Canada,British Columbia,"Oregon, Washington, Vancouver Coast and Shelf",Temperate Northern Pacific,Vancouver Island,BMSC5,Taylor Rock,48.83,-125.2,2023-05-15,5.5,RLS,1,12:18:00,,,1,2,Chordata,Actinopterygii,Perciformes,Hexagrammidae,Hexagrammos decagrammus,Hexagrammos decagrammus,30,1,344.0053,POINT (-125.19999694824219 48.83000183105469)
ep_m1_public_data.fid-1acd095e_191e9a83fd6_106a,923402224,Canada,British Columbia,"Oregon, Washington, Vancouver Coast and Shelf",Temperate Northern Pacific,Vancouver Island,BMSC5,Taylor Rock,48.83,-125.2,2023-05-15,5.5,RLS,1,12:18:00,,,1,1,Chordata,Actinopterygii,Perciformes,Hexagrammidae,Hexagrammos decagrammus,Hexagrammos decagrammus,20,2,300.0406,POINT (-125.19999694824219 48.83000183105469)
ep_m1_public_data.fid-1acd095e_191e9a83fd6_106b,923402227,Canada,British Columbia,"Oregon, Washington, Vancouver Coast and Shelf",Temperate Northern Pacific,Vancouver Island,BMSC1,Dodger Channel,48.83,-125.2,2023-05-15,5.5,RLS,1,09:54:00,,,1,1,Chordata,Actinopterygii,Perciformes,Gobiidae,Rhinogobiops nicholsii,Rhinogobiops nicholsii,7.5,1,7.7703,POINT (-125.19999694824219 48.83000183105469)
ep_m1_public_data.fid-1acd095e_191e9a83fd6_106c,923402227,Canada,British Columbia,"Oregon, Washington, Vancouver Coast and Shelf",Temperate Northern Pacific,Vancouver Island,BMSC1,Dodger Channel,48.83,-125.2,2023-05-15,5.5,RLS,1,09:54:00,,,1,1,Chordata,Actinopterygii,Perciformes,Hexagrammidae,Hexagrammos decagrammus,Hexagrammos decagrammus,20,2,300.0406,POINT (-125.19999694824219 48.83000183105469)
ep_m1_public_data.fid-1acd095e_191e9a83fd6_106d,923402227,Canada,British Columbia,"Oregon, Washington, Vancouver Coast and Shelf",Temperate Northern Pacific,Vancouver Island,BMSC1,Dodger Channel,48.83,-125.2,2023-05-15,5.5,RLS,1,09:54:00,,,1,1,Chordata,Actinopterygii,Perciformes,Hexagrammidae,Hexagrammos decagrammus,Hexagrammos decagrammus,20,2,300.0406,POINT (-125.19999694824219 48.83000183105469)
ep_m1_public_data.fid-1acd095e_191e9a83fd6_106e,923402227,Canada,British Columbia,"Oregon, Washington, Vancouver Coast and Shelf",Temperate Northern Pacific,Vancouver Island,BMSC1,Dodger Channel,48.83,-125.2,2023-05-15,5.5,RLS,1,09:54:00,,,1,1,Chordata,Actinopterygii,Perciformes,Hexagrammidae,Hexagrammos decagrammus,Hexagrammos decagrammus,25,1,232.1561,POINT (-125.19999694824219 48.83000183105469)
ep_m1_public_data.fid-1acd095e_191e9a83fd6_106f,923402227,Canada,British Columbia,"Oregon, Washington, Vancouver Coast and Shelf",Temperate Northern Pacific,Vancouver Island,BMSC1,Dodger Channel,48.83,-125.2,2023-05-15,5.5,RLS,1,09:54:00,,,1,2,Chordata,Actinopterygii,Perciformes,Embiotocidae,Brachyistius frenatus,Brachyistius frenatus,5,2,6.2605,POINT (-125.19999694824219 48.83000183105469)
ep_m1_public_data.fid-1acd095e_191e9a83fd6_1070,923402237,Canada,British Columbia,"Oregon, Washington, Vancouver Coast and Shelf",Temperate Northern Pacific,Vancouver Island,BMSC5,Taylor Rock,48.83,-125.2,2023-05-15,8,RLS,1,12:18:00,,,1,1,Chordata,Actinopterygii,Scorpaeniformes,Hexagrammidae,Hexagrammos stelleri,Hexagrammos stelleri,12.5,1,36.0121,POINT (-125.19999694824219 48.83000183105469)
ep_m1_public_data.fid-1acd095e_191e9a83fd6_1071,923402237,Canada,British Columbia,"Oregon, Washington, Vancouver Coast and Shelf",Temperate Northern Pacific,Vancouver Island,BMSC5,Taylor Rock,48.83,-125.2,2023-05-15,8,RLS,1,12:18:00,,,1,2,Chordata,Actinopterygii,Perciformes,Hexagrammidae,Hexagrammos decagrammus,Hexagrammos decagrammus,12.5,1,37.9668,POINT (-125.19999694824219 48.83000183105469)
ep_m1_public_data.fid-1acd095e_191e9a83fd6_1072,923400152,Canada,British Columbia,"Oregon, Washington, Vancouver Coast and Shelf",Temperate Northern Pacific,Vancouver Island,BMSC16,Faber Islets,48.89,-125.3,2021-05-05,6,RLS,3,10:35:00,,,1,2,Chordata,Actinopteri,Perciformes,Cottidae,Enophrys bison,Enophrys bison,20,1,148.7568,POINT (-125.30000305175781 48.88999938964844)
ep_m1_public_data.fid-1acd095e_191e9a83fd6_1073,923400152,Canada,British Columbia,"Oregon, Washington, Vancouver Coast and Shelf",Temperate Northern Pacific,Vancouver Island,BMSC16,Faber Islets,48.89,-125.3,2021-05-05,6,RLS,3,10:35:00,,,1,2,Chordata,Actinopterygii,Perciformes,Hexagrammidae,Hexagrammos decagrammus,Hexagrammos decagrammus,15,1,67.0579,POINT (-125.30000305175781 48.88999938964844)
ep_m1_public_data.fid-1acd095e_191e9a83fd6_1074,923400152,Canada,British Columbia,"Oregon, Washington, Vancouver Coast and Shelf",Temperate Northern Pacific,Vancouver Island,BMSC16,Faber Islets,48.89,-125.3,2021-05-05,6,RLS,3,10:35:00,,,1,2,Chordata,Actinopterygii,Perciformes,Hexagrammidae,Hexagrammos decagrammus,Hexagrammos decagrammus,20,2,300.0406,POINT (-125.30000305175781 48.88999938964844)
ep_m1_public_data.fid-1acd095e_191e9a83fd6_1075,923400152,Canada,British Columbia,"Oregon, Washington, Vancouver Coast and Shelf",Temperate Northern Pacific,Vancouver Island,BMSC16,Faber Islets,48.89,-125.3,2021-05-05,6,RLS,3,10:35:00,,,1,2,Chordata,Actinopterygii,Perciformes,Hexagrammidae,Hexagrammos decagrammus,Hexagrammos decagrammus,25,2,464.3122,POINT (-125.30000305175781 48.88999938964844)
ep_m1_public_data.fid-1acd095e_191e9a83fd6_1076,923400152,Canada,British Columbia,"Oregon, Washington, Vancouver Coast and Shelf",Temperate Northern Pacific,Vancouver Island,BMSC16,Faber Islets,48.89,-125.3,2021-05-05,6,RLS,3,10:35:00,,,1,2,Chordata,Actinopterygii,Perciformes,Hexagrammidae,Hexagrammos decagrammus,Hexagrammos decagrammus,30,1,344.0053,POINT (-125.30000305175781 48.88999938964844)
ep_m1_public_data.fid-1acd095e_191e9a83fd6_1077,923400152,Canada,British Columbia,"Oregon, Washington, Vancouver Coast and Shelf",Temperate Northern Pacific,Vancouver Island,BMSC16,Faber Islets,48.89,-125.3,2021-05-05,6,RLS,3,10:35:00,,,1,2,Chordata,Actinopterygii,Perciformes,Hexagrammidae,Hexagrammos decagrammus,Hexagrammos decagrammus,35,2,966.613,POINT (-125.30000305175781 48.88999938964844)
ep_m1_public_data.fid-1acd095e_191e9a83fd6_1078,923400152,Canada,British Columbia,"Oregon, Washington, Vancouver Coast and Shelf",Temperate Northern Pacific,Vancouver Island,BMSC16,Faber Islets,48.89,-125.3,2021-05-05,6,RLS,3,10:35:00,,,1,1,Chordata,Actinopterygii,Perciformes,Gobiidae,Rhinogobiops nicholsii,Rhinogobiops nicholsii,7.5,3,23.311,POINT (-125.30000305175781 48.88999938964844)
ep_m1_public_data.fid-1acd095e_191e9a83fd6_1079,923400152,Canada,British Columbia,"Oregon, Washington, Vancouver Coast and Shelf",Temperate Northern Pacific,Vancouver Island,BMSC16,Faber Islets,48.89,-125.3,2021-05-05,6,RLS,3,10:35:00,,,1,1,Chordata,Actinopterygii,Perciformes,Hexagrammidae,Hexagrammos decagrammus,Hexagrammos decagrammus,10,3,56.7762,POINT (-125.30000305175781 48.88999938964844)
ep_m1_public_data.fid-1acd095e_191e9a83fd6_107a,923400152,Canada,British Columbia,"Oregon, Washington, Vancouver Coast and Shelf",Temperate Northern Pacific,Vancouver Island,BMSC16,Faber Islets,48.89,-125.3,2021-05-05,6,RLS,3,10:35:00,,,1,1,Chordata,Actinopterygii,Perciformes,Hexagrammidae,Hexagrammos decagrammus,Hexagrammos decagrammus,12.5,4,151.8673,POINT (-125.30000305175781 48.88999938964844)
ep_m1_public_data.fid-1acd095e_191e9a83fd6_107b,923400152,Canada,British Columbia,"Oregon, Washington, Vancouver Coast and Shelf",Temperate Northern Pacific,Vancouver Island,BMSC16,Faber Islets,48.89,-125.3,2021-05-05,6,RLS,3,10:35:00,,,1,1,Chordata,Actinopterygii,Perciformes,Hexagrammidae,Hexagrammos decagrammus,Hexagrammos decagrammus,15,1,67.0579,POINT (-125.30000305175781 48.88999938964844)
ep_m1_public_data.fid-1acd095e_191e9a83fd6_107c,923400152,Canada,British Columbia,"Oregon, Washington, Vancouver Coast and Shelf",Temperate Northern Pacific,Vancouver Island,BMSC16,Faber Islets,48.89,-125.3,2021-05-05,6,RLS,3,10:35:00,,,1,1,Chordata,Actinopterygii,Perciformes,Hexagrammidae,Hexagrammos decagrammus,Hexagrammos decagrammus,20,1,150.0203,POINT (-125.30000305175781 48.88999938964844)
ep_m1_public_data.fid-1acd095e_191e9a83fd6_107d,923400152,Canada,British Columbia,"Oregon, Washington, Vancouver Coast and Shelf",Temperate Northern Pacific,Vancouver Island,BMSC16,Faber Islets,48.89,-125.3,2021-05-05,6,RLS,3,10:35:00,,,1,1,Chordata,Actinopterygii,Perciformes,Hexagrammidae,Hexagrammos decagrammus,Hexagrammos decagrammus,25,1,232.1561,POINT (-125.30000305175781 48.88999938964844)
ep_m1_public_data.fid-1acd095e_191e9a83fd6_107e,923400152,Canada,British Columbia,"Oregon, Washington, Vancouver Coast and Shelf",Temperate Northern Pacific,Vancouver Island,BMSC16,Faber Islets,48.89,-125.3,2021-05-05,6,RLS,3,10:35:00,,,1,1,Chordata,Actinopterygii,Scorpaeniformes,Sebastidae,Sebastes caurinus,Sebastes caurinus,25,1,250.4119,POINT (-125.30000305175781 48.88999938964844)
ep_m1_public_data.fid-1acd095e_191e9a83fd6_107f,923400152,Canada,British Columbia,"Oregon, Washington, Vancouver Coast and Shelf",Temperate Northern Pacific,Vancouver Island,BMSC16,Faber Islets,48.89,-125.3,2021-05-05,6,RLS,3,10:35:00,,,1,1,Cnidaria,Hydrozoa,Anthoathecata,Corynidae,Polyorchis penicillatus,Polyorchis penicillatus,7.5,1,,POINT (-125.30000305175781 48.88999938964844)
ep_m1_public_data.fid-1acd095e_191e9a83fd6_1080,923401184,Canada,British Columbia,"Oregon, Washington, Vancouver Coast and Shelf",Temperate Northern Pacific,Vancouver Island,BMSC16,Faber Islets,48.89,-125.3,2022-04-27,5.5,RLS,2,12:40:00,,,1,2,Chordata,Actinopterygii,Perciformes,Hexagrammidae,Hexagrammos decagrammus,Hexagrammos decagrammus,30,1,344.0053,POINT (-125.30000305175781 48.88999938964844)
ep_m1_public_data.fid-1acd095e_191e9a83fd6_1081,923401184,Canada,British Columbia,"Oregon, Washington, Vancouver Coast and Shelf",Temperate Northern Pacific,Vancouver Island,BMSC16,Faber Islets,48.89,-125.3,2022-04-27,5.5,RLS,2,12:40:00,,,1,2,Chordata,Actinopterygii,Perciformes,Hexagrammidae,Hexagrammos decagrammus,Hexagrammos decagrammus,35,3,1449.9194,POINT (-125.30000305175781 48.88999938964844)
ep_m1_public_data.fid-1acd095e_191e9a83fd6_1082,923401184,Canada,British Columbia,"Oregon, Washington, Vancouver Coast and Shelf",Temperate Northern Pacific,Vancouver Island,BMSC16,Faber Islets,48.89,-125.3,2022-04-27,5.5,RLS,2,12:40:00,,,1,2,Chordata,Actinopterygii,Perciformes,Hexagrammidae,Hexagrammos decagrammus,Hexagrammos decagrammus,40,2,1238.191,POINT (-125.30000305175781 48.88999938964844)
ep_m1_public_data.fid-1acd095e_191e9a83fd6_1083,923401184,Canada,British Columbia,"Oregon, Washington, Vancouver Coast and Shelf",Temperate Northern Pacific,Vancouver Island,BMSC16,Faber Islets,48.89,-125.3,2022-04-27,5.5,RLS,2,12:40:00,,,1,1,Chordata,Actinopterygii,Perciformes,Gobiidae,Rhinogobiops nicholsii,Rhinogobiops nicholsii,7.5,1,7.7703,POINT (-125.30000305175781 48.88999938964844)
ep_m1_public_data.fid-1acd095e_191e9a83fd6_1084,923401184,Canada,British Columbia,"Oregon, Washington, Vancouver Coast and Shelf",Temperate Northern Pacific,Vancouver Island,BMSC16,Faber Islets,48.89,-125.3,2022-04-27,5.5,RLS,2,12:40:00,,,1,1,Chordata,Actinopterygii,Perciformes,Hexagrammidae,Hexagrammos decagrammus,Hexagrammos decagrammus,15,1,67.0579,POINT (-125.30000305175781 48.88999938964844)
ep_m1_public_data.fid-1acd095e_191e9a83fd6_1085,923401184,Canada,British Columbia,"Oregon, Washington, Vancouver Coast and Shelf",Temperate Northern Pacific,Vancouver Island,BMSC16,Faber Islets,48.89,-125.3,2022-04-27,5.5,RLS,2,12:40:00,,,1,1,Chordata,Actinopterygii,Perciformes,Hexagrammidae,Hexagrammos decagrammus,Hexagrammos decagrammus,35,1,483.3065,POINT (-125.30000305175781 48.88999938964844)
ep_m1_public_data.fid-1acd095e_191e9a83fd6_1086,923402374,Canada,British Columbia,"Oregon, Washington, Vancouver Coast and Shelf",Temperate Northern Pacific,Vancouver Island,KCCA23,Flemming 114,48.89,-125.11,2023-05-28,10,RLS,1,10:15:00,,,1,2,Chordata,Actinopterygii,Perciformes,Hexagrammidae,Hexagrammos decagrammus,Hexagrammos decagrammus,25,1,232.1561,POINT (-125.11000061035156 48.88999938964844)
ep_m1_public_data.fid-1acd095e_191e9a83fd6_1087,923402374,Canada,British Columbia,"Oregon, Washington, Vancouver Coast and Shelf",Temperate Northern Pacific,Vancouver Island,KCCA23,Flemming 114,48.89,-125.11,2023-05-28,10,RLS,1,10:15:00,,,1,2,Chordata,Actinopterygii,Scorpaeniformes,Sebastidae,Sebastes caurinus,Sebastes caurinus,5,1,2.4929,POINT (-125.11000061035156 48.88999938964844)
ep_m1_public_data.fid-1acd095e_191e9a83fd6_1088,923402374,Canada,British Columbia,"Oregon, Washington, Vancouver Coast and Shelf",Temperate Northern Pacific,Vancouver Island,KCCA23,Flemming 114,48.89,-125.11,2023-05-28,10,RLS,1,10:15:00,,,1,2,Chordata,Actinopterygii,Scorpaeniformes,Sebastidae,Sebastes caurinus,Sebastes caurinus,7.5,1,8.6909,POINT (-125.11000061035156 48.88999938964844)
ep_m1_public_data.fid-1acd095e_191e9a83fd6_1089,923402374,Canada,British Columbia,"Oregon, Washington, Vancouver Coast and Shelf",Temperate Northern Pacific,Vancouver Island,KCCA23,Flemming 114,48.89,-125.11,2023-05-28,10,RLS,1,10:15:00,,,1,2,Chordata,Actinopterygii,Scorpaeniformes,Sebastidae,Sebastes caurinus,Sebastes caurinus,20,1,162.7257,POINT (-125.11000061035156 48.88999938964844)
ep_m1_public_data.fid-1acd095e_191e9a83fd6_108a,923402374,Canada,British Columbia,"Oregon, Washington, Vancouver Coast and Shelf",Temperate Northern Pacific,Vancouver Island,KCCA23,Flemming 114,48.89,-125.11,2023-05-28,10,RLS,1,10:15:00,,,1,2,Chordata,Actinopterygii,Scorpaeniformes,Sebastidae,Sebastes caurinus,Sebastes caurinus,30,1,369.1905,POINT (-125.11000061035156 48.88999938964844)
ep_m1_public_data.fid-1acd095e_191e9a83fd6_108b,923400157,Canada,British Columbia,"Oregon, Washington, Vancouver Coast and Shelf",Temperate Northern Pacific,Vancouver Island,BMSC19,Ed King SW Pyramid,48.83,-125.22,2021-05-06,8,RLS,2,10:40:00,,,1,2,Chordata,Actinopterygii,Perciformes,Hexagrammidae,Hexagrammos decagrammus,Hexagrammos decagrammus,20,1,150.0203,POINT (-125.22000122070312 48.83000183105469)
ep_m1_public_data.fid-1acd095e_191e9a83fd6_108c,923400157,Canada,British Columbia,"Oregon, Washington, Vancouver Coast and Shelf",Temperate Northern Pacific,Vancouver Island,BMSC19,Ed King SW Pyramid,48.83,-125.22,2021-05-06,8,RLS,2,10:40:00,,,1,2,Chordata,Actinopterygii,Perciformes,Hexagrammidae,Hexagrammos decagrammus,Hexagrammos decagrammus,40,1,619.0955,POINT (-125.22000122070312 48.83000183105469)
ep_m1_public_data.fid-1acd095e_191e9a83fd6_108d,923400157,Canada,British Columbia,"Oregon, Washington, Vancouver Coast and Shelf",Temperate Northern Pacific,Vancouver Island,BMSC19,Ed King SW Pyramid,48.83,-125.22,2021-05-06,8,RLS,2,10:40:00,,,1,2,Chordata,Actinopterygii,Scorpaeniformes,Sebastidae,Sebastes melanops,Sebastes melanops,40,1,659.434,POINT (-125.22000122070312 48.83000183105469)
ep_m1_public_data.fid-1acd095e_191e9a83fd6_108e,923400157,Canada,British Columbia,"Oregon, Washington, Vancouver Coast and Shelf",Temperate Northern Pacific,Vancouver Island,BMSC19,Ed King SW Pyramid,48.83,-125.22,2021-05-06,8,RLS,2,10:40:00,,,1,1,Chordata,Actinopterygii,Perciformes,Hexagrammidae,Hexagrammos decagrammus,Hexagrammos decagrammus,30,3,1032.016,POINT (-125.22000122070312 48.83000183105469)
ep_m1_public_data.fid-1acd095e_191e9a83fd6_108f,923400157,Canada,British Columbia,"Oregon, Washington, Vancouver Coast and Shelf",Temperate Northern Pacific,Vancouver Island,BMSC19,Ed King SW Pyramid,48.83,-125.22,2021-05-06,8,RLS,2,10:40:00,,,1,1,Chordata,Actinopterygii,Perciformes,Hexagrammidae,Hexagrammos decagrammus,Hexagrammos decagrammus,40,1,619.0955,POINT (-125.22000122070312 48.83000183105469)
ep_m1_public_data.fid-1acd095e_191e9a83fd6_1090,923401194,Canada,British Columbia,"Oregon, Washington, Vancouver Coast and Shelf",Temperate Northern Pacific,Vancouver Island,BMSC19,Ed King SW Pyramid,48.83,-125.22,2022-04-29,8,RLS,3,09:45:00,,,1,2,Chordata,Actinopterygii,Perciformes,Hexagrammidae,Hexagrammos decagrammus,Hexagrammos decagrammus,40,1,619.0955,POINT (-125.22000122070312 48.83000183105469)
ep_m1_public_data.fid-1acd095e_191e9a83fd6_1091,923401194,Canada,British Columbia,"Oregon, Washington, Vancouver Coast and Shelf",Temperate Northern Pacific,Vancouver Island,BMSC19,Ed King SW Pyramid,48.83,-125.22,2022-04-29,8,RLS,3,09:45:00,,,1,2,Chordata,Actinopterygii,Scorpaeniformes,Sebastidae,Sebastes melanops,Sebastes melanops,30,3,1107.5715,POINT (-125.22000122070312 48.83000183105469)
ep_m1_public_data.fid-1acd095e_191e9a83fd6_1092,923401194,Canada,British Columbia,"Oregon, Washington, Vancouver Coast and Shelf",Temperate Northern Pacific,Vancouver Island,BMSC19,Ed King SW Pyramid,48.83,-125.22,2022-04-29,8,RLS,3,09:45:00,,,1,2,Chordata,Actinopterygii,Scorpaeniformes,Sebastidae,Sebastes melanops,Sebastes melanops,35,1,516.4341,POINT (-125.22000122070312 48.83000183105469)
ep_m1_public_data.fid-1acd095e_191e9a83fd6_1093,923401194,Canada,British Columbia,"Oregon, Washington, Vancouver Coast and Shelf",Temperate Northern Pacific,Vancouver Island,BMSC19,Ed King SW Pyramid,48.83,-125.22,2022-04-29,8,RLS,3,09:45:00,,,1,1,Chordata,Actinopterygii,Perciformes,Hexagrammidae,Hexagrammos decagrammus,Hexagrammos decagrammus,30,2,688.0106,POINT (-125.22000122070312 48.83000183105469)
ep_m1_public_data.fid-1acd095e_191e9a83fd6_1094,923401194,Canada,British Columbia,"Oregon, Washington, Vancouver Coast and Shelf",Temperate Northern Pacific,Vancouver Island,BMSC19,Ed King SW Pyramid,48.83,-125.22,2022-04-29,8,RLS,3,09:45:00,,,1,1,Chordata,Actinopterygii,Perciformes,Hexagrammidae,Hexagrammos decagrammus,Hexagrammos decagrammus,40,1,619.0955,POINT (-125.22000122070312 48.83000183105469)
ep_m1_public_data.fid-1acd095e_191e9a83fd6_1095,923401194,Canada,British Columbia,"Oregon, Washington, Vancouver Coast and Shelf",Temperate Northern Pacific,Vancouver Island,BMSC19,Ed King SW Pyramid,48.83,-125.22,2022-04-29,8,RLS,3,09:45:00,,,1,1,Chordata,Actinopterygii,Scorpaeniformes,Sebastidae,Sebastes melanops,Sebastes melanops,20,5,813.6285,POINT (-125.22000122070312 48.83000183105469)
ep_m1_public_data.fid-1acd095e_191e9a83fd6_1096,923402231,Canada,British Columbia,"Oregon, Washington, Vancouver Coast and Shelf",Temperate Northern Pacific,Vancouver Island,BMSC19,Ed King SW Pyramid,48.83,-125.22,2023-05-10,6.5,RLS,2,10:15:00,,,1,2,Chordata,Actinopterygii,Scorpaeniformes,Sebastidae,Sebastes nebulosus,Sebastes nebulosus,12.5,1,41.9142,POINT (-125.22000122070312 48.83000183105469)
ep_m1_public_data.fid-1acd095e_191e9a83fd6_1097,923402231,Canada,British Columbia,"Oregon, Washington, Vancouver Coast and Shelf",Temperate Northern Pacific,Vancouver Island,BMSC19,Ed King SW Pyramid,48.83,-125.22,2023-05-10,6.5,RLS,2,10:15:00,,,1,1,Chordata,Actinopterygii,Perciformes,Hexagrammidae,Hexagrammos decagrammus,Hexagrammos decagrammus,15,1,67.0579,POINT (-125.22000122070312 48.83000183105469)
ep_m1_public_data.fid-1acd095e_191e9a83fd6_1098,923400157,Canada,British Columbia,"Oregon, Washington, Vancouver Coast and Shelf",Temperate Northern Pacific,Vancouver Island,BMSC19,Ed King SW Pyramid,48.83,-125.22,2021-05-06,8,RLS,2,10:40:00,,,1,2,Chordata,Actinopterygii,Perciformes,Hexagrammidae,Hexagrammos decagrammus,Hexagrammos decagrammus,35,2,966.613,POINT (-125.22000122070312 48.83000183105469)
ep_m1_public_data.fid-1acd095e_191e9a83fd6_1099,923400157,Canada,British Columbia,"Oregon, Washington, Vancouver Coast and Shelf",Temperate Northern Pacific,Vancouver Island,BMSC19,Ed King SW Pyramid,48.83,-125.22,2021-05-06,8,RLS,2,10:40:00,,,1,2,Chordata,Actinopterygii,Scorpaeniformes,Cottidae,Scorpaenichthys marmoratus,Scorpaenichthys marmoratus,30,1,317.2448,POINT (-125.22000122070312 48.83000183105469)
ep_m1_public_data.fid-1acd095e_191e9a83fd6_109a,923400157,Canada,British Columbia,"Oregon, Washington, Vancouver Coast and Shelf",Temperate Northern Pacific,Vancouver Island,BMSC19,Ed King SW Pyramid,48.83,-125.22,2021-05-06,8,RLS,2,10:40:00,,,1,2,Chordata,Actinopterygii,Scorpaeniformes,Sebastidae,Sebastes melanops,Sebastes melanops,20,6,976.3541,POINT (-125.22000122070312 48.83000183105469)
ep_m1_public_data.fid-1acd095e_191e9a83fd6_109b,923400157,Canada,British Columbia,"Oregon, Washington, Vancouver Coast and Shelf",Temperate Northern Pacific,Vancouver Island,BMSC19,Ed King SW Pyramid,48.83,-125.22,2021-05-06,8,RLS,2,10:40:00,,,1,2,Chordata,Actinopterygii,Scorpaeniformes,Sebastidae,Sebastes melanops,Sebastes melanops,25,4,1001.6478,POINT (-125.22000122070312 48.83000183105469)
ep_m1_public_data.fid-1acd095e_191e9a83fd6_109c,923400157,Canada,British Columbia,"Oregon, Washington, Vancouver Coast and Shelf",Temperate Northern Pacific,Vancouver Island,BMSC19,Ed King SW Pyramid,48.83,-125.22,2021-05-06,8,RLS,2,10:40:00,,,1,1,Chordata,Actinopterygii,Perciformes,Hexagrammidae,Hexagrammos decagrammus,Hexagrammos decagrammus,10,2,37.8508,POINT (-125.22000122070312 48.83000183105469)
ep_m1_public_data.fid-1acd095e_191e9a83fd6_109d,923400157,Canada,British Columbia,"Oregon, Washington, Vancouver Coast and Shelf",Temperate Northern Pacific,Vancouver Island,BMSC19,Ed King SW Pyramid,48.83,-125.22,2021-05-06,8,RLS,2,10:40:00,,,1,1,Chordata,Actinopterygii,Perciformes,Hexagrammidae,Hexagrammos decagrammus,Hexagrammos decagrammus,12.5,2,75.9337,POINT (-125.22000122070312 48.83000183105469)
ep_m1_public_data.fid-1acd095e_191e9a83fd6_109e,923400157,Canada,British Columbia,"Oregon, Washington, Vancouver Coast and Shelf",Temperate Northern Pacific,Vancouver Island,BMSC19,Ed King SW Pyramid,48.83,-125.22,2021-05-06,8,RLS,2,10:40:00,,,1,1,Chordata,Actinopterygii,Perciformes,Hexagrammidae,Hexagrammos decagrammus,Hexagrammos decagrammus,20,2,300.0406,POINT (-125.22000122070312 48.83000183105469)
ep_m1_public_data.fid-1acd095e_191e9a83fd6_109f,923400157,Canada,British Columbia,"Oregon, Washington, Vancouver Coast and Shelf",Temperate Northern Pacific,Vancouver Island,BMSC19,Ed King SW Pyramid,48.83,-125.22,2021-05-06,8,RLS,2,10:40:00,,,1,1,Chordata,Actinopterygii,Perciformes,Hexagrammidae,Hexagrammos decagrammus,Hexagrammos decagrammus,25,2,464.3122,POINT (-125.22000122070312 48.83000183105469)
ep_m1_public_data.fid-1acd095e_191e9a83fd6_10a0,923400157,Canada,British Columbia,"Oregon, Washington, Vancouver Coast and Shelf",Temperate Northern Pacific,Vancouver Island,BMSC19,Ed King SW Pyramid,48.83,-125.22,2021-05-06,8,RLS,2,10:40:00,,,1,1,Chordata,Actinopterygii,Perciformes,Hexagrammidae,Hexagrammos decagrammus,Hexagrammos decagrammus,35,2,966.613,POINT (-125.22000122070312 48.83000183105469)
ep_m1_public_data.fid-1acd095e_191e9a83fd6_10a1,923400157,Canada,British Columbia,"Oregon, Washington, Vancouver Coast and Shelf",Temperate Northern Pacific,Vancouver Island,BMSC19,Ed King SW Pyramid,48.83,-125.22,2021-05-06,8,RLS,2,10:40:00,,,1,1,Chordata,Actinopterygii,Scorpaeniformes,Cottidae,Jordania zonope,Jordania zonope,7.5,1,6.8672,POINT (-125.22000122070312 48.83000183105469)
ep_m1_public_data.fid-1acd095e_191e9a83fd6_10a2,923400157,Canada,British Columbia,"Oregon, Washington, Vancouver Coast and Shelf",Temperate Northern Pacific,Vancouver Island,BMSC19,Ed King SW Pyramid,48.83,-125.22,2021-05-06,8,RLS,2,10:40:00,,,1,1,Chordata,Actinopterygii,Scorpaeniformes,Hexagrammidae,Ophiodon elongatus,Ophiodon elongatus,62.5,1,1202.7167,POINT (-125.22000122070312 48.83000183105469)
ep_m1_public_data.fid-1acd095e_191e9a83fd6_10a3,923400157,Canada,British Columbia,"Oregon, Washington, Vancouver Coast and Shelf",Temperate Northern Pacific,Vancouver Island,BMSC19,Ed King SW Pyramid,48.83,-125.22,2021-05-06,8,RLS,2,10:40:00,,,1,1,Chordata,Actinopterygii,Scorpaeniformes,Sebastidae,Sebastes melanops,Sebastes melanops,15,10,734.9186,POINT (-125.22000122070312 48.83000183105469)
ep_m1_public_data.fid-1acd095e_191e9a83fd6_10a4,923400157,Canada,British Columbia,"Oregon, Washington, Vancouver Coast and Shelf",Temperate Northern Pacific,Vancouver Island,BMSC19,Ed King SW Pyramid,48.83,-125.22,2021-05-06,8,RLS,2,10:40:00,,,1,1,Chordata,Actinopterygii,Scorpaeniformes,Sebastidae,Sebastes melanops,Sebastes melanops,20,21,3417.2395,POINT (-125.22000122070312 48.83000183105469)
ep_m1_public_data.fid-1acd095e_191e9a83fd6_10a5,923400157,Canada,British Columbia,"Oregon, Washington, Vancouver Coast and Shelf",Temperate Northern Pacific,Vancouver Island,BMSC19,Ed King SW Pyramid,48.83,-125.22,2021-05-06,8,RLS,2,10:40:00,,,1,1,Chordata,Actinopterygii,Scorpaeniformes,Sebastidae,Sebastes melanops,Sebastes melanops,25,5,1252.0597,POINT (-125.22000122070312 48.83000183105469)
ep_m1_public_data.fid-1acd095e_191e9a83fd6_10a6,923400157,Canada,British Columbia,"Oregon, Washington, Vancouver Coast and Shelf",Temperate Northern Pacific,Vancouver Island,BMSC19,Ed King SW Pyramid,48.83,-125.22,2021-05-06,8,RLS,2,10:40:00,,,1,1,Chordata,Actinopterygii,Scorpaeniformes,Sebastidae,Sebastes melanops,Sebastes melanops,30,5,1845.9525,POINT (-125.22000122070312 48.83000183105469)
ep_m1_public_data.fid-1acd095e_191e9a83fd6_10a7,923401194,Canada,British Columbia,"Oregon, Washington, Vancouver Coast and Shelf",Temperate Northern Pacific,Vancouver Island,BMSC19,Ed King SW Pyramid,48.83,-125.22,2022-04-29,8,RLS,3,09:45:00,,,1,2,Chordata,Actinopterygii,Perciformes,Hexagrammidae,Hexagrammos decagrammus,Hexagrammos decagrammus,30,1,344.0053,POINT (-125.22000122070312 48.83000183105469)
ep_m1_public_data.fid-1acd095e_191e9a83fd6_10a8,923401194,Canada,British Columbia,"Oregon, Washington, Vancouver Coast and Shelf",Temperate Northern Pacific,Vancouver Island,BMSC19,Ed King SW Pyramid,48.83,-125.22,2022-04-29,8,RLS,3,09:45:00,,,1,2,Chordata,Actinopterygii,Perciformes,Hexagrammidae,Hexagrammos decagrammus,Hexagrammos decagrammus,35,2,966.613,POINT (-125.22000122070312 48.83000183105469)
ep_m1_public_data.fid-1acd095e_191e9a83fd6_10a9,923401194,Canada,British Columbia,"Oregon, Washington, Vancouver Coast and Shelf",Temperate Northern Pacific,Vancouver Island,BMSC19,Ed King SW Pyramid,48.83,-125.22,2022-04-29,8,RLS,3,09:45:00,,,1,2,Chordata,Actinopterygii,Scorpaeniformes,Sebastidae,Sebastes melanops,Sebastes melanops,25,2,500.8239,POINT (-125.22000122070312 48.83000183105469)
ep_m1_public_data.fid-1acd095e_191e9a83fd6_10aa,923401194,Canada,British Columbia,"Oregon, Washington, Vancouver Coast and Shelf",Temperate Northern Pacific,Vancouver Island,BMSC19,Ed King SW Pyramid,48.83,-125.22,2022-04-29,8,RLS,3,09:45:00,,,1,2,Chordata,Mammalia,Carnivora,Phocidae,Phoca vitulina,Phoca vitulina,150,1,,POINT (-125.22000122070312 48.83000183105469)
ep_m1_public_data.fid-1acd095e_191e9a83fd6_10ab,923401194,Canada,British Columbia,"Oregon, Washington, Vancouver Coast and Shelf",Temperate Northern Pacific,Vancouver Island,BMSC19,Ed King SW Pyramid,48.83,-125.22,2022-04-29,8,RLS,3,09:45:00,,,1,1,Chordata,Actinopterygii,Perciformes,Hexagrammidae,Hexagrammos decagrammus,Hexagrammos decagrammus,20,1,150.0203,POINT (-125.22000122070312 48.83000183105469)
ep_m1_public_data.fid-1acd095e_191e9a83fd6_10ac,923401194,Canada,British Columbia,"Oregon, Washington, Vancouver Coast and Shelf",Temperate Northern Pacific,Vancouver Island,BMSC19,Ed King SW Pyramid,48.83,-125.22,2022-04-29,8,RLS,3,09:45:00,,,1,1,Chordata,Actinopterygii,Perciformes,Hexagrammidae,Hexagrammos decagrammus,Hexagrammos decagrammus,25,1,232.1561,POINT (-125.22000122070312 48.83000183105469)
ep_m1_public_data.fid-1acd095e_191e9a83fd6_10ad,923401194,Canada,British Columbia,"Oregon, Washington, Vancouver Coast and Shelf",Temperate Northern Pacific,Vancouver Island,BMSC19,Ed King SW Pyramid,48.83,-125.22,2022-04-29,8,RLS,3,09:45:00,,,1,1,Chordata,Actinopterygii,Perciformes,Hexagrammidae,Hexagrammos decagrammus,Hexagrammos decagrammus,35,4,1933.226,POINT (-125.22000122070312 48.83000183105469)
ep_m1_public_data.fid-1acd095e_191e9a83fd6_10ae,923401194,Canada,British Columbia,"Oregon, Washington, Vancouver Coast and Shelf",Temperate Northern Pacific,Vancouver Island,BMSC19,Ed King SW Pyramid,48.83,-125.22,2022-04-29,8,RLS,3,09:45:00,,,1,1,Chordata,Actinopterygii,Scorpaeniformes,Sebastidae,Sebastes melanops,Sebastes melanops,15,2,146.9837,POINT (-125.22000122070312 48.83000183105469)
ep_m1_public_data.fid-1acd095e_191e9a83fd6_10af,923401194,Canada,British Columbia,"Oregon, Washington, Vancouver Coast and Shelf",Temperate Northern Pacific,Vancouver Island,BMSC19,Ed King SW Pyramid,48.83,-125.22,2022-04-29,8,RLS,3,09:45:00,,,1,1,Chordata,Actinopterygii,Scorpaeniformes,Sebastidae,Sebastes melanops,Sebastes melanops,25,2,500.8239,POINT (-125.22000122070312 48.83000183105469)
ep_m1_public_data.fid-1acd095e_191e9a83fd6_10b0,923401194,Canada,British Columbia,"Oregon, Washington, Vancouver Coast and Shelf",Temperate Northern Pacific,Vancouver Island,BMSC19,Ed King SW Pyramid,48.83,-125.22,2022-04-29,8,RLS,3,09:45:00,,,1,1,Chordata,Actinopterygii,Scorpaeniformes,Sebastidae,Sebastes melanops,Sebastes melanops,30,1,369.1905,POINT (-125.22000122070312 48.83000183105469)
ep_m1_public_data.fid-1acd095e_191e9a83fd6_10b1,923401194,Canada,British Columbia,"Oregon, Washington, Vancouver Coast and Shelf",Temperate Northern Pacific,Vancouver Island,BMSC19,Ed King SW Pyramid,48.83,-125.22,2022-04-29,8,RLS,3,09:45:00,,,1,1,Chordata,Actinopterygii,Scorpaeniformes,Sebastidae,Sebastes melanops,Sebastes melanops,35,2,1032.8683,POINT (-125.22000122070312 48.83000183105469)
ep_m1_public_data.fid-1acd095e_191e9a83fd6_10b2,923402231,Canada,British Columbia,"Oregon, Washington, Vancouver Coast and Shelf",Temperate Northern Pacific,Vancouver Island,BMSC19,Ed King SW Pyramid,48.83,-125.22,2023-05-10,6.5,RLS,2,10:15:00,,,1,2,Chordata,Actinopterygii,Perciformes,Hexagrammidae,Hexagrammos decagrammus,Hexagrammos decagrammus,35,4,1933.226,POINT (-125.22000122070312 48.83000183105469)
ep_m1_public_data.fid-1acd095e_191e9a83fd6_10b3,923402231,Canada,British Columbia,"Oregon, Washington, Vancouver Coast and Shelf",Temperate Northern Pacific,Vancouver Island,BMSC19,Ed King SW Pyramid,48.83,-125.22,2023-05-10,6.5,RLS,2,10:15:00,,,1,2,Chordata,Actinopterygii,Perciformes,Hexagrammidae,Hexagrammos decagrammus,Hexagrammos decagrammus,40,1,619.0955,POINT (-125.22000122070312 48.83000183105469)
ep_m1_public_data.fid-1acd095e_191e9a83fd6_10b4,923402231,Canada,British Columbia,"Oregon, Washington, Vancouver Coast and Shelf",Temperate Northern Pacific,Vancouver Island,BMSC19,Ed King SW Pyramid,48.83,-125.22,2023-05-10,6.5,RLS,2,10:15:00,,,1,2,Chordata,Actinopterygii,Scorpaeniformes,Cottidae,Jordania zonope,Jordania zonope,7.5,1,6.8672,POINT (-125.22000122070312 48.83000183105469)
ep_m1_public_data.fid-1acd095e_191e9a83fd6_10b5,923402231,Canada,British Columbia,"Oregon, Washington, Vancouver Coast and Shelf",Temperate Northern Pacific,Vancouver Island,BMSC19,Ed King SW Pyramid,48.83,-125.22,2023-05-10,6.5,RLS,2,10:15:00,,,1,2,Chordata,Actinopterygii,Scorpaeniformes,Hexagrammidae,Ophiodon elongatus,Ophiodon elongatus,50,1,599.5206,POINT (-125.22000122070312 48.83000183105469)
ep_m1_public_data.fid-1acd095e_191e9a83fd6_10b6,923402231,Canada,British Columbia,"Oregon, Washington, Vancouver Coast and Shelf",Temperate Northern Pacific,Vancouver Island,BMSC19,Ed King SW Pyramid,48.83,-125.22,2023-05-10,6.5,RLS,2,10:15:00,,,1,2,Chordata,Actinopterygii,Scorpaeniformes,Sebastidae,Sebastes melanops,Sebastes melanops,30,1,369.1905,POINT (-125.22000122070312 48.83000183105469)
ep_m1_public_data.fid-1acd095e_191e9a83fd6_10b7,923402231,Canada,British Columbia,"Oregon, Washington, Vancouver Coast and Shelf",Temperate Northern Pacific,Vancouver Island,BMSC19,Ed King SW Pyramid,48.83,-125.22,2023-05-10,6.5,RLS,2,10:15:00,,,1,1,Chordata,Actinopterygii,Perciformes,Hexagrammidae,Hexagrammos decagrammus,Hexagrammos decagrammus,20,2,300.0406,POINT (-125.22000122070312 48.83000183105469)
ep_m1_public_data.fid-1acd095e_191e9a83fd6_10b8,923402231,Canada,British Columbia,"Oregon, Washington, Vancouver Coast and Shelf",Temperate Northern Pacific,Vancouver Island,BMSC19,Ed King SW Pyramid,48.83,-125.22,2023-05-10,6.5,RLS,2,10:15:00,,,1,1,Chordata,Actinopterygii,Perciformes,Hexagrammidae,Hexagrammos decagrammus,Hexagrammos decagrammus,25,4,928.6245,POINT (-125.22000122070312 48.83000183105469)
ep_m1_public_data.fid-1acd095e_191e9a83fd6_10b9,923402231,Canada,British Columbia,"Oregon, Washington, Vancouver Coast and Shelf",Temperate Northern Pacific,Vancouver Island,BMSC19,Ed King SW Pyramid,48.83,-125.22,2023-05-10,6.5,RLS,2,10:15:00,,,1,1,Chordata,Actinopterygii,Perciformes,Hexagrammidae,Hexagrammos decagrammus,Hexagrammos decagrammus,30,2,688.0106,POINT (-125.22000122070312 48.83000183105469)
ep_m1_public_data.fid-1acd095e_191e9a83fd6_10ba,923402231,Canada,British Columbia,"Oregon, Washington, Vancouver Coast and Shelf",Temperate Northern Pacific,Vancouver Island,BMSC19,Ed King SW Pyramid,48.83,-125.22,2023-05-10,6.5,RLS,2,10:15:00,,,1,1,Chordata,Actinopterygii,Perciformes,Hexagrammidae,Hexagrammos decagrammus,Hexagrammos decagrammus,35,1,483.3065,POINT (-125.22000122070312 48.83000183105469)
ep_m1_public_data.fid-1acd095e_191e9a83fd6_10bb,923402231,Canada,British Columbia,"Oregon, Washington, Vancouver Coast and Shelf",Temperate Northern Pacific,Vancouver Island,BMSC19,Ed King SW Pyramid,48.83,-125.22,2023-05-10,6.5,RLS,2,10:15:00,,,1,1,Chordata,Actinopterygii,Scorpaeniformes,Cottidae,Artedius harringtoni,Artedius harringtoni,2.5,1,0.2205,POINT (-125.22000122070312 48.83000183105469)
ep_m1_public_data.fid-1acd095e_191e9a83fd6_10bc,923402231,Canada,British Columbia,"Oregon, Washington, Vancouver Coast and Shelf",Temperate Northern Pacific,Vancouver Island,BMSC19,Ed King SW Pyramid,48.83,-125.22,2023-05-10,6.5,RLS,2,10:15:00,,,1,1,Chordata,Actinopterygii,Scorpaeniformes,Hexagrammidae,Ophiodon elongatus,Ophiodon elongatus,50,1,599.5206,POINT (-125.22000122070312 48.83000183105469)
