site_code,site_name,latitude,longitude,survey_date,depth,program,visibility,hour,survey_latitude,survey_longitude,method,block,phylum,class,order,family,species_name,reporting_name,size_class,total,biomass,geom
BMSC2,Kirby,48.85,-125.2,2021-04-27,4.5,RLS,4,10:30:00,,,1,1,Chordata,Actinopterygii,Perciformes,Gobiidae,Rhinogobiops nicholsii,Rhinogobiops nicholsii,12.5,1,36.9044,POINT (-125.19999694824219 48.849998474121094)
BMSC2,Kirby,48.85,-125.2,2021-04-27,4.5,RLS,4,10:30:00,,,1,1,Chordata,Actinopterygii,Perciformes,Hexagrammidae,Hexagrammos decagrammus,Hexagrammos decagrammus,7.5,1,7.7132,POINT (-125.19999694824219 48.849998474121094)
BMSC2,Kirby,48.85,-125.2,2021-04-27,4.5,RLS,4,10:30:00,,,1,1,Chordata,Actinopterygii,Perciformes,Hexagrammidae,Hexagrammos decagrammus,Hexagrammos decagrammus,10,3,56.7762,POINT (-125.19999694824219 48.849998474121094)
BMSC2,Kirby,48.85,-125.2,2021-04-27,4.5,RLS,4,10:30:00,,,1,1,Chordata,Actinopterygii,Perciformes,Hexagrammidae,Hexagrammos decagrammus,Hexagrammos decagrammus,12.5,1,37.9668,POINT (-125.19999694824219 48.849998474121094)
BMSC2,Kirby,48.85,-125.2,2021-04-27,4.5,RLS,4,10:30:00,,,1,1,Chordata,Actinopterygii,Perciformes,Hexagrammidae,Hexagrammos decagrammus,Hexagrammos decagrammus,15,1,67.0579,POINT (-125.19999694824219 48.849998474121094)
BMSC2,Kirby,48.85,-125.2,2021-04-27,4.5,RLS,4,10:30:00,,,1,1,Chordata,Actinopterygii,Perciformes,Hexagrammidae,Hexagrammos decagrammus,Hexagrammos decagrammus,20,3,450.0609,POINT (-125.19999694824219 48.849998474121094)
BMSC2,Kirby,48.85,-125.2,2021-04-27,4.5,RLS,4,10:30:00,,,1,1,Chordata,Actinopterygii,Perciformes,Hexagrammidae,Hexagrammos decagrammus,Hexagrammos decagrammus,25,1,232.1561,POINT (-125.19999694824219 48.849998474121094)
BMSC2,Kirby,48.85,-125.2,2021-04-27,4.5,RLS,4,10:30:00,,,1,1,Chordata,Actinopterygii,Scorpaeniformes,Hexagrammidae,Ophiodon elongatus,Ophiodon elongatus,35,1,231.3251,POINT (-125.19999694824219 48.849998474121094)
BMSC2,Kirby,48.85,-125.2,2021-04-27,4.5,RLS,4,10:30:00,,,1,1,Chordata,Actinopterygii,Scorpaeniformes,Hexagrammidae,Oxylebius pictus,Oxylebius pictus,10,1,21.4147,POINT (-125.19999694824219 48.849998474121094)
BMSC2,Kirby,48.85,-125.2,2021-04-27,4.5,RLS,4,10:30:00,,,1,1,Chordata,Actinopterygii,Scorpaeniformes,Sebastidae,Sebastes melanops,Sebastes melanops,10,1,21.0804,POINT (-125.19999694824219 48.849998474121094)
BMSC2,Kirby,48.85,-125.2,2021-04-27,4.5,RLS,4,10:30:00,,,1,1,Chordata,Actinopterygii,Scorpaeniformes,Sebastidae,Sebastes melanops,Sebastes melanops,12.5,2,83.8284,POINT (-125.19999694824219 48.849998474121094)
BMSC2,Kirby,48.85,-125.2,2021-04-27,4.5,RLS,4,10:30:00,,,1,1,Chordata,Actinopterygii,Scorpaeniformes,Sebastidae,Sebastes melanops,Sebastes melanops,15,3,220.4756,POINT (-125.19999694824219 48.849998474121094)
BMSC2,Kirby,48.85,-125.2,2021-04-27,4.5,RLS,4,10:30:00,,,1,1,Chordata,Actinopterygii,Scorpaeniformes,Sebastidae,Sebastes melanops,Sebastes melanops,20,1,162.7257,POINT (-125.19999694824219 48.849998474121094)
BMSC2,Kirby,48.85,-125.2,2021-04-27,4.5,RLS,4,10:30:00,,,1,1,Chordata,Actinopterygii,Scorpaeniformes,Sebastidae,Sebastes spp.,Sebastes spp.,7.5,1,10.3518,POINT (-125.19999694824219 48.849998474121094)
BMSC2,Kirby,48.85,-125.2,2021-04-27,4.5,RLS,4,10:30:00,,,1,2,Chordata,Actinopterygii,Perciformes,Hexagrammidae,Hexagrammos decagrammus,Hexagrammos decagrammus,7.5,1,7.7132,POINT (-125.19999694824219 48.849998474121094)
BMSC2,Kirby,48.85,-125.2,2021-04-27,4.5,RLS,4,10:30:00,,,1,2,Chordata,Actinopterygii,Perciformes,Hexagrammidae,Hexagrammos decagrammus,Hexagrammos decagrammus,10,4,75.7016,POINT (-125.19999694824219 48.849998474121094)
BMSC2,Kirby,48.85,-125.2,2021-04-27,4.5,RLS,4,10:30:00,,,1,2,Chordata,Actinopterygii,Perciformes,Hexagrammidae,Hexagrammos decagrammus,Hexagrammos decagrammus,12.5,4,151.8673,POINT (-125.19999694824219 48.849998474121094)
BMSC2,Kirby,48.85,-125.2,2021-04-27,4.5,RLS,4,10:30:00,,,1,2,Chordata,Actinopterygii,Perciformes,Hexagrammidae,Hexagrammos decagrammus,Hexagrammos decagrammus,15,4,268.2315,POINT (-125.19999694824219 48.849998474121094)
BMSC2,Kirby,48.85,-125.2,2021-04-27,4.5,RLS,4,10:30:00,,,1,2,Chordata,Actinopterygii,Perciformes,Hexagrammidae,Hexagrammos decagrammus,Hexagrammos decagrammus,20,3,450.0609,POINT (-125.19999694824219 48.849998474121094)
BMSC2,Kirby,48.85,-125.2,2021-04-27,4.5,RLS,4,10:30:00,,,1,2,Chordata,Actinopterygii,Scorpaeniformes,Hexagrammidae,Oxylebius pictus,Oxylebius pictus,10,1,21.4147,POINT (-125.19999694824219 48.849998474121094)
BMSC2,Kirby,48.85,-125.2,2021-04-27,4.5,RLS,4,10:30:00,,,1,2,Chordata,Actinopterygii,Scorpaeniformes,Sebastidae,Sebastes melanops,Sebastes melanops,5,1,2.4929,POINT (-125.19999694824219 48.849998474121094)
BMSC2,Kirby,48.85,-125.2,2021-04-27,4.5,RLS,4,10:30:00,,,1,2,Chordata,Actinopterygii,Scorpaeniformes,Sebastidae,Sebastes melanops,Sebastes melanops,7.5,3,26.0728,POINT (-125.19999694824219 48.849998474121094)
BMSC2,Kirby,48.85,-125.2,2021-04-27,4.5,RLS,4,10:30:00,,,1,2,Chordata,Actinopterygii,Scorpaeniformes,Sebastidae,Sebastes melanops,Sebastes melanops,10,1,21.0804,POINT (-125.19999694824219 48.849998474121094)
BMSC2,Kirby,48.85,-125.2,2021-04-27,4.5,RLS,4,10:30:00,,,1,2,Chordata,Actinopterygii,Scorpaeniformes,Sebastidae,Sebastes melanops,Sebastes melanops,12.5,1,41.9142,POINT (-125.19999694824219 48.849998474121094)
BMSC2,Kirby,48.85,-125.2,2023-05-09,7,RLS,2,13:30:00,,,1,2,Chordata,Actinopterygii,Perciformes,Hexagrammidae,Hexagrammos decagrammus,Hexagrammos decagrammus,25,1,232.1561,POINT (-125.19999694824219 48.849998474121094)
BMSC2,Kirby,48.85,-125.2,2023-05-09,7,RLS,2,13:30:00,,,1,2,Chordata,Actinopterygii,,,Actinopterygii spp.,Actinopterygii spp.,2.5,80,33.8379,POINT (-125.19999694824219 48.849998474121094)
BMSC2,Kirby,48.85,-125.2,2023-05-09,7,RLS,2,13:30:00,,,1,1,Chordata,Actinopterygii,Perciformes,Hexagrammidae,Hexagrammos decagrammus,Hexagrammos decagrammus,20,2,300.0406,POINT (-125.19999694824219 48.849998474121094)
BMSC2,Kirby,48.85,-125.2,2023-05-09,7,RLS,2,13:30:00,,,1,1,Chordata,Actinopterygii,Perciformes,Hexagrammidae,Hexagrammos decagrammus,Hexagrammos decagrammus,25,3,696.4684,POINT (-125.19999694824219 48.849998474121094)
BMSC17,Wouwer Channel,48.87,-125.36,2021-05-05,5,RLS,3,12:45:00,,,1,2,Chordata,Actinopterygii,Perciformes,Embiotocidae,Rhacochilus vacca,Rhacochilus vacca,12.5,1,69.4696,POINT (-125.36000061035156 48.869998931884766)
BMSC17,Wouwer Channel,48.87,-125.36,2021-05-05,5,RLS,3,12:45:00,,,1,2,Chordata,Actinopterygii,Perciformes,Hexagrammidae,Hexagrammos decagrammus,Hexagrammos decagrammus,15,1,67.0579,POINT (-125.36000061035156 48.869998931884766)
BMSC17,Wouwer Channel,48.87,-125.36,2021-05-05,5,RLS,3,12:45:00,,,1,2,Chordata,Actinopterygii,Perciformes,Hexagrammidae,Hexagrammos decagrammus,Hexagrammos decagrammus,30,1,344.0053,POINT (-125.36000061035156 48.869998931884766)
BMSC17,Wouwer Channel,48.87,-125.36,2021-05-05,5,RLS,3,12:45:00,,,1,2,Chordata,Actinopterygii,Scorpaeniformes,Sebastidae,Sebastes melanops,Sebastes melanops,15,5,367.4593,POINT (-125.36000061035156 48.869998931884766)
BMSC17,Wouwer Channel,48.87,-125.36,2021-05-05,5,RLS,3,12:45:00,,,1,2,Chordata,Actinopterygii,Scorpaeniformes,Sebastidae,Sebastes melanops,Sebastes melanops,20,2,325.4514,POINT (-125.36000061035156 48.869998931884766)
BMSC17,Wouwer Channel,48.87,-125.36,2021-05-05,5,RLS,3,12:45:00,,,1,1,Chordata,Actinopterygii,Perciformes,Gobiidae,Rhinogobiops nicholsii,Rhinogobiops nicholsii,10,1,18.6854,POINT (-125.36000061035156 48.869998931884766)
BMSC17,Wouwer Channel,48.87,-125.36,2021-05-05,5,RLS,3,12:45:00,,,1,1,Chordata,Actinopterygii,Scorpaeniformes,Hexagrammidae,Ophiodon elongatus,Ophiodon elongatus,62.5,1,1202.7167,POINT (-125.36000061035156 48.869998931884766)
BMSC17,Wouwer Channel,48.87,-125.36,2021-05-05,5,RLS,3,12:45:00,,,1,1,Chordata,Actinopterygii,Scorpaeniformes,Sebastidae,Sebastes melanops,Sebastes melanops,20,1,162.7257,POINT (-125.36000061035156 48.869998931884766)
BMSC17,Wouwer Channel,48.87,-125.36,2022-04-27,5,RLS,2,10:40:00,,,1,2,Chordata,Actinopterygii,Perciformes,Hexagrammidae,Hexagrammos decagrammus,Hexagrammos decagrammus,20,2,300.0406,POINT (-125.36000061035156 48.869998931884766)
BMSC17,Wouwer Channel,48.87,-125.36,2022-04-27,5,RLS,2,10:40:00,,,1,2,Chordata,Actinopterygii,Perciformes,Hexagrammidae,Hexagrammos decagrammus,Hexagrammos decagrammus,25,1,232.1561,POINT (-125.36000061035156 48.869998931884766)
BMSC17,Wouwer Channel,48.87,-125.36,2022-04-27,5,RLS,2,10:40:00,,,1,2,Chordata,Actinopterygii,Scorpaeniformes,Sebastidae,Sebastes spp.,Sebastes spp.,2.5,1,0.3834,POINT (-125.36000061035156 48.869998931884766)
BMSC17,Wouwer Channel,48.87,-125.36,2022-04-27,5,RLS,2,10:40:00,,,1,2,Ctenophora,Tentaculata,Lobata,Bolinopsidae,Bolinopsis infundibulum,Bolinopsis infundibulum,0,1,,POINT (-125.36000061035156 48.869998931884766)
BMSC17,Wouwer Channel,48.87,-125.36,2022-04-27,5,RLS,2,10:40:00,,,1,1,Chordata,Actinopterygii,Perciformes,Hexagrammidae,Hexagrammos decagrammus,Hexagrammos decagrammus,20,1,150.0203,POINT (-125.36000061035156 48.869998931884766)
BMSC17,Wouwer Channel,48.87,-125.36,2022-04-27,5,RLS,2,10:40:00,,,1,1,Chordata,Actinopterygii,Perciformes,Hexagrammidae,Hexagrammos decagrammus,Hexagrammos decagrammus,30,1,344.0053,POINT (-125.36000061035156 48.869998931884766)
BMSC20,Ed King East,48.84,-125.21,2021-05-06,7,RLS,2,12:20:00,,,1,2,Chordata,Actinopterygii,Perciformes,Hexagrammidae,Hexagrammos decagrammus,Hexagrammos decagrammus,25,4,928.6245,POINT (-125.20999908447266 48.84000015258789)
BMSC20,Ed King East,48.84,-125.21,2021-05-06,7,RLS,2,12:20:00,,,1,2,Chordata,Actinopterygii,Perciformes,Hexagrammidae,Hexagrammos decagrammus,Hexagrammos decagrammus,50,1,1252.5757,POINT (-125.20999908447266 48.84000015258789)
BMSC20,Ed King East,48.84,-125.21,2021-05-06,7,RLS,2,12:20:00,,,1,2,Chordata,Actinopterygii,Scorpaeniformes,Sebastidae,Sebastes melanops,Sebastes melanops,15,1,73.4918,POINT (-125.20999908447266 48.84000015258789)
BMSC20,Ed King East,48.84,-125.21,2021-05-06,7,RLS,2,12:20:00,,,1,2,Chordata,Actinopterygii,Scorpaeniformes,Sebastidae,Sebastes melanops,Sebastes melanops,20,3,488.1771,POINT (-125.20999908447266 48.84000015258789)
BMSC20,Ed King East,48.84,-125.21,2021-05-06,7,RLS,2,12:20:00,,,1,2,Chordata,Actinopterygii,Scorpaeniformes,Sebastidae,Sebastes melanops,Sebastes melanops,25,5,1252.0597,POINT (-125.20999908447266 48.84000015258789)
BMSC20,Ed King East,48.84,-125.21,2021-05-06,7,RLS,2,12:20:00,,,1,2,Chordata,Actinopterygii,Scorpaeniformes,Sebastidae,Sebastes melanops,Sebastes melanops,30,1,369.1905,POINT (-125.20999908447266 48.84000015258789)
BMSC20,Ed King East,48.84,-125.21,2021-05-06,7,RLS,2,12:20:00,,,1,2,Chordata,Actinopterygii,Scorpaeniformes,Sebastidae,Sebastes melanops,Sebastes melanops,35,2,1032.8683,POINT (-125.20999908447266 48.84000015258789)
BMSC20,Ed King East,48.84,-125.21,2021-05-06,7,RLS,2,12:20:00,,,1,1,Chordata,Actinopterygii,Perciformes,Hexagrammidae,Hexagrammos decagrammus,Hexagrammos decagrammus,12.5,3,113.9005,POINT (-125.20999908447266 48.84000015258789)
BMSC20,Ed King East,48.84,-125.21,2021-05-06,7,RLS,2,12:20:00,,,1,1,Chordata,Actinopterygii,Perciformes,Hexagrammidae,Hexagrammos decagrammus,Hexagrammos decagrammus,15,2,134.1157,POINT (-125.20999908447266 48.84000015258789)
BMSC20,Ed King East,48.84,-125.21,2021-05-06,7,RLS,2,12:20:00,,,1,1,Chordata,Actinopterygii,Perciformes,Hexagrammidae,Hexagrammos decagrammus,Hexagrammos decagrammus,20,2,300.0406,POINT (-125.20999908447266 48.84000015258789)
BMSC20,Ed King East,48.84,-125.21,2021-05-06,7,RLS,2,12:20:00,,,1,1,Chordata,Actinopterygii,Perciformes,Hexagrammidae,Hexagrammos decagrammus,Hexagrammos decagrammus,30,1,344.0053,POINT (-125.20999908447266 48.84000015258789)
BMSC20,Ed King East,48.84,-125.21,2021-05-06,7,RLS,2,12:20:00,,,1,2,Chordata,Actinopterygii,Perciformes,Hexagrammidae,Hexagrammos decagrammus,Hexagrammos decagrammus,12.5,2,75.9337,POINT (-125.20999908447266 48.84000015258789)
BMSC20,Ed King East,48.84,-125.21,2021-05-06,7,RLS,2,12:20:00,,,1,2,Chordata,Actinopterygii,Perciformes,Hexagrammidae,Hexagrammos decagrammus,Hexagrammos decagrammus,15,2,134.1157,POINT (-125.20999908447266 48.84000015258789)
BMSC20,Ed King East,48.84,-125.21,2021-05-06,7,RLS,2,12:20:00,,,1,2,Chordata,Actinopterygii,Perciformes,Hexagrammidae,Hexagrammos decagrammus,Hexagrammos decagrammus,20,1,150.0203,POINT (-125.20999908447266 48.84000015258789)
BMSC20,Ed King East,48.84,-125.21,2022-04-29,6.5,RLS,4,11:30:00,,,1,2,Chordata,Actinopterygii,Perciformes,Hexagrammidae,Hexagrammos decagrammus,Hexagrammos decagrammus,25,5,1160.7806,POINT (-125.20999908447266 48.84000015258789)
BMSC20,Ed King East,48.84,-125.21,2022-04-29,6.5,RLS,4,11:30:00,,,1,2,Chordata,Actinopterygii,Perciformes,Hexagrammidae,Hexagrammos decagrammus,Hexagrammos decagrammus,30,4,1376.0212,POINT (-125.20999908447266 48.84000015258789)
BMSC20,Ed King East,48.84,-125.21,2022-04-29,6.5,RLS,4,11:30:00,,,1,2,Chordata,Actinopterygii,Perciformes,Hexagrammidae,Hexagrammos decagrammus,Hexagrammos decagrammus,35,2,966.613,POINT (-125.20999908447266 48.84000015258789)
BMSC20,Ed King East,48.84,-125.21,2022-04-29,6.5,RLS,4,11:30:00,,,1,2,Chordata,Actinopterygii,Perciformes,Hexagrammidae,Hexagrammos decagrammus,Hexagrammos decagrammus,40,1,619.0955,POINT (-125.20999908447266 48.84000015258789)
BMSC20,Ed King East,48.84,-125.21,2022-04-29,6.5,RLS,4,11:30:00,,,1,2,Chordata,Actinopterygii,Scorpaeniformes,Sebastidae,Sebastes melanops,Sebastes melanops,15,1,73.4918,POINT (-125.20999908447266 48.84000015258789)
BMSC20,Ed King East,48.84,-125.21,2022-04-29,6.5,RLS,4,11:30:00,,,1,2,Chordata,Actinopterygii,Scorpaeniformes,Sebastidae,Sebastes melanops,Sebastes melanops,25,3,751.2358,POINT (-125.20999908447266 48.84000015258789)
BMSC20,Ed King East,48.84,-125.21,2022-04-29,6.5,RLS,4,11:30:00,,,1,2,Chordata,Actinopterygii,Scorpaeniformes,Sebastidae,Sebastes melanops,Sebastes melanops,30,1,369.1905,POINT (-125.20999908447266 48.84000015258789)
BMSC20,Ed King East,48.84,-125.21,2022-04-29,6.5,RLS,4,11:30:00,,,1,2,Ctenophora,Tentaculata,Cydippida,Pleurobrachiidae,Pleurobrachia bachei,Pleurobrachia bachei,0,1,,POINT (-125.20999908447266 48.84000015258789)
BMSC20,Ed King East,48.84,-125.21,2022-04-29,6.5,RLS,4,11:30:00,,,1,1,Chordata,Actinopterygii,Perciformes,Hexagrammidae,Hexagrammos decagrammus,Hexagrammos decagrammus,15,2,134.1157,POINT (-125.20999908447266 48.84000015258789)
BMSC20,Ed King East,48.84,-125.21,2022-04-29,6.5,RLS,4,11:30:00,,,1,1,Chordata,Actinopterygii,Perciformes,Hexagrammidae,Hexagrammos decagrammus,Hexagrammos decagrammus,20,2,300.0406,POINT (-125.20999908447266 48.84000015258789)
BMSC20,Ed King East,48.84,-125.21,2022-04-29,6.5,RLS,4,11:30:00,,,1,1,Chordata,Actinopterygii,Perciformes,Hexagrammidae,Hexagrammos decagrammus,Hexagrammos decagrammus,25,2,464.3122,POINT (-125.20999908447266 48.84000015258789)
BMSC20,Ed King East,48.84,-125.21,2022-04-29,6.5,RLS,4,11:30:00,,,1,1,Chordata,Actinopterygii,Perciformes,Hexagrammidae,Hexagrammos decagrammus,Hexagrammos decagrammus,30,1,344.0053,POINT (-125.20999908447266 48.84000015258789)
BMSC20,Ed King East,48.84,-125.21,2022-04-29,6.5,RLS,4,11:30:00,,,1,1,Chordata,Actinopterygii,Perciformes,Hexagrammidae,Hexagrammos decagrammus,Hexagrammos decagrammus,35,1,483.3065,POINT (-125.20999908447266 48.84000015258789)
BMSC20,Ed King East,48.84,-125.21,2022-04-29,6.5,RLS,4,11:30:00,,,1,1,Chordata,Actinopterygii,Perciformes,Hexagrammidae,Hexagrammos decagrammus,Hexagrammos decagrammus,40,1,619.0955,POINT (-125.20999908447266 48.84000015258789)
BMSC20,Ed King East,48.84,-125.21,2022-04-29,6.5,RLS,4,11:30:00,,,1,1,Chordata,Actinopterygii,Scorpaeniformes,Hexagrammidae,Hexagrammos stelleri,Hexagrammos stelleri,12.5,1,36.0121,POINT (-125.20999908447266 48.84000015258789)
BMSC20,Ed King East,48.84,-125.21,2022-04-29,6.5,RLS,4,11:30:00,,,1,1,Chordata,Actinopterygii,Scorpaeniformes,Hexagrammidae,Ophiodon elongatus,Ophiodon elongatus,30,1,164.6513,POINT (-125.20999908447266 48.84000015258789)
BMSC20,Ed King East,48.84,-125.21,2022-04-29,6.5,RLS,4,11:30:00,,,1,1,Chordata,Actinopterygii,Scorpaeniformes,Sebastidae,Sebastes melanops,Sebastes melanops,12.5,2,83.8284,POINT (-125.20999908447266 48.84000015258789)
BMSC20,Ed King East,48.84,-125.21,2022-04-29,6.5,RLS,4,11:30:00,,,1,1,Chordata,Actinopterygii,Scorpaeniformes,Sebastidae,Sebastes melanops,Sebastes melanops,15,2,146.9837,POINT (-125.20999908447266 48.84000015258789)
BMSC20,Ed King East,48.84,-125.21,2022-04-29,6.5,RLS,4,11:30:00,,,1,1,Chordata,Actinopterygii,Scorpaeniformes,Sebastidae,Sebastes melanops,Sebastes melanops,20,2,325.4514,POINT (-125.20999908447266 48.84000015258789)
BMSC20,Ed King East,48.84,-125.21,2023-05-10,6.5,RLS,3,12:35:00,,,1,2,Chordata,Actinopterygii,Perciformes,Hexagrammidae,Hexagrammos decagrammus,Hexagrammos decagrammus,20,2,300.0406,POINT (-125.20999908447266 48.84000015258789)
BMSC20,Ed King East,48.84,-125.21,2023-05-10,6.5,RLS,3,12:35:00,,,1,2,Chordata,Actinopterygii,Perciformes,Hexagrammidae,Hexagrammos decagrammus,Hexagrammos decagrammus,25,4,928.6245,POINT (-125.20999908447266 48.84000015258789)
BMSC20,Ed King East,48.84,-125.21,2023-05-10,6.5,RLS,3,12:35:00,,,1,2,Chordata,Actinopterygii,Perciformes,Hexagrammidae,Hexagrammos decagrammus,Hexagrammos decagrammus,30,3,1032.016,POINT (-125.20999908447266 48.84000015258789)
BMSC20,Ed King East,48.84,-125.21,2023-05-10,6.5,RLS,3,12:35:00,,,1,2,Chordata,Actinopterygii,Perciformes,Hexagrammidae,Hexagrammos decagrammus,Hexagrammos decagrammus,35,1,483.3065,POINT (-125.20999908447266 48.84000015258789)
BMSC20,Ed King East,48.84,-125.21,2023-05-10,6.5,RLS,3,12:35:00,,,1,2,Chordata,Actinopterygii,Perciformes,Hexagrammidae,Hexagrammos decagrammus,Hexagrammos decagrammus,40,1,619.0955,POINT (-125.20999908447266 48.84000015258789)
BMSC20,Ed King East,48.84,-125.21,2023-05-10,6.5,RLS,3,12:35:00,,,1,2,Chordata,Actinopterygii,Scorpaeniformes,Hexagrammidae,Ophiodon elongatus,Ophiodon elongatus,50,1,599.5206,POINT (-125.20999908447266 48.84000015258789)
BMSC20,Ed King East,48.84,-125.21,2023-05-10,6.5,RLS,3,12:35:00,,,1,2,Chordata,Actinopterygii,Scorpaeniformes,Sebastidae,Sebastes melanops,Sebastes melanops,20,1,162.7257,POINT (-125.20999908447266 48.84000015258789)
BMSC20,Ed King East,48.84,-125.21,2023-05-10,6.5,RLS,3,12:35:00,,,1,2,Chordata,Actinopterygii,Scorpaeniformes,Sebastidae,Sebastes melanops,Sebastes melanops,25,6,1502.4717,POINT (-125.20999908447266 48.84000015258789)
BMSC20,Ed King East,48.84,-125.21,2023-05-10,6.5,RLS,3,12:35:00,,,1,2,Chordata,Actinopterygii,Scorpaeniformes,Sebastidae,Sebastes melanops,Sebastes melanops,30,3,1107.5715,POINT (-125.20999908447266 48.84000015258789)
BMSC20,Ed King East,48.84,-125.21,2023-05-10,6.5,RLS,3,12:35:00,,,1,2,Chordata,Actinopterygii,Scorpaeniformes,Sebastidae,Sebastes melanops,Sebastes melanops,35,1,516.4341,POINT (-125.20999908447266 48.84000015258789)
BMSC20,Ed King East,48.84,-125.21,2023-05-10,6.5,RLS,3,12:35:00,,,1,1,Chordata,Actinopterygii,Perciformes,Hexagrammidae,Hexagrammos decagrammus,Hexagrammos decagrammus,30,3,1032.016,POINT (-125.20999908447266 48.84000015258789)
BMSC20,Ed King East,48.84,-125.21,2023-05-10,6.5,RLS,3,12:35:00,,,1,1,Chordata,Actinopterygii,Perciformes,Hexagrammidae,Hexagrammos decagrammus,Hexagrammos decagrammus,35,2,966.613,POINT (-125.20999908447266 48.84000015258789)
BMSC20,Ed King East,48.84,-125.21,2023-05-10,6.5,RLS,3,12:35:00,,,1,1,Chordata,Actinopterygii,Perciformes,Hexagrammidae,Hexagrammos decagrammus,Hexagrammos decagrammus,40,1,619.0955,POINT (-125.20999908447266 48.84000015258789)
BMSC20,Ed King East,48.84,-125.21,2023-05-10,6.5,RLS,3,12:35:00,,,1,1,Chordata,Actinopterygii,Scorpaeniformes,Sebastidae,Sebastes melanops,Sebastes melanops,15,3,220.4756,POINT (-125.20999908447266 48.84000015258789)
BMSC20,Ed King East,48.84,-125.21,2023-05-10,6.5,RLS,3,12:35:00,,,1,1,Chordata,Actinopterygii,Scorpaeniformes,Sebastidae,Sebastes melanops,Sebastes melanops,20,6,976.3541,POINT (-125.20999908447266 48.84000015258789)
BMSC20,Ed King East,48.84,-125.21,2023-05-10,6.5,RLS,3,12:35:00,,,1,1,Chordata,Actinopterygii,Scorpaeniformes,Sebastidae,Sebastes melanops,Sebastes melanops,25,4,1001.6478,POINT (-125.20999908447266 48.84000015258789)
BMSC20,Ed King East,48.84,-125.21,2023-05-10,6.5,RLS,3,12:35:00,,,1,1,Chordata,Actinopterygii,Scorpaeniformes,Sebastidae,Sebastes melanops,Sebastes melanops,30,3,1107.5715,POINT (-125.20999908447266 48.84000015258789)
BMSC20,Ed King East,48.84,-125.21,2023-05-10,6.5,RLS,3,12:35:00,,,1,1,Chordata,Actinopterygii,Scorpaeniformes,Sebastidae,Sebastes nebulosus,Sebastes nebulosus,15,1,73.4918,POINT (-125.20999908447266 48.84000015258789)
BMSC33,Ed King East Inside,48.84,-125.21,2023-06-06,2,RLS,2,10:20:00,,,1,1,Chordata,Actinopterygii,Perciformes,Embiotocidae,Rhacochilus vacca,Rhacochilus vacca,15,3,361.4458,POINT (-125.20999908447266 48.84000015258789)
BMSC33,Ed King East Inside,48.84,-125.21,2023-06-06,2,RLS,2,10:20:00,,,1,1,Chordata,Actinopterygii,Perciformes,Embiotocidae,Rhacochilus vacca,Rhacochilus vacca,20,1,262.672,POINT (-125.20999908447266 48.84000015258789)
BMSC33,Ed King East Inside,48.84,-125.21,2023-06-06,2,RLS,2,10:20:00,,,1,1,Chordata,Actinopterygii,Perciformes,Hexagrammidae,Hexagrammos decagrammus,Hexagrammos decagrammus,25,3,696.4684,POINT (-125.20999908447266 48.84000015258789)
BMSC33,Ed King East Inside,48.84,-125.21,2023-06-06,2,RLS,2,10:20:00,,,1,1,Chordata,Actinopterygii,Perciformes,Hexagrammidae,Hexagrammos decagrammus,Hexagrammos decagrammus,30,3,1032.016,POINT (-125.20999908447266 48.84000015258789)
BMSC33,Ed King East Inside,48.84,-125.21,2023-06-06,2,RLS,2,10:20:00,,,1,1,Chordata,Actinopterygii,Perciformes,Hexagrammidae,Hexagrammos decagrammus,Hexagrammos decagrammus,35,2,966.613,POINT (-125.20999908447266 48.84000015258789)
BMSC33,Ed King East Inside,48.84,-125.21,2023-06-06,2,RLS,2,10:20:00,,,1,1,Chordata,Actinopterygii,Scorpaeniformes,Cottidae,Hemilepidotus hemilepidotus,Hemilepidotus hemilepidotus,30,1,317.2448,POINT (-125.20999908447266 48.84000015258789)
BMSC33,Ed King East Inside,48.84,-125.21,2023-06-06,2,RLS,2,10:20:00,,,1,1,Chordata,Actinopterygii,Scorpaeniformes,Sebastidae,Sebastes melanops,Sebastes melanops,15,3,220.4756,POINT (-125.20999908447266 48.84000015258789)
BMSC33,Ed King East Inside,48.84,-125.21,2023-06-06,2,RLS,2,10:20:00,,,1,1,Chordata,Actinopterygii,Scorpaeniformes,Sebastidae,Sebastes melanops,Sebastes melanops,20,1,162.7257,POINT (-125.20999908447266 48.84000015258789)
BMSC33,Ed King East Inside,48.84,-125.21,2023-06-06,2,RLS,2,10:20:00,,,1,2,Chordata,Actinopterygii,Gasterosteiformes,Aulorhynchidae,Aulorhynchus flavidus,Aulorhynchus flavidus,2.5,15,1.2424,POINT (-125.20999908447266 48.84000015258789)
BMSC33,Ed King East Inside,48.84,-125.21,2023-06-06,2,RLS,2,10:20:00,,,1,2,Chordata,Actinopterygii,Gasterosteiformes,Aulorhynchidae,Aulorhynchus flavidus,Aulorhynchus flavidus,5,6,4.3807,POINT (-125.20999908447266 48.84000015258789)
BMSC33,Ed King East Inside,48.84,-125.21,2023-06-06,2,RLS,2,10:20:00,,,1,2,Chordata,Actinopterygii,Gasterosteiformes,Aulorhynchidae,Aulorhynchus flavidus,Aulorhynchus flavidus,7.5,2,5.2162,POINT (-125.20999908447266 48.84000015258789)
BMSC33,Ed King East Inside,48.84,-125.21,2023-06-06,2,RLS,2,10:20:00,,,1,2,Chordata,Actinopterygii,Perciformes,Embiotocidae,Brachyistius frenatus,Brachyistius frenatus,5,1,3.1302,POINT (-125.20999908447266 48.84000015258789)
BMSC33,Ed King East Inside,48.84,-125.21,2023-06-06,2,RLS,2,10:20:00,,,1,2,Chordata,Actinopterygii,Perciformes,Embiotocidae,Cymatogaster aggregata,Cymatogaster aggregata,5,4,17.4613,POINT (-125.20999908447266 48.84000015258789)
BMSC33,Ed King East Inside,48.84,-125.21,2023-06-06,2,RLS,2,10:20:00,,,1,2,Chordata,Actinopterygii,Perciformes,Embiotocidae,Cymatogaster aggregata,Cymatogaster aggregata,7.5,3,44.5587,POINT (-125.20999908447266 48.84000015258789)
BMSC33,Ed King East Inside,48.84,-125.21,2023-06-06,2,RLS,2,10:20:00,,,1,2,Chordata,Actinopterygii,Perciformes,Embiotocidae,Embiotoca lateralis,Embiotoca lateralis,10,1,35.41,POINT (-125.20999908447266 48.84000015258789)
BMSC33,Ed King East Inside,48.84,-125.21,2023-06-06,2,RLS,2,10:20:00,,,1,2,Chordata,Actinopterygii,Perciformes,Embiotocidae,Embiotoca lateralis,Embiotoca lateralis,20,2,525.3441,POINT (-125.20999908447266 48.84000015258789)
BMSC33,Ed King East Inside,48.84,-125.21,2023-06-06,2,RLS,2,10:20:00,,,1,2,Chordata,Actinopterygii,Perciformes,Embiotocidae,Rhacochilus vacca,Rhacochilus vacca,10,2,70.8201,POINT (-125.20999908447266 48.84000015258789)
BMSC33,Ed King East Inside,48.84,-125.21,2023-06-06,2,RLS,2,10:20:00,,,1,2,Chordata,Actinopterygii,Perciformes,Embiotocidae,Rhacochilus vacca,Rhacochilus vacca,20,1,262.672,POINT (-125.20999908447266 48.84000015258789)
BMSC33,Ed King East Inside,48.84,-125.21,2023-06-06,2,RLS,2,10:20:00,,,1,2,Chordata,Actinopterygii,Perciformes,Hexagrammidae,Hexagrammos decagrammus,Hexagrammos decagrammus,12.5,1,37.9668,POINT (-125.20999908447266 48.84000015258789)
BMSC33,Ed King East Inside,48.84,-125.21,2023-06-06,2,RLS,2,10:20:00,,,1,2,Chordata,Actinopterygii,Perciformes,Hexagrammidae,Hexagrammos decagrammus,Hexagrammos decagrammus,15,1,67.0579,POINT (-125.20999908447266 48.84000015258789)
BMSC33,Ed King East Inside,48.84,-125.21,2023-06-06,2,RLS,2,10:20:00,,,1,2,Chordata,Actinopterygii,Perciformes,Hexagrammidae,Hexagrammos decagrammus,Hexagrammos decagrammus,20,3,450.0609,POINT (-125.20999908447266 48.84000015258789)
BMSC33,Ed King East Inside,48.84,-125.21,2023-06-06,2,RLS,2,10:20:00,,,1,2,Chordata,Actinopterygii,Perciformes,Hexagrammidae,Hexagrammos decagrammus,Hexagrammos decagrammus,25,1,232.1561,POINT (-125.20999908447266 48.84000015258789)
BMSC33,Ed King East Inside,48.84,-125.21,2023-06-06,2,RLS,2,10:20:00,,,1,2,Chordata,Actinopterygii,Perciformes,Hexagrammidae,Hexagrammos decagrammus,Hexagrammos decagrammus,30,1,344.0053,POINT (-125.20999908447266 48.84000015258789)
BMSC33,Ed King East Inside,48.84,-125.21,2023-06-06,2,RLS,2,10:20:00,,,1,2,Chordata,Actinopterygii,Perciformes,Hexagrammidae,Hexagrammos decagrammus,Hexagrammos decagrammus,35,1,483.3065,POINT (-125.20999908447266 48.84000015258789)
BMSC33,Ed King East Inside,48.84,-125.21,2023-06-06,2,RLS,2,10:20:00,,,1,2,Chordata,Actinopterygii,Scorpaeniformes,Sebastidae,Sebastes melanops,Sebastes melanops,12.5,1,41.9142,POINT (-125.20999908447266 48.84000015258789)
BMSC8,Baeria Rocks North Island Northside,48.96,-125.15,2021-04-29,9,RLS,6,15:20:00,,,1,1,Chordata,Actinopterygii,Perciformes,Gobiidae,Rhinogobiops nicholsii,Rhinogobiops nicholsii,10,1,18.6854,POINT (-125.1500015258789 48.959999084472656)
BMSC8,Baeria Rocks North Island Northside,48.96,-125.15,2021-04-29,9,RLS,6,15:20:00,,,1,1,Chordata,Actinopterygii,Perciformes,Hexagrammidae,Hexagrammos decagrammus,Hexagrammos decagrammus,12.5,1,37.9668,POINT (-125.1500015258789 48.959999084472656)
BMSC8,Baeria Rocks North Island Northside,48.96,-125.15,2021-04-29,9,RLS,6,15:20:00,,,1,1,Chordata,Actinopterygii,Perciformes,Hexagrammidae,Hexagrammos decagrammus,Hexagrammos decagrammus,15,2,134.1157,POINT (-125.1500015258789 48.959999084472656)
BMSC8,Baeria Rocks North Island Northside,48.96,-125.15,2021-04-29,9,RLS,6,15:20:00,,,1,1,Chordata,Actinopterygii,Perciformes,Hexagrammidae,Hexagrammos decagrammus,Hexagrammos decagrammus,20,1,150.0203,POINT (-125.1500015258789 48.959999084472656)
BMSC8,Baeria Rocks North Island Northside,48.96,-125.15,2021-04-29,9,RLS,6,15:20:00,,,1,1,Chordata,Actinopterygii,Perciformes,Hexagrammidae,Hexagrammos decagrammus,Hexagrammos decagrammus,25,1,232.1561,POINT (-125.1500015258789 48.959999084472656)
BMSC8,Baeria Rocks North Island Northside,48.96,-125.15,2021-04-29,9,RLS,6,15:20:00,,,1,1,Chordata,Actinopterygii,Scorpaeniformes,Cottidae,Hemilepidotus hemilepidotus,Hemilepidotus hemilepidotus,40,1,572.0118,POINT (-125.1500015258789 48.959999084472656)
BMSC8,Baeria Rocks North Island Northside,48.96,-125.15,2021-04-29,9,RLS,6,15:20:00,,,1,2,Chordata,Actinopterygii,Perciformes,Gobiidae,Rhinogobiops nicholsii,Rhinogobiops nicholsii,7.5,1,7.7703,POINT (-125.1500015258789 48.959999084472656)
BMSC7,Baeria Rocks North Island Southside,48.95,-125.15,2021-04-29,5,RLS,6,13:10:00,,,1,1,Chordata,Actinopterygii,Perciformes,Hexagrammidae,Hexagrammos decagrammus,Hexagrammos decagrammus,15,3,201.1736,POINT (-125.1500015258789 48.95000076293945)
BMSC7,Baeria Rocks North Island Southside,48.95,-125.15,2021-04-29,5,RLS,6,13:10:00,,,1,1,Chordata,Actinopterygii,Perciformes,Hexagrammidae,Hexagrammos decagrammus,Hexagrammos decagrammus,20,3,450.0609,POINT (-125.1500015258789 48.95000076293945)
BMSC7,Baeria Rocks North Island Southside,48.95,-125.15,2021-04-29,5,RLS,6,13:10:00,,,1,1,Chordata,Actinopterygii,Perciformes,Hexagrammidae,Hexagrammos decagrammus,Hexagrammos decagrammus,25,2,464.3122,POINT (-125.1500015258789 48.95000076293945)
BMSC7,Baeria Rocks North Island Southside,48.95,-125.15,2021-04-29,5,RLS,6,13:10:00,,,1,1,Chordata,Actinopterygii,Perciformes,Hexagrammidae,Hexagrammos decagrammus,Hexagrammos decagrammus,30,1,344.0053,POINT (-125.1500015258789 48.95000076293945)
BMSC7,Baeria Rocks North Island Southside,48.95,-125.15,2021-04-29,5,RLS,6,13:10:00,,,1,2,Chordata,Actinopterygii,Perciformes,Embiotocidae,Embiotoca lateralis,Embiotoca lateralis,15,1,120.4819,POINT (-125.1500015258789 48.95000076293945)
BMSC7,Baeria Rocks North Island Southside,48.95,-125.15,2021-04-29,5,RLS,6,13:10:00,,,1,2,Chordata,Actinopterygii,Perciformes,Hexagrammidae,Hexagrammos decagrammus,Hexagrammos decagrammus,15,1,67.0579,POINT (-125.1500015258789 48.95000076293945)
BMSC7,Baeria Rocks North Island Southside,48.95,-125.15,2021-04-29,5,RLS,6,13:10:00,,,1,2,Chordata,Actinopterygii,Perciformes,Hexagrammidae,Hexagrammos decagrammus,Hexagrammos decagrammus,20,1,150.0203,POINT (-125.1500015258789 48.95000076293945)
BMSC7,Baeria Rocks North Island Southside,48.95,-125.15,2021-04-29,5,RLS,6,13:10:00,,,1,2,Chordata,Actinopterygii,Perciformes,Hexagrammidae,Hexagrammos decagrammus,Hexagrammos decagrammus,35,1,483.3065,POINT (-125.1500015258789 48.95000076293945)
BMSC8,Baeria Rocks North Island Northside,48.96,-125.15,2022-04-28,6,RLS,3,14:25:00,,,1,2,Chordata,Actinopterygii,Perciformes,Hexagrammidae,Hexagrammos decagrammus,Hexagrammos decagrammus,25,1,232.1561,POINT (-125.1500015258789 48.959999084472656)
BMSC8,Baeria Rocks North Island Northside,48.96,-125.15,2022-04-28,6,RLS,3,14:25:00,,,1,2,Chordata,Actinopterygii,Perciformes,Hexagrammidae,Hexagrammos decagrammus,Hexagrammos decagrammus,30,1,344.0053,POINT (-125.1500015258789 48.959999084472656)
BMSC8,Baeria Rocks North Island Northside,48.96,-125.15,2022-04-28,6,RLS,3,14:25:00,,,1,2,Ctenophora,Tentaculata,Lobata,Bolinopsidae,Bolinopsis infundibulum,Bolinopsis infundibulum,0,1,,POINT (-125.1500015258789 48.959999084472656)
BMSC8,Baeria Rocks North Island Northside,48.96,-125.15,2022-04-28,6,RLS,3,14:25:00,,,1,1,Chordata,Actinopterygii,Perciformes,Hexagrammidae,Hexagrammos decagrammus,Hexagrammos decagrammus,10,1,18.9254,POINT (-125.1500015258789 48.959999084472656)
BMSC8,Baeria Rocks North Island Northside,48.96,-125.15,2022-04-28,6,RLS,3,14:25:00,,,1,1,Chordata,Actinopterygii,Perciformes,Hexagrammidae,Hexagrammos decagrammus,Hexagrammos decagrammus,20,1,150.0203,POINT (-125.1500015258789 48.959999084472656)
BMSC8,Baeria Rocks North Island Northside,48.96,-125.15,2022-04-28,6,RLS,3,14:25:00,,,1,1,Chordata,Actinopterygii,Perciformes,Hexagrammidae,Hexagrammos decagrammus,Hexagrammos decagrammus,35,2,966.613,POINT (-125.1500015258789 48.959999084472656)
BMSC8,Baeria Rocks North Island Northside,48.96,-125.15,2022-04-28,6,RLS,3,14:25:00,,,1,1,Chordata,Actinopterygii,Perciformes,Hexagrammidae,Hexagrammos decagrammus,Hexagrammos decagrammus,40,1,619.0955,POINT (-125.1500015258789 48.959999084472656)
BMSC8,Baeria Rocks North Island Northside,48.96,-125.15,2023-05-17,7.5,RLS,5,13:00:00,,,1,1,Chordata,Actinopterygii,Perciformes,Hexagrammidae,Hexagrammos decagrammus,Hexagrammos decagrammus,35,1,483.3065,POINT (-125.1500015258789 48.959999084472656)
BMSC8,Baeria Rocks North Island Northside,48.96,-125.15,2023-05-17,7.5,RLS,5,13:00:00,,,1,1,Ctenophora,Tentaculata,Lobata,Bolinopsidae,Bolinopsis infundibulum,Bolinopsis infundibulum,0,2,,POINT (-125.1500015258789 48.959999084472656)
BMSC8,Baeria Rocks North Island Northside,48.96,-125.15,2023-05-17,7.5,RLS,5,13:00:00,,,1,2,Chordata,Actinopterygii,Perciformes,Gobiidae,Rhinogobiops nicholsii,Rhinogobiops nicholsii,7.5,1,7.7703,POINT (-125.1500015258789 48.959999084472656)
BMSC8,Baeria Rocks North Island Northside,48.96,-125.15,2023-05-17,7.5,RLS,5,13:00:00,,,1,2,Chordata,Actinopterygii,Perciformes,Gobiidae,Rhinogobiops nicholsii,Rhinogobiops nicholsii,12.5,1,36.9044,POINT (-125.1500015258789 48.959999084472656)
BMSC8,Baeria Rocks North Island Northside,48.96,-125.15,2023-05-17,7.5,RLS,5,13:00:00,,,1,2,Chordata,Actinopterygii,Perciformes,Hexagrammidae,Hexagrammos decagrammus,Hexagrammos decagrammus,20,1,150.0203,POINT (-125.1500015258789 48.959999084472656)
BMSC8,Baeria Rocks North Island Northside,48.96,-125.15,2023-05-17,7.5,RLS,5,13:00:00,,,1,2,Chordata,Actinopterygii,Perciformes,Hexagrammidae,Hexagrammos decagrammus,Hexagrammos decagrammus,25,1,232.1561,POINT (-125.1500015258789 48.959999084472656)
BMSC8,Baeria Rocks North Island Northside,48.96,-125.15,2023-05-17,7.5,RLS,5,13:00:00,,,1,2,Chordata,Actinopterygii,Perciformes,Hexagrammidae,Hexagrammos decagrammus,Hexagrammos decagrammus,30,1,344.0053,POINT (-125.1500015258789 48.959999084472656)
BMSC8,Baeria Rocks North Island Northside,48.96,-125.15,2023-05-17,7.5,RLS,5,13:00:00,,,1,2,Chordata,Actinopterygii,Scorpaeniformes,Sebastidae,Sebastes caurinus,Sebastes caurinus,20,1,162.7257,POINT (-125.1500015258789 48.959999084472656)
BMSC8,Baeria Rocks North Island Northside,48.96,-125.15,2023-05-17,9,RLS,5,13:02:00,,,1,2,Chordata,Actinopteri,Perciformes,Hexagrammidae,Hexagrammos spp.,Hexagrammos ,7.5,1,,POINT (-125.1500015258789 48.959999084472656)
BMSC8,Baeria Rocks North Island Northside,48.96,-125.15,2023-05-17,9,RLS,5,13:02:00,,,1,2,Chordata,Actinopterygii,Perciformes,Hexagrammidae,Hexagrammos decagrammus,Hexagrammos decagrammus,12.5,1,37.9668,POINT (-125.1500015258789 48.959999084472656)
BMSC8,Baeria Rocks North Island Northside,48.96,-125.15,2023-05-17,9,RLS,5,13:02:00,,,1,2,Chordata,Actinopterygii,Perciformes,Hexagrammidae,Hexagrammos decagrammus,Hexagrammos decagrammus,25,2,464.3122,POINT (-125.1500015258789 48.959999084472656)
BMSC8,Baeria Rocks North Island Northside,48.96,-125.15,2023-05-17,9,RLS,5,13:02:00,,,1,2,Chordata,Actinopterygii,Perciformes,Hexagrammidae,Hexagrammos decagrammus,Hexagrammos decagrammus,30,3,1032.016,POINT (-125.1500015258789 48.959999084472656)
BMSC8,Baeria Rocks North Island Northside,48.96,-125.15,2023-05-17,9,RLS,5,13:02:00,,,1,2,Chordata,Actinopterygii,Perciformes,Hexagrammidae,Hexagrammos decagrammus,Hexagrammos decagrammus,35,1,483.3065,POINT (-125.1500015258789 48.959999084472656)
BMSC8,Baeria Rocks North Island Northside,48.96,-125.15,2023-05-17,9,RLS,5,13:02:00,,,1,1,Chordata,Actinopterygii,Perciformes,Hexagrammidae,Hexagrammos decagrammus,Hexagrammos decagrammus,30,2,688.0106,POINT (-125.1500015258789 48.959999084472656)
BMSC8,Baeria Rocks North Island Northside,48.96,-125.15,2023-05-17,9,RLS,5,13:02:00,,,1,1,Chordata,Actinopterygii,Perciformes,Hexagrammidae,Hexagrammos decagrammus,Hexagrammos decagrammus,35,1,483.3065,POINT (-125.1500015258789 48.959999084472656)
BMSC8,Baeria Rocks North Island Northside,48.96,-125.15,2023-05-17,9,RLS,5,13:02:00,,,1,1,Chordata,Actinopterygii,Scorpaeniformes,Hexagrammidae,Ophiodon elongatus,Ophiodon elongatus,35,1,231.3251,POINT (-125.1500015258789 48.959999084472656)
BMSC8,Baeria Rocks North Island Northside,48.96,-125.15,2023-05-17,9,RLS,5,13:02:00,,,1,1,Chordata,Actinopterygii,Scorpaeniformes,Hexagrammidae,Ophiodon elongatus,Ophiodon elongatus,40,1,296.3178,POINT (-125.1500015258789 48.959999084472656)
BMSC3,Ohiat,48.86,-125.18,2021-04-27,5.5,RLS,5,12:39:00,,,1,1,Chordata,Actinopterygii,Perciformes,Hexagrammidae,Hexagrammos decagrammus,Hexagrammos decagrammus,12.5,1,37.9668,POINT (-125.18000030517578 48.86000061035156)
BMSC3,Ohiat,48.86,-125.18,2021-04-27,5.5,RLS,5,12:39:00,,,1,1,Chordata,Actinopterygii,Perciformes,Hexagrammidae,Hexagrammos decagrammus,Hexagrammos decagrammus,20,2,300.0406,POINT (-125.18000030517578 48.86000061035156)
BMSC3,Ohiat,48.86,-125.18,2021-04-27,5.5,RLS,5,12:39:00,,,1,1,Chordata,Actinopterygii,Perciformes,Hexagrammidae,Hexagrammos decagrammus,Hexagrammos decagrammus,25,1,232.1561,POINT (-125.18000030517578 48.86000061035156)
BMSC3,Ohiat,48.86,-125.18,2021-04-27,5.5,RLS,5,12:39:00,,,1,1,Chordata,Actinopterygii,Scorpaeniformes,Hexagrammidae,Ophiodon elongatus,Ophiodon elongatus,30,1,164.6513,POINT (-125.18000030517578 48.86000061035156)
BMSC3,Ohiat,48.86,-125.18,2021-04-27,5.5,RLS,5,12:39:00,,,1,1,Chordata,Actinopterygii,Scorpaeniformes,Sebastidae,Sebastes melanops,Sebastes melanops,20,2,325.4514,POINT (-125.18000030517578 48.86000061035156)
BMSC3,Ohiat,48.86,-125.18,2021-04-27,5.5,RLS,5,12:39:00,,,1,1,Chordata,Actinopterygii,Scorpaeniformes,Sebastidae,Sebastes melanops,Sebastes melanops,25,1,250.4119,POINT (-125.18000030517578 48.86000061035156)
BMSC3,Ohiat,48.86,-125.18,2021-04-27,5.5,RLS,5,12:39:00,,,1,2,Chordata,Actinopterygii,Perciformes,Embiotocidae,Embiotoca lateralis,Embiotoca lateralis,15,1,120.4819,POINT (-125.18000030517578 48.86000061035156)
BMSC3,Ohiat,48.86,-125.18,2021-04-27,5.5,RLS,5,12:39:00,,,1,2,Chordata,Actinopterygii,Perciformes,Hexagrammidae,Hexagrammos decagrammus,Hexagrammos decagrammus,7.5,2,15.4265,POINT (-125.18000030517578 48.86000061035156)
BMSC3,Ohiat,48.86,-125.18,2021-04-27,5.5,RLS,5,12:39:00,,,1,2,Chordata,Actinopterygii,Perciformes,Hexagrammidae,Hexagrammos decagrammus,Hexagrammos decagrammus,10,3,56.7762,POINT (-125.18000030517578 48.86000061035156)
BMSC3,Ohiat,48.86,-125.18,2021-04-27,5.5,RLS,5,12:39:00,,,1,2,Chordata,Actinopterygii,Perciformes,Hexagrammidae,Hexagrammos decagrammus,Hexagrammos decagrammus,15,1,67.0579,POINT (-125.18000030517578 48.86000061035156)
BMSC3,Ohiat,48.86,-125.18,2021-04-27,5.5,RLS,5,12:39:00,,,1,2,Chordata,Actinopterygii,Scorpaeniformes,Hexagrammidae,Ophiodon elongatus,Ophiodon elongatus,50,1,599.5206,POINT (-125.18000030517578 48.86000061035156)
BMSC3,Ohiat,48.86,-125.18,2021-04-27,5.5,RLS,5,12:39:00,,,1,2,Chordata,Actinopterygii,Scorpaeniformes,Sebastidae,Sebastes melanops,Sebastes melanops,15,1,73.4918,POINT (-125.18000030517578 48.86000061035156)
BMSC3,Ohiat,48.86,-125.18,2022-05-05,6.5,RLS,3,13:45:00,,,1,2,Chordata,Actinopterygii,Perciformes,Embiotocidae,Embiotoca lateralis,Embiotoca lateralis,25,2,801.6707,POINT (-125.18000030517578 48.86000061035156)
BMSC3,Ohiat,48.86,-125.18,2022-05-05,6.5,RLS,3,13:45:00,,,1,2,Chordata,Actinopterygii,Perciformes,Hexagrammidae,Hexagrammos decagrammus,Hexagrammos decagrammus,15,3,201.1736,POINT (-125.18000030517578 48.86000061035156)
BMSC3,Ohiat,48.86,-125.18,2022-05-05,6.5,RLS,3,13:45:00,,,1,2,Chordata,Actinopterygii,Perciformes,Hexagrammidae,Hexagrammos decagrammus,Hexagrammos decagrammus,20,3,450.0609,POINT (-125.18000030517578 48.86000061035156)
BMSC3,Ohiat,48.86,-125.18,2022-05-05,6.5,RLS,3,13:45:00,,,1,1,Chordata,Actinopterygii,Perciformes,Hexagrammidae,Hexagrammos decagrammus,Hexagrammos decagrammus,20,1,150.0203,POINT (-125.18000030517578 48.86000061035156)
BMSC3,Ohiat,48.86,-125.18,2022-05-05,6.5,RLS,3,13:45:00,,,1,1,Chordata,Actinopterygii,Perciformes,Hexagrammidae,Hexagrammos decagrammus,Hexagrammos decagrammus,25,1,232.1561,POINT (-125.18000030517578 48.86000061035156)
BMSC3,Ohiat,48.86,-125.18,2022-05-05,6.5,RLS,3,13:45:00,,,1,1,Chordata,Actinopterygii,Perciformes,Hexagrammidae,Hexagrammos decagrammus,Hexagrammos decagrammus,30,2,688.0106,POINT (-125.18000030517578 48.86000061035156)
BMSC3,Ohiat,48.86,-125.18,2022-05-05,6.5,RLS,3,13:45:00,,,1,1,Chordata,Actinopterygii,Perciformes,Hexagrammidae,Hexagrammos decagrammus,Hexagrammos decagrammus,35,2,966.613,POINT (-125.18000030517578 48.86000061035156)
BMSC3,Ohiat,48.86,-125.18,2022-05-05,6.5,RLS,3,13:45:00,,,1,1,Chordata,Actinopterygii,Perciformes,Hexagrammidae,Hexagrammos decagrammus,Hexagrammos decagrammus,40,3,1857.2866,POINT (-125.18000030517578 48.86000061035156)
BMSC3,Ohiat,48.86,-125.18,2022-05-05,6.5,RLS,3,13:45:00,,,1,1,Chordata,Actinopterygii,Scorpaeniformes,Hexagrammidae,Ophiodon elongatus,Ophiodon elongatus,40,1,296.3178,POINT (-125.18000030517578 48.86000061035156)
BMSC3,Ohiat,48.86,-125.18,2022-05-05,6.5,RLS,3,13:45:00,,,1,1,Chordata,Actinopterygii,Scorpaeniformes,Sebastidae,Sebastes melanops,Sebastes melanops,15,6,440.9511,POINT (-125.18000030517578 48.86000061035156)
BMSC3,Ohiat,48.86,-125.18,2022-05-05,6.5,RLS,3,13:45:00,,,1,1,Chordata,Actinopterygii,Scorpaeniformes,Sebastidae,Sebastes melanops,Sebastes melanops,25,9,2253.7075,POINT (-125.18000030517578 48.86000061035156)
BMSC3,Ohiat,48.86,-125.18,2022-05-05,6.5,RLS,3,13:45:00,,,1,1,Chordata,Actinopterygii,Scorpaeniformes,Sebastidae,Sebastes melanops,Sebastes melanops,30,1,369.1905,POINT (-125.18000030517578 48.86000061035156)
BMSC3,Ohiat,48.86,-125.18,2023-05-12,7.5,RLS,1,12:40:00,,,1,2,Chordata,Actinopterygii,Perciformes,Hexagrammidae,Hexagrammos decagrammus,Hexagrammos decagrammus,25,1,232.1561,POINT (-125.18000030517578 48.86000061035156)
BMSC3,Ohiat,48.86,-125.18,2023-05-12,7.5,RLS,1,12:40:00,,,1,2,Chordata,Actinopterygii,Scorpaeniformes,Sebastidae,Sebastes melanops,Sebastes melanops,15,4,293.9674,POINT (-125.18000030517578 48.86000061035156)
BMSC3,Ohiat,48.86,-125.18,2023-05-12,7.5,RLS,1,12:40:00,,,1,2,Chordata,Actinopterygii,Scorpaeniformes,Sebastidae,Sebastes melanops,Sebastes melanops,20,10,1627.257,POINT (-125.18000030517578 48.86000061035156)
BMSC3,Ohiat,48.86,-125.18,2023-05-12,7.5,RLS,1,12:40:00,,,1,2,Chordata,Actinopterygii,Scorpaeniformes,Sebastidae,Sebastes melanops,Sebastes melanops,25,2,500.8239,POINT (-125.18000030517578 48.86000061035156)
BMSC3,Ohiat,48.86,-125.18,2023-05-12,7.5,RLS,1,12:40:00,,,1,1,Chordata,Actinopterygii,Perciformes,Hexagrammidae,Hexagrammos decagrammus,Hexagrammos decagrammus,30,3,1032.016,POINT (-125.18000030517578 48.86000061035156)
BMSC3,Ohiat,48.86,-125.18,2023-05-12,7.5,RLS,1,12:40:00,,,1,1,Chordata,Actinopterygii,Scorpaeniformes,Sebastidae,Sebastes melanops,Sebastes melanops,15,1,73.4918,POINT (-125.18000030517578 48.86000061035156)
BMSC3,Ohiat,48.86,-125.18,2023-05-12,7.5,RLS,1,12:40:00,,,1,1,Chordata,Actinopterygii,Scorpaeniformes,Sebastidae,Sebastes melanops,Sebastes melanops,20,1,162.7257,POINT (-125.18000030517578 48.86000061035156)
BMSC3,Ohiat,48.86,-125.18,2023-05-12,7.5,RLS,1,12:40:00,,,1,1,Chordata,Actinopterygii,Scorpaeniformes,Sebastidae,Sebastes melanops,Sebastes melanops,25,1,250.4119,POINT (-125.18000030517578 48.86000061035156)
BMSC11,Wizard Island South,48.86,-125.16,2021-05-03,5.5,RLS,7,10:30:00,,,1,2,Chordata,Actinopterygii,Perciformes,Anarhichadidae,Anarrhichthys ocellatus,Anarrhichthys ocellatus,20,1,86.0039,POINT (-125.16000366210938 48.86000061035156)
BMSC11,Wizard Island South,48.86,-125.16,2021-05-03,5.5,RLS,7,10:30:00,,,1,2,Chordata,Actinopterygii,Perciformes,Hexagrammidae,Hexagrammos decagrammus,Hexagrammos decagrammus,20,1,150.0203,POINT (-125.16000366210938 48.86000061035156)
BMSC11,Wizard Island South,48.86,-125.16,2021-05-03,5.5,RLS,7,10:30:00,,,1,1,Chordata,Actinopterygii,Perciformes,Gobiidae,Rhinogobiops nicholsii,Rhinogobiops nicholsii,10,1,18.6854,POINT (-125.16000366210938 48.86000061035156)
BMSC11,Wizard Island South,48.86,-125.16,2021-05-03,5.5,RLS,7,10:30:00,,,1,1,Chordata,Actinopterygii,Perciformes,Hexagrammidae,Hexagrammos decagrammus,Hexagrammos decagrammus,25,1,232.1561,POINT (-125.16000366210938 48.86000061035156)
BMSC12,Wizard Island North,48.86,-125.16,2021-05-03,5.5,RLS,6,12:20:00,,,1,1,Chordata,Actinopterygii,Perciformes,Hexagrammidae,Hexagrammos decagrammus,Hexagrammos decagrammus,12.5,2,75.9337,POINT (-125.16000366210938 48.86000061035156)
BMSC12,Wizard Island North,48.86,-125.16,2021-05-03,5.5,RLS,6,12:20:00,,,1,1,Chordata,Actinopterygii,Perciformes,Hexagrammidae,Hexagrammos decagrammus,Hexagrammos decagrammus,15,2,134.1157,POINT (-125.16000366210938 48.86000061035156)
BMSC12,Wizard Island North,48.86,-125.16,2021-05-03,5.5,RLS,6,12:20:00,,,1,2,Chordata,Actinopterygii,Perciformes,Hexagrammidae,Hexagrammos decagrammus,Hexagrammos decagrammus,12.5,6,227.801,POINT (-125.16000366210938 48.86000061035156)
BMSC12,Wizard Island North,48.86,-125.16,2021-05-03,5.5,RLS,6,12:20:00,,,1,2,Chordata,Actinopterygii,Perciformes,Hexagrammidae,Hexagrammos decagrammus,Hexagrammos decagrammus,20,6,900.1219,POINT (-125.16000366210938 48.86000061035156)
BMSC12,Wizard Island North,48.86,-125.16,2021-05-03,5.5,RLS,6,12:20:00,,,1,2,Chordata,Actinopterygii,Scorpaeniformes,Sebastidae,Sebastes melanops,Sebastes melanops,25,1,250.4119,POINT (-125.16000366210938 48.86000061035156)
BMSC11,Wizard Island South,48.86,-125.16,2022-05-03,8.5,RLS,3,9:50:00,,,1,1,Chordata,Actinopterygii,Perciformes,Gobiidae,Rhinogobiops nicholsii,Rhinogobiops nicholsii,10,4,74.7417,POINT (-125.16000366210938 48.86000061035156)
BMSC11,Wizard Island South,48.86,-125.16,2022-05-03,8.5,RLS,3,9:50:00,,,1,1,Chordata,Actinopterygii,Perciformes,Hexagrammidae,Hexagrammos decagrammus,Hexagrammos decagrammus,15,1,67.0579,POINT (-125.16000366210938 48.86000061035156)
BMSC11,Wizard Island South,48.86,-125.16,2022-05-03,8.5,RLS,3,9:50:00,,,1,1,Ctenophora,Tentaculata,Lobata,Bolinopsidae,Bolinopsis infundibulum,Bolinopsis infundibulum,5,1,,POINT (-125.16000366210938 48.86000061035156)
BMSC12,Wizard Island North,48.86,-125.16,2022-05-03,9,RLS,3,12:50:00,,,1,1,Chordata,Actinopterygii,Perciformes,Hexagrammidae,Hexagrammos decagrammus,Hexagrammos decagrammus,20,1,150.0203,POINT (-125.16000366210938 48.86000061035156)
BMSC11,Wizard Island South,48.86,-125.16,2022-05-03,4,RLS,3,9:59:00,,,1,2,Chordata,Actinopterygii,Perciformes,Hexagrammidae,Hexagrammos decagrammus,Hexagrammos decagrammus,30,1,344.0053,POINT (-125.16000366210938 48.86000061035156)
BMSC11,Wizard Island South,48.86,-125.16,2022-05-03,4,RLS,3,9:59:00,,,1,2,Chordata,Actinopterygii,Scorpaeniformes,Hexagrammidae,Ophiodon elongatus,Ophiodon elongatus,40,1,296.3178,POINT (-125.16000366210938 48.86000061035156)
BMSC11,Wizard Island South,48.86,-125.16,2022-05-03,4,RLS,3,9:59:00,,,1,2,Chordata,Actinopterygii,Scorpaeniformes,Sebastidae,Sebastes caurinus,Sebastes caurinus,20,1,162.7257,POINT (-125.16000366210938 48.86000061035156)
BMSC11,Wizard Island South,48.86,-125.16,2022-05-03,4,RLS,3,9:59:00,,,1,1,Chordata,Actinopterygii,Perciformes,Hexagrammidae,Hexagrammos decagrammus,Hexagrammos decagrammus,25,1,232.1561,POINT (-125.16000366210938 48.86000061035156)
BMSC12,Wizard Island North,48.86,-125.16,2022-05-03,5,RLS,3,12:15:00,,,1,2,Chordata,Actinopterygii,Perciformes,Embiotocidae,Embiotoca lateralis,Embiotoca lateralis,15,1,120.4819,POINT (-125.16000366210938 48.86000061035156)
BMSC12,Wizard Island North,48.86,-125.16,2022-05-03,5,RLS,3,12:15:00,,,1,2,Chordata,Actinopterygii,Perciformes,Embiotocidae,Rhacochilus vacca,Rhacochilus vacca,15,9,1084.3374,POINT (-125.16000366210938 48.86000061035156)
BMSC12,Wizard Island North,48.86,-125.16,2022-05-03,5,RLS,3,12:15:00,,,1,2,Chordata,Actinopterygii,Perciformes,Hexagrammidae,Hexagrammos decagrammus,Hexagrammos decagrammus,30,6,2064.032,POINT (-125.16000366210938 48.86000061035156)
BMSC12,Wizard Island North,48.86,-125.16,2022-05-03,5,RLS,3,12:15:00,,,1,2,Chordata,Actinopterygii,Perciformes,Hexagrammidae,Hexagrammos decagrammus,Hexagrammos decagrammus,35,3,1449.9194,POINT (-125.16000366210938 48.86000061035156)
BMSC12,Wizard Island North,48.86,-125.16,2022-05-03,5,RLS,3,12:15:00,,,1,2,Chordata,Actinopterygii,Scorpaeniformes,Sebastidae,Sebastes melanops,Sebastes melanops,20,1,162.7257,POINT (-125.16000366210938 48.86000061035156)
BMSC12,Wizard Island North,48.86,-125.16,2022-05-03,5,RLS,3,12:15:00,,,1,2,Chordata,Actinopterygii,Scorpaeniformes,Sebastidae,Sebastes melanops,Sebastes melanops,25,1,250.4119,POINT (-125.16000366210938 48.86000061035156)
BMSC12,Wizard Island North,48.86,-125.16,2022-05-03,5,RLS,3,12:15:00,,,1,1,Chordata,Actinopterygii,Perciformes,Hexagrammidae,Hexagrammos decagrammus,Hexagrammos decagrammus,15,3,201.1736,POINT (-125.16000366210938 48.86000061035156)
BMSC12,Wizard Island North,48.86,-125.16,2022-05-03,5,RLS,3,12:15:00,,,1,1,Chordata,Actinopterygii,Perciformes,Hexagrammidae,Hexagrammos decagrammus,Hexagrammos decagrammus,20,5,750.1016,POINT (-125.16000366210938 48.86000061035156)
BMSC12,Wizard Island North,48.86,-125.16,2022-05-03,5,RLS,3,12:15:00,,,1,1,Chordata,Actinopterygii,Perciformes,Hexagrammidae,Hexagrammos decagrammus,Hexagrammos decagrammus,25,5,1160.7806,POINT (-125.16000366210938 48.86000061035156)
BMSC12,Wizard Island North,48.86,-125.16,2022-05-03,5,RLS,3,12:15:00,,,1,1,Chordata,Actinopterygii,Perciformes,Hexagrammidae,Hexagrammos decagrammus,Hexagrammos decagrammus,30,3,1032.016,POINT (-125.16000366210938 48.86000061035156)
BMSC12,Wizard Island North,48.86,-125.16,2022-05-03,5,RLS,3,12:15:00,,,1,1,Chordata,Actinopterygii,Scorpaeniformes,Hexagrammidae,Ophiodon elongatus,Ophiodon elongatus,40,1,296.3178,POINT (-125.16000366210938 48.86000061035156)
BMSC12,Wizard Island North,48.86,-125.16,2022-05-03,5,RLS,3,12:15:00,,,1,1,Chordata,Actinopterygii,Scorpaeniformes,Sebastidae,Sebastes caurinus,Sebastes caurinus,20,1,162.7257,POINT (-125.16000366210938 48.86000061035156)
BMSC12,Wizard Island North,48.86,-125.16,2022-05-03,5,RLS,3,12:15:00,,,1,1,Chordata,Actinopterygii,Scorpaeniformes,Sebastidae,Sebastes melanops,Sebastes melanops,20,5,813.6285,POINT (-125.16000366210938 48.86000061035156)
BMSC12,Wizard Island North,48.86,-125.16,2023-05-16,9,RLS,2,12:50:00,,,1,1,Chordata,Actinopterygii,Perciformes,Hexagrammidae,Hexagrammos decagrammus,Hexagrammos decagrammus,25,1,232.1561,POINT (-125.16000366210938 48.86000061035156)
BMSC12,Wizard Island North,48.86,-125.16,2023-05-16,6.5,RLS,1,12:54:00,,,1,1,Chordata,Actinopterygii,Perciformes,Hexagrammidae,Hexagrammos decagrammus,Hexagrammos decagrammus,20,1,150.0203,POINT (-125.16000366210938 48.86000061035156)
BMSC11,Wizard Island South,48.86,-125.16,2023-05-16,7.5,RLS,2,10:07:00,,,1,2,Chordata,Actinopterygii,Perciformes,Hexagrammidae,Hexagrammos decagrammus,Hexagrammos decagrammus,25,1,232.1561,POINT (-125.16000366210938 48.86000061035156)
BMSC11,Wizard Island South,48.86,-125.16,2023-05-16,7.5,RLS,2,10:07:00,,,1,2,Chordata,Actinopterygii,Perciformes,Hexagrammidae,Hexagrammos decagrammus,Hexagrammos decagrammus,30,1,344.0053,POINT (-125.16000366210938 48.86000061035156)
BMSC11,Wizard Island South,48.86,-125.16,2023-05-16,5.5,RLS,1,10:12:00,,,1,2,Chordata,Actinopterygii,Perciformes,Hexagrammidae,Hexagrammos decagrammus,Hexagrammos decagrammus,15,2,134.1157,POINT (-125.16000366210938 48.86000061035156)
BMSC11,Wizard Island South,48.86,-125.16,2023-05-16,5.5,RLS,1,10:12:00,,,1,2,Chordata,Actinopterygii,Perciformes,Hexagrammidae,Hexagrammos decagrammus,Hexagrammos decagrammus,30,1,344.0053,POINT (-125.16000366210938 48.86000061035156)
BMSC11,Wizard Island South,48.86,-125.16,2023-05-16,5.5,RLS,1,10:12:00,,,1,2,Chordata,Actinopterygii,Perciformes,Hexagrammidae,Hexagrammos decagrammus,Hexagrammos decagrammus,40,1,619.0955,POINT (-125.16000366210938 48.86000061035156)
KCCA19,Wizard Island North Kelp,48.86,-125.16,2023-06-08,5.5,RLS,1,10:30:00,,,1,1,Chordata,Actinopterygii,Perciformes,Hexagrammidae,Hexagrammos decagrammus,Hexagrammos decagrammus,20,1,150.0203,POINT (-125.16000366210938 48.86000061035156)
BMSC11,Wizard Island South,48.86,-125.16,2021-05-03,5.5,RLS,7,10:30:00,,,1,2,Chordata,Actinopterygii,Perciformes,Hexagrammidae,Hexagrammos decagrammus,Hexagrammos decagrammus,15,1,67.0579,POINT (-125.16000366210938 48.86000061035156)
BMSC11,Wizard Island South,48.86,-125.16,2021-05-03,5.5,RLS,7,10:30:00,,,1,1,Chordata,Actinopterygii,Perciformes,Hexagrammidae,Hexagrammos decagrammus,Hexagrammos decagrammus,15,1,67.0579,POINT (-125.16000366210938 48.86000061035156)
BMSC11,Wizard Island South,48.86,-125.16,2021-05-03,5.5,RLS,7,10:30:00,,,1,1,Ctenophora,Tentaculata,Lobata,Bolinopsidae,Bolinopsis infundibulum,Bolinopsis infundibulum,0,1,,POINT (-125.16000366210938 48.86000061035156)
BMSC12,Wizard Island North,48.86,-125.16,2021-05-03,5.5,RLS,6,12:20:00,,,1,1,Chordata,Actinopterygii,Perciformes,Hexagrammidae,Hexagrammos decagrammus,Hexagrammos decagrammus,20,1,150.0203,POINT (-125.16000366210938 48.86000061035156)
BMSC12,Wizard Island North,48.86,-125.16,2021-05-03,5.5,RLS,6,12:20:00,,,1,1,Chordata,Actinopterygii,Perciformes,Hexagrammidae,Hexagrammos decagrammus,Hexagrammos decagrammus,25,2,464.3122,POINT (-125.16000366210938 48.86000061035156)
BMSC12,Wizard Island North,48.86,-125.16,2021-05-03,5.5,RLS,6,12:20:00,,,1,2,Chordata,Actinopterygii,Perciformes,Hexagrammidae,Hexagrammos decagrammus,Hexagrammos decagrammus,10,4,75.7016,POINT (-125.16000366210938 48.86000061035156)
BMSC12,Wizard Island North,48.86,-125.16,2021-05-03,5.5,RLS,6,12:20:00,,,1,2,Chordata,Actinopterygii,Perciformes,Hexagrammidae,Hexagrammos decagrammus,Hexagrammos decagrammus,15,5,335.2894,POINT (-125.16000366210938 48.86000061035156)
BMSC12,Wizard Island North,48.86,-125.16,2021-05-03,5.5,RLS,6,12:20:00,,,1,2,Chordata,Actinopterygii,Perciformes,Hexagrammidae,Hexagrammos decagrammus,Hexagrammos decagrammus,25,2,464.3122,POINT (-125.16000366210938 48.86000061035156)
BMSC12,Wizard Island North,48.86,-125.16,2021-05-03,5.5,RLS,6,12:20:00,,,1,2,Chordata,Actinopterygii,Perciformes,Hexagrammidae,Hexagrammos decagrammus,Hexagrammos decagrammus,30,2,688.0106,POINT (-125.16000366210938 48.86000061035156)
BMSC12,Wizard Island North,48.86,-125.16,2021-05-03,5.5,RLS,6,12:20:00,,,1,2,Chordata,Actinopterygii,Scorpaeniformes,Hexagrammidae,Hexagrammos stelleri,Hexagrammos stelleri,15,1,64.071,POINT (-125.16000366210938 48.86000061035156)
BMSC12,Wizard Island North,48.86,-125.16,2021-05-03,5.5,RLS,6,12:20:00,,,1,2,Chordata,Actinopterygii,Scorpaeniformes,Sebastidae,Sebastes melanops,Sebastes melanops,15,1,73.4918,POINT (-125.16000366210938 48.86000061035156)
BMSC11,Wizard Island South,48.86,-125.16,2022-05-03,8.5,RLS,3,9:50:00,,,1,1,Chordata,Actinopterygii,Perciformes,Gobiidae,Rhinogobiops nicholsii,Rhinogobiops nicholsii,5,1,2.2561,POINT (-125.16000366210938 48.86000061035156)
BMSC11,Wizard Island South,48.86,-125.16,2022-05-03,8.5,RLS,3,9:50:00,,,1,1,Chordata,Actinopterygii,Perciformes,Gobiidae,Rhinogobiops nicholsii,Rhinogobiops nicholsii,7.5,2,15.5407,POINT (-125.16000366210938 48.86000061035156)
BMSC11,Wizard Island South,48.86,-125.16,2022-05-03,8.5,RLS,3,9:50:00,,,1,1,Chordata,Actinopterygii,Perciformes,Gobiidae,Rhinogobiops nicholsii,Rhinogobiops nicholsii,12.5,2,73.8089,POINT (-125.16000366210938 48.86000061035156)
BMSC11,Wizard Island South,48.86,-125.16,2022-05-03,4,RLS,3,9:59:00,,,1,2,Chordata,Actinopterygii,Perciformes,Embiotocidae,Embiotoca lateralis,Embiotoca lateralis,15,3,361.4458,POINT (-125.16000366210938 48.86000061035156)
BMSC11,Wizard Island South,48.86,-125.16,2022-05-03,4,RLS,3,9:59:00,,,1,2,Chordata,Actinopterygii,Perciformes,Hexagrammidae,Hexagrammos decagrammus,Hexagrammos decagrammus,15,1,67.0579,POINT (-125.16000366210938 48.86000061035156)
BMSC11,Wizard Island South,48.86,-125.16,2022-05-03,4,RLS,3,9:59:00,,,1,2,Chordata,Actinopterygii,Perciformes,Hexagrammidae,Hexagrammos decagrammus,Hexagrammos decagrammus,25,2,464.3122,POINT (-125.16000366210938 48.86000061035156)
BMSC12,Wizard Island North,48.86,-125.16,2022-05-03,5,RLS,3,12:15:00,,,1,2,Chordata,Actinopterygii,Perciformes,Embiotocidae,Rhacochilus vacca,Rhacochilus vacca,12.5,2,138.9391,POINT (-125.16000366210938 48.86000061035156)
BMSC12,Wizard Island North,48.86,-125.16,2022-05-03,5,RLS,3,12:15:00,,,1,2,Chordata,Actinopterygii,Perciformes,Hexagrammidae,Hexagrammos decagrammus,Hexagrammos decagrammus,12.5,2,75.9337,POINT (-125.16000366210938 48.86000061035156)
BMSC12,Wizard Island North,48.86,-125.16,2022-05-03,5,RLS,3,12:15:00,,,1,2,Chordata,Actinopterygii,Perciformes,Hexagrammidae,Hexagrammos decagrammus,Hexagrammos decagrammus,15,3,201.1736,POINT (-125.16000366210938 48.86000061035156)
BMSC12,Wizard Island North,48.86,-125.16,2022-05-03,5,RLS,3,12:15:00,,,1,2,Chordata,Actinopterygii,Perciformes,Hexagrammidae,Hexagrammos decagrammus,Hexagrammos decagrammus,20,4,600.0812,POINT (-125.16000366210938 48.86000061035156)
BMSC12,Wizard Island North,48.86,-125.16,2022-05-03,5,RLS,3,12:15:00,,,1,2,Chordata,Actinopterygii,Perciformes,Hexagrammidae,Hexagrammos decagrammus,Hexagrammos decagrammus,25,7,1625.0928,POINT (-125.16000366210938 48.86000061035156)
BMSC12,Wizard Island North,48.86,-125.16,2022-05-03,5,RLS,3,12:15:00,,,1,2,Chordata,Actinopterygii,Perciformes,Hexagrammidae,Hexagrammos decagrammus,Hexagrammos decagrammus,40,1,619.0955,POINT (-125.16000366210938 48.86000061035156)
BMSC12,Wizard Island North,48.86,-125.16,2022-05-03,5,RLS,3,12:15:00,,,1,1,Chordata,Actinopterygii,Perciformes,Embiotocidae,Rhacochilus vacca,Rhacochilus vacca,12.5,3,208.4087,POINT (-125.16000366210938 48.86000061035156)
BMSC12,Wizard Island North,48.86,-125.16,2022-05-03,5,RLS,3,12:15:00,,,1,1,Chordata,Actinopterygii,Scorpaeniformes,Sebastidae,Sebastes melanops,Sebastes melanops,25,1,250.4119,POINT (-125.16000366210938 48.86000061035156)
BMSC12,Wizard Island North,48.86,-125.16,2023-05-16,9,RLS,2,12:50:00,,,1,2,Chordata,Actinopterygii,Perciformes,Gobiidae,Rhinogobiops nicholsii,Rhinogobiops nicholsii,7.5,2,15.5407,POINT (-125.16000366210938 48.86000061035156)
BMSC12,Wizard Island North,48.86,-125.16,2023-05-16,9,RLS,2,12:50:00,,,1,2,Chordata,Actinopterygii,Perciformes,Hexagrammidae,Hexagrammos decagrammus,Hexagrammos decagrammus,20,1,150.0203,POINT (-125.16000366210938 48.86000061035156)
BMSC12,Wizard Island North,48.86,-125.16,2023-05-16,6.5,RLS,1,12:54:00,,,1,1,Chordata,Actinopterygii,Perciformes,Hexagrammidae,Hexagrammos decagrammus,Hexagrammos decagrammus,12.5,1,37.9668,POINT (-125.16000366210938 48.86000061035156)
BMSC12,Wizard Island North,48.86,-125.16,2023-05-16,6.5,RLS,1,12:54:00,,,1,2,Chordata,Actinopterygii,Perciformes,Hexagrammidae,Hexagrammos decagrammus,Hexagrammos decagrammus,25,1,232.1561,POINT (-125.16000366210938 48.86000061035156)
BMSC12,Wizard Island North,48.86,-125.16,2023-05-16,6.5,RLS,1,12:54:00,,,1,2,Chordata,Actinopterygii,Perciformes,Hexagrammidae,Hexagrammos decagrammus,Hexagrammos decagrammus,30,2,688.0106,POINT (-125.16000366210938 48.86000061035156)
BMSC12,Wizard Island North,48.86,-125.16,2023-05-16,6.5,RLS,1,12:54:00,,,1,2,Chordata,Actinopterygii,Scorpaeniformes,Hexagrammidae,Ophiodon elongatus,Ophiodon elongatus,40,1,296.3178,POINT (-125.16000366210938 48.86000061035156)
BMSC12,Wizard Island North,48.86,-125.16,2023-05-16,6.5,RLS,1,12:54:00,,,1,2,Chordata,Actinopterygii,Scorpaeniformes,Sebastidae,Sebastes caurinus,Sebastes caurinus,20,1,162.7257,POINT (-125.16000366210938 48.86000061035156)
BMSC11,Wizard Island South,48.86,-125.16,2023-05-16,7.5,RLS,2,10:07:00,,,1,2,Chordata,Actinopterygii,Perciformes,Gobiidae,Rhinogobiops nicholsii,Rhinogobiops nicholsii,5,1,2.2561,POINT (-125.16000366210938 48.86000061035156)
BMSC11,Wizard Island South,48.86,-125.16,2023-05-16,7.5,RLS,2,10:07:00,,,1,2,Chordata,Actinopterygii,Perciformes,Gobiidae,Rhinogobiops nicholsii,Rhinogobiops nicholsii,7.5,1,7.7703,POINT (-125.16000366210938 48.86000061035156)
BMSC11,Wizard Island South,48.86,-125.16,2023-05-16,7.5,RLS,2,10:07:00,,,1,2,Chordata,Actinopterygii,Scorpaeniformes,Sebastidae,Sebastes melanops,Sebastes melanops,20,1,162.7257,POINT (-125.16000366210938 48.86000061035156)
BMSC11,Wizard Island South,48.86,-125.16,2023-05-16,7.5,RLS,2,10:07:00,,,1,1,Chordata,Actinopterygii,Perciformes,Hexagrammidae,Hexagrammos decagrammus,Hexagrammos decagrammus,25,1,232.1561,POINT (-125.16000366210938 48.86000061035156)
BMSC11,Wizard Island South,48.86,-125.16,2023-05-16,5.5,RLS,1,10:12:00,,,1,1,Chordata,Actinopterygii,Perciformes,Hexagrammidae,Hexagrammos decagrammus,Hexagrammos decagrammus,25,1,232.1561,POINT (-125.16000366210938 48.86000061035156)
BMSC11,Wizard Island South,48.86,-125.16,2023-05-16,5.5,RLS,1,10:12:00,,,1,2,Chordata,Actinopterygii,Perciformes,Hexagrammidae,Hexagrammos decagrammus,Hexagrammos decagrammus,20,1,150.0203,POINT (-125.16000366210938 48.86000061035156)
BMSC11,Wizard Island South,48.86,-125.16,2023-05-16,5.5,RLS,1,10:12:00,,,1,2,Chordata,Teleostei,Ovalentaria incertae sedis,Embiotocidae,Embiotocidae spp.,,12.5,1,,POINT (-125.16000366210938 48.86000061035156)
KCCA19,Wizard Island North Kelp,48.86,-125.16,2023-06-08,5.5,RLS,1,10:30:00,,,1,1,Chordata,Actinopterygii,Perciformes,Hexagrammidae,Hexagrammos decagrammus,Hexagrammos decagrammus,25,1,232.1561,POINT (-125.16000366210938 48.86000061035156)
KCCA19,Wizard Island North Kelp,48.86,-125.16,2023-06-08,5.5,RLS,1,10:30:00,,,1,1,Chordata,Actinopterygii,Scorpaeniformes,Sebastidae,Sebastes caurinus,Sebastes caurinus,20,1,162.7257,POINT (-125.16000366210938 48.86000061035156)
KCCA19,Wizard Island North Kelp,48.86,-125.16,2023-06-08,5.5,RLS,1,10:30:00,,,1,2,Chordata,Actinopterygii,Perciformes,Hexagrammidae,Hexagrammos decagrammus,Hexagrammos decagrammus,35,1,483.3065,POINT (-125.16000366210938 48.86000061035156)
BMSC10,Ross Islets Slug Island,48.87,-125.16,2021-04-30,4,RLS,4,12:50:00,,,1,1,Chordata,Actinopterygii,Perciformes,Gobiidae,Rhinogobiops nicholsii,Rhinogobiops nicholsii,12.5,7,258.331,POINT (-125.16000366210938 48.869998931884766)
BMSC10,Ross Islets Slug Island,48.87,-125.16,2021-04-30,4,RLS,4,12:50:00,,,1,1,Chordata,Actinopterygii,Perciformes,Gobiidae,Rhinogobiops nicholsii,Rhinogobiops nicholsii,15,1,64.3548,POINT (-125.16000366210938 48.869998931884766)
BMSC10,Ross Islets Slug Island,48.87,-125.16,2021-04-30,4,RLS,4,12:50:00,,,1,1,Chordata,Actinopterygii,Perciformes,Hexagrammidae,Hexagrammos decagrammus,Hexagrammos decagrammus,7.5,1,7.7132,POINT (-125.16000366210938 48.869998931884766)
BMSC10,Ross Islets Slug Island,48.87,-125.16,2021-04-30,4,RLS,4,12:50:00,,,1,1,Chordata,Actinopterygii,Perciformes,Hexagrammidae,Hexagrammos decagrammus,Hexagrammos decagrammus,10,2,37.8508,POINT (-125.16000366210938 48.869998931884766)
BMSC10,Ross Islets Slug Island,48.87,-125.16,2021-04-30,4,RLS,4,12:50:00,,,1,1,Chordata,Actinopterygii,Perciformes,Hexagrammidae,Hexagrammos decagrammus,Hexagrammos decagrammus,12.5,2,75.9337,POINT (-125.16000366210938 48.869998931884766)
BMSC10,Ross Islets Slug Island,48.87,-125.16,2021-04-30,4,RLS,4,12:50:00,,,1,2,Chordata,Actinopterygii,Perciformes,Gobiidae,Rhinogobiops nicholsii,Rhinogobiops nicholsii,12.5,2,73.8089,POINT (-125.16000366210938 48.869998931884766)
BMSC10,Ross Islets Slug Island,48.87,-125.16,2021-04-30,4,RLS,4,12:50:00,,,1,2,Chordata,Actinopterygii,Perciformes,Hexagrammidae,Hexagrammos decagrammus,Hexagrammos decagrammus,10,3,56.7762,POINT (-125.16000366210938 48.869998931884766)
BMSC10,Ross Islets Slug Island,48.87,-125.16,2021-04-30,4,RLS,4,12:50:00,,,1,2,Chordata,Actinopterygii,Perciformes,Hexagrammidae,Hexagrammos decagrammus,Hexagrammos decagrammus,12.5,3,113.9005,POINT (-125.16000366210938 48.869998931884766)
BMSC10,Ross Islets Slug Island,48.87,-125.16,2021-04-30,4,RLS,4,12:50:00,,,1,2,Chordata,Actinopterygii,Scorpaeniformes,Sebastidae,Sebastes caurinus,Sebastes caurinus,7.5,1,8.6909,POINT (-125.16000366210938 48.869998931884766)
BMSC10,Ross Islets Slug Island,48.87,-125.16,2021-04-30,4,RLS,4,12:50:00,,,1,2,Chordata,Actinopterygii,Scorpaeniformes,Sebastidae,Sebastes caurinus,Sebastes caurinus,10,1,21.0804,POINT (-125.16000366210938 48.869998931884766)
BMSC10,Ross Islets Slug Island,48.87,-125.16,2021-04-30,4,RLS,4,12:50:00,,,1,2,Chordata,Actinopterygii,Scorpaeniformes,Sebastidae,Sebastes caurinus,Sebastes caurinus,12.5,1,41.9142,POINT (-125.16000366210938 48.869998931884766)
BMSC10,Ross Islets Slug Island,48.87,-125.16,2021-04-30,4,RLS,4,12:50:00,,,1,2,Chordata,Actinopterygii,Scorpaeniformes,Sebastidae,Sebastes spp.,Sebastes spp.,5,5,15.336,POINT (-125.16000366210938 48.869998931884766)
BMSC10,Ross Islets Slug Island,48.87,-125.16,2021-04-30,4,RLS,4,12:50:00,,,1,2,Chordata,Actinopterygii,Scorpaeniformes,Sebastidae,Sebastes spp.,Sebastes spp.,7.5,11,113.8698,POINT (-125.16000366210938 48.869998931884766)
BMSC10,Ross Islets Slug Island,48.87,-125.16,2022-05-05,5,RLS,2,11:10:00,,,1,2,Chordata,Actinopterygii,Perciformes,Hexagrammidae,Hexagrammos decagrammus,Hexagrammos decagrammus,20,3,450.0609,POINT (-125.16000366210938 48.869998931884766)
BMSC10,Ross Islets Slug Island,48.87,-125.16,2022-05-05,5,RLS,2,11:10:00,,,1,2,Chordata,Actinopterygii,Perciformes,Hexagrammidae,Hexagrammos decagrammus,Hexagrammos decagrammus,25,4,928.6245,POINT (-125.16000366210938 48.869998931884766)
BMSC10,Ross Islets Slug Island,48.87,-125.16,2022-05-05,5,RLS,2,11:10:00,,,1,1,Chordata,Actinopterygii,Perciformes,Gobiidae,Rhinogobiops nicholsii,Rhinogobiops nicholsii,7.5,2,15.5407,POINT (-125.16000366210938 48.869998931884766)
BMSC10,Ross Islets Slug Island,48.87,-125.16,2022-05-05,5,RLS,2,11:10:00,,,1,1,Chordata,Actinopterygii,Perciformes,Gobiidae,Rhinogobiops nicholsii,Rhinogobiops nicholsii,12.5,5,184.5221,POINT (-125.16000366210938 48.869998931884766)
BMSC10,Ross Islets Slug Island,48.87,-125.16,2022-05-05,5,RLS,2,11:10:00,,,1,1,Chordata,Actinopterygii,Perciformes,Hexagrammidae,Hexagrammos decagrammus,Hexagrammos decagrammus,12.5,3,113.9005,POINT (-125.16000366210938 48.869998931884766)
BMSC10,Ross Islets Slug Island,48.87,-125.16,2022-05-05,5,RLS,2,11:10:00,,,1,1,Chordata,Actinopterygii,Perciformes,Hexagrammidae,Hexagrammos decagrammus,Hexagrammos decagrammus,15,4,268.2315,POINT (-125.16000366210938 48.869998931884766)
BMSC10,Ross Islets Slug Island,48.87,-125.16,2022-05-05,5,RLS,2,11:10:00,,,1,1,Chordata,Actinopterygii,Perciformes,Hexagrammidae,Hexagrammos decagrammus,Hexagrammos decagrammus,20,3,450.0609,POINT (-125.16000366210938 48.869998931884766)
BMSC10,Ross Islets Slug Island,48.87,-125.16,2022-05-05,5,RLS,2,11:10:00,,,1,1,Chordata,Actinopterygii,Perciformes,Hexagrammidae,Hexagrammos decagrammus,Hexagrammos decagrammus,30,2,688.0106,POINT (-125.16000366210938 48.869998931884766)
BMSC10,Ross Islets Slug Island,48.87,-125.16,2022-05-05,5,RLS,2,11:10:00,,,1,1,Chordata,Actinopterygii,Perciformes,Hexagrammidae,Hexagrammos decagrammus,Hexagrammos decagrammus,40,1,619.0955,POINT (-125.16000366210938 48.869998931884766)
BMSC10,Ross Islets Slug Island,48.87,-125.16,2023-05-09,4,RLS,2,10:23:00,,,1,2,Chordata,Actinopterygii,Gasterosteiformes,Aulorhynchidae,Aulorhynchus flavidus,Aulorhynchus flavidus,7.5,80,208.6469,POINT (-125.16000366210938 48.869998931884766)
BMSC10,Ross Islets Slug Island,48.87,-125.16,2023-05-09,4,RLS,2,10:23:00,,,1,2,Chordata,Actinopterygii,Perciformes,Embiotocidae,Brachyistius frenatus,Brachyistius frenatus,10,4,102.9841,POINT (-125.16000366210938 48.869998931884766)
BMSC10,Ross Islets Slug Island,48.87,-125.16,2023-05-09,4,RLS,2,10:23:00,,,1,2,Chordata,Actinopterygii,Perciformes,Embiotocidae,Cymatogaster aggregata,Cymatogaster aggregata,7.5,23,341.6168,POINT (-125.16000366210938 48.869998931884766)
BMSC10,Ross Islets Slug Island,48.87,-125.16,2023-05-09,4,RLS,2,10:23:00,,,1,2,Chordata,Actinopterygii,Perciformes,Hexagrammidae,Hexagrammos decagrammus,Hexagrammos decagrammus,12.5,1,37.9668,POINT (-125.16000366210938 48.869998931884766)
BMSC10,Ross Islets Slug Island,48.87,-125.16,2023-05-09,4,RLS,2,10:23:00,,,1,2,Chordata,Actinopterygii,Perciformes,Hexagrammidae,Hexagrammos decagrammus,Hexagrammos decagrammus,15,1,67.0579,POINT (-125.16000366210938 48.869998931884766)
BMSC10,Ross Islets Slug Island,48.87,-125.16,2023-05-09,4,RLS,2,10:23:00,,,1,2,Chordata,Actinopterygii,Scorpaeniformes,Sebastidae,Sebastes melanops,Sebastes melanops,15,3,220.4756,POINT (-125.16000366210938 48.869998931884766)
BMSC10,Ross Islets Slug Island,48.87,-125.16,2023-05-09,4,RLS,2,10:23:00,,,1,2,Chordata,Actinopterygii,Scorpaeniformes,Sebastidae,Sebastes spp.,Sebastes spp.,7.5,7,72.4626,POINT (-125.16000366210938 48.869998931884766)
BMSC10,Ross Islets Slug Island,48.87,-125.16,2023-05-09,4,RLS,2,10:23:00,,,1,1,Chordata,Actinopterygii,Perciformes,Gobiidae,Rhinogobiops nicholsii,Rhinogobiops nicholsii,5,9,20.305,POINT (-125.16000366210938 48.869998931884766)
BMSC10,Ross Islets Slug Island,48.87,-125.16,2023-05-09,4,RLS,2,10:23:00,,,1,1,Chordata,Actinopterygii,Perciformes,Hexagrammidae,Hexagrammos decagrammus,Hexagrammos decagrammus,25,1,232.1561,POINT (-125.16000366210938 48.869998931884766)
KCCA11,Ross Islets 2,48.87,-125.16,2023-06-12,3.5,RLS,2,10:30:00,,,1,2,Chordata,Actinopterygii,Perciformes,Embiotocidae,Brachyistius frenatus,Brachyistius frenatus,7.5,4,42.9493,POINT (-125.16000366210938 48.869998931884766)
KCCA11,Ross Islets 2,48.87,-125.16,2023-06-12,3.5,RLS,2,10:30:00,,,1,2,Chordata,Actinopterygii,Perciformes,Embiotocidae,Cymatogaster aggregata,Cymatogaster aggregata,10,12,424.9204,POINT (-125.16000366210938 48.869998931884766)
KCCA11,Ross Islets 2,48.87,-125.16,2023-06-12,3.5,RLS,2,10:30:00,,,1,2,Chordata,Actinopterygii,Perciformes,Embiotocidae,Cymatogaster aggregata,Cymatogaster aggregata,12.5,6,416.8174,POINT (-125.16000366210938 48.869998931884766)
KCCA11,Ross Islets 2,48.87,-125.16,2023-06-12,3.5,RLS,2,10:30:00,,,1,2,Chordata,Actinopterygii,Perciformes,Hexagrammidae,Hexagrammos decagrammus,Hexagrammos decagrammus,25,1,232.1561,POINT (-125.16000366210938 48.869998931884766)
KCCA11,Ross Islets 2,48.87,-125.16,2023-06-12,3.5,RLS,2,10:30:00,,,1,2,Chordata,Actinopterygii,Perciformes,Hexagrammidae,Hexagrammos decagrammus,Hexagrammos decagrammus,30,3,1032.016,POINT (-125.16000366210938 48.869998931884766)
KCCA11,Ross Islets 2,48.87,-125.16,2023-06-12,3.5,RLS,2,10:30:00,,,1,2,Chordata,Actinopterygii,Scorpaeniformes,Sebastidae,Sebastes caurinus,Sebastes caurinus,10,2,42.1607,POINT (-125.16000366210938 48.869998931884766)
KCCA11,Ross Islets 2,48.87,-125.16,2023-06-12,3.5,RLS,2,10:30:00,,,1,2,Chordata,Actinopterygii,Scorpaeniformes,Sebastidae,Sebastes caurinus,Sebastes caurinus,15,1,73.4918,POINT (-125.16000366210938 48.869998931884766)
KCCA11,Ross Islets 2,48.87,-125.16,2023-06-12,3.5,RLS,2,10:30:00,,,1,2,Chordata,Actinopterygii,Scorpaeniformes,Sebastidae,Sebastes caurinus,Sebastes caurinus,20,1,162.7257,POINT (-125.16000366210938 48.869998931884766)
KCCA11,Ross Islets 2,48.87,-125.16,2023-06-12,3.5,RLS,2,10:30:00,,,1,1,Chordata,Actinopterygii,Perciformes,Embiotocidae,Rhacochilus vacca,Rhacochilus vacca,15,1,120.4819,POINT (-125.16000366210938 48.869998931884766)
KCCA11,Ross Islets 2,48.87,-125.16,2023-06-12,3.5,RLS,2,10:30:00,,,1,1,Chordata,Actinopterygii,Perciformes,Embiotocidae,Rhacochilus vacca,Rhacochilus vacca,20,1,262.672,POINT (-125.16000366210938 48.869998931884766)
KCCA11,Ross Islets 2,48.87,-125.16,2023-06-12,3.5,RLS,2,10:30:00,,,1,1,Chordata,Actinopterygii,Perciformes,Hexagrammidae,Hexagrammos decagrammus,Hexagrammos decagrammus,7.5,2,15.4265,POINT (-125.16000366210938 48.869998931884766)
KCCA11,Ross Islets 2,48.87,-125.16,2023-06-12,3.5,RLS,2,10:30:00,,,1,1,Chordata,Actinopterygii,Perciformes,Hexagrammidae,Hexagrammos decagrammus,Hexagrammos decagrammus,12.5,1,37.9668,POINT (-125.16000366210938 48.869998931884766)
KCCA11,Ross Islets 2,48.87,-125.16,2023-06-12,3.5,RLS,2,10:30:00,,,1,1,Chordata,Actinopterygii,Perciformes,Hexagrammidae,Hexagrammos decagrammus,Hexagrammos decagrammus,20,1,150.0203,POINT (-125.16000366210938 48.869998931884766)
KCCA11,Ross Islets 2,48.87,-125.16,2023-06-12,3.5,RLS,2,10:30:00,,,1,1,Chordata,Actinopterygii,Perciformes,Hexagrammidae,Hexagrammos decagrammus,Hexagrammos decagrammus,25,2,464.3122,POINT (-125.16000366210938 48.869998931884766)
KCCA11,Ross Islets 2,48.87,-125.16,2023-06-12,3.5,RLS,2,10:30:00,,,1,1,Chordata,Actinopterygii,Scorpaeniformes,Sebastidae,Sebastes maliger,Sebastes maliger,7.5,1,8.6909,POINT (-125.16000366210938 48.869998931884766)
BMSC10,Ross Islets Slug Island,48.87,-125.16,2023-06-14,2.7,RLS,4,10:14:00,48.87,-125.16,1,2,Chordata,Actinopterygii,Perciformes,Embiotocidae,Cymatogaster aggregata,Cymatogaster aggregata,10,2,70.8201,POINT (-125.16 48.87)
BMSC10,Ross Islets Slug Island,48.87,-125.16,2023-06-14,2.7,RLS,4,10:14:00,48.87,-125.16,1,2,Chordata,Actinopterygii,Perciformes,Hexagrammidae,Hexagrammos decagrammus,Hexagrammos decagrammus,20,2,300.0406,POINT (-125.16 48.87)
BMSC10,Ross Islets Slug Island,48.87,-125.16,2023-06-14,2.7,RLS,4,10:14:00,48.87,-125.16,1,2,Chordata,Actinopterygii,Scorpaeniformes,Hexagrammidae,Oxylebius pictus,Oxylebius pictus,12.5,1,42.2005,POINT (-125.16 48.87)
BMSC10,Ross Islets Slug Island,48.87,-125.16,2023-06-14,2.7,RLS,4,10:14:00,48.87,-125.16,1,2,Chordata,Actinopterygii,Scorpaeniformes,Hexagrammidae,Oxylebius pictus,Oxylebius pictus,15,1,73.4563,POINT (-125.16 48.87)
BMSC10,Ross Islets Slug Island,48.87,-125.16,2023-06-14,2.7,RLS,4,10:14:00,48.87,-125.16,1,1,Chordata,Actinopterygii,Perciformes,Hexagrammidae,Hexagrammos decagrammus,Hexagrammos decagrammus,5,1,2.1769,POINT (-125.16 48.87)
BMSC10,Ross Islets Slug Island,48.87,-125.16,2023-06-14,2.7,RLS,4,10:14:00,48.87,-125.16,1,1,Chordata,Actinopterygii,Perciformes,Hexagrammidae,Hexagrammos decagrammus,Hexagrammos decagrammus,20,1,150.0203,POINT (-125.16 48.87)
BMSC10,Ross Islets Slug Island,48.87,-125.16,2023-06-14,2.7,RLS,4,10:14:00,48.87,-125.16,1,1,Chordata,Actinopterygii,Perciformes,Hexagrammidae,Hexagrammos decagrammus,Hexagrammos decagrammus,25,1,232.1561,POINT (-125.16 48.87)
BMSC10,Ross Islets Slug Island,48.87,-125.16,2023-06-14,2.7,RLS,4,10:14:00,48.87,-125.16,1,1,Chordata,Actinopterygii,Scorpaeniformes,Hexagrammidae,Oxylebius pictus,Oxylebius pictus,12.5,1,42.2005,POINT (-125.16 48.87)
BMSC10,Ross Islets Slug Island,48.87,-125.16,2023-06-14,2.7,RLS,4,10:14:00,48.87,-125.16,1,1,Chordata,Actinopterygii,Scorpaeniformes,Hexagrammidae,Oxylebius pictus,Oxylebius pictus,15,1,73.4563,POINT (-125.16 48.87)
BMSC10,Ross Islets Slug Island,48.87,-125.16,2023-06-14,2.7,RLS,4,10:14:00,48.87,-125.16,1,1,Chordata,Actinopterygii,Scorpaeniformes,Sebastidae,Sebastes caurinus,Sebastes caurinus,10,1,21.0804,POINT (-125.16 48.87)
BMSC10,Ross Islets Slug Island,48.87,-125.16,2023-06-14,2.7,RLS,4,10:14:00,48.87,-125.16,1,1,Chordata,Actinopterygii,Scorpaeniformes,Sebastidae,Sebastes flavidus,Sebastes flavidus,12.5,1,41.9142,POINT (-125.16 48.87)
BMSC23,Aguilar Point,48.84,-125.14,2022-05-06,6.5,RLS,3,9:30:00,,,1,2,Chordata,Actinopterygii,Perciformes,Hexagrammidae,Hexagrammos decagrammus,Hexagrammos decagrammus,30,1,344.0053,POINT (-125.13999938964844 48.84000015258789)
BMSC23,Aguilar Point,48.84,-125.14,2022-05-06,6.5,RLS,3,9:30:00,,,1,1,Chordata,Actinopterygii,Perciformes,Hexagrammidae,Hexagrammos decagrammus,Hexagrammos decagrammus,20,2,300.0406,POINT (-125.13999938964844 48.84000015258789)
BMSC23,Aguilar Point,48.84,-125.14,2022-05-06,6.5,RLS,3,9:30:00,,,1,1,Chordata,Actinopterygii,Perciformes,Hexagrammidae,Hexagrammos decagrammus,Hexagrammos decagrammus,25,3,696.4684,POINT (-125.13999938964844 48.84000015258789)
BMSC23,Aguilar Point,48.84,-125.14,2022-05-06,6.5,RLS,3,9:30:00,,,1,1,Chordata,Actinopterygii,Scorpaeniformes,Hexagrammidae,Ophiodon elongatus,Ophiodon elongatus,62.5,1,1202.7167,POINT (-125.13999938964844 48.84000015258789)
BMSC23,Aguilar Point,48.84,-125.14,2022-05-06,6.5,RLS,3,9:30:00,,,1,1,Cnidaria,Hydrozoa,Anthoathecata,Corynidae,Polyorchis penicillatus,Polyorchis penicillatus,0,1,,POINT (-125.13999938964844 48.84000015258789)
BMSC23,Aguilar Point,48.84,-125.14,2023-05-11,7,RLS,3,12:22:00,,,1,2,Chordata,Actinopterygii,Perciformes,Hexagrammidae,Hexagrammos decagrammus,Hexagrammos decagrammus,20,1,150.0203,POINT (-125.13999938964844 48.84000015258789)
BMSC23,Aguilar Point,48.84,-125.14,2023-05-11,7,RLS,3,12:22:00,,,1,2,Chordata,Actinopterygii,Perciformes,Hexagrammidae,Hexagrammos decagrammus,Hexagrammos decagrammus,25,4,928.6245,POINT (-125.13999938964844 48.84000015258789)
BMSC23,Aguilar Point,48.84,-125.14,2023-05-11,7,RLS,3,12:22:00,,,1,2,Chordata,Actinopterygii,Perciformes,Hexagrammidae,Hexagrammos decagrammus,Hexagrammos decagrammus,30,2,688.0106,POINT (-125.13999938964844 48.84000015258789)
BMSC23,Aguilar Point,48.84,-125.14,2023-05-11,7,RLS,3,12:22:00,,,1,1,Chordata,Actinopterygii,Perciformes,Gobiidae,Rhinogobiops nicholsii,Rhinogobiops nicholsii,7.5,5,38.8517,POINT (-125.13999938964844 48.84000015258789)
BMSC23,Aguilar Point,48.84,-125.14,2023-05-11,7,RLS,3,12:22:00,,,1,1,Chordata,Actinopterygii,Perciformes,Gobiidae,Rhinogobiops nicholsii,Rhinogobiops nicholsii,10,1,18.6854,POINT (-125.13999938964844 48.84000015258789)
BMSC25,Goby Town,48.84,-125.14,2023-05-18,5.7,RLS,4,13:20:00,,,1,2,Chordata,Actinopterygii,Perciformes,Gobiidae,Rhinogobiops nicholsii,Rhinogobiops nicholsii,5,3,6.7683,POINT (-125.13999938964844 48.84000015258789)
BMSC25,Goby Town,48.84,-125.14,2023-05-18,5.7,RLS,4,13:20:00,,,1,2,Chordata,Actinopterygii,Perciformes,Gobiidae,Rhinogobiops nicholsii,Rhinogobiops nicholsii,10,2,37.3708,POINT (-125.13999938964844 48.84000015258789)
BMSC25,Goby Town,48.84,-125.14,2023-05-18,5.7,RLS,4,13:20:00,,,1,2,Chordata,Actinopterygii,Perciformes,Hexagrammidae,Hexagrammos decagrammus,Hexagrammos decagrammus,12.5,3,113.9005,POINT (-125.13999938964844 48.84000015258789)
BMSC25,Goby Town,48.84,-125.14,2023-05-18,5.7,RLS,4,13:20:00,,,1,2,Chordata,Actinopterygii,Perciformes,Hexagrammidae,Hexagrammos decagrammus,Hexagrammos decagrammus,15,2,134.1157,POINT (-125.13999938964844 48.84000015258789)
BMSC25,Goby Town,48.84,-125.14,2023-05-18,5.7,RLS,4,13:20:00,,,1,2,Chordata,Actinopterygii,Scorpaeniformes,Sebastidae,Sebastes caurinus,Sebastes caurinus,10,2,42.1607,POINT (-125.13999938964844 48.84000015258789)
BMSC25,Goby Town,48.84,-125.14,2023-05-18,5.7,RLS,4,13:20:00,,,1,2,Chordata,Actinopterygii,Scorpaeniformes,Sebastidae,Sebastes caurinus,Sebastes caurinus,15,1,73.4918,POINT (-125.13999938964844 48.84000015258789)
BMSC25,Goby Town,48.84,-125.14,2023-05-18,5.7,RLS,4,13:20:00,,,1,2,Chordata,Actinopterygii,Scorpaeniformes,Sebastidae,Sebastes flavidus,Sebastes flavidus,12.5,8,335.3134,POINT (-125.13999938964844 48.84000015258789)
BMSC25,Goby Town,48.84,-125.14,2023-05-18,5.7,RLS,4,13:20:00,,,1,2,Chordata,Actinopterygii,Scorpaeniformes,Sebastidae,Sebastes flavidus,Sebastes flavidus,15,1,73.4918,POINT (-125.13999938964844 48.84000015258789)
BMSC25,Goby Town,48.84,-125.14,2023-05-18,5.7,RLS,4,13:20:00,,,1,2,Chordata,Actinopterygii,Scorpaeniformes,Sebastidae,Sebastes melanops,Sebastes melanops,10,2,42.1607,POINT (-125.13999938964844 48.84000015258789)
BMSC25,Goby Town,48.84,-125.14,2023-05-18,5.7,RLS,4,13:20:00,,,1,2,Chordata,Actinopterygii,Scorpaeniformes,Sebastidae,Sebastes melanops,Sebastes melanops,12.5,9,377.2276,POINT (-125.13999938964844 48.84000015258789)
BMSC25,Goby Town,48.84,-125.14,2023-05-18,5.7,RLS,4,13:20:00,,,1,2,Chordata,Actinopterygii,Scorpaeniformes,Sebastidae,Sebastes melanops,Sebastes melanops,15,14,1028.886,POINT (-125.13999938964844 48.84000015258789)
BMSC25,Goby Town,48.84,-125.14,2023-05-18,5.7,RLS,4,13:20:00,,,1,1,Chordata,Actinopterygii,Perciformes,Hexagrammidae,Hexagrammos decagrammus,Hexagrammos decagrammus,12.5,4,151.8673,POINT (-125.13999938964844 48.84000015258789)
BMSC25,Goby Town,48.84,-125.14,2023-05-18,5.7,RLS,4,13:20:00,,,1,1,Chordata,Actinopterygii,Scorpaeniformes,Hexagrammidae,Oxylebius pictus,Oxylebius pictus,15,1,73.4563,POINT (-125.13999938964844 48.84000015258789)
BMSC25,Goby Town,48.84,-125.14,2023-05-18,5.7,RLS,4,13:20:00,,,1,1,Chordata,Actinopterygii,Scorpaeniformes,Sebastidae,Sebastes caurinus,Sebastes caurinus,12.5,3,125.7425,POINT (-125.13999938964844 48.84000015258789)
BMSC25,Goby Town,48.84,-125.14,2023-05-18,5.7,RLS,4,13:20:00,,,1,1,Chordata,Actinopterygii,Scorpaeniformes,Sebastidae,Sebastes flavidus,Sebastes flavidus,10,13,274.0448,POINT (-125.13999938964844 48.84000015258789)
BMSC25,Goby Town,48.84,-125.14,2023-05-18,5.7,RLS,4,13:20:00,,,1,1,Chordata,Actinopterygii,Scorpaeniformes,Sebastidae,Sebastes flavidus,Sebastes flavidus,12.5,27,1131.6829,POINT (-125.13999938964844 48.84000015258789)
BMSC25,Goby Town,48.84,-125.14,2023-05-18,5.7,RLS,4,13:20:00,,,1,1,Chordata,Actinopterygii,Scorpaeniformes,Sebastidae,Sebastes maliger,Sebastes maliger,15,2,146.9837,POINT (-125.13999938964844 48.84000015258789)
BMSC25,Goby Town,48.84,-125.14,2023-05-18,5.7,RLS,4,13:20:00,,,1,1,Chordata,Actinopterygii,Scorpaeniformes,Sebastidae,Sebastes melanops,Sebastes melanops,15,8,587.9348,POINT (-125.13999938964844 48.84000015258789)
BMSC25,Goby Town,48.84,-125.14,2023-05-18,5.7,RLS,4,13:20:00,,,1,1,Chordata,Actinopterygii,Scorpaeniformes,Sebastidae,Sebastes melanops,Sebastes melanops,20,1,162.7257,POINT (-125.13999938964844 48.84000015258789)
BMSC25,Goby Town,48.84,-125.14,2023-05-18,5.5,RLS,4,13:20:00,,,1,1,Chordata,Actinopterygii,Perciformes,Gobiidae,Rhinogobiops nicholsii,Rhinogobiops nicholsii,10,4,74.7417,POINT (-125.13999938964844 48.84000015258789)
BMSC25,Goby Town,48.84,-125.14,2023-05-18,5.5,RLS,4,13:20:00,,,1,1,Chordata,Actinopterygii,Perciformes,Hexagrammidae,Hexagrammos decagrammus,Hexagrammos decagrammus,15,8,536.463,POINT (-125.13999938964844 48.84000015258789)
BMSC25,Goby Town,48.84,-125.14,2023-05-18,5.5,RLS,4,13:20:00,,,1,1,Chordata,Actinopterygii,Perciformes,Hexagrammidae,Hexagrammos decagrammus,Hexagrammos decagrammus,25,4,928.6245,POINT (-125.13999938964844 48.84000015258789)
BMSC25,Goby Town,48.84,-125.14,2023-05-18,5.5,RLS,4,13:20:00,,,1,1,Chordata,Actinopterygii,Perciformes,Hexagrammidae,Hexagrammos decagrammus,Hexagrammos decagrammus,30,1,344.0053,POINT (-125.13999938964844 48.84000015258789)
BMSC25,Goby Town,48.84,-125.14,2023-05-18,5.5,RLS,4,13:20:00,,,1,1,Chordata,Actinopterygii,Scorpaeniformes,Sebastidae,Sebastes caurinus,Sebastes caurinus,15,1,73.4918,POINT (-125.13999938964844 48.84000015258789)
BMSC25,Goby Town,48.84,-125.14,2023-05-18,5.5,RLS,4,13:20:00,,,1,1,Chordata,Actinopterygii,Scorpaeniformes,Sebastidae,Sebastes flavidus,Sebastes flavidus,7.5,7,60.8366,POINT (-125.13999938964844 48.84000015258789)
BMSC25,Goby Town,48.84,-125.14,2023-05-18,5.5,RLS,4,13:20:00,,,1,1,Chordata,Actinopterygii,Scorpaeniformes,Sebastidae,Sebastes flavidus,Sebastes flavidus,12.5,12,502.9701,POINT (-125.13999938964844 48.84000015258789)
BMSC25,Goby Town,48.84,-125.14,2023-05-18,5.5,RLS,4,13:20:00,,,1,1,Chordata,Actinopterygii,Scorpaeniformes,Sebastidae,Sebastes maliger,Sebastes maliger,12.5,1,41.9142,POINT (-125.13999938964844 48.84000015258789)
BMSC25,Goby Town,48.84,-125.14,2023-05-18,5.5,RLS,4,13:20:00,,,1,1,Chordata,Actinopterygii,Scorpaeniformes,Sebastidae,Sebastes maliger,Sebastes maliger,20,1,162.7257,POINT (-125.13999938964844 48.84000015258789)
BMSC25,Goby Town,48.84,-125.14,2023-05-18,5.5,RLS,4,13:20:00,,,1,2,Chordata,Actinopterygii,Perciformes,Gobiidae,Rhinogobiops nicholsii,Rhinogobiops nicholsii,5,4,9.0245,POINT (-125.13999938964844 48.84000015258789)
BMSC25,Goby Town,48.84,-125.14,2023-05-18,5.5,RLS,4,13:20:00,,,1,2,Chordata,Actinopterygii,Perciformes,Gobiidae,Rhinogobiops nicholsii,Rhinogobiops nicholsii,12.5,20,738.0885,POINT (-125.13999938964844 48.84000015258789)
BMSC25,Goby Town,48.84,-125.14,2023-05-18,5.5,RLS,4,13:20:00,,,1,2,Chordata,Actinopterygii,Perciformes,Hexagrammidae,Hexagrammos decagrammus,Hexagrammos decagrammus,15,2,134.1157,POINT (-125.13999938964844 48.84000015258789)
BMSC25,Goby Town,48.84,-125.14,2023-05-18,5.5,RLS,4,13:20:00,,,1,2,Chordata,Actinopterygii,Perciformes,Hexagrammidae,Hexagrammos decagrammus,Hexagrammos decagrammus,20,4,600.0812,POINT (-125.13999938964844 48.84000015258789)
BMSC25,Goby Town,48.84,-125.14,2023-05-18,5.5,RLS,4,13:20:00,,,1,2,Chordata,Actinopterygii,Scorpaeniformes,Hexagrammidae,Oxylebius pictus,Oxylebius pictus,12.5,2,84.4011,POINT (-125.13999938964844 48.84000015258789)
BMSC25,Goby Town,48.84,-125.14,2023-05-18,5.5,RLS,4,13:20:00,,,1,2,Chordata,Actinopterygii,Scorpaeniformes,Hexagrammidae,Oxylebius pictus,Oxylebius pictus,15,1,73.4563,POINT (-125.13999938964844 48.84000015258789)
BMSC25,Goby Town,48.84,-125.14,2023-05-18,5.5,RLS,4,13:20:00,,,1,2,Chordata,Actinopterygii,Scorpaeniformes,Sebastidae,Sebastes caurinus,Sebastes caurinus,7.5,2,17.3819,POINT (-125.13999938964844 48.84000015258789)
BMSC25,Goby Town,48.84,-125.14,2023-05-18,5.5,RLS,4,13:20:00,,,1,2,Chordata,Actinopterygii,Scorpaeniformes,Sebastidae,Sebastes caurinus,Sebastes caurinus,12.5,4,167.6567,POINT (-125.13999938964844 48.84000015258789)
BMSC25,Goby Town,48.84,-125.14,2023-05-18,5.5,RLS,4,13:20:00,,,1,2,Chordata,Actinopterygii,Scorpaeniformes,Sebastidae,Sebastes caurinus,Sebastes caurinus,15,2,146.9837,POINT (-125.13999938964844 48.84000015258789)
BMSC25,Goby Town,48.84,-125.14,2023-05-18,5.5,RLS,4,13:20:00,,,1,2,Chordata,Actinopterygii,Scorpaeniformes,Sebastidae,Sebastes flavidus,Sebastes flavidus,5,2,4.9858,POINT (-125.13999938964844 48.84000015258789)
BMSC25,Goby Town,48.84,-125.14,2023-05-18,5.5,RLS,4,13:20:00,,,1,2,Chordata,Actinopterygii,Scorpaeniformes,Sebastidae,Sebastes flavidus,Sebastes flavidus,7.5,3,26.0728,POINT (-125.13999938964844 48.84000015258789)
BMSC25,Goby Town,48.84,-125.14,2023-05-18,5.5,RLS,4,13:20:00,,,1,2,Chordata,Actinopterygii,Scorpaeniformes,Sebastidae,Sebastes flavidus,Sebastes flavidus,12.5,4,167.6567,POINT (-125.13999938964844 48.84000015258789)
BMSC25,Goby Town,48.84,-125.14,2023-05-18,5.5,RLS,4,13:20:00,,,1,2,Chordata,Actinopterygii,Scorpaeniformes,Sebastidae,Sebastes flavidus,Sebastes flavidus,15,1,73.4918,POINT (-125.13999938964844 48.84000015258789)
BMSC25,Goby Town,48.84,-125.14,2023-05-18,5.5,RLS,4,13:20:00,,,1,2,Chordata,Actinopterygii,Scorpaeniformes,Sebastidae,Sebastes maliger,Sebastes maliger,10,2,42.1607,POINT (-125.13999938964844 48.84000015258789)
BMSC25,Goby Town,48.84,-125.14,2023-05-18,5.5,RLS,4,13:20:00,,,1,2,Chordata,Actinopterygii,Scorpaeniformes,Sebastidae,Sebastes maliger,Sebastes maliger,12.5,2,83.8284,POINT (-125.13999938964844 48.84000015258789)
BMSC25,Goby Town,48.84,-125.14,2023-05-18,5.5,RLS,4,13:20:00,,,1,2,Chordata,Actinopterygii,Scorpaeniformes,Sebastidae,Sebastes melanops,Sebastes melanops,12.5,1,41.9142,POINT (-125.13999938964844 48.84000015258789)
BMSC10,Ross Islets Slug Island,48.87,-125.16,2021-04-30,4,RLS,4,12:50:00,,,1,1,Chordata,Actinopterygii,Perciformes,Gobiidae,Rhinogobiops nicholsii,Rhinogobiops nicholsii,5,4,9.0245,POINT (-125.16000366210938 48.869998931884766)
BMSC10,Ross Islets Slug Island,48.87,-125.16,2021-04-30,4,RLS,4,12:50:00,,,1,1,Chordata,Actinopterygii,Perciformes,Gobiidae,Rhinogobiops nicholsii,Rhinogobiops nicholsii,7.5,6,46.622,POINT (-125.16000366210938 48.869998931884766)
BMSC10,Ross Islets Slug Island,48.87,-125.16,2021-04-30,4,RLS,4,12:50:00,,,1,1,Chordata,Actinopterygii,Perciformes,Gobiidae,Rhinogobiops nicholsii,Rhinogobiops nicholsii,10,9,168.1688,POINT (-125.16000366210938 48.869998931884766)
BMSC10,Ross Islets Slug Island,48.87,-125.16,2021-04-30,4,RLS,4,12:50:00,,,1,1,Chordata,Actinopterygii,Perciformes,Hexagrammidae,Hexagrammos decagrammus,Hexagrammos decagrammus,20,1,150.0203,POINT (-125.16000366210938 48.869998931884766)
BMSC10,Ross Islets Slug Island,48.87,-125.16,2021-04-30,4,RLS,4,12:50:00,,,1,2,Chordata,Actinopterygii,Perciformes,Gobiidae,Rhinogobiops nicholsii,Rhinogobiops nicholsii,7.5,2,15.5407,POINT (-125.16000366210938 48.869998931884766)
BMSC10,Ross Islets Slug Island,48.87,-125.16,2021-04-30,4,RLS,4,12:50:00,,,1,2,Chordata,Actinopterygii,Perciformes,Gobiidae,Rhinogobiops nicholsii,Rhinogobiops nicholsii,10,4,74.7417,POINT (-125.16000366210938 48.869998931884766)
BMSC10,Ross Islets Slug Island,48.87,-125.16,2021-04-30,4,RLS,4,12:50:00,,,1,2,Chordata,Actinopterygii,Perciformes,Hexagrammidae,Hexagrammos decagrammus,Hexagrammos decagrammus,7.5,1,7.7132,POINT (-125.16000366210938 48.869998931884766)
BMSC10,Ross Islets Slug Island,48.87,-125.16,2021-04-30,4,RLS,4,12:50:00,,,1,2,Chordata,Actinopterygii,Perciformes,Hexagrammidae,Hexagrammos decagrammus,Hexagrammos decagrammus,15,2,134.1157,POINT (-125.16000366210938 48.869998931884766)
BMSC10,Ross Islets Slug Island,48.87,-125.16,2021-04-30,4,RLS,4,12:50:00,,,1,2,Chordata,Actinopterygii,Scorpaeniformes,Sebastidae,Sebastes spp.,Sebastes spp.,10,5,122.688,POINT (-125.16000366210938 48.869998931884766)
BMSC10,Ross Islets Slug Island,48.87,-125.16,2022-05-05,5,RLS,2,11:10:00,,,1,2,Chordata,Actinopterygii,Perciformes,Hexagrammidae,Hexagrammos decagrammus,Hexagrammos decagrammus,15,1,67.0579,POINT (-125.16000366210938 48.869998931884766)
BMSC10,Ross Islets Slug Island,48.87,-125.16,2022-05-05,5,RLS,2,11:10:00,,,1,1,Chordata,Actinopterygii,Perciformes,Gobiidae,Rhinogobiops nicholsii,Rhinogobiops nicholsii,10,5,93.4271,POINT (-125.16000366210938 48.869998931884766)
BMSC10,Ross Islets Slug Island,48.87,-125.16,2022-05-05,5,RLS,2,11:10:00,,,1,1,Chordata,Actinopterygii,Perciformes,Gobiidae,Rhinogobiops nicholsii,Rhinogobiops nicholsii,15,1,64.3548,POINT (-125.16000366210938 48.869998931884766)
BMSC10,Ross Islets Slug Island,48.87,-125.16,2022-05-05,5,RLS,2,11:10:00,,,1,1,Chordata,Actinopterygii,Perciformes,Hexagrammidae,Hexagrammos decagrammus,Hexagrammos decagrammus,25,2,464.3122,POINT (-125.16000366210938 48.869998931884766)
BMSC10,Ross Islets Slug Island,48.87,-125.16,2023-05-09,4,RLS,2,10:23:00,,,1,2,Chordata,Actinopterygii,Perciformes,Embiotocidae,Brachyistius frenatus,Brachyistius frenatus,7.5,5,53.6866,POINT (-125.16000366210938 48.869998931884766)
BMSC10,Ross Islets Slug Island,48.87,-125.16,2023-05-09,4,RLS,2,10:23:00,,,1,2,Chordata,Actinopterygii,Perciformes,Embiotocidae,Brachyistius frenatus,Brachyistius frenatus,12.5,1,50.736,POINT (-125.16000366210938 48.869998931884766)
BMSC10,Ross Islets Slug Island,48.87,-125.16,2023-05-09,4,RLS,2,10:23:00,,,1,2,Chordata,Actinopterygii,Perciformes,Embiotocidae,Rhacochilus vacca,Rhacochilus vacca,15,1,120.4819,POINT (-125.16000366210938 48.869998931884766)
BMSC10,Ross Islets Slug Island,48.87,-125.16,2023-05-09,4,RLS,2,10:23:00,,,1,2,Chordata,Actinopterygii,Perciformes,Gobiidae,Rhinogobiops nicholsii,Rhinogobiops nicholsii,7.5,5,38.8517,POINT (-125.16000366210938 48.869998931884766)
BMSC10,Ross Islets Slug Island,48.87,-125.16,2023-05-09,4,RLS,2,10:23:00,,,1,2,Chordata,Actinopterygii,Perciformes,Hexagrammidae,Hexagrammos decagrammus,Hexagrammos decagrammus,20,1,150.0203,POINT (-125.16000366210938 48.869998931884766)
BMSC10,Ross Islets Slug Island,48.87,-125.16,2023-05-09,4,RLS,2,10:23:00,,,1,2,Chordata,Actinopterygii,Scorpaeniformes,Sebastidae,Sebastes caurinus,Sebastes caurinus,12.5,2,83.8284,POINT (-125.16000366210938 48.869998931884766)
BMSC10,Ross Islets Slug Island,48.87,-125.16,2023-05-09,4,RLS,2,10:23:00,,,1,2,Chordata,Actinopterygii,Scorpaeniformes,Sebastidae,Sebastes spp.,Sebastes spp.,10,5,122.688,POINT (-125.16000366210938 48.869998931884766)
BMSC10,Ross Islets Slug Island,48.87,-125.16,2023-05-09,4,RLS,2,10:23:00,,,1,1,Chordata,Actinopterygii,Perciformes,Gobiidae,Rhinogobiops nicholsii,Rhinogobiops nicholsii,2.5,1,0.2724,POINT (-125.16000366210938 48.869998931884766)
BMSC10,Ross Islets Slug Island,48.87,-125.16,2023-05-09,4,RLS,2,10:23:00,,,1,1,Chordata,Actinopterygii,Perciformes,Gobiidae,Rhinogobiops nicholsii,Rhinogobiops nicholsii,7.5,9,69.933,POINT (-125.16000366210938 48.869998931884766)
BMSC10,Ross Islets Slug Island,48.87,-125.16,2023-05-09,4,RLS,2,10:23:00,,,1,1,Chordata,Actinopterygii,Perciformes,Gobiidae,Rhinogobiops nicholsii,Rhinogobiops nicholsii,10,4,74.7417,POINT (-125.16000366210938 48.869998931884766)
BMSC10,Ross Islets Slug Island,48.87,-125.16,2023-05-09,4,RLS,2,10:23:00,,,1,1,Chordata,Actinopterygii,Perciformes,Hexagrammidae,Hexagrammos decagrammus,Hexagrammos decagrammus,15,1,67.0579,POINT (-125.16000366210938 48.869998931884766)
BMSC10,Ross Islets Slug Island,48.87,-125.16,2023-05-09,4,RLS,2,10:23:00,,,1,1,Chordata,Actinopterygii,Perciformes,Hexagrammidae,Hexagrammos decagrammus,Hexagrammos decagrammus,20,1,150.0203,POINT (-125.16000366210938 48.869998931884766)
BMSC10,Ross Islets Slug Island,48.87,-125.16,2023-05-09,4,RLS,2,10:23:00,,,1,1,Ctenophora,Tentaculata,Lobata,Bolinopsidae,Bolinopsis infundibulum,Bolinopsis infundibulum,2.5,9,,POINT (-125.16000366210938 48.869998931884766)
KCCA11,Ross Islets 2,48.87,-125.16,2023-06-12,3.5,RLS,2,10:30:00,,,1,2,Chordata,Actinopterygii,Perciformes,Embiotocidae,Brachyistius frenatus,Brachyistius frenatus,10,9,231.7141,POINT (-125.16000366210938 48.869998931884766)
KCCA11,Ross Islets 2,48.87,-125.16,2023-06-12,3.5,RLS,2,10:30:00,,,1,2,Chordata,Actinopterygii,Perciformes,Embiotocidae,Brachyistius frenatus,Brachyistius frenatus,12.5,5,253.6801,POINT (-125.16000366210938 48.869998931884766)
KCCA11,Ross Islets 2,48.87,-125.16,2023-06-12,3.5,RLS,2,10:30:00,,,1,2,Chordata,Actinopterygii,Perciformes,Embiotocidae,Cymatogaster aggregata,Cymatogaster aggregata,7.5,1,14.8529,POINT (-125.16000366210938 48.869998931884766)
KCCA11,Ross Islets 2,48.87,-125.16,2023-06-12,3.5,RLS,2,10:30:00,,,1,2,Chordata,Actinopterygii,Perciformes,Embiotocidae,Rhacochilus vacca,Rhacochilus vacca,12.5,2,138.9391,POINT (-125.16000366210938 48.869998931884766)
KCCA11,Ross Islets 2,48.87,-125.16,2023-06-12,3.5,RLS,2,10:30:00,,,1,2,Chordata,Actinopterygii,Perciformes,Embiotocidae,Rhacochilus vacca,Rhacochilus vacca,15,3,361.4458,POINT (-125.16000366210938 48.869998931884766)
KCCA11,Ross Islets 2,48.87,-125.16,2023-06-12,3.5,RLS,2,10:30:00,,,1,2,Chordata,Actinopterygii,Perciformes,Embiotocidae,Rhacochilus vacca,Rhacochilus vacca,20,1,262.672,POINT (-125.16000366210938 48.869998931884766)
KCCA11,Ross Islets 2,48.87,-125.16,2023-06-12,3.5,RLS,2,10:30:00,,,1,2,Chordata,Actinopterygii,Perciformes,Hexagrammidae,Hexagrammos decagrammus,Hexagrammos decagrammus,20,2,300.0406,POINT (-125.16000366210938 48.869998931884766)
KCCA11,Ross Islets 2,48.87,-125.16,2023-06-12,3.5,RLS,2,10:30:00,,,1,2,Chordata,Actinopterygii,Perciformes,Hexagrammidae,Hexagrammos decagrammus,Hexagrammos decagrammus,35,1,483.3065,POINT (-125.16000366210938 48.869998931884766)
KCCA11,Ross Islets 2,48.87,-125.16,2023-06-12,3.5,RLS,2,10:30:00,,,1,2,Chordata,Actinopterygii,Scorpaeniformes,Sebastidae,Sebastes caurinus,Sebastes caurinus,12.5,3,125.7425,POINT (-125.16000366210938 48.869998931884766)
KCCA11,Ross Islets 2,48.87,-125.16,2023-06-12,3.5,RLS,2,10:30:00,,,1,2,Chordata,Actinopterygii,Scorpaeniformes,Sebastidae,Sebastes spp.,Sebastes spp.,5,2,6.1344,POINT (-125.16000366210938 48.869998931884766)
KCCA11,Ross Islets 2,48.87,-125.16,2023-06-12,3.5,RLS,2,10:30:00,,,1,1,Chordata,Actinopterygii,Perciformes,Hexagrammidae,Hexagrammos decagrammus,Hexagrammos decagrammus,5,1,2.1769,POINT (-125.16000366210938 48.869998931884766)
KCCA11,Ross Islets 2,48.87,-125.16,2023-06-12,3.5,RLS,2,10:30:00,,,1,1,Chordata,Actinopterygii,Perciformes,Hexagrammidae,Hexagrammos decagrammus,Hexagrammos decagrammus,10,2,37.8508,POINT (-125.16000366210938 48.869998931884766)
KCCA11,Ross Islets 2,48.87,-125.16,2023-06-12,3.5,RLS,2,10:30:00,,,1,1,Chordata,Actinopterygii,Perciformes,Hexagrammidae,Hexagrammos decagrammus,Hexagrammos decagrammus,15,3,201.1736,POINT (-125.16000366210938 48.869998931884766)
KCCA11,Ross Islets 2,48.87,-125.16,2023-06-12,3.5,RLS,2,10:30:00,,,1,1,Chordata,Actinopterygii,Scorpaeniformes,Hexagrammidae,Hexagrammos stelleri,Hexagrammos stelleri,15,1,64.071,POINT (-125.16000366210938 48.869998931884766)
KCCA11,Ross Islets 2,48.87,-125.16,2023-06-12,3.5,RLS,2,10:30:00,,,1,1,Chordata,Actinopterygii,Scorpaeniformes,Sebastidae,Sebastes caurinus,Sebastes caurinus,10,1,21.0804,POINT (-125.16000366210938 48.869998931884766)
BMSC10,Ross Islets Slug Island,48.87,-125.16,2023-06-14,2.7,RLS,4,10:14:00,48.87,-125.16,1,2,Chordata,Actinopterygii,Perciformes,Embiotocidae,Brachyistius frenatus,Brachyistius frenatus,10,2,51.492,POINT (-125.16 48.87)
BMSC10,Ross Islets Slug Island,48.87,-125.16,2023-06-14,2.7,RLS,4,10:14:00,48.87,-125.16,1,2,Chordata,Actinopterygii,Perciformes,Embiotocidae,Brachyistius frenatus,Brachyistius frenatus,12.5,1,50.736,POINT (-125.16 48.87)
BMSC10,Ross Islets Slug Island,48.87,-125.16,2023-06-14,2.7,RLS,4,10:14:00,48.87,-125.16,1,2,Chordata,Actinopterygii,Perciformes,Embiotocidae,Cymatogaster aggregata,Cymatogaster aggregata,7.5,2,29.7058,POINT (-125.16 48.87)
BMSC10,Ross Islets Slug Island,48.87,-125.16,2023-06-14,2.7,RLS,4,10:14:00,48.87,-125.16,1,2,Chordata,Actinopterygii,Perciformes,Embiotocidae,Rhacochilus vacca,Rhacochilus vacca,10,2,70.8201,POINT (-125.16 48.87)
BMSC10,Ross Islets Slug Island,48.87,-125.16,2023-06-14,2.7,RLS,4,10:14:00,48.87,-125.16,1,2,Chordata,Actinopterygii,Perciformes,Embiotocidae,Rhacochilus vacca,Rhacochilus vacca,12.5,1,69.4696,POINT (-125.16 48.87)
BMSC10,Ross Islets Slug Island,48.87,-125.16,2023-06-14,2.7,RLS,4,10:14:00,48.87,-125.16,1,2,Chordata,Actinopterygii,Perciformes,Gobiidae,Rhinogobiops nicholsii,Rhinogobiops nicholsii,7.5,1,7.7703,POINT (-125.16 48.87)
BMSC10,Ross Islets Slug Island,48.87,-125.16,2023-06-14,2.7,RLS,4,10:14:00,48.87,-125.16,1,2,Chordata,Actinopterygii,Perciformes,Hexagrammidae,Hexagrammos decagrammus,Hexagrammos decagrammus,25,1,232.1561,POINT (-125.16 48.87)
BMSC10,Ross Islets Slug Island,48.87,-125.16,2023-06-14,2.7,RLS,4,10:14:00,48.87,-125.16,1,2,Chordata,Actinopterygii,Perciformes,Hexagrammidae,Hexagrammos decagrammus,Hexagrammos decagrammus,35,1,483.3065,POINT (-125.16 48.87)
BMSC10,Ross Islets Slug Island,48.87,-125.16,2023-06-14,2.7,RLS,4,10:14:00,48.87,-125.16,1,2,Chordata,Actinopterygii,Scorpaeniformes,Sebastidae,Sebastes caurinus,Sebastes caurinus,15,2,146.9837,POINT (-125.16 48.87)
BMSC10,Ross Islets Slug Island,48.87,-125.16,2023-06-14,2.7,RLS,4,10:14:00,48.87,-125.16,1,2,Chordata,Actinopterygii,Scorpaeniformes,Sebastidae,Sebastes melanops,Sebastes melanops,15,1,73.4918,POINT (-125.16 48.87)
BMSC10,Ross Islets Slug Island,48.87,-125.16,2023-06-14,2.7,RLS,4,10:14:00,48.87,-125.16,1,2,Chordata,Actinopterygii,Scorpaeniformes,Sebastidae,Sebastes melanops,Sebastes melanops,20,1,162.7257,POINT (-125.16 48.87)
BMSC10,Ross Islets Slug Island,48.87,-125.16,2023-06-14,2.7,RLS,4,10:14:00,48.87,-125.16,1,1,Chordata,Actinopterygii,Perciformes,Hexagrammidae,Hexagrammos decagrammus,Hexagrammos decagrammus,12.5,2,75.9337,POINT (-125.16 48.87)
BMSC10,Ross Islets Slug Island,48.87,-125.16,2023-06-14,2.7,RLS,4,10:14:00,48.87,-125.16,1,1,Chordata,Actinopterygii,Perciformes,Hexagrammidae,Hexagrammos decagrammus,Hexagrammos decagrammus,15,2,134.1157,POINT (-125.16 48.87)
BMSC10,Ross Islets Slug Island,48.87,-125.16,2023-06-14,2.7,RLS,4,10:14:00,48.87,-125.16,1,1,Chordata,Actinopterygii,Perciformes,Hexagrammidae,Hexagrammos decagrammus,Hexagrammos decagrammus,30,1,344.0053,POINT (-125.16 48.87)
BMSC10,Ross Islets Slug Island,48.87,-125.16,2023-06-14,2.7,RLS,4,10:14:00,48.87,-125.16,1,1,Chordata,Actinopterygii,Scorpaeniformes,Sebastidae,Sebastes caurinus,Sebastes caurinus,7.5,2,17.3819,POINT (-125.16 48.87)
BMSC10,Ross Islets Slug Island,48.87,-125.16,2023-06-14,2.7,RLS,4,10:14:00,48.87,-125.16,1,1,Chordata,Actinopterygii,Scorpaeniformes,Sebastidae,Sebastes caurinus,Sebastes caurinus,12.5,1,41.9142,POINT (-125.16 48.87)
BMSC10,Ross Islets Slug Island,48.87,-125.16,2023-06-14,2.7,RLS,4,10:14:00,48.87,-125.16,1,1,Chordata,Actinopterygii,Scorpaeniformes,Sebastidae,Sebastes caurinus,Sebastes caurinus,15,1,73.4918,POINT (-125.16 48.87)
BMSC15,Raymond Kelp Rock,48.88,-125.31,2021-05-04,7,RLS,2,14:30:00,,,1,1,Chordata,Actinopterygii,Perciformes,Gobiidae,Rhinogobiops nicholsii,Rhinogobiops nicholsii,7.5,1,7.7703,POINT (-125.30999755859375 48.880001068115234)
BMSC15,Raymond Kelp Rock,48.88,-125.31,2021-05-04,7,RLS,2,14:30:00,,,1,1,Chordata,Actinopterygii,Perciformes,Hexagrammidae,Hexagrammos decagrammus,Hexagrammos decagrammus,7.5,1,7.7132,POINT (-125.30999755859375 48.880001068115234)
BMSC15,Raymond Kelp Rock,48.88,-125.31,2021-05-04,7,RLS,2,14:30:00,,,1,1,Chordata,Actinopterygii,Perciformes,Hexagrammidae,Hexagrammos decagrammus,Hexagrammos decagrammus,10,1,18.9254,POINT (-125.30999755859375 48.880001068115234)
BMSC15,Raymond Kelp Rock,48.88,-125.31,2021-05-04,7,RLS,2,14:30:00,,,1,1,Chordata,Actinopterygii,Perciformes,Hexagrammidae,Hexagrammos decagrammus,Hexagrammos decagrammus,20,1,150.0203,POINT (-125.30999755859375 48.880001068115234)
BMSC15,Raymond Kelp Rock,48.88,-125.31,2021-05-04,7,RLS,2,14:30:00,,,1,1,Chordata,Actinopterygii,Perciformes,Hexagrammidae,Hexagrammos decagrammus,Hexagrammos decagrammus,25,1,232.1561,POINT (-125.30999755859375 48.880001068115234)
BMSC15,Raymond Kelp Rock,48.88,-125.31,2021-05-04,7,RLS,2,14:30:00,,,1,1,Chordata,Actinopterygii,Scorpaeniformes,Sebastidae,Sebastes caurinus,Sebastes caurinus,20,1,162.7257,POINT (-125.30999755859375 48.880001068115234)
BMSC15,Raymond Kelp Rock,48.88,-125.31,2021-05-04,7,RLS,2,14:30:00,,,1,2,Chordata,Actinopterygii,Perciformes,Embiotocidae,Brachyistius frenatus,Brachyistius frenatus,2.5,4,1.5223,POINT (-125.30999755859375 48.880001068115234)
BMSC15,Raymond Kelp Rock,48.88,-125.31,2021-05-04,7,RLS,2,14:30:00,,,1,2,Chordata,Actinopterygii,Perciformes,Embiotocidae,Rhacochilus vacca,Rhacochilus vacca,5,1,4.3653,POINT (-125.30999755859375 48.880001068115234)
BMSC15,Raymond Kelp Rock,48.88,-125.31,2021-05-04,7,RLS,2,14:30:00,,,1,2,Chordata,Actinopterygii,Perciformes,Embiotocidae,Rhacochilus vacca,Rhacochilus vacca,7.5,1,14.8529,POINT (-125.30999755859375 48.880001068115234)
BMSC15,Raymond Kelp Rock,48.88,-125.31,2021-05-04,7,RLS,2,14:30:00,,,1,2,Chordata,Actinopterygii,Perciformes,Hexagrammidae,Hexagrammos decagrammus,Hexagrammos decagrammus,20,2,300.0406,POINT (-125.30999755859375 48.880001068115234)
BMSC13,Effingham West,48.87,-125.31,2021-05-04,4.8,RLS,4,10:30:00,,,1,1,Chordata,Actinopterygii,Perciformes,Hexagrammidae,Hexagrammos decagrammus,Hexagrammos decagrammus,10,3,56.7762,POINT (-125.30999755859375 48.869998931884766)
BMSC13,Effingham West,48.87,-125.31,2021-05-04,4.8,RLS,4,10:30:00,,,1,1,Chordata,Actinopterygii,Perciformes,Hexagrammidae,Hexagrammos decagrammus,Hexagrammos decagrammus,12.5,2,75.9337,POINT (-125.30999755859375 48.869998931884766)
BMSC13,Effingham West,48.87,-125.31,2021-05-04,4.8,RLS,4,10:30:00,,,1,1,Chordata,Actinopterygii,Perciformes,Hexagrammidae,Hexagrammos decagrammus,Hexagrammos decagrammus,15,7,469.4051,POINT (-125.30999755859375 48.869998931884766)
BMSC13,Effingham West,48.87,-125.31,2021-05-04,4.8,RLS,4,10:30:00,,,1,1,Chordata,Actinopterygii,Perciformes,Hexagrammidae,Hexagrammos decagrammus,Hexagrammos decagrammus,20,6,900.1219,POINT (-125.30999755859375 48.869998931884766)
BMSC13,Effingham West,48.87,-125.31,2021-05-04,4.8,RLS,4,10:30:00,,,1,1,Chordata,Actinopterygii,Perciformes,Hexagrammidae,Hexagrammos decagrammus,Hexagrammos decagrammus,25,4,928.6245,POINT (-125.30999755859375 48.869998931884766)
BMSC13,Effingham West,48.87,-125.31,2021-05-04,4.8,RLS,4,10:30:00,,,1,2,Chordata,Actinopterygii,Perciformes,Gobiidae,Rhinogobiops nicholsii,Rhinogobiops nicholsii,5,1,2.2561,POINT (-125.30999755859375 48.869998931884766)
BMSC13,Effingham West,48.87,-125.31,2021-05-04,4.8,RLS,4,10:30:00,,,1,2,Chordata,Actinopterygii,Perciformes,Gobiidae,Rhinogobiops nicholsii,Rhinogobiops nicholsii,7.5,4,31.0813,POINT (-125.30999755859375 48.869998931884766)
BMSC13,Effingham West,48.87,-125.31,2021-05-04,4.8,RLS,4,10:30:00,,,1,2,Chordata,Actinopterygii,Perciformes,Gobiidae,Rhinogobiops nicholsii,Rhinogobiops nicholsii,10,5,93.4271,POINT (-125.30999755859375 48.869998931884766)
BMSC13,Effingham West,48.87,-125.31,2021-05-04,4.8,RLS,4,10:30:00,,,1,2,Chordata,Actinopterygii,Perciformes,Gobiidae,Rhinogobiops nicholsii,Rhinogobiops nicholsii,12.5,3,110.7133,POINT (-125.30999755859375 48.869998931884766)
BMSC13,Effingham West,48.87,-125.31,2021-05-04,4.8,RLS,4,10:30:00,,,1,2,Chordata,Actinopterygii,Perciformes,Hexagrammidae,Hexagrammos decagrammus,Hexagrammos decagrammus,7.5,1,7.7132,POINT (-125.30999755859375 48.869998931884766)
BMSC13,Effingham West,48.87,-125.31,2021-05-04,4.8,RLS,4,10:30:00,,,1,2,Chordata,Actinopterygii,Perciformes,Hexagrammidae,Hexagrammos decagrammus,Hexagrammos decagrammus,10,2,37.8508,POINT (-125.30999755859375 48.869998931884766)
BMSC13,Effingham West,48.87,-125.31,2021-05-04,4.8,RLS,4,10:30:00,,,1,2,Chordata,Actinopterygii,Perciformes,Hexagrammidae,Hexagrammos decagrammus,Hexagrammos decagrammus,12.5,1,37.9668,POINT (-125.30999755859375 48.869998931884766)
BMSC13,Effingham West,48.87,-125.31,2021-05-04,4.8,RLS,4,10:30:00,,,1,2,Chordata,Actinopterygii,Perciformes,Hexagrammidae,Hexagrammos decagrammus,Hexagrammos decagrammus,15,1,67.0579,POINT (-125.30999755859375 48.869998931884766)
BMSC13,Effingham West,48.87,-125.31,2022-04-26,4.5,RLS,2,10:20:00,,,1,2,Chordata,Actinopterygii,Perciformes,Hexagrammidae,Hexagrammos decagrammus,Hexagrammos decagrammus,20,1,150.0203,POINT (-125.30999755859375 48.869998931884766)
BMSC13,Effingham West,48.87,-125.31,2022-04-26,4.5,RLS,2,10:20:00,,,1,2,Ctenophora,Tentaculata,Lobata,Bolinopsidae,Bolinopsis infundibulum,Bolinopsis infundibulum,0,1,,POINT (-125.30999755859375 48.869998931884766)
BMSC13,Effingham West,48.87,-125.31,2022-04-26,4.5,RLS,2,10:20:00,,,1,1,Chordata,Actinopterygii,Perciformes,Gobiidae,Rhinogobiops nicholsii,Rhinogobiops nicholsii,12.5,1,36.9044,POINT (-125.30999755859375 48.869998931884766)
BMSC15,Raymond Kelp Rock,48.88,-125.31,2022-04-26,7.5,RLS,3,12:10:00,,,1,2,Chordata,Actinopterygii,Perciformes,Hexagrammidae,Hexagrammos decagrammus,Hexagrammos decagrammus,25,1,232.1561,POINT (-125.30999755859375 48.880001068115234)
BMSC15,Raymond Kelp Rock,48.88,-125.31,2022-04-26,7.5,RLS,3,12:10:00,,,1,2,Chordata,Actinopterygii,Perciformes,Hexagrammidae,Hexagrammos decagrammus,Hexagrammos decagrammus,30,3,1032.016,POINT (-125.30999755859375 48.880001068115234)
BMSC15,Raymond Kelp Rock,48.88,-125.31,2022-04-26,7.5,RLS,3,12:10:00,,,1,2,Chordata,Actinopterygii,Perciformes,Hexagrammidae,Hexagrammos decagrammus,Hexagrammos decagrammus,35,1,483.3065,POINT (-125.30999755859375 48.880001068115234)
BMSC15,Raymond Kelp Rock,48.88,-125.31,2022-04-26,7.5,RLS,3,12:10:00,,,1,1,Chordata,Actinopterygii,Perciformes,Hexagrammidae,Hexagrammos decagrammus,Hexagrammos decagrammus,12.5,1,37.9668,POINT (-125.30999755859375 48.880001068115234)
BMSC15,Raymond Kelp Rock,48.88,-125.31,2022-04-26,7.5,RLS,3,12:10:00,,,1,1,Chordata,Actinopterygii,Perciformes,Hexagrammidae,Hexagrammos decagrammus,Hexagrammos decagrammus,30,1,344.0053,POINT (-125.30999755859375 48.880001068115234)
BMSC15,Raymond Kelp Rock,48.88,-125.31,2022-04-26,7.5,RLS,3,12:10:00,,,1,1,Chordata,Actinopterygii,Perciformes,Hexagrammidae,Hexagrammos decagrammus,Hexagrammos decagrammus,40,1,619.0955,POINT (-125.30999755859375 48.880001068115234)
BMSC6,Baeria Rocks South Island,48.95,-125.16,2021-04-29,7,RLS,8,10:30:00,,,1,1,Chordata,Actinopterygii,Perciformes,Gobiidae,Rhinogobiops nicholsii,Rhinogobiops nicholsii,10,1,18.6854,POINT (-125.16000366210938 48.95000076293945)
BMSC6,Baeria Rocks South Island,48.95,-125.16,2021-04-29,7,RLS,8,10:30:00,,,1,1,Chordata,Actinopterygii,Perciformes,Hexagrammidae,Hexagrammos decagrammus,Hexagrammos decagrammus,7.5,4,30.8529,POINT (-125.16000366210938 48.95000076293945)
BMSC6,Baeria Rocks South Island,48.95,-125.16,2021-04-29,7,RLS,8,10:30:00,,,1,1,Chordata,Actinopterygii,Perciformes,Hexagrammidae,Hexagrammos decagrammus,Hexagrammos decagrammus,10,5,94.627,POINT (-125.16000366210938 48.95000076293945)
BMSC6,Baeria Rocks South Island,48.95,-125.16,2021-04-29,7,RLS,8,10:30:00,,,1,1,Chordata,Actinopterygii,Perciformes,Hexagrammidae,Hexagrammos decagrammus,Hexagrammos decagrammus,15,3,201.1736,POINT (-125.16000366210938 48.95000076293945)
BMSC6,Baeria Rocks South Island,48.95,-125.16,2021-04-29,7,RLS,8,10:30:00,,,1,1,Chordata,Actinopterygii,Perciformes,Hexagrammidae,Hexagrammos decagrammus,Hexagrammos decagrammus,20,5,750.1016,POINT (-125.16000366210938 48.95000076293945)
BMSC6,Baeria Rocks South Island,48.95,-125.16,2021-04-29,7,RLS,8,10:30:00,,,1,1,Chordata,Actinopterygii,Scorpaeniformes,Cottidae,Artedius harringtoni,Artedius harringtoni,7.5,1,6.8672,POINT (-125.16000366210938 48.95000076293945)
BMSC6,Baeria Rocks South Island,48.95,-125.16,2021-04-29,7,RLS,8,10:30:00,,,1,1,Chordata,Actinopterygii,Scorpaeniformes,Cottidae,Jordania zonope,Jordania zonope,10,1,16.8981,POINT (-125.16000366210938 48.95000076293945)
BMSC6,Baeria Rocks South Island,48.95,-125.16,2021-04-29,7,RLS,8,10:30:00,,,1,1,Chordata,Actinopterygii,Scorpaeniformes,Sebastidae,Sebastes spp.,Sebastes spp.,7.5,1,10.3518,POINT (-125.16000366210938 48.95000076293945)
BMSC6,Baeria Rocks South Island,48.95,-125.16,2021-04-29,7,RLS,8,10:30:00,,,1,2,Chordata,Actinopterygii,Perciformes,Embiotocidae,Embiotoca lateralis,Embiotoca lateralis,5,1,4.3653,POINT (-125.16000366210938 48.95000076293945)
BMSC6,Baeria Rocks South Island,48.95,-125.16,2021-04-29,7,RLS,8,10:30:00,,,1,2,Chordata,Actinopterygii,Perciformes,Hexagrammidae,Hexagrammos decagrammus,Hexagrammos decagrammus,10,3,56.7762,POINT (-125.16000366210938 48.95000076293945)
BMSC6,Baeria Rocks South Island,48.95,-125.16,2021-04-29,7,RLS,8,10:30:00,,,1,2,Chordata,Actinopterygii,Perciformes,Hexagrammidae,Hexagrammos decagrammus,Hexagrammos decagrammus,12.5,3,113.9005,POINT (-125.16000366210938 48.95000076293945)
BMSC6,Baeria Rocks South Island,48.95,-125.16,2021-04-29,7,RLS,8,10:30:00,,,1,2,Chordata,Actinopterygii,Perciformes,Hexagrammidae,Hexagrammos decagrammus,Hexagrammos decagrammus,25,1,232.1561,POINT (-125.16000366210938 48.95000076293945)
BMSC6,Baeria Rocks South Island,48.95,-125.16,2021-04-29,7,RLS,8,10:30:00,,,1,2,Chordata,Actinopterygii,Scorpaeniformes,Hexagrammidae,Oxylebius pictus,Oxylebius pictus,15,1,73.4563,POINT (-125.16000366210938 48.95000076293945)
BMSC6,Baeria Rocks South Island,48.95,-125.16,2021-04-29,7,RLS,8,10:30:00,,,1,2,Chordata,Actinopterygii,Scorpaeniformes,Sebastidae,Sebastes melanops,Sebastes melanops,10,2,42.1607,POINT (-125.16000366210938 48.95000076293945)
BMSC6,Baeria Rocks South Island,48.95,-125.16,2021-04-29,7,RLS,8,10:30:00,,,1,2,Chordata,Actinopterygii,Scorpaeniformes,Sebastidae,Sebastes melanops,Sebastes melanops,15,5,367.4593,POINT (-125.16000366210938 48.95000076293945)
BMSC6,Baeria Rocks South Island,48.95,-125.16,2021-04-29,7,RLS,8,10:30:00,,,1,2,Chordata,Actinopterygii,Scorpaeniformes,Sebastidae,Sebastes melanops,Sebastes melanops,20,5,813.6285,POINT (-125.16000366210938 48.95000076293945)
BMSC6,Baeria Rocks South Island,48.95,-125.16,2021-04-29,7,RLS,8,10:30:00,,,1,2,Chordata,Actinopterygii,Scorpaeniformes,Sebastidae,Sebastes melanops,Sebastes melanops,25,1,250.4119,POINT (-125.16000366210938 48.95000076293945)
BMSC6,Baeria Rocks South Island,48.95,-125.16,2021-04-29,7,RLS,8,10:30:00,,,1,2,Chordata,Actinopterygii,Scorpaeniformes,Sebastidae,Sebastes melanops,Sebastes melanops,35,1,516.4341,POINT (-125.16000366210938 48.95000076293945)
BMSC6,Baeria Rocks South Island,48.95,-125.16,2022-04-28,9,RLS,2,12:30:00,,,1,2,Chordata,Actinopterygii,Perciformes,Hexagrammidae,Hexagrammos decagrammus,Hexagrammos decagrammus,35,1,483.3065,POINT (-125.16000366210938 48.95000076293945)
BMSC6,Baeria Rocks South Island,48.95,-125.16,2022-04-28,9,RLS,2,12:30:00,,,1,2,Chordata,Actinopterygii,Perciformes,Hexagrammidae,Hexagrammos decagrammus,Hexagrammos decagrammus,40,1,619.0955,POINT (-125.16000366210938 48.95000076293945)
BMSC6,Baeria Rocks South Island,48.95,-125.16,2022-04-28,6.5,RLS,2,10:40:00,,,1,2,Chordata,Actinopterygii,Perciformes,Embiotocidae,Embiotoca lateralis,Embiotoca lateralis,25,1,400.8354,POINT (-125.16000366210938 48.95000076293945)
BMSC6,Baeria Rocks South Island,48.95,-125.16,2022-04-28,6.5,RLS,2,10:40:00,,,1,2,Chordata,Actinopterygii,Perciformes,Hexagrammidae,Hexagrammos decagrammus,Hexagrammos decagrammus,25,1,232.1561,POINT (-125.16000366210938 48.95000076293945)
BMSC6,Baeria Rocks South Island,48.95,-125.16,2022-04-28,6.5,RLS,2,10:40:00,,,1,2,Chordata,Actinopterygii,Perciformes,Hexagrammidae,Hexagrammos decagrammus,Hexagrammos decagrammus,40,3,1857.2866,POINT (-125.16000366210938 48.95000076293945)
BMSC6,Baeria Rocks South Island,48.95,-125.16,2022-04-28,6.5,RLS,2,10:40:00,,,1,1,Chordata,Actinopterygii,Perciformes,Hexagrammidae,Hexagrammos decagrammus,Hexagrammos decagrammus,62.5,4,10051.322,POINT (-125.16000366210938 48.95000076293945)
BMSC6,Baeria Rocks South Island,48.95,-125.16,2022-04-28,6.5,RLS,2,10:40:00,,,1,1,Chordata,Actinopterygii,Scorpaeniformes,Cottidae,Jordania zonope,Jordania zonope,7.5,1,6.8672,POINT (-125.16000366210938 48.95000076293945)
BMSC6,Baeria Rocks South Island,48.95,-125.16,2023-05-17,5.5,RLS,5,10:20:00,,,1,1,Chordata,Actinopterygii,Perciformes,Hexagrammidae,Hexagrammos decagrammus,Hexagrammos decagrammus,30,1,344.0053,POINT (-125.16000366210938 48.95000076293945)
BMSC6,Baeria Rocks South Island,48.95,-125.16,2023-05-17,5.5,RLS,5,10:20:00,,,1,1,Chordata,Actinopterygii,Perciformes,Hexagrammidae,Hexagrammos decagrammus,Hexagrammos decagrammus,35,1,483.3065,POINT (-125.16000366210938 48.95000076293945)
BMSC6,Baeria Rocks South Island,48.95,-125.16,2023-05-17,5.5,RLS,5,10:20:00,,,1,1,Chordata,Actinopterygii,Scorpaeniformes,Hexagrammidae,Oxylebius pictus,Oxylebius pictus,10,1,21.4147,POINT (-125.16000366210938 48.95000076293945)
BMSC6,Baeria Rocks South Island,48.95,-125.16,2023-05-17,5.5,RLS,5,10:20:00,,,1,2,Chordata,Actinopterygii,Perciformes,Hexagrammidae,Hexagrammos decagrammus,Hexagrammos decagrammus,30,1,344.0053,POINT (-125.16000366210938 48.95000076293945)
BMSC6,Baeria Rocks South Island,48.95,-125.16,2023-05-17,5.5,RLS,5,10:20:00,,,1,2,Chordata,Mammalia,Carnivora,Phocidae,Phoca vitulina,Phoca vitulina,150,1,,POINT (-125.16000366210938 48.95000076293945)
BMSC6,Baeria Rocks South Island,48.95,-125.16,2023-05-17,10,RLS,5,10:25:00,,,1,2,Chordata,Actinopterygii,Perciformes,Hexagrammidae,Hexagrammos decagrammus,Hexagrammos decagrammus,20,3,450.0609,POINT (-125.16000366210938 48.95000076293945)
BMSC6,Baeria Rocks South Island,48.95,-125.16,2023-05-17,10,RLS,5,10:25:00,,,1,2,Chordata,Actinopterygii,Perciformes,Hexagrammidae,Hexagrammos decagrammus,Hexagrammos decagrammus,25,3,696.4684,POINT (-125.16000366210938 48.95000076293945)
BMSC6,Baeria Rocks South Island,48.95,-125.16,2023-05-17,10,RLS,5,10:25:00,,,1,2,Chordata,Actinopterygii,Perciformes,Hexagrammidae,Hexagrammos decagrammus,Hexagrammos decagrammus,35,1,483.3065,POINT (-125.16000366210938 48.95000076293945)
BMSC6,Baeria Rocks South Island,48.95,-125.16,2023-05-17,10,RLS,5,10:25:00,,,1,2,Chordata,Actinopterygii,Scorpaeniformes,Cottidae,Scorpaenichthys marmoratus,Scorpaenichthys marmoratus,40,1,572.0118,POINT (-125.16000366210938 48.95000076293945)
BMSC6,Baeria Rocks South Island,48.95,-125.16,2023-05-17,10,RLS,5,10:25:00,,,1,2,Chordata,Actinopterygii,Scorpaeniformes,Sebastidae,Sebastes caurinus,Sebastes caurinus,20,1,162.7257,POINT (-125.16000366210938 48.95000076293945)
BMSC6,Baeria Rocks South Island,48.95,-125.16,2023-05-17,10,RLS,5,10:25:00,,,1,2,Chordata,Actinopterygii,Scorpaeniformes,Sebastidae,Sebastes melanops,Sebastes melanops,25,1,250.4119,POINT (-125.16000366210938 48.95000076293945)
BMSC6,Baeria Rocks South Island,48.95,-125.16,2023-05-17,10,RLS,5,10:25:00,,,1,1,Chordata,Actinopterygii,Perciformes,Hexagrammidae,Hexagrammos decagrammus,Hexagrammos decagrammus,20,1,150.0203,POINT (-125.16000366210938 48.95000076293945)
BMSC6,Baeria Rocks South Island,48.95,-125.16,2023-05-17,10,RLS,5,10:25:00,,,1,1,Chordata,Actinopterygii,Perciformes,Hexagrammidae,Hexagrammos decagrammus,Hexagrammos decagrammus,25,3,696.4684,POINT (-125.16000366210938 48.95000076293945)
BMSC6,Baeria Rocks South Island,48.95,-125.16,2023-05-17,10,RLS,5,10:25:00,,,1,1,Chordata,Actinopterygii,Scorpaeniformes,Sebastidae,Sebastes maliger,Sebastes maliger,30,1,369.1905,POINT (-125.16000366210938 48.95000076293945)
BMSC6,Baeria Rocks South Island,48.95,-125.16,2023-05-17,10,RLS,5,10:25:00,,,1,1,Chordata,Actinopterygii,Scorpaeniformes,Sebastidae,Sebastes maliger,Sebastes maliger,35,2,1032.8683,POINT (-125.16000366210938 48.95000076293945)
BMSC6,Baeria Rocks South Island,48.95,-125.16,2021-04-29,7,RLS,8,10:30:00,,,1,1,Chordata,Actinopterygii,Perciformes,Gobiidae,Rhinogobiops nicholsii,Rhinogobiops nicholsii,12.5,1,36.9044,POINT (-125.16000366210938 48.95000076293945)
BMSC6,Baeria Rocks South Island,48.95,-125.16,2021-04-29,7,RLS,8,10:30:00,,,1,1,Chordata,Actinopterygii,Perciformes,Hexagrammidae,Hexagrammos decagrammus,Hexagrammos decagrammus,12.5,4,151.8673,POINT (-125.16000366210938 48.95000076293945)
BMSC6,Baeria Rocks South Island,48.95,-125.16,2021-04-29,7,RLS,8,10:30:00,,,1,1,Chordata,Actinopterygii,Perciformes,Hexagrammidae,Hexagrammos decagrammus,Hexagrammos decagrammus,25,1,232.1561,POINT (-125.16000366210938 48.95000076293945)
BMSC6,Baeria Rocks South Island,48.95,-125.16,2021-04-29,7,RLS,8,10:30:00,,,1,1,Chordata,Actinopterygii,Scorpaeniformes,Cottidae,Hemilepidotus hemilepidotus,Hemilepidotus hemilepidotus,25,1,213.8268,POINT (-125.16000366210938 48.95000076293945)
BMSC6,Baeria Rocks South Island,48.95,-125.16,2021-04-29,7,RLS,8,10:30:00,,,1,1,Chordata,Actinopterygii,Scorpaeniformes,Cottidae,Jordania zonope,Jordania zonope,7.5,2,13.7344,POINT (-125.16000366210938 48.95000076293945)
BMSC6,Baeria Rocks South Island,48.95,-125.16,2021-04-29,7,RLS,8,10:30:00,,,1,1,Chordata,Actinopterygii,Scorpaeniformes,Sebastidae,Sebastes spp.,Sebastes spp.,10,1,24.5376,POINT (-125.16000366210938 48.95000076293945)
BMSC6,Baeria Rocks South Island,48.95,-125.16,2021-04-29,7,RLS,8,10:30:00,,,1,2,Chordata,Actinopterygii,Perciformes,Embiotocidae,Embiotoca lateralis,Embiotoca lateralis,7.5,4,59.4116,POINT (-125.16000366210938 48.95000076293945)
BMSC6,Baeria Rocks South Island,48.95,-125.16,2021-04-29,7,RLS,8,10:30:00,,,1,2,Chordata,Actinopterygii,Perciformes,Embiotocidae,Embiotoca lateralis,Embiotoca lateralis,12.5,1,69.4696,POINT (-125.16000366210938 48.95000076293945)
BMSC6,Baeria Rocks South Island,48.95,-125.16,2021-04-29,7,RLS,8,10:30:00,,,1,2,Chordata,Actinopterygii,Perciformes,Embiotocidae,Embiotoca lateralis,Embiotoca lateralis,15,4,481.9277,POINT (-125.16000366210938 48.95000076293945)
BMSC6,Baeria Rocks South Island,48.95,-125.16,2021-04-29,7,RLS,8,10:30:00,,,1,2,Chordata,Actinopterygii,Perciformes,Embiotocidae,Embiotoca lateralis,Embiotoca lateralis,20,1,262.672,POINT (-125.16000366210938 48.95000076293945)
BMSC6,Baeria Rocks South Island,48.95,-125.16,2021-04-29,7,RLS,8,10:30:00,,,1,2,Chordata,Actinopterygii,Perciformes,Gobiidae,Rhinogobiops nicholsii,Rhinogobiops nicholsii,7.5,1,7.7703,POINT (-125.16000366210938 48.95000076293945)
BMSC6,Baeria Rocks South Island,48.95,-125.16,2021-04-29,7,RLS,8,10:30:00,,,1,2,Chordata,Actinopterygii,Perciformes,Hexagrammidae,Hexagrammos decagrammus,Hexagrammos decagrammus,7.5,2,15.4265,POINT (-125.16000366210938 48.95000076293945)
BMSC6,Baeria Rocks South Island,48.95,-125.16,2021-04-29,7,RLS,8,10:30:00,,,1,2,Chordata,Actinopterygii,Perciformes,Hexagrammidae,Hexagrammos decagrammus,Hexagrammos decagrammus,15,1,67.0579,POINT (-125.16000366210938 48.95000076293945)
BMSC6,Baeria Rocks South Island,48.95,-125.16,2021-04-29,7,RLS,8,10:30:00,,,1,2,Chordata,Actinopterygii,Perciformes,Hexagrammidae,Hexagrammos decagrammus,Hexagrammos decagrammus,20,1,150.0203,POINT (-125.16000366210938 48.95000076293945)
BMSC6,Baeria Rocks South Island,48.95,-125.16,2021-04-29,7,RLS,8,10:30:00,,,1,2,Chordata,Actinopterygii,Scorpaeniformes,Cottidae,Jordania zonope,Jordania zonope,7.5,1,6.8672,POINT (-125.16000366210938 48.95000076293945)
BMSC6,Baeria Rocks South Island,48.95,-125.16,2021-04-29,7,RLS,8,10:30:00,,,1,2,Chordata,Actinopterygii,Scorpaeniformes,Hexagrammidae,Oxylebius pictus,Oxylebius pictus,10,1,21.4147,POINT (-125.16000366210938 48.95000076293945)
BMSC6,Baeria Rocks South Island,48.95,-125.16,2021-04-29,7,RLS,8,10:30:00,,,1,2,Chordata,Actinopterygii,Scorpaeniformes,Sebastidae,Sebastes melanops,Sebastes melanops,12.5,4,167.6567,POINT (-125.16000366210938 48.95000076293945)
BMSC6,Baeria Rocks South Island,48.95,-125.16,2021-04-29,7,RLS,8,10:30:00,,,1,2,Chordata,Actinopterygii,Scorpaeniformes,Sebastidae,Sebastes melanops,Sebastes melanops,30,1,369.1905,POINT (-125.16000366210938 48.95000076293945)
BMSC6,Baeria Rocks South Island,48.95,-125.16,2021-04-29,7,RLS,8,10:30:00,,,1,2,Chordata,Actinopterygii,Scorpaeniformes,Sebastidae,Sebastes spp.,Sebastes spp.,7.5,2,20.7036,POINT (-125.16000366210938 48.95000076293945)
BMSC6,Baeria Rocks South Island,48.95,-125.16,2021-04-29,7,RLS,8,10:30:00,,,1,2,Chordata,Actinopterygii,Scorpaeniformes,Sebastidae,Sebastes spp.,Sebastes spp.,10,1,24.5376,POINT (-125.16000366210938 48.95000076293945)
BMSC6,Baeria Rocks South Island,48.95,-125.16,2022-04-28,9,RLS,2,12:30:00,,,1,2,Chordata,Actinopterygii,Perciformes,Hexagrammidae,Hexagrammos decagrammus,Hexagrammos decagrammus,30,2,688.0106,POINT (-125.16000366210938 48.95000076293945)
BMSC6,Baeria Rocks South Island,48.95,-125.16,2022-04-28,9,RLS,2,12:30:00,,,1,1,Chordata,Actinopteri,Perciformes,Percidae,Percidae spp.,,15,1,,POINT (-125.16000366210938 48.95000076293945)
BMSC6,Baeria Rocks South Island,48.95,-125.16,2022-04-28,9,RLS,2,12:30:00,,,1,1,Chordata,Actinopterygii,Perciformes,Hexagrammidae,Hexagrammos decagrammus,Hexagrammos decagrammus,30,1,344.0053,POINT (-125.16000366210938 48.95000076293945)
BMSC6,Baeria Rocks South Island,48.95,-125.16,2022-04-28,6.5,RLS,2,10:40:00,,,1,2,Chordata,Actinopterygii,Perciformes,Hexagrammidae,Hexagrammos decagrammus,Hexagrammos decagrammus,30,2,688.0106,POINT (-125.16000366210938 48.95000076293945)
BMSC6,Baeria Rocks South Island,48.95,-125.16,2022-04-28,6.5,RLS,2,10:40:00,,,1,2,Chordata,Actinopterygii,Perciformes,Hexagrammidae,Hexagrammos decagrammus,Hexagrammos decagrammus,35,1,483.3065,POINT (-125.16000366210938 48.95000076293945)
BMSC6,Baeria Rocks South Island,48.95,-125.16,2022-04-28,6.5,RLS,2,10:40:00,,,1,2,Ctenophora,Tentaculata,Lobata,Bolinopsidae,Bolinopsis infundibulum,Bolinopsis infundibulum,0,1,,POINT (-125.16000366210938 48.95000076293945)
BMSC6,Baeria Rocks South Island,48.95,-125.16,2022-04-28,6.5,RLS,2,10:40:00,,,1,1,Chordata,Actinopterygii,Perciformes,Hexagrammidae,Hexagrammos decagrammus,Hexagrammos decagrammus,40,1,619.0955,POINT (-125.16000366210938 48.95000076293945)
BMSC6,Baeria Rocks South Island,48.95,-125.16,2022-04-28,6.5,RLS,2,10:40:00,,,1,1,Chordata,Actinopterygii,Perciformes,Hexagrammidae,Hexagrammos decagrammus,Hexagrammos decagrammus,50,1,1252.5757,POINT (-125.16000366210938 48.95000076293945)
BMSC6,Baeria Rocks South Island,48.95,-125.16,2023-05-17,5.5,RLS,5,10:20:00,,,1,1,Chordata,Actinopterygii,Perciformes,Hexagrammidae,Hexagrammos decagrammus,Hexagrammos decagrammus,20,1,150.0203,POINT (-125.16000366210938 48.95000076293945)
BMSC6,Baeria Rocks South Island,48.95,-125.16,2023-05-17,5.5,RLS,5,10:20:00,,,1,1,Chordata,Actinopterygii,Perciformes,Hexagrammidae,Hexagrammos decagrammus,Hexagrammos decagrammus,40,1,619.0955,POINT (-125.16000366210938 48.95000076293945)
BMSC6,Baeria Rocks South Island,48.95,-125.16,2023-05-17,5.5,RLS,5,10:20:00,,,1,1,Chordata,Actinopterygii,Scorpaeniformes,Hexagrammidae,Ophiodon elongatus,Ophiodon elongatus,100,1,5247.5923,POINT (-125.16000366210938 48.95000076293945)
BMSC6,Baeria Rocks South Island,48.95,-125.16,2023-05-17,10,RLS,5,10:25:00,,,1,2,Chordata,Actinopterygii,Perciformes,Hexagrammidae,Hexagrammos decagrammus,Hexagrammos decagrammus,30,5,1720.0266,POINT (-125.16000366210938 48.95000076293945)
BMSC6,Baeria Rocks South Island,48.95,-125.16,2023-05-17,10,RLS,5,10:25:00,,,1,2,Chordata,Actinopterygii,Scorpaeniformes,Hexagrammidae,Ophiodon elongatus,Ophiodon elongatus,62.5,1,1202.7167,POINT (-125.16000366210938 48.95000076293945)
BMSC6,Baeria Rocks South Island,48.95,-125.16,2023-05-17,10,RLS,5,10:25:00,,,1,2,Chordata,Actinopterygii,Scorpaeniformes,Hexagrammidae,Oxylebius pictus,Oxylebius pictus,15,1,73.4563,POINT (-125.16000366210938 48.95000076293945)
BMSC6,Baeria Rocks South Island,48.95,-125.16,2023-05-17,10,RLS,5,10:25:00,,,1,2,Chordata,Actinopterygii,Scorpaeniformes,Sebastidae,Sebastes caurinus,Sebastes caurinus,25,1,250.4119,POINT (-125.16000366210938 48.95000076293945)
BMSC6,Baeria Rocks South Island,48.95,-125.16,2023-05-17,10,RLS,5,10:25:00,,,1,1,Chordata,Actinopterygii,Perciformes,Hexagrammidae,Hexagrammos decagrammus,Hexagrammos decagrammus,30,3,1032.016,POINT (-125.16000366210938 48.95000076293945)
BMSC6,Baeria Rocks South Island,48.95,-125.16,2023-05-17,10,RLS,5,10:25:00,,,1,1,Chordata,Actinopterygii,Perciformes,Hexagrammidae,Hexagrammos decagrammus,Hexagrammos decagrammus,35,2,966.613,POINT (-125.16000366210938 48.95000076293945)
BMSC23,Aguilar Point,48.84,-125.14,2022-05-06,6.5,RLS,3,9:30:00,,,1,2,Chordata,Actinopterygii,Perciformes,Embiotocidae,Embiotoca lateralis,Embiotoca lateralis,15,2,240.9639,POINT (-125.13999938964844 48.84000015258789)
BMSC23,Aguilar Point,48.84,-125.14,2022-05-06,6.5,RLS,3,9:30:00,,,1,2,Chordata,Actinopterygii,Perciformes,Hexagrammidae,Hexagrammos decagrammus,Hexagrammos decagrammus,20,1,150.0203,POINT (-125.13999938964844 48.84000015258789)
BMSC23,Aguilar Point,48.84,-125.14,2022-05-06,6.5,RLS,3,9:30:00,,,1,2,Chordata,Actinopterygii,Perciformes,Hexagrammidae,Hexagrammos decagrammus,Hexagrammos decagrammus,25,2,464.3122,POINT (-125.13999938964844 48.84000015258789)
BMSC23,Aguilar Point,48.84,-125.14,2022-05-06,6.5,RLS,3,9:30:00,,,1,2,Chordata,Actinopterygii,Perciformes,Hexagrammidae,Hexagrammos decagrammus,Hexagrammos decagrammus,40,1,619.0955,POINT (-125.13999938964844 48.84000015258789)
BMSC23,Aguilar Point,48.84,-125.14,2022-05-06,6.5,RLS,3,9:30:00,,,1,2,Chordata,Actinopterygii,Scorpaeniformes,Hexagrammidae,Oxylebius pictus,Oxylebius pictus,0,1,,POINT (-125.13999938964844 48.84000015258789)
BMSC23,Aguilar Point,48.84,-125.14,2022-05-06,6.5,RLS,3,9:30:00,,,1,1,Chordata,Actinopterygii,Perciformes,Hexagrammidae,Hexagrammos decagrammus,Hexagrammos decagrammus,30,2,688.0106,POINT (-125.13999938964844 48.84000015258789)
BMSC23,Aguilar Point,48.84,-125.14,2022-05-06,6.5,RLS,3,9:30:00,,,1,1,Chordata,Actinopterygii,Perciformes,Hexagrammidae,Hexagrammos decagrammus,Hexagrammos decagrammus,35,1,483.3065,POINT (-125.13999938964844 48.84000015258789)
BMSC23,Aguilar Point,48.84,-125.14,2022-05-06,6.5,RLS,3,9:30:00,,,1,1,Chordata,Actinopterygii,Scorpaeniformes,Hexagrammidae,Oxylebius pictus,Oxylebius pictus,12.5,2,84.4011,POINT (-125.13999938964844 48.84000015258789)
BMSC23,Aguilar Point,48.84,-125.14,2023-05-11,7,RLS,3,12:22:00,,,1,2,Chordata,Actinopterygii,Perciformes,Gobiidae,Rhinogobiops nicholsii,Rhinogobiops nicholsii,7.5,2,15.5407,POINT (-125.13999938964844 48.84000015258789)
BMSC23,Aguilar Point,48.84,-125.14,2023-05-11,7,RLS,3,12:22:00,,,1,2,Chordata,Actinopterygii,Scorpaeniformes,Cottidae,Artedius harringtoni,Artedius harringtoni,5,1,1.9303,POINT (-125.13999938964844 48.84000015258789)
BMSC23,Aguilar Point,48.84,-125.14,2023-05-11,7,RLS,3,12:22:00,,,1,2,Chordata,Actinopterygii,Scorpaeniformes,Hexagrammidae,Ophiodon elongatus,Ophiodon elongatus,50,1,599.5206,POINT (-125.13999938964844 48.84000015258789)
BMSC23,Aguilar Point,48.84,-125.14,2023-05-11,7,RLS,3,12:22:00,,,1,2,Chordata,Actinopterygii,Scorpaeniformes,Sebastidae,Sebastes melanops,Sebastes melanops,20,21,3417.2395,POINT (-125.13999938964844 48.84000015258789)
BMSC23,Aguilar Point,48.84,-125.14,2023-05-11,7,RLS,3,12:22:00,,,1,1,Chordata,Actinopterygii,Perciformes,Gobiidae,Rhinogobiops nicholsii,Rhinogobiops nicholsii,5,3,6.7683,POINT (-125.13999938964844 48.84000015258789)
BMSC23,Aguilar Point,48.84,-125.14,2023-05-11,7,RLS,3,12:22:00,,,1,1,Chordata,Actinopterygii,Perciformes,Hexagrammidae,Hexagrammos decagrammus,Hexagrammos decagrammus,20,1,150.0203,POINT (-125.13999938964844 48.84000015258789)
BMSC23,Aguilar Point,48.84,-125.14,2023-05-11,7,RLS,3,12:22:00,,,1,1,Chordata,Actinopterygii,Perciformes,Hexagrammidae,Hexagrammos decagrammus,Hexagrammos decagrammus,25,1,232.1561,POINT (-125.13999938964844 48.84000015258789)
BMSC23,Aguilar Point,48.84,-125.14,2023-05-11,7,RLS,3,12:22:00,,,1,1,Chordata,Actinopterygii,Scorpaeniformes,Sebastidae,Sebastes caurinus,Sebastes caurinus,15,1,73.4918,POINT (-125.13999938964844 48.84000015258789)
BMSC23,Aguilar Point,48.84,-125.14,2023-05-11,7,RLS,3,12:22:00,,,1,1,Chordata,Actinopterygii,Scorpaeniformes,Sebastidae,Sebastes flavidus,Sebastes flavidus,7.5,1,8.6909,POINT (-125.13999938964844 48.84000015258789)
BMSC23,Aguilar Point,48.84,-125.14,2023-05-11,7,RLS,3,12:22:00,,,1,1,Chordata,Actinopterygii,Scorpaeniformes,Sebastidae,Sebastes pinniger,Sebastes pinniger,10,1,21.0804,POINT (-125.13999938964844 48.84000015258789)
BMSC25,Goby Town,48.84,-125.14,2023-05-18,5.7,RLS,4,13:20:00,,,1,2,Chordata,Actinopterygii,Perciformes,Gobiidae,Rhinogobiops nicholsii,Rhinogobiops nicholsii,7.5,5,38.8517,POINT (-125.13999938964844 48.84000015258789)
BMSC25,Goby Town,48.84,-125.14,2023-05-18,5.7,RLS,4,13:20:00,,,1,2,Chordata,Actinopterygii,Perciformes,Hexagrammidae,Hexagrammos decagrammus,Hexagrammos decagrammus,20,3,450.0609,POINT (-125.13999938964844 48.84000015258789)
BMSC25,Goby Town,48.84,-125.14,2023-05-18,5.7,RLS,4,13:20:00,,,1,2,Chordata,Actinopterygii,Perciformes,Hexagrammidae,Hexagrammos decagrammus,Hexagrammos decagrammus,25,3,696.4684,POINT (-125.13999938964844 48.84000015258789)
BMSC25,Goby Town,48.84,-125.14,2023-05-18,5.7,RLS,4,13:20:00,,,1,2,Chordata,Actinopterygii,Scorpaeniformes,Sebastidae,Sebastes caurinus,Sebastes caurinus,12.5,4,167.6567,POINT (-125.13999938964844 48.84000015258789)
BMSC25,Goby Town,48.84,-125.14,2023-05-18,5.7,RLS,4,13:20:00,,,1,2,Chordata,Actinopterygii,Scorpaeniformes,Sebastidae,Sebastes flavidus,Sebastes flavidus,10,2,42.1607,POINT (-125.13999938964844 48.84000015258789)
BMSC25,Goby Town,48.84,-125.14,2023-05-18,5.7,RLS,4,13:20:00,,,1,2,Chordata,Actinopterygii,Scorpaeniformes,Sebastidae,Sebastes maliger,Sebastes maliger,12.5,1,41.9142,POINT (-125.13999938964844 48.84000015258789)
BMSC25,Goby Town,48.84,-125.14,2023-05-18,5.7,RLS,4,13:20:00,,,1,2,Chordata,Actinopterygii,Scorpaeniformes,Sebastidae,Sebastes maliger,Sebastes maliger,15,1,73.4918,POINT (-125.13999938964844 48.84000015258789)
BMSC25,Goby Town,48.84,-125.14,2023-05-18,5.7,RLS,4,13:20:00,,,1,2,Chordata,Actinopterygii,Scorpaeniformes,Sebastidae,Sebastes melanops,Sebastes melanops,20,4,650.9028,POINT (-125.13999938964844 48.84000015258789)
BMSC25,Goby Town,48.84,-125.14,2023-05-18,5.7,RLS,4,13:20:00,,,1,1,Chordata,Actinopterygii,Perciformes,Hexagrammidae,Hexagrammos decagrammus,Hexagrammos decagrammus,15,2,134.1157,POINT (-125.13999938964844 48.84000015258789)
BMSC25,Goby Town,48.84,-125.14,2023-05-18,5.7,RLS,4,13:20:00,,,1,1,Chordata,Actinopterygii,Perciformes,Hexagrammidae,Hexagrammos decagrammus,Hexagrammos decagrammus,20,5,750.1016,POINT (-125.13999938964844 48.84000015258789)
BMSC25,Goby Town,48.84,-125.14,2023-05-18,5.7,RLS,4,13:20:00,,,1,1,Chordata,Actinopterygii,Perciformes,Hexagrammidae,Hexagrammos decagrammus,Hexagrammos decagrammus,25,3,696.4684,POINT (-125.13999938964844 48.84000015258789)
BMSC25,Goby Town,48.84,-125.14,2023-05-18,5.7,RLS,4,13:20:00,,,1,1,Chordata,Actinopterygii,Scorpaeniformes,Sebastidae,Sebastes flavidus,Sebastes flavidus,7.5,3,26.0728,POINT (-125.13999938964844 48.84000015258789)
BMSC25,Goby Town,48.84,-125.14,2023-05-18,5.7,RLS,4,13:20:00,,,1,1,Chordata,Actinopterygii,Scorpaeniformes,Sebastidae,Sebastes melanops,Sebastes melanops,12.5,3,125.7425,POINT (-125.13999938964844 48.84000015258789)
BMSC25,Goby Town,48.84,-125.14,2023-05-18,5.5,RLS,4,13:20:00,,,1,1,Chordata,Actinopterygii,Perciformes,Gobiidae,Rhinogobiops nicholsii,Rhinogobiops nicholsii,7.5,7,54.3924,POINT (-125.13999938964844 48.84000015258789)
BMSC25,Goby Town,48.84,-125.14,2023-05-18,5.5,RLS,4,13:20:00,,,1,1,Chordata,Actinopterygii,Perciformes,Hexagrammidae,Hexagrammos decagrammus,Hexagrammos decagrammus,20,5,750.1016,POINT (-125.13999938964844 48.84000015258789)
BMSC25,Goby Town,48.84,-125.14,2023-05-18,5.5,RLS,4,13:20:00,,,1,1,Chordata,Actinopterygii,Scorpaeniformes,Sebastidae,Sebastes flavidus,Sebastes flavidus,10,20,421.6073,POINT (-125.13999938964844 48.84000015258789)
BMSC25,Goby Town,48.84,-125.14,2023-05-18,5.5,RLS,4,13:20:00,,,1,1,Chordata,Actinopterygii,Scorpaeniformes,Sebastidae,Sebastes flavidus,Sebastes flavidus,15,5,367.4593,POINT (-125.13999938964844 48.84000015258789)
BMSC25,Goby Town,48.84,-125.14,2023-05-18,5.5,RLS,4,13:20:00,,,1,1,Chordata,Actinopterygii,Scorpaeniformes,Sebastidae,Sebastes maliger,Sebastes maliger,15,6,440.9511,POINT (-125.13999938964844 48.84000015258789)
BMSC25,Goby Town,48.84,-125.14,2023-05-18,5.5,RLS,4,13:20:00,,,1,1,Chordata,Actinopterygii,Scorpaeniformes,Sebastidae,Sebastes melanops,Sebastes melanops,15,1,73.4918,POINT (-125.13999938964844 48.84000015258789)
BMSC25,Goby Town,48.84,-125.14,2023-05-18,5.5,RLS,4,13:20:00,,,1,2,Chordata,Actinopterygii,Perciformes,Anarhichadidae,Anarrhichthys ocellatus,Anarrhichthys ocellatus,187.5,1,49590.867,POINT (-125.13999938964844 48.84000015258789)
BMSC25,Goby Town,48.84,-125.14,2023-05-18,5.5,RLS,4,13:20:00,,,1,2,Chordata,Actinopterygii,Perciformes,Gobiidae,Rhinogobiops nicholsii,Rhinogobiops nicholsii,7.5,8,62.1627,POINT (-125.13999938964844 48.84000015258789)
BMSC25,Goby Town,48.84,-125.14,2023-05-18,5.5,RLS,4,13:20:00,,,1,2,Chordata,Actinopterygii,Perciformes,Gobiidae,Rhinogobiops nicholsii,Rhinogobiops nicholsii,10,7,130.798,POINT (-125.13999938964844 48.84000015258789)
BMSC25,Goby Town,48.84,-125.14,2023-05-18,5.5,RLS,4,13:20:00,,,1,2,Chordata,Actinopterygii,Perciformes,Hexagrammidae,Hexagrammos decagrammus,Hexagrammos decagrammus,12.5,1,37.9668,POINT (-125.13999938964844 48.84000015258789)
BMSC25,Goby Town,48.84,-125.14,2023-05-18,5.5,RLS,4,13:20:00,,,1,2,Chordata,Actinopterygii,Scorpaeniformes,Hexagrammidae,Oxylebius pictus,Oxylebius pictus,20,1,160.9765,POINT (-125.13999938964844 48.84000015258789)
BMSC25,Goby Town,48.84,-125.14,2023-05-18,5.5,RLS,4,13:20:00,,,1,2,Chordata,Actinopterygii,Scorpaeniformes,Sebastidae,Sebastes caurinus,Sebastes caurinus,10,3,63.2411,POINT (-125.13999938964844 48.84000015258789)
BMSC25,Goby Town,48.84,-125.14,2023-05-18,5.5,RLS,4,13:20:00,,,1,2,Chordata,Actinopterygii,Scorpaeniformes,Sebastidae,Sebastes flavidus,Sebastes flavidus,10,13,274.0448,POINT (-125.13999938964844 48.84000015258789)
BMSC25,Goby Town,48.84,-125.14,2023-05-18,5.5,RLS,4,13:20:00,,,1,2,Chordata,Actinopterygii,Scorpaeniformes,Sebastidae,Sebastes melanops,Sebastes melanops,10,1,21.0804,POINT (-125.13999938964844 48.84000015258789)
BMSC9,Eagle Bay,48.83,-125.15,2021-04-30,6,RLS,3,10:30:00,,,1,1,Chordata,Actinopteri,Perciformes,Rhamphocottidae,Rhamphocottus richardsonii,Rhamphocottus richardsonii,5,1,2.3205,POINT (-125.1500015258789 48.83000183105469)
BMSC9,Eagle Bay,48.83,-125.15,2021-04-30,6,RLS,3,10:30:00,,,1,1,Chordata,Actinopterygii,Perciformes,Hexagrammidae,Hexagrammos decagrammus,Hexagrammos decagrammus,25,2,464.3122,POINT (-125.1500015258789 48.83000183105469)
BMSC9,Eagle Bay,48.83,-125.15,2021-04-30,6,RLS,3,10:30:00,,,1,1,Chordata,Actinopterygii,Scorpaeniformes,Hexagrammidae,Oxylebius pictus,Oxylebius pictus,12.5,1,42.2005,POINT (-125.1500015258789 48.83000183105469)
BMSC9,Eagle Bay,48.83,-125.15,2021-04-30,6,RLS,3,10:30:00,,,1,1,Chordata,Actinopterygii,Scorpaeniformes,Sebastidae,Sebastes melanops,Sebastes melanops,12.5,3,125.7425,POINT (-125.1500015258789 48.83000183105469)
BMSC9,Eagle Bay,48.83,-125.15,2021-04-30,6,RLS,3,10:30:00,,,1,1,Chordata,Actinopterygii,Scorpaeniformes,Sebastidae,Sebastes melanops,Sebastes melanops,25,2,500.8239,POINT (-125.1500015258789 48.83000183105469)
BMSC9,Eagle Bay,48.83,-125.15,2021-04-30,6,RLS,3,10:30:00,,,1,1,Chordata,Actinopterygii,Scorpaeniformes,Sebastidae,Sebastes nebulosus,Sebastes nebulosus,25,1,250.4119,POINT (-125.1500015258789 48.83000183105469)
BMSC9,Eagle Bay,48.83,-125.15,2021-04-30,6,RLS,3,10:30:00,,,1,2,Chordata,Actinopterygii,Perciformes,Gobiidae,Rhinogobiops nicholsii,Rhinogobiops nicholsii,7.5,1,7.7703,POINT (-125.1500015258789 48.83000183105469)
BMSC9,Eagle Bay,48.83,-125.15,2021-04-30,6,RLS,3,10:30:00,,,1,2,Chordata,Actinopterygii,Perciformes,Hexagrammidae,Hexagrammos decagrammus,Hexagrammos decagrammus,25,1,232.1561,POINT (-125.1500015258789 48.83000183105469)
BMSC9,Eagle Bay,48.83,-125.15,2021-04-30,6,RLS,3,10:30:00,,,1,2,Chordata,Actinopterygii,Scorpaeniformes,Sebastidae,Sebastes melanops,Sebastes melanops,10,4,84.3215,POINT (-125.1500015258789 48.83000183105469)
BMSC9,Eagle Bay,48.83,-125.15,2021-04-30,6,RLS,3,10:30:00,,,1,2,Chordata,Actinopterygii,Scorpaeniformes,Sebastidae,Sebastes melanops,Sebastes melanops,15,9,661.4267,POINT (-125.1500015258789 48.83000183105469)
BMSC4,Kii xin,48.82,-125.18,2021-04-28,7.5,RLS,2,12:30:00,,,1,1,Chordata,Actinopterygii,Perciformes,Hexagrammidae,Hexagrammos decagrammus,Hexagrammos decagrammus,7.5,1,7.7132,POINT (-125.18000030517578 48.81999969482422)
BMSC4,Kii xin,48.82,-125.18,2021-04-28,7.5,RLS,2,12:30:00,,,1,1,Chordata,Actinopterygii,Perciformes,Hexagrammidae,Hexagrammos decagrammus,Hexagrammos decagrammus,10,1,18.9254,POINT (-125.18000030517578 48.81999969482422)
BMSC4,Kii xin,48.82,-125.18,2021-04-28,7.5,RLS,2,12:30:00,,,1,2,Chordata,Actinopterygii,Perciformes,Hexagrammidae,Hexagrammos decagrammus,Hexagrammos decagrammus,7.5,2,15.4265,POINT (-125.18000030517578 48.81999969482422)
BMSC4,Kii xin,48.82,-125.18,2021-04-28,7.5,RLS,2,12:30:00,,,1,2,Chordata,Actinopterygii,Perciformes,Hexagrammidae,Hexagrammos decagrammus,Hexagrammos decagrammus,15,1,67.0579,POINT (-125.18000030517578 48.81999969482422)
BMSC9,Eagle Bay,48.83,-125.15,2022-05-02,6.5,RLS,3,13:45:00,,,1,2,Chordata,Actinopterygii,Perciformes,Hexagrammidae,Hexagrammos decagrammus,Hexagrammos decagrammus,15,1,67.0579,POINT (-125.1500015258789 48.83000183105469)
BMSC9,Eagle Bay,48.83,-125.15,2022-05-02,6.5,RLS,3,13:45:00,,,1,2,Chordata,Actinopterygii,Perciformes,Hexagrammidae,Hexagrammos decagrammus,Hexagrammos decagrammus,25,6,1392.9368,POINT (-125.1500015258789 48.83000183105469)
BMSC9,Eagle Bay,48.83,-125.15,2022-05-02,6.5,RLS,3,13:45:00,,,1,2,Chordata,Actinopterygii,Perciformes,Hexagrammidae,Hexagrammos decagrammus,Hexagrammos decagrammus,35,1,483.3065,POINT (-125.1500015258789 48.83000183105469)
BMSC9,Eagle Bay,48.83,-125.15,2022-05-02,6.5,RLS,3,13:45:00,,,1,2,Chordata,Actinopterygii,Scorpaeniformes,Sebastidae,Sebastes caurinus,Sebastes caurinus,15,1,73.4918,POINT (-125.1500015258789 48.83000183105469)
BMSC9,Eagle Bay,48.83,-125.15,2022-05-02,6.5,RLS,3,13:45:00,,,1,1,Chordata,Actinopterygii,Perciformes,Gobiidae,Rhinogobiops nicholsii,Rhinogobiops nicholsii,5,1,2.2561,POINT (-125.1500015258789 48.83000183105469)
BMSC9,Eagle Bay,48.83,-125.15,2022-05-02,6.5,RLS,3,13:45:00,,,1,1,Chordata,Actinopterygii,Perciformes,Gobiidae,Rhinogobiops nicholsii,Rhinogobiops nicholsii,10,2,37.3708,POINT (-125.1500015258789 48.83000183105469)
BMSC9,Eagle Bay,48.83,-125.15,2022-05-02,6.5,RLS,3,13:45:00,,,1,1,Chordata,Actinopterygii,Perciformes,Hexagrammidae,Hexagrammos decagrammus,Hexagrammos decagrammus,25,2,464.3122,POINT (-125.1500015258789 48.83000183105469)
BMSC9,Eagle Bay,48.83,-125.15,2022-05-02,6.5,RLS,3,13:45:00,,,1,1,Chordata,Actinopterygii,Perciformes,Hexagrammidae,Hexagrammos decagrammus,Hexagrammos decagrammus,30,1,344.0053,POINT (-125.1500015258789 48.83000183105469)
BMSC9,Eagle Bay,48.83,-125.15,2022-05-02,6.5,RLS,3,13:45:00,,,1,1,Chordata,Actinopterygii,Scorpaeniformes,Sebastidae,Sebastes caurinus,Sebastes caurinus,25,1,250.4119,POINT (-125.1500015258789 48.83000183105469)
BMSC9,Eagle Bay,48.83,-125.15,2022-05-02,6.5,RLS,3,13:45:00,,,1,1,Chordata,Actinopterygii,Scorpaeniformes,Sebastidae,Sebastes melanops,Sebastes melanops,12.5,1,41.9142,POINT (-125.1500015258789 48.83000183105469)
BMSC9,Eagle Bay,48.83,-125.15,2022-05-02,6.5,RLS,3,13:45:00,,,1,1,Chordata,Actinopterygii,Scorpaeniformes,Sebastidae,Sebastes melanops,Sebastes melanops,15,1,73.4918,POINT (-125.1500015258789 48.83000183105469)
BMSC9,Eagle Bay,48.83,-125.15,2022-05-02,6.5,RLS,3,13:45:00,,,1,1,Chordata,Actinopterygii,Scorpaeniformes,Sebastidae,Sebastes melanops,Sebastes melanops,20,1,162.7257,POINT (-125.1500015258789 48.83000183105469)
BMSC4,Kii xin,48.82,-125.18,2023-05-12,8.5,RLS,2,10:07:00,,,1,1,Chordata,Actinopterygii,Perciformes,Hexagrammidae,Hexagrammos decagrammus,Hexagrammos decagrammus,12.5,1,37.9668,POINT (-125.18000030517578 48.81999969482422)
BMSC4,Kii xin,48.82,-125.18,2023-05-12,8.5,RLS,2,10:07:00,,,1,1,Chordata,Actinopterygii,Perciformes,Hexagrammidae,Hexagrammos decagrammus,Hexagrammos decagrammus,20,1,150.0203,POINT (-125.18000030517578 48.81999969482422)
BMSC4,Kii xin,48.82,-125.18,2023-05-12,8.5,RLS,2,10:07:00,,,1,1,Chordata,Actinopterygii,Perciformes,Hexagrammidae,Hexagrammos decagrammus,Hexagrammos decagrammus,35,1,483.3065,POINT (-125.18000030517578 48.81999969482422)
BMSC9,Eagle Bay,48.83,-125.15,2023-05-11,6,RLS,2,9:38:00,,,1,2,Chordata,Actinopterygii,Perciformes,Gobiidae,Rhinogobiops nicholsii,Rhinogobiops nicholsii,7.5,2,15.5407,POINT (-125.1500015258789 48.83000183105469)
BMSC9,Eagle Bay,48.83,-125.15,2023-05-11,6,RLS,2,9:38:00,,,1,2,Chordata,Actinopterygii,Perciformes,Hexagrammidae,Hexagrammos decagrammus,Hexagrammos decagrammus,20,1,150.0203,POINT (-125.1500015258789 48.83000183105469)
BMSC9,Eagle Bay,48.83,-125.15,2023-05-11,6,RLS,2,9:38:00,,,1,2,Chordata,Actinopterygii,Perciformes,Hexagrammidae,Hexagrammos decagrammus,Hexagrammos decagrammus,30,2,688.0106,POINT (-125.1500015258789 48.83000183105469)
BMSC9,Eagle Bay,48.83,-125.15,2023-05-11,6,RLS,2,9:38:00,,,1,2,Chordata,Actinopterygii,Scorpaeniformes,Hexagrammidae,Oxylebius pictus,Oxylebius pictus,12.5,1,42.2005,POINT (-125.1500015258789 48.83000183105469)
BMSC9,Eagle Bay,48.83,-125.15,2023-05-11,6,RLS,2,9:38:00,,,1,2,Chordata,Actinopterygii,Scorpaeniformes,Sebastidae,Sebastes caurinus,Sebastes caurinus,15,1,73.4918,POINT (-125.1500015258789 48.83000183105469)
BMSC9,Eagle Bay,48.83,-125.15,2023-05-11,6,RLS,2,9:38:00,,,1,2,Chordata,Actinopterygii,Scorpaeniformes,Sebastidae,Sebastes melanops,Sebastes melanops,20,43,6997.2046,POINT (-125.1500015258789 48.83000183105469)
BMSC9,Eagle Bay,48.83,-125.15,2023-05-11,6,RLS,2,9:38:00,,,1,2,Chordata,Actinopterygii,Scorpaeniformes,Sebastidae,Sebastes melanops,Sebastes melanops,25,6,1502.4717,POINT (-125.1500015258789 48.83000183105469)
BMSC9,Eagle Bay,48.83,-125.15,2023-05-11,6,RLS,2,9:38:00,,,1,1,Chordata,Actinopterygii,Perciformes,Gobiidae,Rhinogobiops nicholsii,Rhinogobiops nicholsii,5,3,6.7683,POINT (-125.1500015258789 48.83000183105469)
BMSC9,Eagle Bay,48.83,-125.15,2023-05-11,6,RLS,2,9:38:00,,,1,1,Chordata,Actinopterygii,Perciformes,Gobiidae,Rhinogobiops nicholsii,Rhinogobiops nicholsii,7.5,5,38.8517,POINT (-125.1500015258789 48.83000183105469)
BMSC9,Eagle Bay,48.83,-125.15,2023-05-11,6,RLS,2,9:38:00,,,1,1,Chordata,Actinopterygii,Perciformes,Hexagrammidae,Hexagrammos decagrammus,Hexagrammos decagrammus,20,1,150.0203,POINT (-125.1500015258789 48.83000183105469)
BMSC9,Eagle Bay,48.83,-125.15,2023-05-11,6,RLS,2,9:38:00,,,1,1,Chordata,Actinopterygii,Perciformes,Hexagrammidae,Hexagrammos decagrammus,Hexagrammos decagrammus,25,1,232.1561,POINT (-125.1500015258789 48.83000183105469)
BMSC9,Eagle Bay,48.83,-125.15,2023-05-11,6,RLS,2,9:38:00,,,1,1,Chordata,Actinopterygii,Scorpaeniformes,Sebastidae,Sebastes caurinus,Sebastes caurinus,15,2,146.9837,POINT (-125.1500015258789 48.83000183105469)
BMSC9,Eagle Bay,48.83,-125.15,2023-05-11,6,RLS,2,9:38:00,,,1,1,Chordata,Actinopterygii,Scorpaeniformes,Sebastidae,Sebastes flavidus,Sebastes flavidus,12.5,1,41.9142,POINT (-125.1500015258789 48.83000183105469)
BMSC9,Eagle Bay,48.83,-125.15,2023-05-11,6,RLS,2,9:38:00,,,1,1,Chordata,Actinopterygii,Scorpaeniformes,Sebastidae,Sebastes maliger,Sebastes maliger,20,1,162.7257,POINT (-125.1500015258789 48.83000183105469)
BMSC9,Eagle Bay,48.83,-125.15,2023-05-11,6,RLS,2,9:38:00,,,1,1,Chordata,Actinopterygii,Scorpaeniformes,Sebastidae,Sebastes melanops,Sebastes melanops,15,4,293.9674,POINT (-125.1500015258789 48.83000183105469)
BMSC9,Eagle Bay,48.83,-125.15,2023-05-11,6,RLS,2,9:38:00,,,1,1,Chordata,Actinopterygii,Scorpaeniformes,Sebastidae,Sebastes melanops,Sebastes melanops,20,5,813.6285,POINT (-125.1500015258789 48.83000183105469)
KCCA13,Second Beach South,48.82,-125.18,2023-06-07,4.9,RLS,2,9:44:00,,,1,2,Chordata,Actinopterygii,Perciformes,Hexagrammidae,Hexagrammos decagrammus,Hexagrammos decagrammus,12.5,1,37.9668,POINT (-125.18000030517578 48.81999969482422)
KCCA13,Second Beach South,48.82,-125.18,2023-06-07,4.9,RLS,2,9:44:00,,,1,1,Chordata,Actinopterygii,Perciformes,Hexagrammidae,Hexagrammos decagrammus,Hexagrammos decagrammus,20,1,150.0203,POINT (-125.18000030517578 48.81999969482422)
KCCA13,Second Beach South,48.82,-125.18,2023-06-07,4.9,RLS,2,9:44:00,,,1,1,Chordata,Actinopterygii,Perciformes,Hexagrammidae,Hexagrammos decagrammus,Hexagrammos decagrammus,30,1,344.0053,POINT (-125.18000030517578 48.81999969482422)
BMSC28,Swiss Boy,48.92,-125.13,2023-05-18,11,RLS,6,10:27:00,,,1,2,Chordata,Actinopterygii,Perciformes,Hexagrammidae,Hexagrammos decagrammus,Hexagrammos decagrammus,20,1,150.0203,POINT (-125.12999725341797 48.91999816894531)
BMSC28,Swiss Boy,48.92,-125.13,2023-05-18,11,RLS,6,10:27:00,,,1,2,Chordata,Actinopterygii,Perciformes,Hexagrammidae,Hexagrammos decagrammus,Hexagrammos decagrammus,25,2,464.3122,POINT (-125.12999725341797 48.91999816894531)
BMSC28,Swiss Boy,48.92,-125.13,2023-05-18,11,RLS,6,10:27:00,,,1,2,Chordata,Actinopterygii,Perciformes,Hexagrammidae,Hexagrammos decagrammus,Hexagrammos decagrammus,30,3,1032.016,POINT (-125.12999725341797 48.91999816894531)
BMSC28,Swiss Boy,48.92,-125.13,2023-05-18,11,RLS,6,10:27:00,,,1,2,Chordata,Actinopterygii,Perciformes,Hexagrammidae,Hexagrammos decagrammus,Hexagrammos decagrammus,35,1,483.3065,POINT (-125.12999725341797 48.91999816894531)
BMSC28,Swiss Boy,48.92,-125.13,2023-05-18,11,RLS,6,10:27:00,,,1,2,Chordata,Actinopterygii,Scorpaeniformes,Cottidae,Artedius harringtoni,Artedius harringtoni,2.5,1,0.2205,POINT (-125.12999725341797 48.91999816894531)
BMSC28,Swiss Boy,48.92,-125.13,2023-05-18,11,RLS,6,10:27:00,,,1,2,Chordata,Actinopterygii,Scorpaeniformes,Cottidae,Jordania zonope,Jordania zonope,5,2,3.8605,POINT (-125.12999725341797 48.91999816894531)
BMSC28,Swiss Boy,48.92,-125.13,2023-05-18,11,RLS,6,10:27:00,,,1,2,Chordata,Actinopterygii,Scorpaeniformes,Cottidae,Jordania zonope,Jordania zonope,7.5,1,6.8672,POINT (-125.12999725341797 48.91999816894531)
BMSC28,Swiss Boy,48.92,-125.13,2023-05-18,11,RLS,6,10:27:00,,,1,2,Chordata,Actinopterygii,Scorpaeniformes,Hexagrammidae,Ophiodon elongatus,Ophiodon elongatus,40,1,296.3178,POINT (-125.12999725341797 48.91999816894531)
BMSC28,Swiss Boy,48.92,-125.13,2023-05-18,11,RLS,6,10:27:00,,,1,2,Chordata,Actinopterygii,Scorpaeniformes,Hexagrammidae,Ophiodon elongatus,Ophiodon elongatus,50,2,1199.0411,POINT (-125.12999725341797 48.91999816894531)
BMSC28,Swiss Boy,48.92,-125.13,2023-05-18,11,RLS,6,10:27:00,,,1,2,Chordata,Actinopterygii,Scorpaeniformes,Sebastidae,Sebastes nebulosus,Sebastes nebulosus,30,1,369.1905,POINT (-125.12999725341797 48.91999816894531)
BMSC28,Swiss Boy,48.92,-125.13,2023-05-18,11,RLS,6,10:27:00,,,1,1,Chordata,Actinopterygii,Perciformes,Hexagrammidae,Hexagrammos decagrammus,Hexagrammos decagrammus,20,1,150.0203,POINT (-125.12999725341797 48.91999816894531)
BMSC28,Swiss Boy,48.92,-125.13,2023-05-18,11,RLS,6,10:27:00,,,1,1,Chordata,Actinopterygii,Perciformes,Hexagrammidae,Hexagrammos decagrammus,Hexagrammos decagrammus,25,1,232.1561,POINT (-125.12999725341797 48.91999816894531)
BMSC28,Swiss Boy,48.92,-125.13,2023-05-18,11,RLS,6,10:27:00,,,1,1,Chordata,Actinopterygii,Perciformes,Hexagrammidae,Hexagrammos decagrammus,Hexagrammos decagrammus,30,2,688.0106,POINT (-125.12999725341797 48.91999816894531)
BMSC28,Swiss Boy,48.92,-125.13,2023-05-18,11,RLS,6,10:27:00,,,1,1,Chordata,Actinopterygii,Scorpaeniformes,Hexagrammidae,Ophiodon elongatus,Ophiodon elongatus,35,1,231.3251,POINT (-125.12999725341797 48.91999816894531)
BMSC28,Swiss Boy,48.92,-125.13,2023-05-18,11,RLS,6,10:27:00,,,1,1,Chordata,Actinopterygii,Scorpaeniformes,Hexagrammidae,Ophiodon elongatus,Ophiodon elongatus,62.5,1,1202.7167,POINT (-125.12999725341797 48.91999816894531)
BMSC28,Swiss Boy,48.92,-125.13,2023-05-18,11,RLS,6,10:27:00,,,1,1,Chordata,Actinopterygii,Scorpaeniformes,Sebastidae,Sebastes caurinus,Sebastes caurinus,35,1,516.4341,POINT (-125.12999725341797 48.91999816894531)
BMSC28,Swiss Boy,48.92,-125.13,2023-05-18,11,RLS,6,10:27:00,,,1,1,Chordata,Actinopterygii,Scorpaeniformes,Sebastidae,Sebastes flavidus,Sebastes flavidus,20,5,813.6285,POINT (-125.12999725341797 48.91999816894531)
BMSC28,Swiss Boy,48.92,-125.13,2023-05-18,11,RLS,6,10:27:00,,,1,1,Chordata,Actinopterygii,Scorpaeniformes,Sebastidae,Sebastes flavidus,Sebastes flavidus,25,4,1001.6478,POINT (-125.12999725341797 48.91999816894531)
BMSC28,Swiss Boy,48.92,-125.13,2023-05-18,11,RLS,6,10:27:00,,,1,1,Chordata,Actinopterygii,Scorpaeniformes,Sebastidae,Sebastes melanops,Sebastes melanops,15,1,73.4918,POINT (-125.12999725341797 48.91999816894531)
BMSC28,Swiss Boy,48.92,-125.13,2023-05-18,11,RLS,6,10:27:00,,,1,1,Chordata,Actinopterygii,Scorpaeniformes,Sebastidae,Sebastes melanops,Sebastes melanops,20,12,1952.7083,POINT (-125.12999725341797 48.91999816894531)
BMSC28,Swiss Boy,48.92,-125.13,2023-05-18,11,RLS,6,10:27:00,,,1,1,Chordata,Actinopterygii,Scorpaeniformes,Sebastidae,Sebastes melanops,Sebastes melanops,30,3,1107.5715,POINT (-125.12999725341797 48.91999816894531)
BMSC28,Swiss Boy,48.92,-125.13,2023-05-18,11,RLS,6,10:27:00,,,1,1,Chordata,Actinopterygii,Scorpaeniformes,Sebastidae,Sebastes nebulosus,Sebastes nebulosus,20,1,162.7257,POINT (-125.12999725341797 48.91999816894531)
BMSC28,Swiss Boy,48.92,-125.13,2023-05-18,7.5,RLS,6,10:30:00,,,1,1,Chordata,Actinopterygii,Perciformes,Hexagrammidae,Hexagrammos decagrammus,Hexagrammos decagrammus,15,4,268.2315,POINT (-125.12999725341797 48.91999816894531)
BMSC28,Swiss Boy,48.92,-125.13,2023-05-18,7.5,RLS,6,10:30:00,,,1,1,Chordata,Actinopterygii,Perciformes,Hexagrammidae,Hexagrammos decagrammus,Hexagrammos decagrammus,20,2,300.0406,POINT (-125.12999725341797 48.91999816894531)
BMSC28,Swiss Boy,48.92,-125.13,2023-05-18,7.5,RLS,6,10:30:00,,,1,1,Chordata,Actinopterygii,Perciformes,Hexagrammidae,Hexagrammos decagrammus,Hexagrammos decagrammus,25,5,1160.7806,POINT (-125.12999725341797 48.91999816894531)
BMSC28,Swiss Boy,48.92,-125.13,2023-05-18,7.5,RLS,6,10:30:00,,,1,1,Chordata,Actinopterygii,Perciformes,Hexagrammidae,Hexagrammos decagrammus,Hexagrammos decagrammus,30,6,2064.032,POINT (-125.12999725341797 48.91999816894531)
BMSC28,Swiss Boy,48.92,-125.13,2023-05-18,7.5,RLS,6,10:30:00,,,1,1,Chordata,Actinopterygii,Scorpaeniformes,Hexagrammidae,Ophiodon elongatus,Ophiodon elongatus,40,2,592.6357,POINT (-125.12999725341797 48.91999816894531)
BMSC28,Swiss Boy,48.92,-125.13,2023-05-18,7.5,RLS,6,10:30:00,,,1,1,Chordata,Actinopterygii,Scorpaeniformes,Sebastidae,Sebastes melanops,Sebastes melanops,15,7,514.443,POINT (-125.12999725341797 48.91999816894531)
BMSC28,Swiss Boy,48.92,-125.13,2023-05-18,7.5,RLS,6,10:30:00,,,1,1,Chordata,Actinopterygii,Scorpaeniformes,Sebastidae,Sebastes melanops,Sebastes melanops,20,2,325.4514,POINT (-125.12999725341797 48.91999816894531)
BMSC28,Swiss Boy,48.92,-125.13,2023-05-18,7.5,RLS,6,10:30:00,,,1,2,Chordata,Actinopterygii,Perciformes,Embiotocidae,Embiotoca lateralis,Embiotoca lateralis,10,5,177.0502,POINT (-125.12999725341797 48.91999816894531)
BMSC28,Swiss Boy,48.92,-125.13,2023-05-18,7.5,RLS,6,10:30:00,,,1,2,Chordata,Actinopterygii,Perciformes,Embiotocidae,Embiotoca lateralis,Embiotoca lateralis,12.5,2,138.9391,POINT (-125.12999725341797 48.91999816894531)
BMSC28,Swiss Boy,48.92,-125.13,2023-05-18,7.5,RLS,6,10:30:00,,,1,2,Chordata,Actinopterygii,Perciformes,Embiotocidae,Embiotoca lateralis,Embiotoca lateralis,15,11,1325.3013,POINT (-125.12999725341797 48.91999816894531)
BMSC28,Swiss Boy,48.92,-125.13,2023-05-18,7.5,RLS,6,10:30:00,,,1,2,Chordata,Actinopterygii,Perciformes,Embiotocidae,Embiotoca lateralis,Embiotoca lateralis,20,5,1313.3602,POINT (-125.12999725341797 48.91999816894531)
BMSC28,Swiss Boy,48.92,-125.13,2023-05-18,7.5,RLS,6,10:30:00,,,1,2,Chordata,Actinopterygii,Perciformes,Embiotocidae,Rhacochilus vacca,Rhacochilus vacca,15,7,843.3735,POINT (-125.12999725341797 48.91999816894531)
BMSC28,Swiss Boy,48.92,-125.13,2023-05-18,7.5,RLS,6,10:30:00,,,1,2,Chordata,Actinopterygii,Perciformes,Embiotocidae,Rhacochilus vacca,Rhacochilus vacca,20,5,1313.3602,POINT (-125.12999725341797 48.91999816894531)
BMSC28,Swiss Boy,48.92,-125.13,2023-05-18,7.5,RLS,6,10:30:00,,,1,2,Chordata,Actinopterygii,Perciformes,Hexagrammidae,Hexagrammos decagrammus,Hexagrammos decagrammus,20,2,300.0406,POINT (-125.12999725341797 48.91999816894531)
BMSC28,Swiss Boy,48.92,-125.13,2023-05-18,7.5,RLS,6,10:30:00,,,1,2,Chordata,Actinopterygii,Perciformes,Hexagrammidae,Hexagrammos decagrammus,Hexagrammos decagrammus,25,1,232.1561,POINT (-125.12999725341797 48.91999816894531)
BMSC28,Swiss Boy,48.92,-125.13,2023-05-18,7.5,RLS,6,10:30:00,,,1,2,Chordata,Actinopterygii,Perciformes,Hexagrammidae,Hexagrammos decagrammus,Hexagrammos decagrammus,30,3,1032.016,POINT (-125.12999725341797 48.91999816894531)
BMSC28,Swiss Boy,48.92,-125.13,2023-05-18,7.5,RLS,6,10:30:00,,,1,2,Chordata,Actinopterygii,Perciformes,Hexagrammidae,Hexagrammos decagrammus,Hexagrammos decagrammus,35,2,966.613,POINT (-125.12999725341797 48.91999816894531)
BMSC28,Swiss Boy,48.92,-125.13,2023-05-18,7.5,RLS,6,10:30:00,,,1,2,Chordata,Actinopterygii,Scorpaeniformes,Hexagrammidae,Ophiodon elongatus,Ophiodon elongatus,50,1,599.5206,POINT (-125.12999725341797 48.91999816894531)
BMSC28,Swiss Boy,48.92,-125.13,2023-05-18,7.5,RLS,6,10:30:00,,,1,2,Ctenophora,Tentaculata,Lobata,Bolinopsidae,Bolinopsis infundibulum,Bolinopsis infundibulum,0,1,,POINT (-125.12999725341797 48.91999816894531)
BMSC18,Eussen Rock,48.91,-125.27,2021-05-05,7.5,RLS,4,14:45:00,,,1,1,Chordata,Actinopterygii,Perciformes,Hexagrammidae,Hexagrammos decagrammus,Hexagrammos decagrammus,30,1,344.0053,POINT (-125.2699966430664 48.90999984741211)
BMSC18,Eussen Rock,48.91,-125.27,2021-05-05,7.5,RLS,4,14:45:00,,,1,1,Chordata,Actinopterygii,Scorpaeniformes,Hexagrammidae,Oxylebius pictus,Oxylebius pictus,7.5,1,8.931,POINT (-125.2699966430664 48.90999984741211)
BMSC18,Eussen Rock,48.91,-125.27,2021-05-05,7.5,RLS,4,14:45:00,,,1,1,Chordata,Actinopterygii,Scorpaeniformes,Sebastidae,Sebastes flavidus,Sebastes flavidus,20,13,2115.434,POINT (-125.2699966430664 48.90999984741211)
BMSC18,Eussen Rock,48.91,-125.27,2021-05-05,7.5,RLS,4,14:45:00,,,1,1,Chordata,Actinopterygii,Scorpaeniformes,Sebastidae,Sebastes flavidus,Sebastes flavidus,25,33,8263.595,POINT (-125.2699966430664 48.90999984741211)
BMSC18,Eussen Rock,48.91,-125.27,2021-05-05,7.5,RLS,4,14:45:00,,,1,1,Chordata,Actinopterygii,Scorpaeniformes,Sebastidae,Sebastes melanops,Sebastes melanops,15,3,220.4756,POINT (-125.2699966430664 48.90999984741211)
BMSC18,Eussen Rock,48.91,-125.27,2021-05-05,7.5,RLS,4,14:45:00,,,1,1,Chordata,Actinopterygii,Scorpaeniformes,Sebastidae,Sebastes melanops,Sebastes melanops,20,5,813.6285,POINT (-125.2699966430664 48.90999984741211)
BMSC18,Eussen Rock,48.91,-125.27,2021-05-05,7.5,RLS,4,14:45:00,,,1,1,Chordata,Actinopterygii,Scorpaeniformes,Sebastidae,Sebastes nebulosus,Sebastes nebulosus,25,1,250.4119,POINT (-125.2699966430664 48.90999984741211)
BMSC18,Eussen Rock,48.91,-125.27,2021-05-05,7.5,RLS,4,14:45:00,,,1,1,Chordata,Actinopterygii,Scorpaeniformes,Sebastidae,Sebastes spp.,Sebastes spp.,10,2,49.0752,POINT (-125.2699966430664 48.90999984741211)
BMSC18,Eussen Rock,48.91,-125.27,2021-05-05,7.5,RLS,4,14:45:00,,,1,2,Chordata,Actinopterygii,Perciformes,Gobiidae,Rhinogobiops nicholsii,Rhinogobiops nicholsii,5,6,13.5367,POINT (-125.2699966430664 48.90999984741211)
BMSC18,Eussen Rock,48.91,-125.27,2021-05-05,7.5,RLS,4,14:45:00,,,1,2,Chordata,Actinopterygii,Perciformes,Gobiidae,Rhinogobiops nicholsii,Rhinogobiops nicholsii,7.5,19,147.6364,POINT (-125.2699966430664 48.90999984741211)
BMSC18,Eussen Rock,48.91,-125.27,2021-05-05,7.5,RLS,4,14:45:00,,,1,2,Chordata,Actinopterygii,Perciformes,Gobiidae,Rhinogobiops nicholsii,Rhinogobiops nicholsii,10,21,392.3939,POINT (-125.2699966430664 48.90999984741211)
BMSC18,Eussen Rock,48.91,-125.27,2021-05-05,7.5,RLS,4,14:45:00,,,1,2,Chordata,Actinopterygii,Perciformes,Hexagrammidae,Hexagrammos decagrammus,Hexagrammos decagrammus,30,2,688.0106,POINT (-125.2699966430664 48.90999984741211)
BMSC18,Eussen Rock,48.91,-125.27,2021-05-05,7.5,RLS,4,14:45:00,,,1,2,Chordata,Actinopterygii,Perciformes,Hexagrammidae,Hexagrammos decagrammus,Hexagrammos decagrammus,35,1,483.3065,POINT (-125.2699966430664 48.90999984741211)
BMSC18,Eussen Rock,48.91,-125.27,2021-05-05,7.5,RLS,4,14:45:00,,,1,2,Chordata,Actinopterygii,Scorpaeniformes,Hexagrammidae,Oxylebius pictus,Oxylebius pictus,12.5,1,42.2005,POINT (-125.2699966430664 48.90999984741211)
BMSC18,Eussen Rock,48.91,-125.27,2021-05-05,7.5,RLS,4,14:45:00,,,1,2,Chordata,Actinopterygii,Scorpaeniformes,Sebastidae,Sebastes flavidus,Sebastes flavidus,12.5,9,377.2276,POINT (-125.2699966430664 48.90999984741211)
BMSC18,Eussen Rock,48.91,-125.27,2021-05-05,7.5,RLS,4,14:45:00,,,1,2,Chordata,Actinopterygii,Scorpaeniformes,Sebastidae,Sebastes flavidus,Sebastes flavidus,15,6,440.9511,POINT (-125.2699966430664 48.90999984741211)
BMSC18,Eussen Rock,48.91,-125.27,2021-05-05,7.5,RLS,4,14:45:00,,,1,2,Chordata,Actinopterygii,Scorpaeniformes,Sebastidae,Sebastes flavidus,Sebastes flavidus,20,3,488.1771,POINT (-125.2699966430664 48.90999984741211)
BMSC18,Eussen Rock,48.91,-125.27,2021-05-05,7.5,RLS,4,14:45:00,,,1,2,Chordata,Actinopterygii,Scorpaeniformes,Sebastidae,Sebastes melanops,Sebastes melanops,5,1,2.4929,POINT (-125.2699966430664 48.90999984741211)
BMSC18,Eussen Rock,48.91,-125.27,2021-05-05,7.5,RLS,4,14:45:00,,,1,2,Chordata,Actinopterygii,Scorpaeniformes,Sebastidae,Sebastes melanops,Sebastes melanops,7.5,2,17.3819,POINT (-125.2699966430664 48.90999984741211)
BMSC18,Eussen Rock,48.91,-125.27,2021-05-05,7.5,RLS,4,14:45:00,,,1,2,Chordata,Actinopterygii,Scorpaeniformes,Sebastidae,Sebastes melanops,Sebastes melanops,10,4,84.3215,POINT (-125.2699966430664 48.90999984741211)
BMSC18,Eussen Rock,48.91,-125.27,2021-05-05,7.5,RLS,4,14:45:00,,,1,2,Chordata,Actinopterygii,Scorpaeniformes,Sebastidae,Sebastes melanops,Sebastes melanops,12.5,2,83.8284,POINT (-125.2699966430664 48.90999984741211)
BMSC18,Eussen Rock,48.91,-125.27,2021-05-05,7.5,RLS,4,14:45:00,,,1,2,Chordata,Actinopterygii,Scorpaeniformes,Sebastidae,Sebastes melanops,Sebastes melanops,15,1,73.4918,POINT (-125.2699966430664 48.90999984741211)
BMSC18,Eussen Rock,48.91,-125.27,2021-05-05,7.5,RLS,4,14:45:00,,,1,2,Chordata,Actinopterygii,Scorpaeniformes,Sebastidae,Sebastes melanops,Sebastes melanops,20,2,325.4514,POINT (-125.2699966430664 48.90999984741211)
BMSC18,Eussen Rock,48.91,-125.27,2021-05-05,7.5,RLS,4,14:45:00,,,1,2,Chordata,Actinopterygii,Scorpaeniformes,Sebastidae,Sebastes melanops,Sebastes melanops,25,2,500.8239,POINT (-125.2699966430664 48.90999984741211)
BMSC18,Eussen Rock,48.91,-125.27,2021-05-05,7.5,RLS,4,14:45:00,,,1,2,Chordata,Actinopterygii,Scorpaeniformes,Sebastidae,Sebastes nebulosus,Sebastes nebulosus,10,1,21.0804,POINT (-125.2699966430664 48.90999984741211)
BMSC18,Eussen Rock,48.91,-125.27,2021-05-05,7.5,RLS,4,14:45:00,,,1,2,Chordata,Actinopterygii,Scorpaeniformes,Sebastidae,Sebastes nebulosus,Sebastes nebulosus,20,1,162.7257,POINT (-125.2699966430664 48.90999984741211)
BMSC18,Eussen Rock,48.91,-125.27,2021-05-05,7.5,RLS,4,14:45:00,,,1,2,Chordata,Actinopterygii,Scorpaeniformes,Sebastidae,Sebastes nebulosus,Sebastes nebulosus,25,2,500.8239,POINT (-125.2699966430664 48.90999984741211)
BMSC18,Eussen Rock,48.91,-125.27,2021-05-05,7.5,RLS,4,14:45:00,,,1,2,Chordata,Actinopterygii,Scorpaeniformes,Sebastidae,Sebastes nebulosus,Sebastes nebulosus,30,2,738.381,POINT (-125.2699966430664 48.90999984741211)
BMSC18,Eussen Rock,48.91,-125.27,2021-05-05,7.5,RLS,4,14:45:00,,,1,2,Chordata,Actinopterygii,Scorpaeniformes,Sebastidae,Sebastes spp.,Sebastes spp.,5,1,3.0672,POINT (-125.2699966430664 48.90999984741211)
BMSC18,Eussen Rock,48.91,-125.27,2021-05-05,7.5,RLS,4,14:45:00,,,1,2,Chordata,Actinopterygii,Scorpaeniformes,Sebastidae,Sebastes spp.,Sebastes spp.,7.5,5,51.759,POINT (-125.2699966430664 48.90999984741211)
BMSC18,Eussen Rock,48.91,-125.27,2022-04-27,7.5,RLS,2,14:40:00,,,1,2,Chordata,Actinopterygii,Perciformes,Hexagrammidae,Hexagrammos decagrammus,Hexagrammos decagrammus,35,1,483.3065,POINT (-125.2699966430664 48.90999984741211)
BMSC18,Eussen Rock,48.91,-125.27,2022-04-27,7.5,RLS,2,14:40:00,,,1,2,Chordata,Actinopterygii,Perciformes,Hexagrammidae,Hexagrammos decagrammus,Hexagrammos decagrammus,40,1,619.0955,POINT (-125.2699966430664 48.90999984741211)
BMSC18,Eussen Rock,48.91,-125.27,2022-04-27,7.5,RLS,2,14:40:00,,,1,2,Chordata,Actinopterygii,Scorpaeniformes,Sebastidae,Sebastes flavidus,Sebastes flavidus,25,2,500.8239,POINT (-125.2699966430664 48.90999984741211)
BMSC18,Eussen Rock,48.91,-125.27,2022-04-27,7.5,RLS,2,14:40:00,,,1,2,Chordata,Actinopterygii,Scorpaeniformes,Sebastidae,Sebastes flavidus,Sebastes flavidus,30,2,738.381,POINT (-125.2699966430664 48.90999984741211)
BMSC18,Eussen Rock,48.91,-125.27,2022-04-27,7.5,RLS,2,14:40:00,,,1,2,Chordata,Actinopterygii,Scorpaeniformes,Sebastidae,Sebastes flavidus,Sebastes flavidus,35,3,1549.3024,POINT (-125.2699966430664 48.90999984741211)
BMSC18,Eussen Rock,48.91,-125.27,2022-04-27,7.5,RLS,2,14:40:00,,,1,2,Chordata,Actinopterygii,Scorpaeniformes,Sebastidae,Sebastes flavidus,Sebastes flavidus,40,5,3297.1702,POINT (-125.2699966430664 48.90999984741211)
BMSC18,Eussen Rock,48.91,-125.27,2022-04-27,7.5,RLS,2,14:40:00,,,1,2,Chordata,Actinopterygii,Scorpaeniformes,Sebastidae,Sebastes melanops,Sebastes melanops,20,1,162.7257,POINT (-125.2699966430664 48.90999984741211)
BMSC18,Eussen Rock,48.91,-125.27,2022-04-27,7.5,RLS,2,14:40:00,,,1,2,Chordata,Actinopterygii,Scorpaeniformes,Sebastidae,Sebastes melanops,Sebastes melanops,25,2,500.8239,POINT (-125.2699966430664 48.90999984741211)
BMSC18,Eussen Rock,48.91,-125.27,2022-04-27,7.5,RLS,2,14:40:00,,,1,2,Chordata,Actinopterygii,Scorpaeniformes,Sebastidae,Sebastes melanops,Sebastes melanops,30,1,369.1905,POINT (-125.2699966430664 48.90999984741211)
BMSC18,Eussen Rock,48.91,-125.27,2022-04-27,7.5,RLS,2,14:40:00,,,1,2,Chordata,Actinopterygii,Scorpaeniformes,Sebastidae,Sebastes nebulosus,Sebastes nebulosus,30,1,369.1905,POINT (-125.2699966430664 48.90999984741211)
BMSC18,Eussen Rock,48.91,-125.27,2022-04-27,7.5,RLS,2,14:40:00,,,1,2,Chordata,Actinopterygii,Scorpaeniformes,Sebastidae,Sebastes nebulosus,Sebastes nebulosus,35,1,516.4341,POINT (-125.2699966430664 48.90999984741211)
BMSC18,Eussen Rock,48.91,-125.27,2022-04-27,7.5,RLS,2,14:40:00,,,1,1,Chordata,Actinopterygii,Perciformes,Gobiidae,Rhinogobiops nicholsii,Rhinogobiops nicholsii,7.5,2,15.5407,POINT (-125.2699966430664 48.90999984741211)
BMSC18,Eussen Rock,48.91,-125.27,2022-04-27,7.5,RLS,2,14:40:00,,,1,1,Chordata,Actinopterygii,Perciformes,Gobiidae,Rhinogobiops nicholsii,Rhinogobiops nicholsii,10,5,93.4271,POINT (-125.2699966430664 48.90999984741211)
BMSC18,Eussen Rock,48.91,-125.27,2022-04-27,7.5,RLS,2,14:40:00,,,1,1,Chordata,Actinopterygii,Perciformes,Gobiidae,Rhinogobiops nicholsii,Rhinogobiops nicholsii,12.5,2,73.8089,POINT (-125.2699966430664 48.90999984741211)
BMSC18,Eussen Rock,48.91,-125.27,2022-04-27,7.5,RLS,2,14:40:00,,,1,1,Chordata,Actinopterygii,Perciformes,Hexagrammidae,Hexagrammos decagrammus,Hexagrammos decagrammus,35,1,483.3065,POINT (-125.2699966430664 48.90999984741211)
BMSC18,Eussen Rock,48.91,-125.27,2022-04-27,7.5,RLS,2,14:40:00,,,1,1,Chordata,Actinopterygii,Perciformes,Hexagrammidae,Hexagrammos decagrammus,Hexagrammos decagrammus,50,1,1252.5757,POINT (-125.2699966430664 48.90999984741211)
BMSC18,Eussen Rock,48.91,-125.27,2022-04-27,7.5,RLS,2,14:40:00,,,1,1,Chordata,Actinopterygii,Scorpaeniformes,Sebastidae,Sebastes caurinus,Sebastes caurinus,15,1,73.4918,POINT (-125.2699966430664 48.90999984741211)
BMSC18,Eussen Rock,48.91,-125.27,2022-04-27,7.5,RLS,2,14:40:00,,,1,1,Chordata,Actinopterygii,Scorpaeniformes,Sebastidae,Sebastes flavidus,Sebastes flavidus,25,2,500.8239,POINT (-125.2699966430664 48.90999984741211)
BMSC18,Eussen Rock,48.91,-125.27,2022-04-27,7.5,RLS,2,14:40:00,,,1,1,Chordata,Actinopterygii,Scorpaeniformes,Sebastidae,Sebastes flavidus,Sebastes flavidus,30,4,1476.762,POINT (-125.2699966430664 48.90999984741211)
BMSC18,Eussen Rock,48.91,-125.27,2022-04-27,7.5,RLS,2,14:40:00,,,1,1,Chordata,Actinopterygii,Scorpaeniformes,Sebastidae,Sebastes flavidus,Sebastes flavidus,35,2,1032.8683,POINT (-125.2699966430664 48.90999984741211)
BMSC18,Eussen Rock,48.91,-125.27,2022-04-27,7.5,RLS,2,14:40:00,,,1,1,Chordata,Actinopterygii,Scorpaeniformes,Sebastidae,Sebastes flavidus,Sebastes flavidus,62.5,1,2628.9167,POINT (-125.2699966430664 48.90999984741211)
BMSC18,Eussen Rock,48.91,-125.27,2022-04-27,7.5,RLS,2,14:40:00,,,1,1,Chordata,Actinopterygii,Scorpaeniformes,Sebastidae,Sebastes nebulosus,Sebastes nebulosus,25,1,250.4119,POINT (-125.2699966430664 48.90999984741211)
BMSC18,Eussen Rock,48.91,-125.27,2022-04-27,7.5,RLS,2,14:40:00,,,1,1,Chordata,Actinopterygii,Scorpaeniformes,Sebastidae,Sebastes nebulosus,Sebastes nebulosus,30,1,369.1905,POINT (-125.2699966430664 48.90999984741211)
BMSC18,Eussen Rock,48.91,-125.27,2022-04-27,7.5,RLS,2,14:40:00,,,1,1,Chordata,Actinopterygii,Scorpaeniformes,Sebastidae,Sebastes spp.,Sebastes spp.,7.5,1,10.3518,POINT (-125.2699966430664 48.90999984741211)
BMSC18,Eussen Rock,48.91,-125.27,2022-04-27,7.5,RLS,2,14:40:00,,,1,1,Chordata,Actinopterygii,Scorpaeniformes,Sebastidae,Sebastes spp.,Sebastes spp.,10,1,24.5376,POINT (-125.2699966430664 48.90999984741211)
BMSC18,Eussen Rock,48.91,-125.27,2022-04-27,7.5,RLS,2,14:40:00,,,1,1,Chordata,Actinopterygii,Scorpaeniformes,Sebastidae,Sebastes spp.,Sebastes spp.,12.5,1,47.925,POINT (-125.2699966430664 48.90999984741211)
BMSC26,Hosie South,48.91,-125.04,2023-05-19,9.5,RLS,4,10:22:00,,,1,2,Chordata,Actinopterygii,Perciformes,Embiotocidae,Brachyistius frenatus,Brachyistius frenatus,7.5,2,21.4747,POINT (-125.04000091552734 48.90999984741211)
BMSC26,Hosie South,48.91,-125.04,2023-05-19,9.5,RLS,4,10:22:00,,,1,2,Chordata,Actinopterygii,Perciformes,Embiotocidae,Brachyistius frenatus,Brachyistius frenatus,10,1,25.746,POINT (-125.04000091552734 48.90999984741211)
BMSC26,Hosie South,48.91,-125.04,2023-05-19,9.5,RLS,4,10:22:00,,,1,2,Chordata,Actinopterygii,Perciformes,Gobiidae,Rhinogobiops nicholsii,Rhinogobiops nicholsii,10,2,37.3708,POINT (-125.04000091552734 48.90999984741211)
BMSC26,Hosie South,48.91,-125.04,2023-05-19,9.5,RLS,4,10:22:00,,,1,2,Chordata,Actinopterygii,Perciformes,Hexagrammidae,Hexagrammos decagrammus,Hexagrammos decagrammus,25,2,464.3122,POINT (-125.04000091552734 48.90999984741211)
BMSC26,Hosie South,48.91,-125.04,2023-05-19,9.5,RLS,4,10:22:00,,,1,2,Chordata,Actinopterygii,Scorpaeniformes,Sebastidae,Sebastes caurinus,Sebastes caurinus,20,1,162.7257,POINT (-125.04000091552734 48.90999984741211)
BMSC26,Hosie South,48.91,-125.04,2023-05-19,9.5,RLS,4,10:22:00,,,1,2,Chordata,Actinopterygii,Scorpaeniformes,Sebastidae,Sebastes melanops,Sebastes melanops,12.5,1,41.9142,POINT (-125.04000091552734 48.90999984741211)
BMSC26,Hosie South,48.91,-125.04,2023-05-19,9.5,RLS,4,10:22:00,,,1,2,Chordata,Actinopterygii,Scorpaeniformes,Sebastidae,Sebastes melanops,Sebastes melanops,15,5,367.4593,POINT (-125.04000091552734 48.90999984741211)
BMSC26,Hosie South,48.91,-125.04,2023-05-19,9.5,RLS,4,10:22:00,,,1,2,Chordata,Actinopterygii,Scorpaeniformes,Sebastidae,Sebastes melanops,Sebastes melanops,20,3,488.1771,POINT (-125.04000091552734 48.90999984741211)
BMSC26,Hosie South,48.91,-125.04,2023-05-19,9.5,RLS,4,10:22:00,,,1,1,Chordata,Actinopterygii,Perciformes,Gobiidae,Rhinogobiops nicholsii,Rhinogobiops nicholsii,7.5,1,7.7703,POINT (-125.04000091552734 48.90999984741211)
BMSC26,Hosie South,48.91,-125.04,2023-05-19,9.5,RLS,4,10:22:00,,,1,1,Chordata,Actinopterygii,Perciformes,Hexagrammidae,Hexagrammos decagrammus,Hexagrammos decagrammus,20,1,150.0203,POINT (-125.04000091552734 48.90999984741211)
BMSC26,Hosie South,48.91,-125.04,2023-05-19,10,RLS,3,10:17:00,,,1,1,Chordata,Actinopterygii,Gasterosteiformes,Aulorhynchidae,Aulorhynchus flavidus,Aulorhynchus flavidus,12.5,20,259.3923,POINT (-125.04000091552734 48.90999984741211)
BMSC26,Hosie South,48.91,-125.04,2023-05-19,10,RLS,3,10:17:00,,,1,1,Chordata,Actinopterygii,Perciformes,Hexagrammidae,Hexagrammos decagrammus,Hexagrammos decagrammus,25,1,232.1561,POINT (-125.04000091552734 48.90999984741211)
BMSC26,Hosie South,48.91,-125.04,2023-05-19,10,RLS,3,10:17:00,,,1,1,Chordata,Actinopterygii,Scorpaeniformes,Sebastidae,Sebastes melanops,Sebastes melanops,15,3,220.4756,POINT (-125.04000091552734 48.90999984741211)
BMSC26,Hosie South,48.91,-125.04,2023-05-19,10,RLS,3,10:17:00,,,1,1,Chordata,Actinopterygii,Scorpaeniformes,Sebastidae,Sebastes melanops,Sebastes melanops,20,3,488.1771,POINT (-125.04000091552734 48.90999984741211)
BMSC26,Hosie South,48.91,-125.04,2023-05-19,10,RLS,3,10:17:00,,,1,2,Chordata,Actinopterygii,Gasterosteiformes,Aulorhynchidae,Aulorhynchus flavidus,Aulorhynchus flavidus,10,2,12.8724,POINT (-125.04000091552734 48.90999984741211)
BMSC26,Hosie South,48.91,-125.04,2023-05-19,10,RLS,3,10:17:00,,,1,2,Chordata,Actinopterygii,Perciformes,Embiotocidae,Embiotoca lateralis,Embiotoca lateralis,15,1,120.4819,POINT (-125.04000091552734 48.90999984741211)
BMSC26,Hosie South,48.91,-125.04,2023-05-19,10,RLS,3,10:17:00,,,1,2,Chordata,Actinopterygii,Perciformes,Embiotocidae,Rhacochilus vacca,Rhacochilus vacca,10,1,35.41,POINT (-125.04000091552734 48.90999984741211)
BMSC26,Hosie South,48.91,-125.04,2023-05-19,10,RLS,3,10:17:00,,,1,2,Chordata,Actinopterygii,Perciformes,Embiotocidae,Rhacochilus vacca,Rhacochilus vacca,12.5,1,69.4696,POINT (-125.04000091552734 48.90999984741211)
BMSC26,Hosie South,48.91,-125.04,2023-05-19,10,RLS,3,10:17:00,,,1,2,Chordata,Actinopterygii,Perciformes,Embiotocidae,Rhacochilus vacca,Rhacochilus vacca,15,1,120.4819,POINT (-125.04000091552734 48.90999984741211)
BMSC26,Hosie South,48.91,-125.04,2023-05-19,10,RLS,3,10:17:00,,,1,2,Chordata,Actinopterygii,Perciformes,Embiotocidae,Rhacochilus vacca,Rhacochilus vacca,20,1,262.672,POINT (-125.04000091552734 48.90999984741211)
BMSC26,Hosie South,48.91,-125.04,2023-05-19,10,RLS,3,10:17:00,,,1,2,Chordata,Actinopterygii,Perciformes,Gobiidae,Rhinogobiops nicholsii,Rhinogobiops nicholsii,7.5,1,7.7703,POINT (-125.04000091552734 48.90999984741211)
BMSC26,Hosie South,48.91,-125.04,2023-05-19,10,RLS,3,10:17:00,,,1,2,Chordata,Actinopterygii,Perciformes,Gobiidae,Rhinogobiops nicholsii,Rhinogobiops nicholsii,10,2,37.3708,POINT (-125.04000091552734 48.90999984741211)
BMSC26,Hosie South,48.91,-125.04,2023-05-19,10,RLS,3,10:17:00,,,1,2,Chordata,Actinopterygii,Perciformes,Hexagrammidae,Hexagrammos decagrammus,Hexagrammos decagrammus,30,1,344.0053,POINT (-125.04000091552734 48.90999984741211)
BMSC26,Hosie South,48.91,-125.04,2023-05-19,10,RLS,3,10:17:00,,,1,2,Chordata,Actinopterygii,Scorpaeniformes,Sebastidae,Sebastes melanops,Sebastes melanops,12.5,2,83.8284,POINT (-125.04000091552734 48.90999984741211)
BMSC26,Hosie South,48.91,-125.04,2023-05-19,10,RLS,3,10:17:00,,,1,2,Chordata,Actinopterygii,Scorpaeniformes,Sebastidae,Sebastes melanops,Sebastes melanops,15,8,587.9348,POINT (-125.04000091552734 48.90999984741211)
BMSC26,Hosie South,48.91,-125.04,2023-05-19,10,RLS,3,10:17:00,,,1,2,Chordata,Actinopterygii,Scorpaeniformes,Sebastidae,Sebastes melanops,Sebastes melanops,20,7,1139.0798,POINT (-125.04000091552734 48.90999984741211)
BMSC26,Hosie South,48.91,-125.04,2023-05-19,10,RLS,3,10:17:00,,,1,2,Chordata,Actinopterygii,Scorpaeniformes,Sebastidae,Sebastes melanops,Sebastes melanops,25,1,250.4119,POINT (-125.04000091552734 48.90999984741211)
BMSC26,Hosie South,48.91,-125.04,2023-05-19,10,RLS,3,10:17:00,,,1,2,Ctenophora,Tentaculata,Lobata,Bolinopsidae,Bolinopsis infundibulum,Bolinopsis infundibulum,0,1,,POINT (-125.04000091552734 48.90999984741211)
BMSC9,Eagle Bay,48.83,-125.15,2021-04-30,6,RLS,3,10:30:00,,,1,1,Chordata,Actinopterygii,Perciformes,Gobiidae,Rhinogobiops nicholsii,Rhinogobiops nicholsii,10,1,18.6854,POINT (-125.1500015258789 48.83000183105469)
BMSC9,Eagle Bay,48.83,-125.15,2021-04-30,6,RLS,3,10:30:00,,,1,1,Chordata,Actinopterygii,Perciformes,Hexagrammidae,Hexagrammos decagrammus,Hexagrammos decagrammus,15,2,134.1157,POINT (-125.1500015258789 48.83000183105469)
BMSC9,Eagle Bay,48.83,-125.15,2021-04-30,6,RLS,3,10:30:00,,,1,1,Chordata,Actinopterygii,Perciformes,Hexagrammidae,Hexagrammos decagrammus,Hexagrammos decagrammus,20,2,300.0406,POINT (-125.1500015258789 48.83000183105469)
BMSC9,Eagle Bay,48.83,-125.15,2021-04-30,6,RLS,3,10:30:00,,,1,1,Chordata,Actinopterygii,Perciformes,Hexagrammidae,Hexagrammos decagrammus,Hexagrammos decagrammus,30,1,344.0053,POINT (-125.1500015258789 48.83000183105469)
BMSC9,Eagle Bay,48.83,-125.15,2021-04-30,6,RLS,3,10:30:00,,,1,1,Chordata,Actinopterygii,Scorpaeniformes,Hexagrammidae,Oxylebius pictus,Oxylebius pictus,10,1,21.4147,POINT (-125.1500015258789 48.83000183105469)
BMSC9,Eagle Bay,48.83,-125.15,2021-04-30,6,RLS,3,10:30:00,,,1,1,Chordata,Actinopterygii,Scorpaeniformes,Sebastidae,Sebastes flavidus,Sebastes flavidus,12.5,1,41.9142,POINT (-125.1500015258789 48.83000183105469)
BMSC9,Eagle Bay,48.83,-125.15,2021-04-30,6,RLS,3,10:30:00,,,1,1,Chordata,Actinopterygii,Scorpaeniformes,Sebastidae,Sebastes melanops,Sebastes melanops,10,1,21.0804,POINT (-125.1500015258789 48.83000183105469)
BMSC9,Eagle Bay,48.83,-125.15,2021-04-30,6,RLS,3,10:30:00,,,1,1,Chordata,Actinopterygii,Scorpaeniformes,Sebastidae,Sebastes melanops,Sebastes melanops,15,3,220.4756,POINT (-125.1500015258789 48.83000183105469)
BMSC9,Eagle Bay,48.83,-125.15,2021-04-30,6,RLS,3,10:30:00,,,1,1,Chordata,Actinopterygii,Scorpaeniformes,Sebastidae,Sebastes melanops,Sebastes melanops,20,1,162.7257,POINT (-125.1500015258789 48.83000183105469)
BMSC9,Eagle Bay,48.83,-125.15,2021-04-30,6,RLS,3,10:30:00,,,1,2,Chordata,Actinopterygii,Perciformes,Hexagrammidae,Hexagrammos decagrammus,Hexagrammos decagrammus,20,1,150.0203,POINT (-125.1500015258789 48.83000183105469)
BMSC9,Eagle Bay,48.83,-125.15,2021-04-30,6,RLS,3,10:30:00,,,1,2,Chordata,Actinopterygii,Scorpaeniformes,Hexagrammidae,Oxylebius pictus,Oxylebius pictus,15,1,73.4563,POINT (-125.1500015258789 48.83000183105469)
BMSC9,Eagle Bay,48.83,-125.15,2021-04-30,6,RLS,3,10:30:00,,,1,2,Chordata,Actinopterygii,Scorpaeniformes,Hexagrammidae,Oxylebius pictus,Oxylebius pictus,25,1,246.3374,POINT (-125.1500015258789 48.83000183105469)
BMSC9,Eagle Bay,48.83,-125.15,2021-04-30,6,RLS,3,10:30:00,,,1,2,Chordata,Actinopterygii,Scorpaeniformes,Sebastidae,Sebastes caurinus,Sebastes caurinus,12.5,1,41.9142,POINT (-125.1500015258789 48.83000183105469)
BMSC9,Eagle Bay,48.83,-125.15,2021-04-30,6,RLS,3,10:30:00,,,1,2,Chordata,Actinopterygii,Scorpaeniformes,Sebastidae,Sebastes caurinus,Sebastes caurinus,20,1,162.7257,POINT (-125.1500015258789 48.83000183105469)
BMSC9,Eagle Bay,48.83,-125.15,2021-04-30,6,RLS,3,10:30:00,,,1,2,Chordata,Actinopterygii,Scorpaeniformes,Sebastidae,Sebastes melanops,Sebastes melanops,12.5,9,377.2276,POINT (-125.1500015258789 48.83000183105469)
BMSC9,Eagle Bay,48.83,-125.15,2021-04-30,6,RLS,3,10:30:00,,,1,2,Chordata,Actinopterygii,Scorpaeniformes,Sebastidae,Sebastes melanops,Sebastes melanops,20,6,976.3541,POINT (-125.1500015258789 48.83000183105469)
BMSC9,Eagle Bay,48.83,-125.15,2021-04-30,6,RLS,3,10:30:00,,,1,2,Chordata,Actinopterygii,Scorpaeniformes,Sebastidae,Sebastes melanops,Sebastes melanops,25,1,250.4119,POINT (-125.1500015258789 48.83000183105469)
BMSC4,Kii xin,48.82,-125.18,2021-04-28,7.5,RLS,2,12:30:00,,,1,2,Chordata,Actinopterygii,Perciformes,Hexagrammidae,Hexagrammos decagrammus,Hexagrammos decagrammus,20,1,150.0203,POINT (-125.18000030517578 48.81999969482422)
BMSC9,Eagle Bay,48.83,-125.15,2022-05-02,6.5,RLS,3,13:45:00,,,1,2,Chordata,Actinopterygii,Perciformes,Hexagrammidae,Hexagrammos decagrammus,Hexagrammos decagrammus,20,2,300.0406,POINT (-125.1500015258789 48.83000183105469)
BMSC9,Eagle Bay,48.83,-125.15,2022-05-02,6.5,RLS,3,13:45:00,,,1,2,Chordata,Actinopterygii,Perciformes,Hexagrammidae,Hexagrammos decagrammus,Hexagrammos decagrammus,30,1,344.0053,POINT (-125.1500015258789 48.83000183105469)
BMSC9,Eagle Bay,48.83,-125.15,2022-05-02,6.5,RLS,3,13:45:00,,,1,2,Chordata,Actinopterygii,Scorpaeniformes,Hexagrammidae,Ophiodon elongatus,Ophiodon elongatus,40,1,296.3178,POINT (-125.1500015258789 48.83000183105469)
BMSC9,Eagle Bay,48.83,-125.15,2022-05-02,6.5,RLS,3,13:45:00,,,1,2,Chordata,Actinopterygii,Scorpaeniformes,Sebastidae,Sebastes melanops,Sebastes melanops,15,7,514.443,POINT (-125.1500015258789 48.83000183105469)
BMSC9,Eagle Bay,48.83,-125.15,2022-05-02,6.5,RLS,3,13:45:00,,,1,2,Chordata,Actinopterygii,Scorpaeniformes,Sebastidae,Sebastes melanops,Sebastes melanops,20,10,1627.257,POINT (-125.1500015258789 48.83000183105469)
BMSC9,Eagle Bay,48.83,-125.15,2022-05-02,6.5,RLS,3,13:45:00,,,1,1,Chordata,Actinopterygii,Perciformes,Gobiidae,Rhinogobiops nicholsii,Rhinogobiops nicholsii,7.5,2,15.5407,POINT (-125.1500015258789 48.83000183105469)
BMSC9,Eagle Bay,48.83,-125.15,2022-05-02,6.5,RLS,3,13:45:00,,,1,1,Chordata,Actinopterygii,Perciformes,Gobiidae,Rhinogobiops nicholsii,Rhinogobiops nicholsii,12.5,1,36.9044,POINT (-125.1500015258789 48.83000183105469)
BMSC9,Eagle Bay,48.83,-125.15,2022-05-02,6.5,RLS,3,13:45:00,,,1,1,Chordata,Actinopterygii,Perciformes,Hexagrammidae,Hexagrammos decagrammus,Hexagrammos decagrammus,15,1,67.0579,POINT (-125.1500015258789 48.83000183105469)
BMSC9,Eagle Bay,48.83,-125.15,2022-05-02,6.5,RLS,3,13:45:00,,,1,1,Chordata,Actinopterygii,Perciformes,Hexagrammidae,Hexagrammos decagrammus,Hexagrammos decagrammus,35,2,966.613,POINT (-125.1500015258789 48.83000183105469)
BMSC9,Eagle Bay,48.83,-125.15,2022-05-02,6.5,RLS,3,13:45:00,,,1,1,Chordata,Actinopterygii,Perciformes,Hexagrammidae,Hexagrammos decagrammus,Hexagrammos decagrammus,40,1,619.0955,POINT (-125.1500015258789 48.83000183105469)
BMSC9,Eagle Bay,48.83,-125.15,2022-05-02,6.5,RLS,3,13:45:00,,,1,1,Chordata,Actinopterygii,Scorpaeniformes,Sebastidae,Sebastes caurinus,Sebastes caurinus,15,1,73.4918,POINT (-125.1500015258789 48.83000183105469)
BMSC9,Eagle Bay,48.83,-125.15,2022-05-02,6.5,RLS,3,13:45:00,,,1,1,Chordata,Actinopterygii,Scorpaeniformes,Sebastidae,Sebastes maliger,Sebastes maliger,20,1,162.7257,POINT (-125.1500015258789 48.83000183105469)
BMSC4,Kii xin,48.82,-125.18,2023-05-12,8.5,RLS,2,10:07:00,,,1,2,Chordata,Actinopterygii,Perciformes,Hexagrammidae,Hexagrammos decagrammus,Hexagrammos decagrammus,25,1,232.1561,POINT (-125.18000030517578 48.81999969482422)
BMSC4,Kii xin,48.82,-125.18,2023-05-12,8.5,RLS,2,10:07:00,,,1,1,Chordata,Actinopterygii,Perciformes,Hexagrammidae,Hexagrammos decagrammus,Hexagrammos decagrammus,25,1,232.1561,POINT (-125.18000030517578 48.81999969482422)
BMSC9,Eagle Bay,48.83,-125.15,2023-05-11,6,RLS,2,9:38:00,,,1,2,Chordata,Actinopterygii,Perciformes,Hexagrammidae,Hexagrammos decagrammus,Hexagrammos decagrammus,15,1,67.0579,POINT (-125.1500015258789 48.83000183105469)
BMSC9,Eagle Bay,48.83,-125.15,2023-05-11,6,RLS,2,9:38:00,,,1,2,Chordata,Actinopterygii,Perciformes,Hexagrammidae,Hexagrammos decagrammus,Hexagrammos decagrammus,25,5,1160.7806,POINT (-125.1500015258789 48.83000183105469)
BMSC9,Eagle Bay,48.83,-125.15,2023-05-11,6,RLS,2,9:38:00,,,1,2,Chordata,Actinopterygii,Scorpaeniformes,Sebastidae,Sebastes melanops,Sebastes melanops,12.5,5,209.5709,POINT (-125.1500015258789 48.83000183105469)
BMSC9,Eagle Bay,48.83,-125.15,2023-05-11,6,RLS,2,9:38:00,,,1,2,Chordata,Actinopterygii,Scorpaeniformes,Sebastidae,Sebastes melanops,Sebastes melanops,15,27,1984.28,POINT (-125.1500015258789 48.83000183105469)
BMSC9,Eagle Bay,48.83,-125.15,2023-05-11,6,RLS,2,9:38:00,,,1,1,Chordata,Actinopterygii,Perciformes,Gobiidae,Rhinogobiops nicholsii,Rhinogobiops nicholsii,10,3,56.0563,POINT (-125.1500015258789 48.83000183105469)
BMSC9,Eagle Bay,48.83,-125.15,2023-05-11,6,RLS,2,9:38:00,,,1,1,Chordata,Actinopterygii,Perciformes,Hexagrammidae,Hexagrammos decagrammus,Hexagrammos decagrammus,30,3,1032.016,POINT (-125.1500015258789 48.83000183105469)
BMSC9,Eagle Bay,48.83,-125.15,2023-05-11,6,RLS,2,9:38:00,,,1,1,Chordata,Actinopterygii,Perciformes,Hexagrammidae,Hexagrammos decagrammus,Hexagrammos decagrammus,35,2,966.613,POINT (-125.1500015258789 48.83000183105469)
BMSC9,Eagle Bay,48.83,-125.15,2023-05-11,6,RLS,2,9:38:00,,,1,1,Chordata,Actinopterygii,Scorpaeniformes,Hexagrammidae,Ophiodon elongatus,Ophiodon elongatus,50,1,599.5206,POINT (-125.1500015258789 48.83000183105469)
BMSC9,Eagle Bay,48.83,-125.15,2023-05-11,6,RLS,2,9:38:00,,,1,1,Chordata,Actinopterygii,Scorpaeniformes,Hexagrammidae,Oxylebius pictus,Oxylebius pictus,12.5,2,84.4011,POINT (-125.1500015258789 48.83000183105469)
BMSC9,Eagle Bay,48.83,-125.15,2023-05-11,6,RLS,2,9:38:00,,,1,1,Chordata,Actinopterygii,Scorpaeniformes,Sebastidae,Sebastes caurinus,Sebastes caurinus,20,4,650.9028,POINT (-125.1500015258789 48.83000183105469)
BMSC9,Eagle Bay,48.83,-125.15,2023-05-11,6,RLS,2,9:38:00,,,1,1,Chordata,Actinopterygii,Scorpaeniformes,Sebastidae,Sebastes caurinus,Sebastes caurinus,25,2,500.8239,POINT (-125.1500015258789 48.83000183105469)
BMSC9,Eagle Bay,48.83,-125.15,2023-05-11,6,RLS,2,9:38:00,,,1,1,Chordata,Actinopterygii,Scorpaeniformes,Sebastidae,Sebastes melanops,Sebastes melanops,25,3,751.2358,POINT (-125.1500015258789 48.83000183105469)
KCCA13,Second Beach South,48.82,-125.18,2023-06-07,4.9,RLS,2,9:44:00,,,1,2,Chordata,Actinopterygii,Gasterosteiformes,Aulorhynchidae,Aulorhynchus flavidus,Aulorhynchus flavidus,7.5,11,28.6889,POINT (-125.18000030517578 48.81999969482422)
KCCA13,Second Beach South,48.82,-125.18,2023-06-07,4.9,RLS,2,9:44:00,,,1,2,Chordata,Actinopterygii,Perciformes,Hexagrammidae,Hexagrammos decagrammus,Hexagrammos decagrammus,10,1,18.9254,POINT (-125.18000030517578 48.81999969482422)
KCCA13,Second Beach South,48.82,-125.18,2023-06-07,4.9,RLS,2,9:44:00,,,1,2,Chordata,Actinopterygii,Perciformes,Hexagrammidae,Hexagrammos decagrammus,Hexagrammos decagrammus,25,3,696.4684,POINT (-125.18000030517578 48.81999969482422)
KCCA13,Second Beach South,48.82,-125.18,2023-06-07,4.9,RLS,2,9:44:00,,,1,2,Chordata,Actinopterygii,Perciformes,Hexagrammidae,Hexagrammos decagrammus,Hexagrammos decagrammus,30,1,344.0053,POINT (-125.18000030517578 48.81999969482422)
KCCA13,Second Beach South,48.82,-125.18,2023-06-07,4.9,RLS,2,9:44:00,,,1,1,Chordata,Actinopterygii,Perciformes,Embiotocidae,Rhacochilus vacca,Rhacochilus vacca,20,1,262.672,POINT (-125.18000030517578 48.81999969482422)
KCCA13,Second Beach South,48.82,-125.18,2023-06-07,4.9,RLS,2,9:44:00,,,1,1,Chordata,Actinopterygii,Perciformes,Hexagrammidae,Hexagrammos decagrammus,Hexagrammos decagrammus,10,1,18.9254,POINT (-125.18000030517578 48.81999969482422)
KCCA13,Second Beach South,48.82,-125.18,2023-06-07,4.9,RLS,2,9:44:00,,,1,1,Chordata,Actinopterygii,Perciformes,Hexagrammidae,Hexagrammos decagrammus,Hexagrammos decagrammus,15,1,67.0579,POINT (-125.18000030517578 48.81999969482422)
KCCA13,Second Beach South,48.82,-125.18,2023-06-07,4.9,RLS,2,9:44:00,,,1,1,Chordata,Actinopterygii,Scorpaeniformes,Hexagrammidae,Ophiodon elongatus,Ophiodon elongatus,25,1,111.1169,POINT (-125.18000030517578 48.81999969482422)
KCCA13,Second Beach South,48.82,-125.18,2023-06-07,4.9,RLS,2,9:44:00,,,1,1,Chordata,Teleostei,Perciformes,Cottidae,Myoxocephalus polyacanthocephalus,Myoxocephalus polyacanthocephalus,15,1,72.7242,POINT (-125.18000030517578 48.81999969482422)
BMSC5,Taylor Rock,48.83,-125.2,2021-04-28,6.5,RLS,4,14:50:00,,,1,1,Chordata,Actinopterygii,Perciformes,Hexagrammidae,Hexagrammos decagrammus,Hexagrammos decagrammus,20,3,450.0609,POINT (-125.19999694824219 48.83000183105469)
BMSC5,Taylor Rock,48.83,-125.2,2021-04-28,6.5,RLS,4,14:50:00,,,1,1,Chordata,Actinopterygii,Scorpaeniformes,Hexagrammidae,Hexagrammos stelleri,Hexagrammos stelleri,12.5,1,36.0121,POINT (-125.19999694824219 48.83000183105469)
BMSC5,Taylor Rock,48.83,-125.2,2021-04-28,6.5,RLS,4,14:50:00,,,1,2,Chordata,Actinopterygii,Perciformes,Hexagrammidae,Hexagrammos decagrammus,Hexagrammos decagrammus,12.5,2,75.9337,POINT (-125.19999694824219 48.83000183105469)
BMSC5,Taylor Rock,48.83,-125.2,2021-04-28,6.5,RLS,4,14:50:00,,,1,2,Chordata,Actinopterygii,Perciformes,Hexagrammidae,Hexagrammos decagrammus,Hexagrammos decagrammus,30,1,344.0053,POINT (-125.19999694824219 48.83000183105469)
BMSC1,Dodger Channel,48.83,-125.2,2021-04-26,6.5,RLS,2,12:17:00,48.83,-125.2,1,1,Chordata,Actinopterygii,Perciformes,Hexagrammidae,Hexagrammos decagrammus,Hexagrammos decagrammus,12.5,2,75.9337,POINT (-125.2 48.83)
BMSC1,Dodger Channel,48.83,-125.2,2021-04-26,6.5,RLS,2,12:17:00,48.83,-125.2,1,2,Chordata,Actinopterygii,Perciformes,Hexagrammidae,Hexagrammos decagrammus,Hexagrammos decagrammus,12.5,1,37.9668,POINT (-125.2 48.83)
BMSC1,Dodger Channel,48.83,-125.2,2021-04-26,6.5,RLS,2,12:17:00,48.83,-125.2,1,2,Chordata,Actinopterygii,Perciformes,Hexagrammidae,Hexagrammos decagrammus,Hexagrammos decagrammus,25,1,232.1561,POINT (-125.2 48.83)
BMSC1,Dodger Channel,48.83,-125.2,2022-05-04,4.7,RLS,3,10:15:00,,,1,2,Chordata,Actinopterygii,Perciformes,Hexagrammidae,Hexagrammos decagrammus,Hexagrammos decagrammus,12.5,1,37.9668,POINT (-125.19999694824219 48.83000183105469)
BMSC1,Dodger Channel,48.83,-125.2,2022-05-04,4.7,RLS,3,10:15:00,,,1,2,Chordata,Actinopterygii,Perciformes,Hexagrammidae,Hexagrammos decagrammus,Hexagrammos decagrammus,20,5,750.1016,POINT (-125.19999694824219 48.83000183105469)
BMSC1,Dodger Channel,48.83,-125.2,2022-05-04,4.7,RLS,3,10:15:00,,,1,2,Chordata,Actinopterygii,Perciformes,Hexagrammidae,Hexagrammos decagrammus,Hexagrammos decagrammus,25,1,232.1561,POINT (-125.19999694824219 48.83000183105469)
BMSC1,Dodger Channel,48.83,-125.2,2022-05-04,4.7,RLS,3,10:15:00,,,1,1,Chordata,Actinopterygii,Perciformes,Gobiidae,Rhinogobiops nicholsii,Rhinogobiops nicholsii,5,1,2.2561,POINT (-125.19999694824219 48.83000183105469)
BMSC1,Dodger Channel,48.83,-125.2,2022-05-04,4.7,RLS,3,10:15:00,,,1,1,Chordata,Actinopterygii,Perciformes,Hexagrammidae,Hexagrammos decagrammus,Hexagrammos decagrammus,12.5,3,113.9005,POINT (-125.19999694824219 48.83000183105469)
BMSC1,Dodger Channel,48.83,-125.2,2022-05-04,4.7,RLS,3,10:15:00,,,1,1,Chordata,Actinopterygii,Perciformes,Hexagrammidae,Hexagrammos decagrammus,Hexagrammos decagrammus,20,1,150.0203,POINT (-125.19999694824219 48.83000183105469)
BMSC5,Taylor Rock,48.83,-125.2,2022-05-04,6.2,RLS,3,12:40:00,,,1,2,Chordata,Actinopterygii,Perciformes,Gobiidae,Rhinogobiops nicholsii,Rhinogobiops nicholsii,7.5,2,15.5407,POINT (-125.19999694824219 48.83000183105469)
BMSC5,Taylor Rock,48.83,-125.2,2022-05-04,6.2,RLS,3,12:40:00,,,1,2,Chordata,Actinopterygii,Perciformes,Hexagrammidae,Hexagrammos decagrammus,Hexagrammos decagrammus,25,2,464.3122,POINT (-125.19999694824219 48.83000183105469)
BMSC5,Taylor Rock,48.83,-125.2,2022-05-04,6.2,RLS,3,12:40:00,,,1,2,Chordata,Actinopterygii,Perciformes,Hexagrammidae,Hexagrammos decagrammus,Hexagrammos decagrammus,30,1,344.0053,POINT (-125.19999694824219 48.83000183105469)
BMSC5,Taylor Rock,48.83,-125.2,2022-05-04,6.2,RLS,3,12:40:00,,,1,1,Chordata,Actinopterygii,Perciformes,Hexagrammidae,Hexagrammos decagrammus,Hexagrammos decagrammus,15,1,67.0579,POINT (-125.19999694824219 48.83000183105469)
BMSC5,Taylor Rock,48.83,-125.2,2022-05-04,6.2,RLS,3,12:40:00,,,1,1,Chordata,Actinopterygii,Perciformes,Hexagrammidae,Hexagrammos decagrammus,Hexagrammos decagrammus,25,3,696.4684,POINT (-125.19999694824219 48.83000183105469)
BMSC5,Taylor Rock,48.83,-125.2,2022-05-04,6,RLS,4,12:45:00,,,1,2,Chordata,Actinopterygii,Perciformes,Hexagrammidae,Hexagrammos decagrammus,Hexagrammos decagrammus,12.5,3,113.9005,POINT (-125.19999694824219 48.83000183105469)
BMSC5,Taylor Rock,48.83,-125.2,2022-05-04,6,RLS,4,12:45:00,,,1,2,Chordata,Actinopterygii,Scorpaeniformes,Sebastidae,Sebastes melanops,Sebastes melanops,20,5,813.6285,POINT (-125.19999694824219 48.83000183105469)
BMSC5,Taylor Rock,48.83,-125.2,2022-05-04,6,RLS,4,12:45:00,,,1,1,Chordata,Actinopterygii,Perciformes,Hexagrammidae,Hexagrammos decagrammus,Hexagrammos decagrammus,15,2,134.1157,POINT (-125.19999694824219 48.83000183105469)
BMSC5,Taylor Rock,48.83,-125.2,2022-05-04,6,RLS,4,12:45:00,,,1,1,Chordata,Actinopterygii,Perciformes,Hexagrammidae,Hexagrammos decagrammus,Hexagrammos decagrammus,50,2,2505.1514,POINT (-125.19999694824219 48.83000183105469)
BMSC1,Dodger Channel,48.83,-125.2,2022-05-04,5.5,RLS,3,10:15:00,,,1,2,Chordata,Actinopterygii,Perciformes,Hexagrammidae,Hexagrammos decagrammus,Hexagrammos decagrammus,15,1,67.0579,POINT (-125.19999694824219 48.83000183105469)
BMSC1,Dodger Channel,48.83,-125.2,2022-05-04,5.5,RLS,3,10:15:00,,,1,2,Chordata,Actinopterygii,Perciformes,Hexagrammidae,Hexagrammos decagrammus,Hexagrammos decagrammus,20,1,150.0203,POINT (-125.19999694824219 48.83000183105469)
BMSC1,Dodger Channel,48.83,-125.2,2022-05-04,5.5,RLS,3,10:15:00,,,1,2,Chordata,Actinopterygii,Scorpaeniformes,Hexagrammidae,Ophiodon elongatus,Ophiodon elongatus,40,1,296.3178,POINT (-125.19999694824219 48.83000183105469)
BMSC1,Dodger Channel,48.83,-125.2,2023-05-15,8,RLS,1,9:54:00,,,1,2,Chordata,Actinopterygii,Perciformes,Hexagrammidae,Hexagrammos decagrammus,Hexagrammos decagrammus,15,2,134.1157,POINT (-125.19999694824219 48.83000183105469)
BMSC1,Dodger Channel,48.83,-125.2,2023-05-15,8,RLS,1,9:54:00,,,1,2,Chordata,Actinopterygii,Perciformes,Hexagrammidae,Hexagrammos decagrammus,Hexagrammos decagrammus,20,1,150.0203,POINT (-125.19999694824219 48.83000183105469)
BMSC1,Dodger Channel,48.83,-125.2,2023-05-15,8,RLS,1,9:54:00,,,1,2,Chordata,Actinopterygii,Perciformes,Hexagrammidae,Hexagrammos decagrammus,Hexagrammos decagrammus,30,1,344.0053,POINT (-125.19999694824219 48.83000183105469)
BMSC1,Dodger Channel,48.83,-125.2,2023-05-15,8,RLS,1,9:54:00,,,1,2,Chordata,Actinopterygii,Scorpaeniformes,Sebastidae,Sebastes caurinus,Sebastes caurinus,15,1,73.4918,POINT (-125.19999694824219 48.83000183105469)
BMSC1,Dodger Channel,48.83,-125.2,2023-05-15,8,RLS,1,9:54:00,,,1,1,Chordata,Actinopterygii,Perciformes,Hexagrammidae,Hexagrammos decagrammus,Hexagrammos decagrammus,10,1,18.9254,POINT (-125.19999694824219 48.83000183105469)
BMSC5,Taylor Rock,48.83,-125.2,2023-05-15,5.5,RLS,1,12:18:00,,,1,2,Chordata,Actinopterygii,Perciformes,Hexagrammidae,Hexagrammos decagrammus,Hexagrammos decagrammus,25,3,696.4684,POINT (-125.19999694824219 48.83000183105469)
BMSC5,Taylor Rock,48.83,-125.2,2023-05-15,5.5,RLS,1,12:18:00,,,1,1,Chordata,Actinopterygii,Perciformes,Hexagrammidae,Hexagrammos decagrammus,Hexagrammos decagrammus,25,1,232.1561,POINT (-125.19999694824219 48.83000183105469)
BMSC5,Taylor Rock,48.83,-125.2,2023-05-15,8,RLS,1,12:18:00,,,1,1,Chordata,Actinopterygii,Perciformes,Gobiidae,Rhinogobiops nicholsii,Rhinogobiops nicholsii,5,2,4.5122,POINT (-125.19999694824219 48.83000183105469)
BMSC5,Taylor Rock,48.83,-125.2,2023-05-15,8,RLS,1,12:18:00,,,1,2,Chordata,Actinopterygii,Perciformes,Hexagrammidae,Hexagrammos decagrammus,Hexagrammos decagrammus,15,1,67.0579,POINT (-125.19999694824219 48.83000183105469)
BMSC5,Taylor Rock,48.83,-125.2,2023-05-15,8,RLS,1,12:18:00,,,1,2,Chordata,Actinopterygii,Scorpaeniformes,Cottidae,Artedius harringtoni,Artedius harringtoni,12.5,1,33.9755,POINT (-125.19999694824219 48.83000183105469)
BMSC21,Dixon SW,48.85,-125.12,2021-05-20,5,RLS,0,10:40:00,,,1,1,Chordata,Actinopterygii,Perciformes,Embiotocidae,Embiotoca lateralis,Embiotoca lateralis,15,2,240.9639,POINT (-125.12000274658203 48.849998474121094)
BMSC21,Dixon SW,48.85,-125.12,2021-05-20,5,RLS,0,10:40:00,,,1,1,Chordata,Actinopterygii,Perciformes,Embiotocidae,Embiotoca lateralis,Embiotoca lateralis,20,2,525.3441,POINT (-125.12000274658203 48.849998474121094)
BMSC21,Dixon SW,48.85,-125.12,2021-05-20,5,RLS,0,10:40:00,,,1,1,Chordata,Actinopterygii,Perciformes,Hexagrammidae,Hexagrammos decagrammus,Hexagrammos decagrammus,10,1,18.9254,POINT (-125.12000274658203 48.849998474121094)
BMSC21,Dixon SW,48.85,-125.12,2021-05-20,5,RLS,0,10:40:00,,,1,1,Chordata,Actinopterygii,Perciformes,Hexagrammidae,Hexagrammos decagrammus,Hexagrammos decagrammus,30,2,688.0106,POINT (-125.12000274658203 48.849998474121094)
BMSC21,Dixon SW,48.85,-125.12,2021-05-20,5,RLS,0,10:40:00,,,1,1,Chordata,Actinopterygii,Scorpaeniformes,Cottidae,Artedius harringtoni,Artedius harringtoni,7.5,1,6.8672,POINT (-125.12000274658203 48.849998474121094)
BMSC21,Dixon SW,48.85,-125.12,2021-05-20,5,RLS,0,10:40:00,,,1,2,Chordata,Actinopterygii,Perciformes,Embiotocidae,Embiotoca lateralis,Embiotoca lateralis,7.5,1,14.8529,POINT (-125.12000274658203 48.849998474121094)
BMSC21,Dixon SW,48.85,-125.12,2021-05-20,5,RLS,0,10:40:00,,,1,2,Chordata,Actinopterygii,Perciformes,Embiotocidae,Embiotoca lateralis,Embiotoca lateralis,10,2,70.8201,POINT (-125.12000274658203 48.849998474121094)
BMSC21,Dixon SW,48.85,-125.12,2021-05-20,5,RLS,0,10:40:00,,,1,2,Chordata,Actinopterygii,Perciformes,Gobiidae,Rhinogobiops nicholsii,Rhinogobiops nicholsii,5,1,2.2561,POINT (-125.12000274658203 48.849998474121094)
BMSC21,Dixon SW,48.85,-125.12,2021-05-20,5,RLS,0,10:40:00,,,1,2,Chordata,Actinopterygii,Perciformes,Hexagrammidae,Hexagrammos decagrammus,Hexagrammos decagrammus,20,1,150.0203,POINT (-125.12000274658203 48.849998474121094)
BMSC22,Dixon Inside,48.85,-125.12,2021-05-20,6.5,RLS,1,12:55:00,,,1,2,Chordata,Actinopterygii,Perciformes,Gobiidae,Rhinogobiops nicholsii,Rhinogobiops nicholsii,5,2,4.5122,POINT (-125.12000274658203 48.849998474121094)
BMSC22,Dixon Inside,48.85,-125.12,2021-05-20,6.5,RLS,1,12:55:00,,,1,2,Chordata,Actinopterygii,Perciformes,Gobiidae,Rhinogobiops nicholsii,Rhinogobiops nicholsii,7.5,12,93.244,POINT (-125.12000274658203 48.849998474121094)
BMSC22,Dixon Inside,48.85,-125.12,2021-05-20,6.5,RLS,1,12:55:00,,,1,2,Chordata,Actinopterygii,Perciformes,Gobiidae,Rhinogobiops nicholsii,Rhinogobiops nicholsii,10,17,317.6522,POINT (-125.12000274658203 48.849998474121094)
BMSC22,Dixon Inside,48.85,-125.12,2021-05-20,6.5,RLS,1,12:55:00,,,1,2,Chordata,Actinopterygii,Perciformes,Gobiidae,Rhinogobiops nicholsii,Rhinogobiops nicholsii,12.5,15,553.5664,POINT (-125.12000274658203 48.849998474121094)
BMSC22,Dixon Inside,48.85,-125.12,2021-05-20,6.5,RLS,1,12:55:00,,,1,2,Chordata,Actinopterygii,Perciformes,Gobiidae,Rhinogobiops nicholsii,Rhinogobiops nicholsii,15,7,450.4839,POINT (-125.12000274658203 48.849998474121094)
BMSC22,Dixon Inside,48.85,-125.12,2021-05-20,6.5,RLS,1,12:55:00,,,1,2,Chordata,Actinopterygii,Scorpaeniformes,Sebastidae,Sebastes maliger,Sebastes maliger,15,2,146.9837,POINT (-125.12000274658203 48.849998474121094)
BMSC22,Dixon Inside,48.85,-125.12,2021-05-20,6.5,RLS,1,12:55:00,,,1,1,Chordata,Actinopterygii,Perciformes,Gobiidae,Rhinogobiops nicholsii,Rhinogobiops nicholsii,12.5,3,110.7133,POINT (-125.12000274658203 48.849998474121094)
BMSC22,Dixon Inside,48.85,-125.12,2021-05-20,6.5,RLS,1,12:55:00,,,1,1,Chordata,Actinopterygii,Perciformes,Gobiidae,Rhinogobiops nicholsii,Rhinogobiops nicholsii,15,1,64.3548,POINT (-125.12000274658203 48.849998474121094)
BMSC22,Dixon Inside,48.85,-125.12,2021-05-20,6.5,RLS,1,12:55:00,,,1,1,Chordata,Actinopterygii,Perciformes,Hexagrammidae,Hexagrammos decagrammus,Hexagrammos decagrammus,15,2,134.1157,POINT (-125.12000274658203 48.849998474121094)
BMSC22,Dixon Inside,48.85,-125.12,2021-05-20,6.5,RLS,1,12:55:00,,,1,1,Chordata,Actinopterygii,Perciformes,Hexagrammidae,Hexagrammos decagrammus,Hexagrammos decagrammus,20,1,150.0203,POINT (-125.12000274658203 48.849998474121094)
BMSC22,Dixon Inside,48.85,-125.12,2021-05-20,6.5,RLS,1,12:55:00,,,1,1,Chordata,Actinopterygii,Perciformes,Hexagrammidae,Hexagrammos decagrammus,Hexagrammos decagrammus,25,2,464.3122,POINT (-125.12000274658203 48.849998474121094)
BMSC22,Dixon Inside,48.85,-125.12,2021-05-20,6.5,RLS,1,12:55:00,,,1,1,Cnidaria,Hydrozoa,Anthoathecata,Corynidae,Polyorchis penicillatus,Polyorchis penicillatus,2.5,1,,POINT (-125.12000274658203 48.849998474121094)
BMSC21,Dixon SW,48.85,-125.12,2022-04-25,4.5,RLS,2,12:30:00,,,1,2,Chordata,Actinopterygii,Perciformes,Hexagrammidae,Hexagrammos decagrammus,Hexagrammos decagrammus,15,1,67.0579,POINT (-125.12000274658203 48.849998474121094)
BMSC21,Dixon SW,48.85,-125.12,2022-04-25,4.5,RLS,2,12:30:00,,,1,2,Chordata,Actinopterygii,Perciformes,Hexagrammidae,Hexagrammos decagrammus,Hexagrammos decagrammus,20,1,150.0203,POINT (-125.12000274658203 48.849998474121094)
BMSC21,Dixon SW,48.85,-125.12,2022-04-25,4.5,RLS,2,12:30:00,,,1,2,Chordata,Actinopterygii,Perciformes,Hexagrammidae,Hexagrammos decagrammus,Hexagrammos decagrammus,25,1,232.1561,POINT (-125.12000274658203 48.849998474121094)
BMSC21,Dixon SW,48.85,-125.12,2022-04-25,4.5,RLS,2,12:30:00,,,1,1,Chordata,Actinopterygii,Perciformes,Hexagrammidae,Hexagrammos decagrammus,Hexagrammos decagrammus,20,1,150.0203,POINT (-125.12000274658203 48.849998474121094)
BMSC21,Dixon SW,48.85,-125.12,2022-04-25,4.5,RLS,2,12:30:00,,,1,1,Chordata,Actinopterygii,Perciformes,Hexagrammidae,Hexagrammos decagrammus,Hexagrammos decagrammus,35,1,483.3065,POINT (-125.12000274658203 48.849998474121094)
BMSC22,Dixon Inside,48.85,-125.12,2022-04-25,8.3,RLS,2,10:50:00,,,1,2,Chordata,Actinopterygii,Perciformes,Gobiidae,Rhinogobiops nicholsii,Rhinogobiops nicholsii,5,2,4.5122,POINT (-125.12000274658203 48.849998474121094)
BMSC22,Dixon Inside,48.85,-125.12,2022-04-25,8.3,RLS,2,10:50:00,,,1,2,Chordata,Actinopterygii,Perciformes,Gobiidae,Rhinogobiops nicholsii,Rhinogobiops nicholsii,7.5,20,155.4067,POINT (-125.12000274658203 48.849998474121094)
BMSC22,Dixon Inside,48.85,-125.12,2022-04-25,8.3,RLS,2,10:50:00,,,1,2,Chordata,Actinopterygii,Perciformes,Gobiidae,Rhinogobiops nicholsii,Rhinogobiops nicholsii,10,2,37.3708,POINT (-125.12000274658203 48.849998474121094)
BMSC22,Dixon Inside,48.85,-125.12,2022-04-25,8.3,RLS,2,10:50:00,,,1,2,Chordata,Actinopterygii,Perciformes,Hexagrammidae,Hexagrammos decagrammus,Hexagrammos decagrammus,25,1,232.1561,POINT (-125.12000274658203 48.849998474121094)
BMSC22,Dixon Inside,48.85,-125.12,2022-04-25,8.3,RLS,2,10:50:00,,,1,2,Chordata,Actinopterygii,Scorpaeniformes,Sebastidae,Sebastes caurinus,Sebastes caurinus,15,1,73.4918,POINT (-125.12000274658203 48.849998474121094)
BMSC22,Dixon Inside,48.85,-125.12,2022-04-25,8.3,RLS,2,10:50:00,,,1,2,Chordata,Actinopterygii,Scorpaeniformes,Sebastidae,Sebastes caurinus,Sebastes caurinus,20,1,162.7257,POINT (-125.12000274658203 48.849998474121094)
BMSC22,Dixon Inside,48.85,-125.12,2022-04-25,8.3,RLS,2,10:50:00,,,1,2,Chordata,Actinopterygii,Scorpaeniformes,Sebastidae,Sebastes melanops,Sebastes melanops,15,1,73.4918,POINT (-125.12000274658203 48.849998474121094)
BMSC22,Dixon Inside,48.85,-125.12,2022-04-25,8.3,RLS,2,10:50:00,,,1,1,Chordata,Actinopterygii,Perciformes,Gobiidae,Rhinogobiops nicholsii,Rhinogobiops nicholsii,5,1,2.2561,POINT (-125.12000274658203 48.849998474121094)
BMSC22,Dixon Inside,48.85,-125.12,2022-04-25,8.3,RLS,2,10:50:00,,,1,1,Chordata,Actinopterygii,Perciformes,Gobiidae,Rhinogobiops nicholsii,Rhinogobiops nicholsii,7.5,2,15.5407,POINT (-125.12000274658203 48.849998474121094)
BMSC22,Dixon Inside,48.85,-125.12,2022-04-25,8.3,RLS,2,10:50:00,,,1,1,Chordata,Actinopterygii,Perciformes,Gobiidae,Rhinogobiops nicholsii,Rhinogobiops nicholsii,10,2,37.3708,POINT (-125.12000274658203 48.849998474121094)
BMSC22,Dixon Inside,48.85,-125.12,2022-04-25,8.3,RLS,2,10:50:00,,,1,1,Chordata,Actinopterygii,Perciformes,Gobiidae,Rhinogobiops nicholsii,Rhinogobiops nicholsii,12.5,2,73.8089,POINT (-125.12000274658203 48.849998474121094)
BMSC22,Dixon Inside,48.85,-125.12,2022-04-25,8.3,RLS,2,10:50:00,,,1,1,Chordata,Actinopterygii,Perciformes,Gobiidae,Rhinogobiops nicholsii,Rhinogobiops nicholsii,15,2,128.7097,POINT (-125.12000274658203 48.849998474121094)
BMSC22,Dixon Inside,48.85,-125.12,2022-04-25,8.3,RLS,2,10:50:00,,,1,1,Chordata,Actinopterygii,Perciformes,Hexagrammidae,Hexagrammos decagrammus,Hexagrammos decagrammus,10,1,18.9254,POINT (-125.12000274658203 48.849998474121094)
BMSC22,Dixon Inside,48.85,-125.12,2022-04-25,8.3,RLS,2,10:50:00,,,1,1,Chordata,Actinopterygii,Perciformes,Hexagrammidae,Hexagrammos decagrammus,Hexagrammos decagrammus,15,1,67.0579,POINT (-125.12000274658203 48.849998474121094)
BMSC22,Dixon Inside,48.85,-125.12,2022-04-25,8.3,RLS,2,10:50:00,,,1,1,Chordata,Actinopterygii,Perciformes,Hexagrammidae,Hexagrammos decagrammus,Hexagrammos decagrammus,20,1,150.0203,POINT (-125.12000274658203 48.849998474121094)
BMSC22,Dixon Inside,48.85,-125.12,2023-05-08,5.5,RLS,3,10:14:00,,,1,1,Chordata,Actinopterygii,Perciformes,Gobiidae,Rhinogobiops nicholsii,Rhinogobiops nicholsii,7.5,34,264.1914,POINT (-125.12000274658203 48.849998474121094)
BMSC22,Dixon Inside,48.85,-125.12,2023-05-08,5.5,RLS,3,10:14:00,,,1,1,Chordata,Actinopterygii,Perciformes,Gobiidae,Rhinogobiops nicholsii,Rhinogobiops nicholsii,10,5,93.4271,POINT (-125.12000274658203 48.849998474121094)
BMSC22,Dixon Inside,48.85,-125.12,2023-05-08,5.5,RLS,3,10:14:00,,,1,1,Chordata,Actinopterygii,Perciformes,Hexagrammidae,Hexagrammos decagrammus,Hexagrammos decagrammus,12.5,1,37.9668,POINT (-125.12000274658203 48.849998474121094)
BMSC22,Dixon Inside,48.85,-125.12,2023-05-08,5.5,RLS,3,10:14:00,,,1,1,Chordata,Actinopterygii,Perciformes,Hexagrammidae,Hexagrammos decagrammus,Hexagrammos decagrammus,15,1,67.0579,POINT (-125.12000274658203 48.849998474121094)
BMSC22,Dixon Inside,48.85,-125.12,2023-05-08,5.5,RLS,3,10:14:00,,,1,1,Chordata,Actinopterygii,Perciformes,Hexagrammidae,Hexagrammos decagrammus,Hexagrammos decagrammus,20,1,150.0203,POINT (-125.12000274658203 48.849998474121094)
BMSC22,Dixon Inside,48.85,-125.12,2023-05-08,5.5,RLS,3,10:14:00,,,1,2,Chordata,Actinopterygii,Perciformes,Gobiidae,Rhinogobiops nicholsii,Rhinogobiops nicholsii,5,12,27.0734,POINT (-125.12000274658203 48.849998474121094)
BMSC22,Dixon Inside,48.85,-125.12,2023-05-08,5.5,RLS,3,10:14:00,,,1,2,Chordata,Actinopterygii,Perciformes,Gobiidae,Rhinogobiops nicholsii,Rhinogobiops nicholsii,7.5,15,116.555,POINT (-125.12000274658203 48.849998474121094)
BMSC22,Dixon Inside,48.85,-125.12,2023-05-08,5.5,RLS,3,10:14:00,,,1,2,Chordata,Actinopterygii,Perciformes,Gobiidae,Rhinogobiops nicholsii,Rhinogobiops nicholsii,10,15,280.2813,POINT (-125.12000274658203 48.849998474121094)
BMSC22,Dixon Inside,48.85,-125.12,2023-05-08,5.5,RLS,3,10:14:00,,,1,2,Chordata,Actinopterygii,Perciformes,Gobiidae,Rhinogobiops nicholsii,Rhinogobiops nicholsii,12.5,8,295.2354,POINT (-125.12000274658203 48.849998474121094)
BMSC22,Dixon Inside,48.85,-125.12,2023-05-08,5.5,RLS,3,10:14:00,,,1,2,Chordata,Actinopterygii,Perciformes,Hexagrammidae,Hexagrammos decagrammus,Hexagrammos decagrammus,15,1,67.0579,POINT (-125.12000274658203 48.849998474121094)
BMSC22,Dixon Inside,48.85,-125.12,2023-05-08,5.5,RLS,3,10:14:00,,,1,2,Chordata,Actinopterygii,Scorpaeniformes,Hexagrammidae,Oxylebius pictus,Oxylebius pictus,10,1,21.4147,POINT (-125.12000274658203 48.849998474121094)
BMSC22,Dixon Inside,48.85,-125.12,2023-05-08,5.5,RLS,3,10:14:00,,,1,2,Chordata,Actinopterygii,Scorpaeniformes,Sebastidae,Sebastes caurinus,Sebastes caurinus,10,1,21.0804,POINT (-125.12000274658203 48.849998474121094)
BMSC22,Dixon Inside,48.85,-125.12,2023-05-08,5.5,RLS,3,10:14:00,,,1,2,Chordata,Actinopterygii,Scorpaeniformes,Sebastidae,Sebastes caurinus,Sebastes caurinus,12.5,1,41.9142,POINT (-125.12000274658203 48.849998474121094)
BMSC22,Dixon Inside,48.85,-125.12,2023-05-08,5.5,RLS,3,10:14:00,,,1,2,Ctenophora,Tentaculata,Lobata,Bolinopsidae,Bolinopsis infundibulum,Bolinopsis infundibulum,0,1,,POINT (-125.12000274658203 48.849998474121094)
BMSC21,Dixon SW,48.85,-125.12,2023-05-08,6,RLS,2,13:00:00,,,1,2,Chordata,Actinopterygii,Perciformes,Gobiidae,Rhinogobiops nicholsii,Rhinogobiops nicholsii,5,1,2.2561,POINT (-125.12000274658203 48.849998474121094)
BMSC21,Dixon SW,48.85,-125.12,2023-05-08,6,RLS,2,13:00:00,,,1,2,Chordata,Actinopterygii,Perciformes,Gobiidae,Rhinogobiops nicholsii,Rhinogobiops nicholsii,7.5,3,23.311,POINT (-125.12000274658203 48.849998474121094)
BMSC21,Dixon SW,48.85,-125.12,2023-05-08,6,RLS,2,13:00:00,,,1,2,Chordata,Actinopterygii,Perciformes,Gobiidae,Rhinogobiops nicholsii,Rhinogobiops nicholsii,10,2,37.3708,POINT (-125.12000274658203 48.849998474121094)
BMSC21,Dixon SW,48.85,-125.12,2023-05-08,6,RLS,2,13:00:00,,,1,2,Chordata,Actinopterygii,Perciformes,Hexagrammidae,Hexagrammos decagrammus,Hexagrammos decagrammus,15,1,67.0579,POINT (-125.12000274658203 48.849998474121094)
BMSC21,Dixon SW,48.85,-125.12,2023-05-08,6,RLS,2,13:00:00,,,1,2,Chordata,Actinopterygii,Perciformes,Hexagrammidae,Hexagrammos decagrammus,Hexagrammos decagrammus,20,1,150.0203,POINT (-125.12000274658203 48.849998474121094)
BMSC21,Dixon SW,48.85,-125.12,2023-05-08,6,RLS,2,13:00:00,,,1,2,Chordata,Actinopterygii,Perciformes,Hexagrammidae,Hexagrammos decagrammus,Hexagrammos decagrammus,25,2,464.3122,POINT (-125.12000274658203 48.849998474121094)
BMSC21,Dixon SW,48.85,-125.12,2023-05-08,6,RLS,2,13:00:00,,,1,2,Chordata,Actinopterygii,Perciformes,Hexagrammidae,Hexagrammos decagrammus,Hexagrammos decagrammus,30,3,1032.016,POINT (-125.12000274658203 48.849998474121094)
BMSC21,Dixon SW,48.85,-125.12,2023-05-08,6,RLS,2,13:00:00,,,1,2,Chordata,Actinopterygii,Scorpaeniformes,Hexagrammidae,Ophiodon elongatus,Ophiodon elongatus,35,1,231.3251,POINT (-125.12000274658203 48.849998474121094)
BMSC21,Dixon SW,48.85,-125.12,2023-05-08,6,RLS,2,13:00:00,,,1,2,Chordata,Actinopterygii,Scorpaeniformes,Hexagrammidae,Ophiodon elongatus,Ophiodon elongatus,40,1,296.3178,POINT (-125.12000274658203 48.849998474121094)
BMSC21,Dixon SW,48.85,-125.12,2023-05-08,6,RLS,2,13:00:00,,,1,2,Chordata,Actinopterygii,Scorpaeniformes,Hexagrammidae,Ophiodon elongatus,Ophiodon elongatus,50,1,599.5206,POINT (-125.12000274658203 48.849998474121094)
BMSC21,Dixon SW,48.85,-125.12,2023-05-08,6,RLS,2,13:00:00,,,1,1,Chordata,Actinopterygii,Perciformes,Gobiidae,Rhinogobiops nicholsii,Rhinogobiops nicholsii,5,1,2.2561,POINT (-125.12000274658203 48.849998474121094)
BMSC21,Dixon SW,48.85,-125.12,2023-05-08,6,RLS,2,13:00:00,,,1,1,Chordata,Actinopterygii,Perciformes,Gobiidae,Rhinogobiops nicholsii,Rhinogobiops nicholsii,7.5,2,15.5407,POINT (-125.12000274658203 48.849998474121094)
BMSC21,Dixon SW,48.85,-125.12,2023-05-08,6,RLS,2,13:00:00,,,1,1,Chordata,Actinopterygii,Perciformes,Gobiidae,Rhinogobiops nicholsii,Rhinogobiops nicholsii,10,5,93.4271,POINT (-125.12000274658203 48.849998474121094)
BMSC21,Dixon SW,48.85,-125.12,2023-05-08,6,RLS,2,13:00:00,,,1,1,Chordata,Actinopterygii,Perciformes,Gobiidae,Rhinogobiops nicholsii,Rhinogobiops nicholsii,12.5,1,36.9044,POINT (-125.12000274658203 48.849998474121094)
BMSC21,Dixon SW,48.85,-125.12,2023-05-08,6,RLS,2,13:00:00,,,1,1,Chordata,Actinopterygii,Perciformes,Hexagrammidae,Hexagrammos decagrammus,Hexagrammos decagrammus,10,1,18.9254,POINT (-125.12000274658203 48.849998474121094)
BMSC21,Dixon SW,48.85,-125.12,2023-05-08,6,RLS,2,13:00:00,,,1,1,Chordata,Actinopterygii,Perciformes,Hexagrammidae,Hexagrammos decagrammus,Hexagrammos decagrammus,15,2,134.1157,POINT (-125.12000274658203 48.849998474121094)
BMSC21,Dixon SW,48.85,-125.12,2023-05-08,6,RLS,2,13:00:00,,,1,1,Chordata,Actinopterygii,Perciformes,Hexagrammidae,Hexagrammos decagrammus,Hexagrammos decagrammus,20,3,450.0609,POINT (-125.12000274658203 48.849998474121094)
BMSC21,Dixon SW,48.85,-125.12,2023-05-08,6,RLS,2,13:00:00,,,1,1,Chordata,Actinopterygii,Perciformes,Hexagrammidae,Hexagrammos decagrammus,Hexagrammos decagrammus,25,3,696.4684,POINT (-125.12000274658203 48.849998474121094)
BMSC21,Dixon SW,48.85,-125.12,2023-05-08,6,RLS,2,13:00:00,,,1,1,Chordata,Actinopterygii,Perciformes,Hexagrammidae,Hexagrammos decagrammus,Hexagrammos decagrammus,30,1,344.0053,POINT (-125.12000274658203 48.849998474121094)
BMSC21,Dixon SW,48.85,-125.12,2023-05-08,6,RLS,2,13:00:00,,,1,1,Chordata,Actinopterygii,Scorpaeniformes,Cottidae,Artedius harringtoni,Artedius harringtoni,5,1,1.9303,POINT (-125.12000274658203 48.849998474121094)
BMSC21,Dixon SW,48.85,-125.12,2023-05-08,6,RLS,2,13:00:00,,,1,1,Chordata,Actinopterygii,Scorpaeniformes,Sebastidae,Sebastes melanops,Sebastes melanops,12.5,2,83.8284,POINT (-125.12000274658203 48.849998474121094)
BMSC21,Dixon SW,48.85,-125.12,2023-05-08,6,RLS,2,13:00:00,,,1,1,Chordata,Actinopterygii,Scorpaeniformes,Sebastidae,Sebastes melanops,Sebastes melanops,15,3,220.4756,POINT (-125.12000274658203 48.849998474121094)
BMSC21,Dixon SW,48.85,-125.12,2023-05-08,6,RLS,2,13:00:00,,,1,1,Ctenophora,Tentaculata,Lobata,Bolinopsidae,Bolinopsis infundibulum,Bolinopsis infundibulum,0,1,,POINT (-125.12000274658203 48.849998474121094)
BMKC1,Dixon Bay 2,48.85,-125.12,2023-05-29,6,RLS,2,7:40:00,,,1,1,Chordata,Actinopterygii,Perciformes,Embiotocidae,Brachyistius frenatus,Brachyistius frenatus,7.5,2,21.4747,POINT (-125.12000274658203 48.849998474121094)
BMKC1,Dixon Bay 2,48.85,-125.12,2023-05-29,6,RLS,2,7:40:00,,,1,1,Chordata,Actinopterygii,Perciformes,Embiotocidae,Brachyistius frenatus,Brachyistius frenatus,10,14,360.4442,POINT (-125.12000274658203 48.849998474121094)
BMKC1,Dixon Bay 2,48.85,-125.12,2023-05-29,6,RLS,2,7:40:00,,,1,1,Chordata,Actinopterygii,Perciformes,Embiotocidae,Brachyistius frenatus,Brachyistius frenatus,12.5,2,101.472,POINT (-125.12000274658203 48.849998474121094)
BMKC1,Dixon Bay 2,48.85,-125.12,2023-05-29,6,RLS,2,7:40:00,,,1,1,Chordata,Actinopterygii,Perciformes,Hexagrammidae,Hexagrammos decagrammus,Hexagrammos decagrammus,20,1,150.0203,POINT (-125.12000274658203 48.849998474121094)
BMKC1,Dixon Bay 2,48.85,-125.12,2023-05-29,6,RLS,2,7:40:00,,,1,1,Chordata,Actinopterygii,Scorpaeniformes,Sebastidae,Sebastes caurinus,Sebastes caurinus,7.5,1,8.6909,POINT (-125.12000274658203 48.849998474121094)
BMKC1,Dixon Bay 2,48.85,-125.12,2023-05-29,6,RLS,2,7:40:00,,,1,1,Chordata,Actinopterygii,Scorpaeniformes,Sebastidae,Sebastes melanops,Sebastes melanops,15,1,73.4918,POINT (-125.12000274658203 48.849998474121094)
BMKC1,Dixon Bay 2,48.85,-125.12,2023-05-29,6,RLS,2,7:40:00,,,1,2,Chordata,Actinopterygii,Perciformes,Embiotocidae,Brachyistius frenatus,Brachyistius frenatus,2.5,2,0.7612,POINT (-125.12000274658203 48.849998474121094)
BMKC1,Dixon Bay 2,48.85,-125.12,2023-05-29,6,RLS,2,7:40:00,,,1,2,Chordata,Actinopterygii,Perciformes,Embiotocidae,Brachyistius frenatus,Brachyistius frenatus,5,1,3.1302,POINT (-125.12000274658203 48.849998474121094)
BMKC1,Dixon Bay 2,48.85,-125.12,2023-05-29,6,RLS,2,7:40:00,,,1,2,Chordata,Actinopterygii,Perciformes,Embiotocidae,Brachyistius frenatus,Brachyistius frenatus,7.5,2,21.4747,POINT (-125.12000274658203 48.849998474121094)
BMKC1,Dixon Bay 2,48.85,-125.12,2023-05-29,6,RLS,2,7:40:00,,,1,2,Chordata,Actinopterygii,Perciformes,Embiotocidae,Cymatogaster aggregata,Cymatogaster aggregata,2.5,3,1.6145,POINT (-125.12000274658203 48.849998474121094)
BMKC1,Dixon Bay 2,48.85,-125.12,2023-05-29,6,RLS,2,7:40:00,,,1,2,Chordata,Actinopterygii,Perciformes,Embiotocidae,Cymatogaster aggregata,Cymatogaster aggregata,5,2,8.7306,POINT (-125.12000274658203 48.849998474121094)
BMKC1,Dixon Bay 2,48.85,-125.12,2023-05-29,6,RLS,2,7:40:00,,,1,2,Chordata,Actinopterygii,Perciformes,Embiotocidae,Cymatogaster aggregata,Cymatogaster aggregata,7.5,1,14.8529,POINT (-125.12000274658203 48.849998474121094)
BMKC1,Dixon Bay 2,48.85,-125.12,2023-05-29,6,RLS,2,7:40:00,,,1,2,Chordata,Actinopterygii,Perciformes,Hexagrammidae,Hexagrammos decagrammus,Hexagrammos decagrammus,5,1,2.1769,POINT (-125.12000274658203 48.849998474121094)
BMKC1,Dixon Bay 2,48.85,-125.12,2023-05-29,6,RLS,2,7:40:00,,,1,2,Chordata,Actinopterygii,Perciformes,Hexagrammidae,Hexagrammos decagrammus,Hexagrammos decagrammus,7.5,1,7.7132,POINT (-125.12000274658203 48.849998474121094)
BMKC1,Dixon Bay 2,48.85,-125.12,2023-05-29,6,RLS,2,7:40:00,,,1,2,Chordata,Actinopterygii,Perciformes,Hexagrammidae,Hexagrammos decagrammus,Hexagrammos decagrammus,12.5,1,37.9668,POINT (-125.12000274658203 48.849998474121094)
BMKC1,Dixon Bay 2,48.85,-125.12,2023-05-29,6,RLS,2,7:40:00,,,1,2,Chordata,Actinopterygii,Scorpaeniformes,Hexagrammidae,Hexagrammos stelleri,Hexagrammos stelleri,10,1,17.7915,POINT (-125.12000274658203 48.849998474121094)
BMKC1,Dixon Bay 2,48.85,-125.12,2023-05-29,6,RLS,2,7:40:00,,,1,2,Chordata,Actinopterygii,Scorpaeniformes,Sebastidae,Sebastes caurinus,Sebastes caurinus,2.5,1,0.2948,POINT (-125.12000274658203 48.849998474121094)
BMKC1,Dixon Bay 2,48.85,-125.12,2023-05-29,6,RLS,2,7:40:00,,,1,2,Chordata,Actinopterygii,Scorpaeniformes,Sebastidae,Sebastes caurinus,Sebastes caurinus,5,1,2.4929,POINT (-125.12000274658203 48.849998474121094)
BMSC3,Ohiat,48.86,-125.18,2021-04-27,5.5,RLS,5,12:39:00,,,1,1,Chordata,Actinopterygii,Perciformes,Embiotocidae,Embiotoca lateralis,Embiotoca lateralis,12.5,1,69.4696,POINT (-125.18000030517578 48.86000061035156)
BMSC3,Ohiat,48.86,-125.18,2021-04-27,5.5,RLS,5,12:39:00,,,1,1,Chordata,Actinopterygii,Perciformes,Hexagrammidae,Hexagrammos decagrammus,Hexagrammos decagrammus,15,2,134.1157,POINT (-125.18000030517578 48.86000061035156)
BMSC3,Ohiat,48.86,-125.18,2021-04-27,5.5,RLS,5,12:39:00,,,1,1,Chordata,Actinopterygii,Scorpaeniformes,Hexagrammidae,Oxylebius pictus,Oxylebius pictus,10,2,42.8294,POINT (-125.18000030517578 48.86000061035156)
BMSC3,Ohiat,48.86,-125.18,2021-04-27,5.5,RLS,5,12:39:00,,,1,1,Chordata,Actinopterygii,Scorpaeniformes,Sebastidae,Sebastes melanops,Sebastes melanops,10,3,63.2411,POINT (-125.18000030517578 48.86000061035156)
BMSC3,Ohiat,48.86,-125.18,2021-04-27,5.5,RLS,5,12:39:00,,,1,1,Chordata,Actinopterygii,Scorpaeniformes,Sebastidae,Sebastes melanops,Sebastes melanops,12.5,3,125.7425,POINT (-125.18000030517578 48.86000061035156)
BMSC3,Ohiat,48.86,-125.18,2021-04-27,5.5,RLS,5,12:39:00,,,1,1,Chordata,Actinopterygii,Scorpaeniformes,Sebastidae,Sebastes melanops,Sebastes melanops,15,5,367.4593,POINT (-125.18000030517578 48.86000061035156)
BMSC3,Ohiat,48.86,-125.18,2021-04-27,5.5,RLS,5,12:39:00,,,1,2,Chordata,Actinopterygii,Perciformes,Embiotocidae,Rhacochilus vacca,Rhacochilus vacca,15,3,361.4458,POINT (-125.18000030517578 48.86000061035156)
BMSC3,Ohiat,48.86,-125.18,2021-04-27,5.5,RLS,5,12:39:00,,,1,2,Chordata,Actinopterygii,Perciformes,Embiotocidae,Rhacochilus vacca,Rhacochilus vacca,20,1,262.672,POINT (-125.18000030517578 48.86000061035156)
BMSC3,Ohiat,48.86,-125.18,2021-04-27,5.5,RLS,5,12:39:00,,,1,2,Chordata,Actinopterygii,Perciformes,Hexagrammidae,Hexagrammos decagrammus,Hexagrammos decagrammus,20,1,150.0203,POINT (-125.18000030517578 48.86000061035156)
BMSC3,Ohiat,48.86,-125.18,2021-04-27,5.5,RLS,5,12:39:00,,,1,2,Chordata,Actinopterygii,Perciformes,Hexagrammidae,Hexagrammos decagrammus,Hexagrammos decagrammus,25,1,232.1561,POINT (-125.18000030517578 48.86000061035156)
BMSC3,Ohiat,48.86,-125.18,2021-04-27,5.5,RLS,5,12:39:00,,,1,2,Chordata,Actinopterygii,Scorpaeniformes,Sebastidae,Sebastes melanops,Sebastes melanops,20,1,162.7257,POINT (-125.18000030517578 48.86000061035156)
BMSC3,Ohiat,48.86,-125.18,2022-05-05,6.5,RLS,3,13:45:00,,,1,2,Chordata,Actinopterygii,Perciformes,Embiotocidae,Embiotoca lateralis,Embiotoca lateralis,30,1,586.5124,POINT (-125.18000030517578 48.86000061035156)
BMSC3,Ohiat,48.86,-125.18,2022-05-05,6.5,RLS,3,13:45:00,,,1,2,Chordata,Actinopterygii,Perciformes,Embiotocidae,Embiotoca lateralis,Embiotoca lateralis,35,1,815.0834,POINT (-125.18000030517578 48.86000061035156)
BMSC3,Ohiat,48.86,-125.18,2022-05-05,6.5,RLS,3,13:45:00,,,1,2,Chordata,Actinopterygii,Scorpaeniformes,Sebastidae,Sebastes melanops,Sebastes melanops,20,4,650.9028,POINT (-125.18000030517578 48.86000061035156)
BMSC3,Ohiat,48.86,-125.18,2022-05-05,6.5,RLS,3,13:45:00,,,1,2,Chordata,Actinopterygii,Scorpaeniformes,Sebastidae,Sebastes melanops,Sebastes melanops,25,13,3255.3552,POINT (-125.18000030517578 48.86000061035156)
BMSC3,Ohiat,48.86,-125.18,2022-05-05,6.5,RLS,3,13:45:00,,,1,2,Chordata,Actinopterygii,Scorpaeniformes,Sebastidae,Sebastes melanops,Sebastes melanops,30,10,3691.905,POINT (-125.18000030517578 48.86000061035156)
BMSC3,Ohiat,48.86,-125.18,2022-05-05,6.5,RLS,3,13:45:00,,,1,1,Chordata,Actinopterygii,Scorpaeniformes,Hexagrammidae,Ophiodon elongatus,Ophiodon elongatus,50,1,599.5206,POINT (-125.18000030517578 48.86000061035156)
BMSC3,Ohiat,48.86,-125.18,2022-05-05,6.5,RLS,3,13:45:00,,,1,1,Chordata,Actinopterygii,Scorpaeniformes,Sebastidae,Sebastes melanops,Sebastes melanops,20,10,1627.257,POINT (-125.18000030517578 48.86000061035156)
BMSC3,Ohiat,48.86,-125.18,2022-05-05,6.5,RLS,3,13:45:00,,,1,1,Chordata,Actinopterygii,Scorpaeniformes,Sebastidae,Sebastes melanops,Sebastes melanops,35,3,1549.3024,POINT (-125.18000030517578 48.86000061035156)
BMSC3,Ohiat,48.86,-125.18,2023-05-12,7.5,RLS,1,12:40:00,,,1,2,Chordata,Actinopterygii,Perciformes,Gobiidae,Rhinogobiops nicholsii,Rhinogobiops nicholsii,7.5,2,15.5407,POINT (-125.18000030517578 48.86000061035156)
BMSC3,Ohiat,48.86,-125.18,2023-05-12,7.5,RLS,1,12:40:00,,,1,2,Chordata,Actinopterygii,Perciformes,Hexagrammidae,Hexagrammos decagrammus,Hexagrammos decagrammus,20,1,150.0203,POINT (-125.18000030517578 48.86000061035156)
BMSC3,Ohiat,48.86,-125.18,2023-05-12,7.5,RLS,1,12:40:00,,,1,2,Chordata,Actinopterygii,Perciformes,Hexagrammidae,Hexagrammos decagrammus,Hexagrammos decagrammus,30,2,688.0106,POINT (-125.18000030517578 48.86000061035156)
BMSC3,Ohiat,48.86,-125.18,2023-05-12,7.5,RLS,1,12:40:00,,,1,2,Chordata,Actinopterygii,Scorpaeniformes,Sebastidae,Sebastes melanops,Sebastes melanops,30,1,369.1905,POINT (-125.18000030517578 48.86000061035156)
BMSC3,Ohiat,48.86,-125.18,2023-05-12,7.5,RLS,1,12:40:00,,,1,1,Chordata,Actinopterygii,Perciformes,Gobiidae,Rhinogobiops nicholsii,Rhinogobiops nicholsii,7.5,1,7.7703,POINT (-125.18000030517578 48.86000061035156)
BMSC3,Ohiat,48.86,-125.18,2023-05-12,7.5,RLS,1,12:40:00,,,1,1,Chordata,Actinopterygii,Perciformes,Hexagrammidae,Hexagrammos decagrammus,Hexagrammos decagrammus,25,1,232.1561,POINT (-125.18000030517578 48.86000061035156)
BMSC3,Ohiat,48.86,-125.18,2023-05-12,7.5,RLS,1,12:40:00,,,1,1,Chordata,Actinopterygii,Perciformes,Hexagrammidae,Hexagrammos decagrammus,Hexagrammos decagrammus,35,2,966.613,POINT (-125.18000030517578 48.86000061035156)
BMSC3,Ohiat,48.86,-125.18,2023-05-12,7.5,RLS,1,12:40:00,,,1,1,Chordata,Actinopterygii,Scorpaeniformes,Hexagrammidae,Ophiodon elongatus,Ophiodon elongatus,40,1,296.3178,POINT (-125.18000030517578 48.86000061035156)
BMSC14,Effingham Archipelago,48.88,-125.3,2021-05-04,6,RLS,4,13:00:00,,,1,1,Chordata,Actinopterygii,Perciformes,Hexagrammidae,Hexagrammos decagrammus,Hexagrammos decagrammus,20,2,300.0406,POINT (-125.30000305175781 48.880001068115234)
BMSC14,Effingham Archipelago,48.88,-125.3,2021-05-04,6,RLS,4,13:00:00,,,1,1,Chordata,Actinopterygii,Perciformes,Hexagrammidae,Hexagrammos decagrammus,Hexagrammos decagrammus,25,1,232.1561,POINT (-125.30000305175781 48.880001068115234)
BMSC14,Effingham Archipelago,48.88,-125.3,2021-05-04,6,RLS,4,13:00:00,,,1,1,Chordata,Actinopterygii,Perciformes,Hexagrammidae,Hexagrammos decagrammus,Hexagrammos decagrammus,30,1,344.0053,POINT (-125.30000305175781 48.880001068115234)
BMSC14,Effingham Archipelago,48.88,-125.3,2021-05-04,6,RLS,4,13:00:00,,,1,1,Chordata,Actinopterygii,Scorpaeniformes,Sebastidae,Sebastes caurinus,Sebastes caurinus,20,1,162.7257,POINT (-125.30000305175781 48.880001068115234)
BMSC14,Effingham Archipelago,48.88,-125.3,2021-05-04,6,RLS,4,13:00:00,,,1,1,Chordata,Actinopterygii,Scorpaeniformes,Sebastidae,Sebastes caurinus,Sebastes caurinus,25,1,250.4119,POINT (-125.30000305175781 48.880001068115234)
BMSC14,Effingham Archipelago,48.88,-125.3,2021-05-04,6,RLS,4,13:00:00,,,1,1,Chordata,Actinopterygii,Scorpaeniformes,Sebastidae,Sebastes melanops,Sebastes melanops,35,1,516.4341,POINT (-125.30000305175781 48.880001068115234)
BMSC14,Effingham Archipelago,48.88,-125.3,2021-05-04,6,RLS,4,13:00:00,,,1,2,Chordata,Actinopterygii,Perciformes,Hexagrammidae,Hexagrammos decagrammus,Hexagrammos decagrammus,25,1,232.1561,POINT (-125.30000305175781 48.880001068115234)
BMSC14,Effingham Archipelago,48.88,-125.3,2021-05-04,6,RLS,4,13:00:00,,,1,2,Chordata,Actinopterygii,Perciformes,Hexagrammidae,Hexagrammos decagrammus,Hexagrammos decagrammus,30,2,688.0106,POINT (-125.30000305175781 48.880001068115234)
BMSC14,Effingham Archipelago,48.88,-125.3,2021-05-04,6,RLS,4,13:00:00,,,1,2,Chordata,Actinopterygii,Scorpaeniformes,Sebastidae,Sebastes melanops,Sebastes melanops,15,1,73.4918,POINT (-125.30000305175781 48.880001068115234)
BMSC14,Effingham Archipelago,48.88,-125.3,2022-04-26,7,RLS,2,14:10:00,,,1,2,Chordata,Actinopterygii,Perciformes,Hexagrammidae,Hexagrammos decagrammus,Hexagrammos decagrammus,30,1,344.0053,POINT (-125.30000305175781 48.880001068115234)
BMSC14,Effingham Archipelago,48.88,-125.3,2022-04-26,7,RLS,2,14:10:00,,,1,2,Chordata,Actinopterygii,Perciformes,Hexagrammidae,Hexagrammos decagrammus,Hexagrammos decagrammus,35,1,483.3065,POINT (-125.30000305175781 48.880001068115234)
BMSC14,Effingham Archipelago,48.88,-125.3,2022-04-26,7,RLS,2,14:10:00,,,1,1,Chordata,Actinopteri,Perciformes,Cottidae,Enophrys bison,Enophrys bison,50,1,1233.6069,POINT (-125.30000305175781 48.880001068115234)
BMSC14,Effingham Archipelago,48.88,-125.3,2022-04-26,7,RLS,2,14:10:00,,,1,1,Chordata,Actinopterygii,Perciformes,Gobiidae,Rhinogobiops nicholsii,Rhinogobiops nicholsii,7.5,1,7.7703,POINT (-125.30000305175781 48.880001068115234)
BMSC14,Effingham Archipelago,48.88,-125.3,2022-04-26,7,RLS,2,14:10:00,,,1,1,Chordata,Actinopterygii,Perciformes,Gobiidae,Rhinogobiops nicholsii,Rhinogobiops nicholsii,10,1,18.6854,POINT (-125.30000305175781 48.880001068115234)
BMSC14,Effingham Archipelago,48.88,-125.3,2022-04-26,7,RLS,2,14:10:00,,,1,1,Chordata,Actinopterygii,Perciformes,Gobiidae,Rhinogobiops nicholsii,Rhinogobiops nicholsii,12.5,1,36.9044,POINT (-125.30000305175781 48.880001068115234)
BMSC14,Effingham Archipelago,48.88,-125.3,2022-04-26,7,RLS,2,14:10:00,,,1,1,Chordata,Actinopterygii,Perciformes,Hexagrammidae,Hexagrammos decagrammus,Hexagrammos decagrammus,40,1,619.0955,POINT (-125.30000305175781 48.880001068115234)
KCCA20,Nanat Bay,48.88,-125.08,2023-05-30,5.5,RLS,3,9:23:00,,,1,1,Chordata,Actinopterygii,Perciformes,Embiotocidae,Brachyistius frenatus,Brachyistius frenatus,5,11,34.4327,POINT (-125.08000183105469 48.880001068115234)
KCCA20,Nanat Bay,48.88,-125.08,2023-05-30,5.5,RLS,3,9:23:00,,,1,1,Chordata,Actinopterygii,Perciformes,Embiotocidae,Brachyistius frenatus,Brachyistius frenatus,7.5,9,96.636,POINT (-125.08000183105469 48.880001068115234)
KCCA20,Nanat Bay,48.88,-125.08,2023-05-30,5.5,RLS,3,9:23:00,,,1,1,Chordata,Actinopterygii,Perciformes,Embiotocidae,Brachyistius frenatus,Brachyistius frenatus,10,3,77.238,POINT (-125.08000183105469 48.880001068115234)
KCCA20,Nanat Bay,48.88,-125.08,2023-05-30,5.5,RLS,3,9:23:00,,,1,1,Chordata,Actinopterygii,Perciformes,Embiotocidae,Brachyistius frenatus,Brachyistius frenatus,12.5,1,50.736,POINT (-125.08000183105469 48.880001068115234)
KCCA20,Nanat Bay,48.88,-125.08,2023-05-30,5.5,RLS,3,9:23:00,,,1,1,Chordata,Actinopterygii,Perciformes,Embiotocidae,Cymatogaster aggregata,Cymatogaster aggregata,10,1,35.41,POINT (-125.08000183105469 48.880001068115234)
KCCA20,Nanat Bay,48.88,-125.08,2023-05-30,5.5,RLS,3,9:23:00,,,1,1,Chordata,Actinopterygii,Perciformes,Gobiidae,Rhinogobiops nicholsii,Rhinogobiops nicholsii,5,1,2.2561,POINT (-125.08000183105469 48.880001068115234)
KCCA20,Nanat Bay,48.88,-125.08,2023-05-30,5.5,RLS,3,9:23:00,,,1,1,Chordata,Actinopterygii,Scorpaeniformes,Sebastidae,Sebastes caurinus,Sebastes caurinus,7.5,1,8.6909,POINT (-125.08000183105469 48.880001068115234)
KCCA20,Nanat Bay,48.88,-125.08,2023-05-30,5.5,RLS,3,9:23:00,,,1,1,Chordata,Actinopterygii,Scorpaeniformes,Sebastidae,Sebastes caurinus,Sebastes caurinus,10,1,21.0804,POINT (-125.08000183105469 48.880001068115234)
KCCA20,Nanat Bay,48.88,-125.08,2023-05-30,5.5,RLS,3,9:23:00,,,1,1,Chordata,Actinopterygii,Scorpaeniformes,Sebastidae,Sebastes caurinus,Sebastes caurinus,15,1,73.4918,POINT (-125.08000183105469 48.880001068115234)
KCCA20,Nanat Bay,48.88,-125.08,2023-05-30,5.5,RLS,3,9:23:00,,,1,1,Chordata,Actinopterygii,Scorpaeniformes,Sebastidae,Sebastes melanops,Sebastes melanops,12.5,1,41.9142,POINT (-125.08000183105469 48.880001068115234)
KCCA20,Nanat Bay,48.88,-125.08,2023-05-30,5.5,RLS,3,9:23:00,,,1,2,Chordata,Actinopterygii,Perciformes,Embiotocidae,Brachyistius frenatus,Brachyistius frenatus,2.5,10,3.8058,POINT (-125.08000183105469 48.880001068115234)
KCCA20,Nanat Bay,48.88,-125.08,2023-05-30,5.5,RLS,3,9:23:00,,,1,2,Chordata,Actinopterygii,Perciformes,Embiotocidae,Brachyistius frenatus,Brachyistius frenatus,5,15,46.9537,POINT (-125.08000183105469 48.880001068115234)
KCCA20,Nanat Bay,48.88,-125.08,2023-05-30,5.5,RLS,3,9:23:00,,,1,2,Chordata,Actinopterygii,Perciformes,Embiotocidae,Brachyistius frenatus,Brachyistius frenatus,7.5,10,107.3733,POINT (-125.08000183105469 48.880001068115234)
KCCA20,Nanat Bay,48.88,-125.08,2023-05-30,5.5,RLS,3,9:23:00,,,1,2,Chordata,Actinopterygii,Perciformes,Embiotocidae,Brachyistius frenatus,Brachyistius frenatus,10,2,51.492,POINT (-125.08000183105469 48.880001068115234)
KCCA20,Nanat Bay,48.88,-125.08,2023-05-30,5.5,RLS,3,9:23:00,,,1,2,Chordata,Actinopterygii,Perciformes,Embiotocidae,Rhacochilus vacca,Rhacochilus vacca,5,1,4.3653,POINT (-125.08000183105469 48.880001068115234)
KCCA20,Nanat Bay,48.88,-125.08,2023-05-30,5.5,RLS,3,9:23:00,,,1,2,Chordata,Actinopterygii,Perciformes,Embiotocidae,Rhacochilus vacca,Rhacochilus vacca,7.5,2,29.7058,POINT (-125.08000183105469 48.880001068115234)
KCCA20,Nanat Bay,48.88,-125.08,2023-05-30,5.5,RLS,3,9:23:00,,,1,2,Chordata,Actinopterygii,Perciformes,Hexagrammidae,Hexagrammos decagrammus,Hexagrammos decagrammus,15,1,67.0579,POINT (-125.08000183105469 48.880001068115234)
KCCA20,Nanat Bay,48.88,-125.08,2023-05-30,5.5,RLS,3,9:23:00,,,1,2,Chordata,Actinopterygii,Scorpaeniformes,Sebastidae,Sebastes caurinus,Sebastes caurinus,2.5,1,0.2948,POINT (-125.08000183105469 48.880001068115234)
KCCA20,Nanat Bay,48.88,-125.08,2023-05-30,5.5,RLS,3,9:23:00,,,1,2,Chordata,Actinopterygii,Scorpaeniformes,Sebastidae,Sebastes caurinus,Sebastes caurinus,5,2,4.9858,POINT (-125.08000183105469 48.880001068115234)
KCCA20,Nanat Bay,48.88,-125.08,2023-05-30,5.5,RLS,3,9:23:00,,,1,2,Chordata,Actinopterygii,Scorpaeniformes,Sebastidae,Sebastes caurinus,Sebastes caurinus,7.5,2,17.3819,POINT (-125.08000183105469 48.880001068115234)
KCCA20,Nanat Bay,48.88,-125.08,2023-05-30,5.5,RLS,3,9:23:00,,,1,2,Chordata,Actinopterygii,Scorpaeniformes,Sebastidae,Sebastes caurinus,Sebastes caurinus,10,4,84.3215,POINT (-125.08000183105469 48.880001068115234)
KCCA20,Nanat Bay,48.88,-125.08,2023-05-30,5.5,RLS,3,9:23:00,,,1,2,Chordata,Actinopterygii,Scorpaeniformes,Sebastidae,Sebastes caurinus,Sebastes caurinus,12.5,1,41.9142,POINT (-125.08000183105469 48.880001068115234)
KCCA20,Nanat Bay,48.88,-125.08,2023-05-30,5.5,RLS,3,9:23:00,,,1,2,Chordata,Actinopterygii,Scorpaeniformes,Sebastidae,Sebastes caurinus,Sebastes caurinus,15,1,73.4918,POINT (-125.08000183105469 48.880001068115234)
KCCA20,Nanat Bay,48.88,-125.08,2023-05-30,5.5,RLS,3,9:23:00,,,1,2,Chordata,Actinopterygii,Scorpaeniformes,Sebastidae,Sebastes flavidus,Sebastes flavidus,7.5,4,34.7638,POINT (-125.08000183105469 48.880001068115234)
KCCA20,Nanat Bay,48.88,-125.08,2023-05-30,5.5,RLS,3,9:23:00,,,1,2,Chordata,Actinopterygii,Scorpaeniformes,Sebastidae,Sebastes flavidus,Sebastes flavidus,10,3,63.2411,POINT (-125.08000183105469 48.880001068115234)
KCCA20,Nanat Bay,48.88,-125.08,2023-05-30,5.5,RLS,3,9:23:00,,,1,2,Chordata,Actinopterygii,Scorpaeniformes,Sebastidae,Sebastes flavidus,Sebastes flavidus,12.5,4,167.6567,POINT (-125.08000183105469 48.880001068115234)
KCCA20,Nanat Bay,48.88,-125.08,2023-05-30,5.5,RLS,3,9:23:00,,,1,2,Chordata,Actinopterygii,Scorpaeniformes,Sebastidae,Sebastes flavidus,Sebastes flavidus,15,4,293.9674,POINT (-125.08000183105469 48.880001068115234)
KCCA20,Nanat Bay,48.88,-125.08,2023-05-30,5.5,RLS,3,9:23:00,,,1,2,Chordata,Actinopterygii,Scorpaeniformes,Sebastidae,Sebastes flavidus,Sebastes flavidus,20,3,488.1771,POINT (-125.08000183105469 48.880001068115234)
KCCA20,Nanat Bay,48.88,-125.08,2023-05-30,5.5,RLS,3,9:23:00,,,1,2,Chordata,Actinopterygii,Scorpaeniformes,Sebastidae,Sebastes melanops,Sebastes melanops,10,1,21.0804,POINT (-125.08000183105469 48.880001068115234)
KCCA20,Nanat Bay,48.88,-125.08,2023-05-30,5.5,RLS,3,9:23:00,,,1,2,Cnidaria,Scyphozoa,Semaeostomeae,Ulmaridae,Aurelia aurita,Aurelia aurita,5,1,,POINT (-125.08000183105469 48.880001068115234)
BMSC32,Less Dangerous Bay,48.88,-125.09,2023-06-13,3.2,RLS,3,8:56:00,,,1,1,Chordata,Actinopterygii,Perciformes,Hexagrammidae,Hexagrammos decagrammus,Hexagrammos decagrammus,15,1,67.0579,POINT (-125.08999633789062 48.880001068115234)
BMSC32,Less Dangerous Bay,48.88,-125.09,2023-06-13,3.2,RLS,3,8:56:00,,,1,1,Chordata,Actinopterygii,Perciformes,Hexagrammidae,Hexagrammos decagrammus,Hexagrammos decagrammus,20,5,750.1016,POINT (-125.08999633789062 48.880001068115234)
BMSC32,Less Dangerous Bay,48.88,-125.09,2023-06-13,3.2,RLS,3,8:56:00,,,1,1,Chordata,Actinopterygii,Perciformes,Hexagrammidae,Hexagrammos decagrammus,Hexagrammos decagrammus,25,2,464.3122,POINT (-125.08999633789062 48.880001068115234)
BMSC32,Less Dangerous Bay,48.88,-125.09,2023-06-13,3.2,RLS,3,8:56:00,,,1,1,Chordata,Actinopterygii,Scorpaeniformes,Sebastidae,Sebastes caurinus,Sebastes caurinus,15,1,73.4918,POINT (-125.08999633789062 48.880001068115234)
BMSC32,Less Dangerous Bay,48.88,-125.09,2023-06-13,3.2,RLS,3,8:56:00,,,1,2,Chordata,Actinopterygii,Perciformes,Embiotocidae,Rhacochilus vacca,Rhacochilus vacca,7.5,2,29.7058,POINT (-125.08999633789062 48.880001068115234)
BMSC32,Less Dangerous Bay,48.88,-125.09,2023-06-13,3.2,RLS,3,8:56:00,,,1,2,Chordata,Actinopterygii,Perciformes,Hexagrammidae,Hexagrammos decagrammus,Hexagrammos decagrammus,12.5,1,37.9668,POINT (-125.08999633789062 48.880001068115234)
BMSC32,Less Dangerous Bay,48.88,-125.09,2023-06-13,3.2,RLS,3,8:56:00,,,1,2,Chordata,Actinopterygii,Perciformes,Hexagrammidae,Hexagrammos decagrammus,Hexagrammos decagrammus,15,1,67.0579,POINT (-125.08999633789062 48.880001068115234)
BMSC32,Less Dangerous Bay,48.88,-125.09,2023-06-13,3.2,RLS,3,8:56:00,,,1,2,Chordata,Actinopterygii,Perciformes,Hexagrammidae,Hexagrammos decagrammus,Hexagrammos decagrammus,20,2,300.0406,POINT (-125.08999633789062 48.880001068115234)
BMSC32,Less Dangerous Bay,48.88,-125.09,2023-06-13,3.2,RLS,3,8:56:00,,,1,2,Chordata,Actinopterygii,Perciformes,Hexagrammidae,Hexagrammos decagrammus,Hexagrammos decagrammus,25,3,696.4684,POINT (-125.08999633789062 48.880001068115234)
BMSC32,Less Dangerous Bay,48.88,-125.09,2023-06-13,3.2,RLS,3,8:56:00,,,1,2,Chordata,Actinopterygii,Perciformes,Hexagrammidae,Hexagrammos decagrammus,Hexagrammos decagrammus,30,1,344.0053,POINT (-125.08999633789062 48.880001068115234)
BMSC31,Dodger Channel 2,48.83,-125.19,2023-06-09,2,RLS,2,10:30:00,48.83,-125.19,1,1,Chordata,Actinopterygii,Perciformes,Hexagrammidae,Hexagrammos decagrammus,Hexagrammos decagrammus,10,3,56.7762,POINT (-125.19 48.83)
BMSC31,Dodger Channel 2,48.83,-125.19,2023-06-09,2,RLS,2,10:30:00,48.83,-125.19,1,1,Chordata,Actinopterygii,Perciformes,Hexagrammidae,Hexagrammos decagrammus,Hexagrammos decagrammus,12.5,1,37.9668,POINT (-125.19 48.83)
BMSC31,Dodger Channel 2,48.83,-125.19,2023-06-09,2,RLS,2,10:30:00,48.83,-125.19,1,1,Chordata,Actinopterygii,Perciformes,Hexagrammidae,Hexagrammos decagrammus,Hexagrammos decagrammus,15,1,67.0579,POINT (-125.19 48.83)
BMSC31,Dodger Channel 2,48.83,-125.19,2023-06-09,2,RLS,2,10:30:00,48.83,-125.19,1,2,Chordata,Actinopterygii,Gasterosteiformes,Aulorhynchidae,Aulorhynchus flavidus,Aulorhynchus flavidus,5,3,2.1904,POINT (-125.19 48.83)
BMSC31,Dodger Channel 2,48.83,-125.19,2023-06-09,2,RLS,2,10:30:00,48.83,-125.19,1,2,Chordata,Actinopterygii,Gasterosteiformes,Aulorhynchidae,Aulorhynchus flavidus,Aulorhynchus flavidus,7.5,8,20.8647,POINT (-125.19 48.83)
BMSC31,Dodger Channel 2,48.83,-125.19,2023-06-09,2,RLS,2,10:30:00,48.83,-125.19,1,2,Chordata,Actinopterygii,Gasterosteiformes,Aulorhynchidae,Aulorhynchus flavidus,Aulorhynchus flavidus,10,7,45.0534,POINT (-125.19 48.83)
BMSC31,Dodger Channel 2,48.83,-125.19,2023-06-09,2,RLS,2,10:30:00,48.83,-125.19,1,2,Chordata,Actinopterygii,Perciformes,Embiotocidae,Brachyistius frenatus,Brachyistius frenatus,5,1,3.1302,POINT (-125.19 48.83)
BMSC31,Dodger Channel 2,48.83,-125.19,2023-06-09,2,RLS,2,10:30:00,48.83,-125.19,1,2,Chordata,Actinopterygii,Perciformes,Embiotocidae,Cymatogaster aggregata,Cymatogaster aggregata,5,6,26.1919,POINT (-125.19 48.83)
BMSC31,Dodger Channel 2,48.83,-125.19,2023-06-09,2,RLS,2,10:30:00,48.83,-125.19,1,2,Chordata,Actinopterygii,Perciformes,Embiotocidae,Cymatogaster aggregata,Cymatogaster aggregata,7.5,2,29.7058,POINT (-125.19 48.83)
BMSC31,Dodger Channel 2,48.83,-125.19,2023-06-09,2,RLS,2,10:30:00,48.83,-125.19,1,2,Chordata,Actinopterygii,Perciformes,Hexagrammidae,Hexagrammos decagrammus,Hexagrammos decagrammus,5,1,2.1769,POINT (-125.19 48.83)
BMSC31,Dodger Channel 2,48.83,-125.19,2023-06-09,2,RLS,2,10:30:00,48.83,-125.19,1,2,Chordata,Actinopterygii,Perciformes,Hexagrammidae,Hexagrammos decagrammus,Hexagrammos decagrammus,10,2,37.8508,POINT (-125.19 48.83)
BMSC31,Dodger Channel 2,48.83,-125.19,2023-06-09,2,RLS,2,10:30:00,48.83,-125.19,1,2,Chordata,Actinopterygii,Perciformes,Hexagrammidae,Hexagrammos decagrammus,Hexagrammos decagrammus,12.5,1,37.9668,POINT (-125.19 48.83)
BMSC27,San Jose North Island,48.9,-125.06,2023-05-19,7,RLS,3,13:24:00,,,1,1,Chordata,Actinopterygii,Perciformes,Gobiidae,Rhinogobiops nicholsii,Rhinogobiops nicholsii,5,6,13.5367,POINT (-125.05999755859375 48.900001525878906)
BMSC27,San Jose North Island,48.9,-125.06,2023-05-19,7,RLS,3,13:24:00,,,1,1,Chordata,Actinopterygii,Perciformes,Gobiidae,Rhinogobiops nicholsii,Rhinogobiops nicholsii,7.5,9,69.933,POINT (-125.05999755859375 48.900001525878906)
BMSC27,San Jose North Island,48.9,-125.06,2023-05-19,7,RLS,3,13:24:00,,,1,1,Chordata,Actinopterygii,Perciformes,Gobiidae,Rhinogobiops nicholsii,Rhinogobiops nicholsii,10,2,37.3708,POINT (-125.05999755859375 48.900001525878906)
BMSC27,San Jose North Island,48.9,-125.06,2023-05-19,7,RLS,3,13:24:00,,,1,1,Chordata,Actinopterygii,Perciformes,Hexagrammidae,Hexagrammos decagrammus,Hexagrammos decagrammus,15,1,67.0579,POINT (-125.05999755859375 48.900001525878906)
BMSC27,San Jose North Island,48.9,-125.06,2023-05-19,7,RLS,3,13:24:00,,,1,1,Chordata,Actinopterygii,Perciformes,Hexagrammidae,Hexagrammos decagrammus,Hexagrammos decagrammus,20,1,150.0203,POINT (-125.05999755859375 48.900001525878906)
BMSC27,San Jose North Island,48.9,-125.06,2023-05-19,7,RLS,3,13:24:00,,,1,1,Chordata,Actinopterygii,Perciformes,Hexagrammidae,Hexagrammos decagrammus,Hexagrammos decagrammus,25,4,928.6245,POINT (-125.05999755859375 48.900001525878906)
BMSC27,San Jose North Island,48.9,-125.06,2023-05-19,7,RLS,3,13:24:00,,,1,1,Chordata,Actinopterygii,Perciformes,Hexagrammidae,Hexagrammos decagrammus,Hexagrammos decagrammus,30,2,688.0106,POINT (-125.05999755859375 48.900001525878906)
BMSC27,San Jose North Island,48.9,-125.06,2023-05-19,7,RLS,3,13:24:00,,,1,2,Chordata,Actinopterygii,Perciformes,Gobiidae,Rhinogobiops nicholsii,Rhinogobiops nicholsii,7.5,3,23.311,POINT (-125.05999755859375 48.900001525878906)
BMSC27,San Jose North Island,48.9,-125.06,2023-05-19,7,RLS,3,13:24:00,,,1,2,Chordata,Actinopterygii,Perciformes,Gobiidae,Rhinogobiops nicholsii,Rhinogobiops nicholsii,10,9,168.1688,POINT (-125.05999755859375 48.900001525878906)
BMSC27,San Jose North Island,48.9,-125.06,2023-05-19,7,RLS,3,13:24:00,,,1,2,Chordata,Actinopterygii,Perciformes,Gobiidae,Rhinogobiops nicholsii,Rhinogobiops nicholsii,12.5,2,73.8089,POINT (-125.05999755859375 48.900001525878906)
BMSC27,San Jose North Island,48.9,-125.06,2023-05-19,7,RLS,3,13:24:00,,,1,2,Chordata,Actinopterygii,Scorpaeniformes,Cottidae,Artedius harringtoni,Artedius harringtoni,5,1,1.9303,POINT (-125.05999755859375 48.900001525878906)
BMSC27,San Jose North Island,48.9,-125.06,2023-05-19,7,RLS,3,13:24:00,,,1,2,Chordata,Actinopterygii,Scorpaeniformes,Hexagrammidae,Ophiodon elongatus,Ophiodon elongatus,50,1,599.5206,POINT (-125.05999755859375 48.900001525878906)
BMSC27,San Jose North Island,48.9,-125.06,2023-05-19,9,RLS,3,13:24:00,,,1,2,Chordata,Actinopterygii,Perciformes,Gobiidae,Rhinogobiops nicholsii,Rhinogobiops nicholsii,5,1,2.2561,POINT (-125.05999755859375 48.900001525878906)
BMSC27,San Jose North Island,48.9,-125.06,2023-05-19,9,RLS,3,13:24:00,,,1,2,Chordata,Actinopterygii,Perciformes,Gobiidae,Rhinogobiops nicholsii,Rhinogobiops nicholsii,7.5,5,38.8517,POINT (-125.05999755859375 48.900001525878906)
BMSC27,San Jose North Island,48.9,-125.06,2023-05-19,9,RLS,3,13:24:00,,,1,2,Chordata,Actinopterygii,Perciformes,Hexagrammidae,Hexagrammos decagrammus,Hexagrammos decagrammus,12.5,1,37.9668,POINT (-125.05999755859375 48.900001525878906)
BMSC27,San Jose North Island,48.9,-125.06,2023-05-19,9,RLS,3,13:24:00,,,1,2,Chordata,Actinopterygii,Perciformes,Hexagrammidae,Hexagrammos decagrammus,Hexagrammos decagrammus,15,2,134.1157,POINT (-125.05999755859375 48.900001525878906)
BMSC27,San Jose North Island,48.9,-125.06,2023-05-19,9,RLS,3,13:24:00,,,1,2,Chordata,Actinopterygii,Perciformes,Hexagrammidae,Hexagrammos decagrammus,Hexagrammos decagrammus,20,4,600.0812,POINT (-125.05999755859375 48.900001525878906)
BMSC27,San Jose North Island,48.9,-125.06,2023-05-19,9,RLS,3,13:24:00,,,1,2,Chordata,Actinopterygii,Perciformes,Hexagrammidae,Hexagrammos decagrammus,Hexagrammos decagrammus,25,1,232.1561,POINT (-125.05999755859375 48.900001525878906)
BMSC27,San Jose North Island,48.9,-125.06,2023-05-19,9,RLS,3,13:24:00,,,1,2,Chordata,Actinopterygii,Perciformes,Hexagrammidae,Hexagrammos decagrammus,Hexagrammos decagrammus,30,1,344.0053,POINT (-125.05999755859375 48.900001525878906)
BMSC27,San Jose North Island,48.9,-125.06,2023-05-19,9,RLS,3,13:24:00,,,1,2,Chordata,Actinopterygii,Scorpaeniformes,Hexagrammidae,Ophiodon elongatus,Ophiodon elongatus,62.5,1,1202.7167,POINT (-125.05999755859375 48.900001525878906)
BMKC2,Tzartus 116 R,48.9,-125.08,2023-06-10,3,RLS,3,10:05:00,,,1,2,Chordata,Actinopterygii,Perciformes,Embiotocidae,Rhacochilus vacca,Rhacochilus vacca,12.5,2,138.9391,POINT (-125.08000183105469 48.900001525878906)
BMKC2,Tzartus 116 R,48.9,-125.08,2023-06-10,3,RLS,3,10:05:00,,,1,2,Chordata,Actinopterygii,Perciformes,Embiotocidae,Rhacochilus vacca,Rhacochilus vacca,15,1,120.4819,POINT (-125.08000183105469 48.900001525878906)
BMKC2,Tzartus 116 R,48.9,-125.08,2023-06-10,3,RLS,3,10:05:00,,,1,2,Chordata,Actinopterygii,Perciformes,Gobiidae,Rhinogobiops nicholsii,Rhinogobiops nicholsii,7.5,2,15.5407,POINT (-125.08000183105469 48.900001525878906)
BMKC2,Tzartus 116 R,48.9,-125.08,2023-06-10,3,RLS,3,10:05:00,,,1,2,Chordata,Actinopterygii,Perciformes,Gobiidae,Rhinogobiops nicholsii,Rhinogobiops nicholsii,10,1,18.6854,POINT (-125.08000183105469 48.900001525878906)
BMKC2,Tzartus 116 R,48.9,-125.08,2023-06-10,3,RLS,3,10:05:00,,,1,2,Chordata,Actinopterygii,Perciformes,Gobiidae,Rhinogobiops nicholsii,Rhinogobiops nicholsii,12.5,3,110.7133,POINT (-125.08000183105469 48.900001525878906)
BMKC2,Tzartus 116 R,48.9,-125.08,2023-06-10,3,RLS,3,10:05:00,,,1,2,Chordata,Actinopterygii,Perciformes,Hexagrammidae,Hexagrammos decagrammus,Hexagrammos decagrammus,7.5,5,38.5661,POINT (-125.08000183105469 48.900001525878906)
BMKC2,Tzartus 116 R,48.9,-125.08,2023-06-10,3,RLS,3,10:05:00,,,1,2,Chordata,Actinopterygii,Perciformes,Hexagrammidae,Hexagrammos decagrammus,Hexagrammos decagrammus,10,10,189.254,POINT (-125.08000183105469 48.900001525878906)
BMKC2,Tzartus 116 R,48.9,-125.08,2023-06-10,3,RLS,3,10:05:00,,,1,2,Chordata,Actinopterygii,Perciformes,Hexagrammidae,Hexagrammos decagrammus,Hexagrammos decagrammus,12.5,2,75.9337,POINT (-125.08000183105469 48.900001525878906)
BMKC2,Tzartus 116 R,48.9,-125.08,2023-06-10,3,RLS,3,10:05:00,,,1,2,Chordata,Actinopterygii,Perciformes,Hexagrammidae,Hexagrammos decagrammus,Hexagrammos decagrammus,20,1,150.0203,POINT (-125.08000183105469 48.900001525878906)
BMKC2,Tzartus 116 R,48.9,-125.08,2023-06-10,3,RLS,3,10:05:00,,,1,2,Chordata,Actinopterygii,Scorpaeniformes,Sebastidae,Sebastes caurinus,Sebastes caurinus,7.5,1,8.6909,POINT (-125.08000183105469 48.900001525878906)
BMKC2,Tzartus 116 R,48.9,-125.08,2023-06-10,3,RLS,3,10:05:00,,,1,2,Chordata,Actinopterygii,Scorpaeniformes,Sebastidae,Sebastes caurinus,Sebastes caurinus,10,1,21.0804,POINT (-125.08000183105469 48.900001525878906)
BMKC2,Tzartus 116 R,48.9,-125.08,2023-06-10,3,RLS,3,10:05:00,,,1,2,Chordata,Actinopterygii,Scorpaeniformes,Sebastidae,Sebastes caurinus,Sebastes caurinus,12.5,2,83.8284,POINT (-125.08000183105469 48.900001525878906)
BMKC2,Tzartus 116 R,48.9,-125.08,2023-06-10,3,RLS,3,10:05:00,,,1,2,Chordata,Actinopterygii,Scorpaeniformes,Sebastidae,Sebastes caurinus,Sebastes caurinus,15,1,73.4918,POINT (-125.08000183105469 48.900001525878906)
BMKC2,Tzartus 116 R,48.9,-125.08,2023-06-10,3,RLS,3,10:05:00,,,1,2,Chordata,Actinopterygii,Scorpaeniformes,Sebastidae,Sebastes caurinus,Sebastes caurinus,20,1,162.7257,POINT (-125.08000183105469 48.900001525878906)
BMKC2,Tzartus 116 R,48.9,-125.08,2023-06-10,3,RLS,3,10:05:00,,,1,1,Chordata,Actinopterygii,Perciformes,Embiotocidae,Brachyistius frenatus,Brachyistius frenatus,5,4,12.521,POINT (-125.08000183105469 48.900001525878906)
BMKC2,Tzartus 116 R,48.9,-125.08,2023-06-10,3,RLS,3,10:05:00,,,1,1,Chordata,Actinopterygii,Perciformes,Embiotocidae,Brachyistius frenatus,Brachyistius frenatus,7.5,3,32.212,POINT (-125.08000183105469 48.900001525878906)
BMKC2,Tzartus 116 R,48.9,-125.08,2023-06-10,3,RLS,3,10:05:00,,,1,1,Chordata,Actinopterygii,Perciformes,Embiotocidae,Brachyistius frenatus,Brachyistius frenatus,12.5,2,101.472,POINT (-125.08000183105469 48.900001525878906)
BMKC2,Tzartus 116 R,48.9,-125.08,2023-06-10,3,RLS,3,10:05:00,,,1,1,Chordata,Actinopterygii,Perciformes,Embiotocidae,Rhacochilus vacca,Rhacochilus vacca,7.5,1,14.8529,POINT (-125.08000183105469 48.900001525878906)
BMKC2,Tzartus 116 R,48.9,-125.08,2023-06-10,3,RLS,3,10:05:00,,,1,1,Chordata,Actinopterygii,Perciformes,Embiotocidae,Rhacochilus vacca,Rhacochilus vacca,10,3,106.2301,POINT (-125.08000183105469 48.900001525878906)
BMKC2,Tzartus 116 R,48.9,-125.08,2023-06-10,3,RLS,3,10:05:00,,,1,1,Chordata,Actinopterygii,Perciformes,Embiotocidae,Rhacochilus vacca,Rhacochilus vacca,12.5,3,208.4087,POINT (-125.08000183105469 48.900001525878906)
BMKC2,Tzartus 116 R,48.9,-125.08,2023-06-10,3,RLS,3,10:05:00,,,1,1,Chordata,Actinopterygii,Scorpaeniformes,Sebastidae,Sebastes caurinus,Sebastes caurinus,5,4,9.9716,POINT (-125.08000183105469 48.900001525878906)
BMKC2,Tzartus 116 R,48.9,-125.08,2023-06-10,3,RLS,3,10:05:00,,,1,1,Chordata,Actinopterygii,Scorpaeniformes,Sebastidae,Sebastes caurinus,Sebastes caurinus,7.5,5,43.4547,POINT (-125.08000183105469 48.900001525878906)
BMKC2,Tzartus 116 R,48.9,-125.08,2023-06-10,3,RLS,3,10:05:00,,,1,1,Chordata,Actinopterygii,Scorpaeniformes,Sebastidae,Sebastes caurinus,Sebastes caurinus,10,7,147.5626,POINT (-125.08000183105469 48.900001525878906)
BMKC2,Tzartus 116 R,48.9,-125.08,2023-06-10,3,RLS,3,10:05:00,,,1,1,Chordata,Actinopterygii,Scorpaeniformes,Sebastidae,Sebastes caurinus,Sebastes caurinus,12.5,2,83.8284,POINT (-125.08000183105469 48.900001525878906)
BMKC2,Tzartus 116 R,48.9,-125.08,2023-06-10,3,RLS,3,10:05:00,,,1,1,Chordata,Actinopterygii,Scorpaeniformes,Sebastidae,Sebastes caurinus,Sebastes caurinus,15,2,146.9837,POINT (-125.08000183105469 48.900001525878906)
BMKC2,Tzartus 116 R,48.9,-125.08,2023-06-10,3,RLS,3,10:05:00,,,1,1,Chordata,Actinopterygii,Scorpaeniformes,Sebastidae,Sebastes caurinus,Sebastes caurinus,20,1,162.7257,POINT (-125.08000183105469 48.900001525878906)
BMKC2,Tzartus 116 R,48.9,-125.08,2023-06-10,3,RLS,3,10:05:00,,,1,1,Chordata,Actinopterygii,Scorpaeniformes,Sebastidae,Sebastes maliger,Sebastes maliger,7.5,1,8.6909,POINT (-125.08000183105469 48.900001525878906)
BMKC2,Tzartus 116 R,48.9,-125.08,2023-06-10,3,RLS,3,10:05:00,,,1,1,Chordata,Actinopterygii,Scorpaeniformes,Sebastidae,Sebastes maliger,Sebastes maliger,10,1,21.0804,POINT (-125.08000183105469 48.900001525878906)
BMKC2,Tzartus 116 R,48.9,-125.08,2023-06-10,3,RLS,3,10:05:00,,,1,1,Chordata,Actinopterygii,Scorpaeniformes,Sebastidae,Sebastes melanops,Sebastes melanops,12.5,1,41.9142,POINT (-125.08000183105469 48.900001525878906)
BMKC2,Tzartus 116 R,48.9,-125.08,2023-06-10,3,RLS,3,10:05:00,,,1,1,Chordata,Actinopterygii,Scorpaeniformes,Sebastidae,Sebastes melanops,Sebastes melanops,15,1,73.4918,POINT (-125.08000183105469 48.900001525878906)
BMSC5,Taylor Rock,48.83,-125.2,2021-04-28,6.5,RLS,4,14:50:00,,,1,1,Chordata,Actinopterygii,Perciformes,Hexagrammidae,Hexagrammos decagrammus,Hexagrammos decagrammus,10,1,18.9254,POINT (-125.19999694824219 48.83000183105469)
BMSC5,Taylor Rock,48.83,-125.2,2021-04-28,6.5,RLS,4,14:50:00,,,1,1,Chordata,Actinopterygii,Perciformes,Hexagrammidae,Hexagrammos decagrammus,Hexagrammos decagrammus,12.5,1,37.9668,POINT (-125.19999694824219 48.83000183105469)
BMSC5,Taylor Rock,48.83,-125.2,2021-04-28,6.5,RLS,4,14:50:00,,,1,1,Chordata,Actinopterygii,Perciformes,Hexagrammidae,Hexagrammos decagrammus,Hexagrammos decagrammus,30,1,344.0053,POINT (-125.19999694824219 48.83000183105469)
BMSC5,Taylor Rock,48.83,-125.2,2021-04-28,6.5,RLS,4,14:50:00,,,1,2,Chordata,Actinopterygii,Perciformes,Hexagrammidae,Hexagrammos decagrammus,Hexagrammos decagrammus,7.5,1,7.7132,POINT (-125.19999694824219 48.83000183105469)
BMSC5,Taylor Rock,48.83,-125.2,2021-04-28,6.5,RLS,4,14:50:00,,,1,2,Chordata,Actinopterygii,Perciformes,Hexagrammidae,Hexagrammos decagrammus,Hexagrammos decagrammus,10,2,37.8508,POINT (-125.19999694824219 48.83000183105469)
BMSC1,Dodger Channel,48.83,-125.2,2021-04-26,6.5,RLS,2,12:17:00,48.83,-125.2,1,1,Chordata,Actinopterygii,Perciformes,Hexagrammidae,Hexagrammos decagrammus,Hexagrammos decagrammus,35,1,483.3065,POINT (-125.2 48.83)
BMSC1,Dodger Channel,48.83,-125.2,2021-04-26,6.5,RLS,2,12:17:00,48.83,-125.2,1,2,Chordata,Actinopterygii,Perciformes,Hexagrammidae,Hexagrammos decagrammus,Hexagrammos decagrammus,10,2,37.8508,POINT (-125.2 48.83)
BMSC1,Dodger Channel,48.83,-125.2,2021-04-26,6.5,RLS,2,12:17:00,48.83,-125.2,1,2,Chordata,Actinopterygii,Perciformes,Hexagrammidae,Hexagrammos decagrammus,Hexagrammos decagrammus,20,1,150.0203,POINT (-125.2 48.83)
BMSC1,Dodger Channel,48.83,-125.2,2021-04-26,6.5,RLS,2,12:17:00,48.83,-125.2,1,2,Chordata,Actinopterygii,Perciformes,Hexagrammidae,Hexagrammos decagrammus,Hexagrammos decagrammus,40,1,619.0955,POINT (-125.2 48.83)
BMSC1,Dodger Channel,48.83,-125.2,2021-04-26,5.5,RLS,2,10:30:00,,,1,1,Chordata,Actinopterygii,Perciformes,Hexagrammidae,Hexagrammos decagrammus,Hexagrammos decagrammus,15,1,67.0579,POINT (-125.19999694824219 48.83000183105469)
BMSC1,Dodger Channel,48.83,-125.2,2022-05-04,4.7,RLS,3,10:15:00,,,1,2,Chordata,Actinopterygii,Perciformes,Hexagrammidae,Hexagrammos decagrammus,Hexagrammos decagrammus,15,3,201.1736,POINT (-125.19999694824219 48.83000183105469)
BMSC1,Dodger Channel,48.83,-125.2,2022-05-04,4.7,RLS,3,10:15:00,,,1,1,Chordata,Actinopterygii,Perciformes,Hexagrammidae,Hexagrammos decagrammus,Hexagrammos decagrammus,25,1,232.1561,POINT (-125.19999694824219 48.83000183105469)
BMSC1,Dodger Channel,48.83,-125.2,2022-05-04,4.7,RLS,3,10:15:00,,,1,1,Chordata,Actinopterygii,Perciformes,Hexagrammidae,Hexagrammos decagrammus,Hexagrammos decagrammus,35,1,483.3065,POINT (-125.19999694824219 48.83000183105469)
BMSC5,Taylor Rock,48.83,-125.2,2022-05-04,6.2,RLS,3,12:40:00,,,1,2,Chordata,Actinopterygii,Perciformes,Hexagrammidae,Hexagrammos decagrammus,Hexagrammos decagrammus,20,1,150.0203,POINT (-125.19999694824219 48.83000183105469)
BMSC5,Taylor Rock,48.83,-125.2,2022-05-04,6.2,RLS,3,12:40:00,,,1,2,Chordata,Actinopterygii,Perciformes,Hexagrammidae,Hexagrammos decagrammus,Hexagrammos decagrammus,40,1,619.0955,POINT (-125.19999694824219 48.83000183105469)
BMSC5,Taylor Rock,48.83,-125.2,2022-05-04,6.2,RLS,3,12:40:00,,,1,2,Chordata,Actinopterygii,Scorpaeniformes,Hexagrammidae,Hexagrammos stelleri,Hexagrammos stelleri,12.5,1,36.0121,POINT (-125.19999694824219 48.83000183105469)
BMSC5,Taylor Rock,48.83,-125.2,2022-05-04,6.2,RLS,3,12:40:00,,,1,2,Chordata,Actinopterygii,Scorpaeniformes,Hexagrammidae,Hexagrammos stelleri,Hexagrammos stelleri,15,1,64.071,POINT (-125.19999694824219 48.83000183105469)
BMSC5,Taylor Rock,48.83,-125.2,2022-05-04,6.2,RLS,3,12:40:00,,,1,1,Chordata,Actinopterygii,Blenniiformes,Clinidae,Gibbonsia metzi,Gibbonsia metzi,2.5,1,0.1397,POINT (-125.19999694824219 48.83000183105469)
BMSC5,Taylor Rock,48.83,-125.2,2022-05-04,6.2,RLS,3,12:40:00,,,1,1,Chordata,Actinopterygii,Perciformes,Hexagrammidae,Hexagrammos decagrammus,Hexagrammos decagrammus,12.5,1,37.9668,POINT (-125.19999694824219 48.83000183105469)
BMSC5,Taylor Rock,48.83,-125.2,2022-05-04,6.2,RLS,3,12:40:00,,,1,1,Chordata,Actinopterygii,Perciformes,Hexagrammidae,Hexagrammos decagrammus,Hexagrammos decagrammus,30,1,344.0053,POINT (-125.19999694824219 48.83000183105469)
BMSC5,Taylor Rock,48.83,-125.2,2022-05-04,6.2,RLS,3,12:40:00,,,1,1,Chordata,Actinopterygii,Scorpaeniformes,Hexagrammidae,Hexagrammos stelleri,Hexagrammos stelleri,12.5,1,36.0121,POINT (-125.19999694824219 48.83000183105469)
BMSC5,Taylor Rock,48.83,-125.2,2022-05-04,6,RLS,4,12:45:00,,,1,2,Chordata,Actinopterygii,Perciformes,Hexagrammidae,Hexagrammos decagrammus,Hexagrammos decagrammus,15,8,536.463,POINT (-125.19999694824219 48.83000183105469)
BMSC5,Taylor Rock,48.83,-125.2,2022-05-04,6,RLS,4,12:45:00,,,1,2,Chordata,Actinopterygii,Perciformes,Hexagrammidae,Hexagrammos decagrammus,Hexagrammos decagrammus,20,2,300.0406,POINT (-125.19999694824219 48.83000183105469)
BMSC5,Taylor Rock,48.83,-125.2,2022-05-04,6,RLS,4,12:45:00,,,1,2,Chordata,Actinopterygii,Perciformes,Hexagrammidae,Hexagrammos decagrammus,Hexagrammos decagrammus,25,2,464.3122,POINT (-125.19999694824219 48.83000183105469)
BMSC5,Taylor Rock,48.83,-125.2,2022-05-04,6,RLS,4,12:45:00,,,1,2,Chordata,Actinopterygii,Perciformes,Hexagrammidae,Hexagrammos decagrammus,Hexagrammos decagrammus,40,1,619.0955,POINT (-125.19999694824219 48.83000183105469)
BMSC5,Taylor Rock,48.83,-125.2,2022-05-04,6,RLS,4,12:45:00,,,1,2,Chordata,Actinopterygii,Scorpaeniformes,Hexagrammidae,Oxylebius pictus,Oxylebius pictus,15,1,73.4563,POINT (-125.19999694824219 48.83000183105469)
BMSC5,Taylor Rock,48.83,-125.2,2022-05-04,6,RLS,4,12:45:00,,,1,2,Chordata,Actinopterygii,Scorpaeniformes,Sebastidae,Sebastes melanops,Sebastes melanops,25,3,751.2358,POINT (-125.19999694824219 48.83000183105469)
BMSC5,Taylor Rock,48.83,-125.2,2022-05-04,6,RLS,4,12:45:00,,,1,1,Chordata,Actinopterygii,Perciformes,Hexagrammidae,Hexagrammos decagrammus,Hexagrammos decagrammus,10,1,18.9254,POINT (-125.19999694824219 48.83000183105469)
BMSC5,Taylor Rock,48.83,-125.2,2022-05-04,6,RLS,4,12:45:00,,,1,1,Chordata,Actinopterygii,Perciformes,Hexagrammidae,Hexagrammos decagrammus,Hexagrammos decagrammus,12.5,3,113.9005,POINT (-125.19999694824219 48.83000183105469)
BMSC5,Taylor Rock,48.83,-125.2,2022-05-04,6,RLS,4,12:45:00,,,1,1,Chordata,Actinopterygii,Perciformes,Hexagrammidae,Hexagrammos decagrammus,Hexagrammos decagrammus,20,1,150.0203,POINT (-125.19999694824219 48.83000183105469)
BMSC5,Taylor Rock,48.83,-125.2,2022-05-04,6,RLS,4,12:45:00,,,1,1,Chordata,Actinopterygii,Perciformes,Hexagrammidae,Hexagrammos decagrammus,Hexagrammos decagrammus,35,1,483.3065,POINT (-125.19999694824219 48.83000183105469)
BMSC5,Taylor Rock,48.83,-125.2,2022-05-04,6,RLS,4,12:45:00,,,1,1,Chordata,Actinopterygii,Perciformes,Hexagrammidae,Hexagrammos decagrammus,Hexagrammos decagrammus,40,1,619.0955,POINT (-125.19999694824219 48.83000183105469)
BMSC5,Taylor Rock,48.83,-125.2,2022-05-04,6,RLS,4,12:45:00,,,1,1,Chordata,Actinopterygii,Scorpaeniformes,Sebastidae,Sebastes caurinus,Sebastes caurinus,20,1,162.7257,POINT (-125.19999694824219 48.83000183105469)
BMSC1,Dodger Channel,48.83,-125.2,2022-05-04,5.5,RLS,3,10:15:00,,,1,1,Chordata,Actinopterygii,Perciformes,Hexagrammidae,Hexagrammos decagrammus,Hexagrammos decagrammus,12.5,1,37.9668,POINT (-125.19999694824219 48.83000183105469)
BMSC1,Dodger Channel,48.83,-125.2,2022-05-04,5.5,RLS,3,10:15:00,,,1,1,Chordata,Actinopterygii,Perciformes,Hexagrammidae,Hexagrammos decagrammus,Hexagrammos decagrammus,15,2,134.1157,POINT (-125.19999694824219 48.83000183105469)
BMSC1,Dodger Channel,48.83,-125.2,2022-05-04,5.5,RLS,3,10:15:00,,,1,1,Chordata,Actinopterygii,Scorpaeniformes,Sebastidae,Sebastes melanops,Sebastes melanops,25,1,250.4119,POINT (-125.19999694824219 48.83000183105469)
BMSC1,Dodger Channel,48.83,-125.2,2022-05-04,5.5,RLS,3,10:15:00,,,1,2,Chordata,Actinopterygii,Perciformes,Hexagrammidae,Hexagrammos decagrammus,Hexagrammos decagrammus,12.5,3,113.9005,POINT (-125.19999694824219 48.83000183105469)
BMSC1,Dodger Channel,48.83,-125.2,2022-05-04,5.5,RLS,3,10:15:00,,,1,2,Chordata,Actinopterygii,Perciformes,Hexagrammidae,Hexagrammos decagrammus,Hexagrammos decagrammus,25,2,464.3122,POINT (-125.19999694824219 48.83000183105469)
BMSC5,Taylor Rock,48.83,-125.2,2023-05-15,5.5,RLS,1,12:18:00,,,1,2,Chordata,Actinopterygii,Perciformes,Hexagrammidae,Hexagrammos decagrammus,Hexagrammos decagrammus,15,4,268.2315,POINT (-125.19999694824219 48.83000183105469)
BMSC5,Taylor Rock,48.83,-125.2,2023-05-15,5.5,RLS,1,12:18:00,,,1,2,Chordata,Actinopterygii,Perciformes,Hexagrammidae,Hexagrammos decagrammus,Hexagrammos decagrammus,20,2,300.0406,POINT (-125.19999694824219 48.83000183105469)
BMSC5,Taylor Rock,48.83,-125.2,2023-05-15,5.5,RLS,1,12:18:00,,,1,2,Chordata,Actinopterygii,Perciformes,Hexagrammidae,Hexagrammos decagrammus,Hexagrammos decagrammus,30,1,344.0053,POINT (-125.19999694824219 48.83000183105469)
BMSC5,Taylor Rock,48.83,-125.2,2023-05-15,5.5,RLS,1,12:18:00,,,1,1,Chordata,Actinopterygii,Perciformes,Hexagrammidae,Hexagrammos decagrammus,Hexagrammos decagrammus,20,2,300.0406,POINT (-125.19999694824219 48.83000183105469)
BMSC1,Dodger Channel,48.83,-125.2,2023-05-15,5.5,RLS,1,9:54:00,,,1,1,Chordata,Actinopterygii,Perciformes,Gobiidae,Rhinogobiops nicholsii,Rhinogobiops nicholsii,7.5,1,7.7703,POINT (-125.19999694824219 48.83000183105469)
BMSC1,Dodger Channel,48.83,-125.2,2023-05-15,5.5,RLS,1,9:54:00,,,1,1,Chordata,Actinopterygii,Perciformes,Hexagrammidae,Hexagrammos decagrammus,Hexagrammos decagrammus,20,2,300.0406,POINT (-125.19999694824219 48.83000183105469)
BMSC1,Dodger Channel,48.83,-125.2,2023-05-15,5.5,RLS,1,9:54:00,,,1,1,Chordata,Actinopterygii,Perciformes,Hexagrammidae,Hexagrammos decagrammus,Hexagrammos decagrammus,20,2,300.0406,POINT (-125.19999694824219 48.83000183105469)
BMSC1,Dodger Channel,48.83,-125.2,2023-05-15,5.5,RLS,1,9:54:00,,,1,1,Chordata,Actinopterygii,Perciformes,Hexagrammidae,Hexagrammos decagrammus,Hexagrammos decagrammus,25,1,232.1561,POINT (-125.19999694824219 48.83000183105469)
BMSC1,Dodger Channel,48.83,-125.2,2023-05-15,5.5,RLS,1,9:54:00,,,1,2,Chordata,Actinopterygii,Perciformes,Embiotocidae,Brachyistius frenatus,Brachyistius frenatus,5,2,6.2605,POINT (-125.19999694824219 48.83000183105469)
BMSC5,Taylor Rock,48.83,-125.2,2023-05-15,8,RLS,1,12:18:00,,,1,1,Chordata,Actinopterygii,Scorpaeniformes,Hexagrammidae,Hexagrammos stelleri,Hexagrammos stelleri,12.5,1,36.0121,POINT (-125.19999694824219 48.83000183105469)
BMSC5,Taylor Rock,48.83,-125.2,2023-05-15,8,RLS,1,12:18:00,,,1,2,Chordata,Actinopterygii,Perciformes,Hexagrammidae,Hexagrammos decagrammus,Hexagrammos decagrammus,12.5,1,37.9668,POINT (-125.19999694824219 48.83000183105469)
BMSC16,Faber Islets,48.89,-125.3,2021-05-05,6,RLS,3,10:35:00,,,1,2,Chordata,Actinopteri,Perciformes,Cottidae,Enophrys bison,Enophrys bison,20,1,148.7568,POINT (-125.30000305175781 48.88999938964844)
BMSC16,Faber Islets,48.89,-125.3,2021-05-05,6,RLS,3,10:35:00,,,1,2,Chordata,Actinopterygii,Perciformes,Hexagrammidae,Hexagrammos decagrammus,Hexagrammos decagrammus,15,1,67.0579,POINT (-125.30000305175781 48.88999938964844)
BMSC16,Faber Islets,48.89,-125.3,2021-05-05,6,RLS,3,10:35:00,,,1,2,Chordata,Actinopterygii,Perciformes,Hexagrammidae,Hexagrammos decagrammus,Hexagrammos decagrammus,20,2,300.0406,POINT (-125.30000305175781 48.88999938964844)
BMSC16,Faber Islets,48.89,-125.3,2021-05-05,6,RLS,3,10:35:00,,,1,2,Chordata,Actinopterygii,Perciformes,Hexagrammidae,Hexagrammos decagrammus,Hexagrammos decagrammus,25,2,464.3122,POINT (-125.30000305175781 48.88999938964844)
BMSC16,Faber Islets,48.89,-125.3,2021-05-05,6,RLS,3,10:35:00,,,1,2,Chordata,Actinopterygii,Perciformes,Hexagrammidae,Hexagrammos decagrammus,Hexagrammos decagrammus,30,1,344.0053,POINT (-125.30000305175781 48.88999938964844)
BMSC16,Faber Islets,48.89,-125.3,2021-05-05,6,RLS,3,10:35:00,,,1,2,Chordata,Actinopterygii,Perciformes,Hexagrammidae,Hexagrammos decagrammus,Hexagrammos decagrammus,35,2,966.613,POINT (-125.30000305175781 48.88999938964844)
BMSC16,Faber Islets,48.89,-125.3,2021-05-05,6,RLS,3,10:35:00,,,1,1,Chordata,Actinopterygii,Perciformes,Gobiidae,Rhinogobiops nicholsii,Rhinogobiops nicholsii,7.5,3,23.311,POINT (-125.30000305175781 48.88999938964844)
BMSC16,Faber Islets,48.89,-125.3,2021-05-05,6,RLS,3,10:35:00,,,1,1,Chordata,Actinopterygii,Perciformes,Hexagrammidae,Hexagrammos decagrammus,Hexagrammos decagrammus,10,3,56.7762,POINT (-125.30000305175781 48.88999938964844)
BMSC16,Faber Islets,48.89,-125.3,2021-05-05,6,RLS,3,10:35:00,,,1,1,Chordata,Actinopterygii,Perciformes,Hexagrammidae,Hexagrammos decagrammus,Hexagrammos decagrammus,12.5,4,151.8673,POINT (-125.30000305175781 48.88999938964844)
BMSC16,Faber Islets,48.89,-125.3,2021-05-05,6,RLS,3,10:35:00,,,1,1,Chordata,Actinopterygii,Perciformes,Hexagrammidae,Hexagrammos decagrammus,Hexagrammos decagrammus,15,1,67.0579,POINT (-125.30000305175781 48.88999938964844)
BMSC16,Faber Islets,48.89,-125.3,2021-05-05,6,RLS,3,10:35:00,,,1,1,Chordata,Actinopterygii,Perciformes,Hexagrammidae,Hexagrammos decagrammus,Hexagrammos decagrammus,20,1,150.0203,POINT (-125.30000305175781 48.88999938964844)
BMSC16,Faber Islets,48.89,-125.3,2021-05-05,6,RLS,3,10:35:00,,,1,1,Chordata,Actinopterygii,Perciformes,Hexagrammidae,Hexagrammos decagrammus,Hexagrammos decagrammus,25,1,232.1561,POINT (-125.30000305175781 48.88999938964844)
BMSC16,Faber Islets,48.89,-125.3,2021-05-05,6,RLS,3,10:35:00,,,1,1,Chordata,Actinopterygii,Scorpaeniformes,Sebastidae,Sebastes caurinus,Sebastes caurinus,25,1,250.4119,POINT (-125.30000305175781 48.88999938964844)
BMSC16,Faber Islets,48.89,-125.3,2021-05-05,6,RLS,3,10:35:00,,,1,1,Cnidaria,Hydrozoa,Anthoathecata,Corynidae,Polyorchis penicillatus,Polyorchis penicillatus,7.5,1,,POINT (-125.30000305175781 48.88999938964844)
BMSC16,Faber Islets,48.89,-125.3,2022-04-27,5.5,RLS,2,12:40:00,,,1,2,Chordata,Actinopterygii,Perciformes,Hexagrammidae,Hexagrammos decagrammus,Hexagrammos decagrammus,30,1,344.0053,POINT (-125.30000305175781 48.88999938964844)
BMSC16,Faber Islets,48.89,-125.3,2022-04-27,5.5,RLS,2,12:40:00,,,1,2,Chordata,Actinopterygii,Perciformes,Hexagrammidae,Hexagrammos decagrammus,Hexagrammos decagrammus,35,3,1449.9194,POINT (-125.30000305175781 48.88999938964844)
BMSC16,Faber Islets,48.89,-125.3,2022-04-27,5.5,RLS,2,12:40:00,,,1,2,Chordata,Actinopterygii,Perciformes,Hexagrammidae,Hexagrammos decagrammus,Hexagrammos decagrammus,40,2,1238.191,POINT (-125.30000305175781 48.88999938964844)
BMSC16,Faber Islets,48.89,-125.3,2022-04-27,5.5,RLS,2,12:40:00,,,1,1,Chordata,Actinopterygii,Perciformes,Gobiidae,Rhinogobiops nicholsii,Rhinogobiops nicholsii,7.5,1,7.7703,POINT (-125.30000305175781 48.88999938964844)
BMSC16,Faber Islets,48.89,-125.3,2022-04-27,5.5,RLS,2,12:40:00,,,1,1,Chordata,Actinopterygii,Perciformes,Hexagrammidae,Hexagrammos decagrammus,Hexagrammos decagrammus,15,1,67.0579,POINT (-125.30000305175781 48.88999938964844)
BMSC16,Faber Islets,48.89,-125.3,2022-04-27,5.5,RLS,2,12:40:00,,,1,1,Chordata,Actinopterygii,Perciformes,Hexagrammidae,Hexagrammos decagrammus,Hexagrammos decagrammus,35,1,483.3065,POINT (-125.30000305175781 48.88999938964844)
KCCA23,Flemming 114,48.89,-125.11,2023-05-28,10,RLS,1,10:15:00,,,1,2,Chordata,Actinopterygii,Perciformes,Hexagrammidae,Hexagrammos decagrammus,Hexagrammos decagrammus,25,1,232.1561,POINT (-125.11000061035156 48.88999938964844)
KCCA23,Flemming 114,48.89,-125.11,2023-05-28,10,RLS,1,10:15:00,,,1,2,Chordata,Actinopterygii,Scorpaeniformes,Sebastidae,Sebastes caurinus,Sebastes caurinus,5,1,2.4929,POINT (-125.11000061035156 48.88999938964844)
KCCA23,Flemming 114,48.89,-125.11,2023-05-28,10,RLS,1,10:15:00,,,1,2,Chordata,Actinopterygii,Scorpaeniformes,Sebastidae,Sebastes caurinus,Sebastes caurinus,7.5,1,8.6909,POINT (-125.11000061035156 48.88999938964844)
KCCA23,Flemming 114,48.89,-125.11,2023-05-28,10,RLS,1,10:15:00,,,1,2,Chordata,Actinopterygii,Scorpaeniformes,Sebastidae,Sebastes caurinus,Sebastes caurinus,20,1,162.7257,POINT (-125.11000061035156 48.88999938964844)
KCCA23,Flemming 114,48.89,-125.11,2023-05-28,10,RLS,1,10:15:00,,,1,2,Chordata,Actinopterygii,Scorpaeniformes,Sebastidae,Sebastes caurinus,Sebastes caurinus,30,1,369.1905,POINT (-125.11000061035156 48.88999938964844)
BMSC19,Ed King SW Pyramid,48.83,-125.22,2021-05-06,8,RLS,2,10:40:00,,,1,2,Chordata,Actinopterygii,Perciformes,Hexagrammidae,Hexagrammos decagrammus,Hexagrammos decagrammus,20,1,150.0203,POINT (-125.22000122070312 48.83000183105469)
BMSC19,Ed King SW Pyramid,48.83,-125.22,2021-05-06,8,RLS,2,10:40:00,,,1,2,Chordata,Actinopterygii,Perciformes,Hexagrammidae,Hexagrammos decagrammus,Hexagrammos decagrammus,40,1,619.0955,POINT (-125.22000122070312 48.83000183105469)
BMSC19,Ed King SW Pyramid,48.83,-125.22,2021-05-06,8,RLS,2,10:40:00,,,1,2,Chordata,Actinopterygii,Scorpaeniformes,Sebastidae,Sebastes melanops,Sebastes melanops,40,1,659.434,POINT (-125.22000122070312 48.83000183105469)
BMSC19,Ed King SW Pyramid,48.83,-125.22,2021-05-06,8,RLS,2,10:40:00,,,1,1,Chordata,Actinopterygii,Perciformes,Hexagrammidae,Hexagrammos decagrammus,Hexagrammos decagrammus,30,3,1032.016,POINT (-125.22000122070312 48.83000183105469)
BMSC19,Ed King SW Pyramid,48.83,-125.22,2021-05-06,8,RLS,2,10:40:00,,,1,1,Chordata,Actinopterygii,Perciformes,Hexagrammidae,Hexagrammos decagrammus,Hexagrammos decagrammus,40,1,619.0955,POINT (-125.22000122070312 48.83000183105469)
BMSC19,Ed King SW Pyramid,48.83,-125.22,2022-04-29,8,RLS,3,9:45:00,,,1,2,Chordata,Actinopterygii,Perciformes,Hexagrammidae,Hexagrammos decagrammus,Hexagrammos decagrammus,40,1,619.0955,POINT (-125.22000122070312 48.83000183105469)
BMSC19,Ed King SW Pyramid,48.83,-125.22,2022-04-29,8,RLS,3,9:45:00,,,1,2,Chordata,Actinopterygii,Scorpaeniformes,Sebastidae,Sebastes melanops,Sebastes melanops,30,3,1107.5715,POINT (-125.22000122070312 48.83000183105469)
BMSC19,Ed King SW Pyramid,48.83,-125.22,2022-04-29,8,RLS,3,9:45:00,,,1,2,Chordata,Actinopterygii,Scorpaeniformes,Sebastidae,Sebastes melanops,Sebastes melanops,35,1,516.4341,POINT (-125.22000122070312 48.83000183105469)
BMSC19,Ed King SW Pyramid,48.83,-125.22,2022-04-29,8,RLS,3,9:45:00,,,1,1,Chordata,Actinopterygii,Perciformes,Hexagrammidae,Hexagrammos decagrammus,Hexagrammos decagrammus,30,2,688.0106,POINT (-125.22000122070312 48.83000183105469)
BMSC19,Ed King SW Pyramid,48.83,-125.22,2022-04-29,8,RLS,3,9:45:00,,,1,1,Chordata,Actinopterygii,Perciformes,Hexagrammidae,Hexagrammos decagrammus,Hexagrammos decagrammus,40,1,619.0955,POINT (-125.22000122070312 48.83000183105469)
BMSC19,Ed King SW Pyramid,48.83,-125.22,2022-04-29,8,RLS,3,9:45:00,,,1,1,Chordata,Actinopterygii,Scorpaeniformes,Sebastidae,Sebastes melanops,Sebastes melanops,20,5,813.6285,POINT (-125.22000122070312 48.83000183105469)
BMSC19,Ed King SW Pyramid,48.83,-125.22,2023-05-10,6.5,RLS,2,10:15:00,,,1,2,Chordata,Actinopterygii,Scorpaeniformes,Sebastidae,Sebastes nebulosus,Sebastes nebulosus,12.5,1,41.9142,POINT (-125.22000122070312 48.83000183105469)
BMSC19,Ed King SW Pyramid,48.83,-125.22,2023-05-10,6.5,RLS,2,10:15:00,,,1,1,Chordata,Actinopterygii,Perciformes,Hexagrammidae,Hexagrammos decagrammus,Hexagrammos decagrammus,15,1,67.0579,POINT (-125.22000122070312 48.83000183105469)
BMSC19,Ed King SW Pyramid,48.83,-125.22,2021-05-06,8,RLS,2,10:40:00,,,1,2,Chordata,Actinopterygii,Perciformes,Hexagrammidae,Hexagrammos decagrammus,Hexagrammos decagrammus,35,2,966.613,POINT (-125.22000122070312 48.83000183105469)
BMSC19,Ed King SW Pyramid,48.83,-125.22,2021-05-06,8,RLS,2,10:40:00,,,1,2,Chordata,Actinopterygii,Scorpaeniformes,Cottidae,Scorpaenichthys marmoratus,Scorpaenichthys marmoratus,30,1,317.2448,POINT (-125.22000122070312 48.83000183105469)
BMSC19,Ed King SW Pyramid,48.83,-125.22,2021-05-06,8,RLS,2,10:40:00,,,1,2,Chordata,Actinopterygii,Scorpaeniformes,Sebastidae,Sebastes melanops,Sebastes melanops,20,6,976.3541,POINT (-125.22000122070312 48.83000183105469)
BMSC19,Ed King SW Pyramid,48.83,-125.22,2021-05-06,8,RLS,2,10:40:00,,,1,2,Chordata,Actinopterygii,Scorpaeniformes,Sebastidae,Sebastes melanops,Sebastes melanops,25,4,1001.6478,POINT (-125.22000122070312 48.83000183105469)
BMSC19,Ed King SW Pyramid,48.83,-125.22,2021-05-06,8,RLS,2,10:40:00,,,1,1,Chordata,Actinopterygii,Perciformes,Hexagrammidae,Hexagrammos decagrammus,Hexagrammos decagrammus,10,2,37.8508,POINT (-125.22000122070312 48.83000183105469)
BMSC19,Ed King SW Pyramid,48.83,-125.22,2021-05-06,8,RLS,2,10:40:00,,,1,1,Chordata,Actinopterygii,Perciformes,Hexagrammidae,Hexagrammos decagrammus,Hexagrammos decagrammus,12.5,2,75.9337,POINT (-125.22000122070312 48.83000183105469)
BMSC19,Ed King SW Pyramid,48.83,-125.22,2021-05-06,8,RLS,2,10:40:00,,,1,1,Chordata,Actinopterygii,Perciformes,Hexagrammidae,Hexagrammos decagrammus,Hexagrammos decagrammus,20,2,300.0406,POINT (-125.22000122070312 48.83000183105469)
BMSC19,Ed King SW Pyramid,48.83,-125.22,2021-05-06,8,RLS,2,10:40:00,,,1,1,Chordata,Actinopterygii,Perciformes,Hexagrammidae,Hexagrammos decagrammus,Hexagrammos decagrammus,25,2,464.3122,POINT (-125.22000122070312 48.83000183105469)
BMSC19,Ed King SW Pyramid,48.83,-125.22,2021-05-06,8,RLS,2,10:40:00,,,1,1,Chordata,Actinopterygii,Perciformes,Hexagrammidae,Hexagrammos decagrammus,Hexagrammos decagrammus,35,2,966.613,POINT (-125.22000122070312 48.83000183105469)
BMSC19,Ed King SW Pyramid,48.83,-125.22,2021-05-06,8,RLS,2,10:40:00,,,1,1,Chordata,Actinopterygii,Scorpaeniformes,Cottidae,Jordania zonope,Jordania zonope,7.5,1,6.8672,POINT (-125.22000122070312 48.83000183105469)
BMSC19,Ed King SW Pyramid,48.83,-125.22,2021-05-06,8,RLS,2,10:40:00,,,1,1,Chordata,Actinopterygii,Scorpaeniformes,Hexagrammidae,Ophiodon elongatus,Ophiodon elongatus,62.5,1,1202.7167,POINT (-125.22000122070312 48.83000183105469)
BMSC19,Ed King SW Pyramid,48.83,-125.22,2021-05-06,8,RLS,2,10:40:00,,,1,1,Chordata,Actinopterygii,Scorpaeniformes,Sebastidae,Sebastes melanops,Sebastes melanops,15,10,734.9186,POINT (-125.22000122070312 48.83000183105469)
BMSC19,Ed King SW Pyramid,48.83,-125.22,2021-05-06,8,RLS,2,10:40:00,,,1,1,Chordata,Actinopterygii,Scorpaeniformes,Sebastidae,Sebastes melanops,Sebastes melanops,20,21,3417.2395,POINT (-125.22000122070312 48.83000183105469)
BMSC19,Ed King SW Pyramid,48.83,-125.22,2021-05-06,8,RLS,2,10:40:00,,,1,1,Chordata,Actinopterygii,Scorpaeniformes,Sebastidae,Sebastes melanops,Sebastes melanops,25,5,1252.0597,POINT (-125.22000122070312 48.83000183105469)
BMSC19,Ed King SW Pyramid,48.83,-125.22,2021-05-06,8,RLS,2,10:40:00,,,1,1,Chordata,Actinopterygii,Scorpaeniformes,Sebastidae,Sebastes melanops,Sebastes melanops,30,5,1845.9525,POINT (-125.22000122070312 48.83000183105469)
BMSC19,Ed King SW Pyramid,48.83,-125.22,2022-04-29,8,RLS,3,9:45:00,,,1,2,Chordata,Actinopterygii,Perciformes,Hexagrammidae,Hexagrammos decagrammus,Hexagrammos decagrammus,30,1,344.0053,POINT (-125.22000122070312 48.83000183105469)
BMSC19,Ed King SW Pyramid,48.83,-125.22,2022-04-29,8,RLS,3,9:45:00,,,1,2,Chordata,Actinopterygii,Perciformes,Hexagrammidae,Hexagrammos decagrammus,Hexagrammos decagrammus,35,2,966.613,POINT (-125.22000122070312 48.83000183105469)
BMSC19,Ed King SW Pyramid,48.83,-125.22,2022-04-29,8,RLS,3,9:45:00,,,1,2,Chordata,Actinopterygii,Scorpaeniformes,Sebastidae,Sebastes melanops,Sebastes melanops,25,2,500.8239,POINT (-125.22000122070312 48.83000183105469)
BMSC19,Ed King SW Pyramid,48.83,-125.22,2022-04-29,8,RLS,3,9:45:00,,,1,2,Chordata,Mammalia,Carnivora,Phocidae,Phoca vitulina,Phoca vitulina,150,1,,POINT (-125.22000122070312 48.83000183105469)
BMSC19,Ed King SW Pyramid,48.83,-125.22,2022-04-29,8,RLS,3,9:45:00,,,1,1,Chordata,Actinopterygii,Perciformes,Hexagrammidae,Hexagrammos decagrammus,Hexagrammos decagrammus,20,1,150.0203,POINT (-125.22000122070312 48.83000183105469)
BMSC19,Ed King SW Pyramid,48.83,-125.22,2022-04-29,8,RLS,3,9:45:00,,,1,1,Chordata,Actinopterygii,Perciformes,Hexagrammidae,Hexagrammos decagrammus,Hexagrammos decagrammus,25,1,232.1561,POINT (-125.22000122070312 48.83000183105469)
BMSC19,Ed King SW Pyramid,48.83,-125.22,2022-04-29,8,RLS,3,9:45:00,,,1,1,Chordata,Actinopterygii,Perciformes,Hexagrammidae,Hexagrammos decagrammus,Hexagrammos decagrammus,35,4,1933.226,POINT (-125.22000122070312 48.83000183105469)
BMSC19,Ed King SW Pyramid,48.83,-125.22,2022-04-29,8,RLS,3,9:45:00,,,1,1,Chordata,Actinopterygii,Scorpaeniformes,Sebastidae,Sebastes melanops,Sebastes melanops,15,2,146.9837,POINT (-125.22000122070312 48.83000183105469)
BMSC19,Ed King SW Pyramid,48.83,-125.22,2022-04-29,8,RLS,3,9:45:00,,,1,1,Chordata,Actinopterygii,Scorpaeniformes,Sebastidae,Sebastes melanops,Sebastes melanops,25,2,500.8239,POINT (-125.22000122070312 48.83000183105469)
BMSC19,Ed King SW Pyramid,48.83,-125.22,2022-04-29,8,RLS,3,9:45:00,,,1,1,Chordata,Actinopterygii,Scorpaeniformes,Sebastidae,Sebastes melanops,Sebastes melanops,30,1,369.1905,POINT (-125.22000122070312 48.83000183105469)
BMSC19,Ed King SW Pyramid,48.83,-125.22,2022-04-29,8,RLS,3,9:45:00,,,1,1,Chordata,Actinopterygii,Scorpaeniformes,Sebastidae,Sebastes melanops,Sebastes melanops,35,2,1032.8683,POINT (-125.22000122070312 48.83000183105469)
BMSC19,Ed King SW Pyramid,48.83,-125.22,2023-05-10,6.5,RLS,2,10:15:00,,,1,2,Chordata,Actinopterygii,Perciformes,Hexagrammidae,Hexagrammos decagrammus,Hexagrammos decagrammus,35,4,1933.226,POINT (-125.22000122070312 48.83000183105469)
BMSC19,Ed King SW Pyramid,48.83,-125.22,2023-05-10,6.5,RLS,2,10:15:00,,,1,2,Chordata,Actinopterygii,Perciformes,Hexagrammidae,Hexagrammos decagrammus,Hexagrammos decagrammus,40,1,619.0955,POINT (-125.22000122070312 48.83000183105469)
BMSC19,Ed King SW Pyramid,48.83,-125.22,2023-05-10,6.5,RLS,2,10:15:00,,,1,2,Chordata,Actinopterygii,Scorpaeniformes,Cottidae,Jordania zonope,Jordania zonope,7.5,1,6.8672,POINT (-125.22000122070312 48.83000183105469)
BMSC19,Ed King SW Pyramid,48.83,-125.22,2023-05-10,6.5,RLS,2,10:15:00,,,1,2,Chordata,Actinopterygii,Scorpaeniformes,Hexagrammidae,Ophiodon elongatus,Ophiodon elongatus,50,1,599.5206,POINT (-125.22000122070312 48.83000183105469)
BMSC19,Ed King SW Pyramid,48.83,-125.22,2023-05-10,6.5,RLS,2,10:15:00,,,1,2,Chordata,Actinopterygii,Scorpaeniformes,Sebastidae,Sebastes melanops,Sebastes melanops,30,1,369.1905,POINT (-125.22000122070312 48.83000183105469)
BMSC19,Ed King SW Pyramid,48.83,-125.22,2023-05-10,6.5,RLS,2,10:15:00,,,1,1,Chordata,Actinopterygii,Perciformes,Hexagrammidae,Hexagrammos decagrammus,Hexagrammos decagrammus,20,2,300.0406,POINT (-125.22000122070312 48.83000183105469)
BMSC19,Ed King SW Pyramid,48.83,-125.22,2023-05-10,6.5,RLS,2,10:15:00,,,1,1,Chordata,Actinopterygii,Perciformes,Hexagrammidae,Hexagrammos decagrammus,Hexagrammos decagrammus,25,4,928.6245,POINT (-125.22000122070312 48.83000183105469)
BMSC19,Ed King SW Pyramid,48.83,-125.22,2023-05-10,6.5,RLS,2,10:15:00,,,1,1,Chordata,Actinopterygii,Perciformes,Hexagrammidae,Hexagrammos decagrammus,Hexagrammos decagrammus,30,2,688.0106,POINT (-125.22000122070312 48.83000183105469)
BMSC19,Ed King SW Pyramid,48.83,-125.22,2023-05-10,6.5,RLS,2,10:15:00,,,1,1,Chordata,Actinopterygii,Perciformes,Hexagrammidae,Hexagrammos decagrammus,Hexagrammos decagrammus,35,1,483.3065,POINT (-125.22000122070312 48.83000183105469)
BMSC19,Ed King SW Pyramid,48.83,-125.22,2023-05-10,6.5,RLS,2,10:15:00,,,1,1,Chordata,Actinopterygii,Scorpaeniformes,Cottidae,Artedius harringtoni,Artedius harringtoni,2.5,1,0.2205,POINT (-125.22000122070312 48.83000183105469)
BMSC19,Ed King SW Pyramid,48.83,-125.22,2023-05-10,6.5,RLS,2,10:15:00,,,1,1,Chordata,Actinopterygii,Scorpaeniformes,Hexagrammidae,Ophiodon elongatus,Ophiodon elongatus,50,1,599.5206,POINT (-125.22000122070312 48.83000183105469)