ID,Diver,Buddy,Site No.,Site Name,Latitude,Longitude,Date,vis,Direction,Time,P-Qs,Depth,Method,Block,Code,Species,Common name,Total,Inverts,2.5,5,7.5,10,12.5,15,20,25,30,35,40,50,62.5,75,87.5,100,112.5,125,137.5,150,162.5,175,187.5,200,250,300,350,400,,,,,,,,,,,,,,,,,,,,
,,,,,,,,,,12:00,,,"0, 1, 2","0, 1, 2",,2,3,30552,25101,1,2,3,4,5,6,8,10,12,14,16,20,25,30,35,40,45,50,55,60,65,70,75,80,100,120,140,160,,,,,,,,,,,,,,,,,,,,
1,Em Lim,Isabelle Côté,BMSC8,Baeria Rocks North Island Northside,48.95508194,-125.1533737,22/04/2024,1.5,SE,10:12,EGL,8.5,1,2,hde,Hexagrammos decagrammus,Kelp greenling,2,0,,,,,,1,1,,,,,,,,,,,,,,,,,,,,,,,,,,,,,,,,,,,,,,,,,
2,Em Lim,Isabelle Côté,BMSC8,Baeria Rocks North Island Northside,48.95508194,-125.1533737,22/04/2024,1.5,SE,10:12,EGL,8.5,1,2,aha,Artedius harringtoni,Scalyhead sculpin,1,0,,,1,,,,,,,,,,,,,,,,,,,,,,,,,,,,,,,,,,,,,,,,,,,,,
3,Em Lim,Isabelle Côté,BMSC8,Baeria Rocks North Island Northside,48.95508194,-125.1533737,22/04/2024,1.5,SE,10:12,EGL,8.5,2,2,mfra,Mesocentrotus franciscanus,Red sea urchin,244,244,,,,,,,,,,,,,,,,,,,,,,,,,,,,,,,,,,,,,,,,,,,,,,,,
4,Em Lim,Isabelle Côté,BMSC8,Baeria Rocks North Island Northside,48.95508194,-125.1533737,22/04/2024,1.5,SE,10:12,EGL,8.5,2,2,pgi,Pomaulax gibberosus,Red turban shell,67,67,,,,,,,,,,,,,,,,,,,,,,,,,,,,,,,,,,,,,,,,,,,,,,,,
5,Em Lim,Isabelle Côté,BMSC8,Baeria Rocks North Island Northside,48.95508194,-125.1533737,22/04/2024,1.5,SE,10:12,EGL,8.5,2,2,pmi,Patiria miniata,Bat star,41,41,,,,,,,,,,,,,,,,,,,,,,,,,,,,,,,,,,,,,,,,,,,,,,,,
6,Em Lim,Isabelle Côté,BMSC8,Baeria Rocks North Island Northside,48.95508194,-125.1533737,22/04/2024,1.5,SE,10:12,EGL,8.5,2,2,ami,Acmaea mitra,Whitecap limpet,17,17,,,,,,,,,,,,,,,,,,,,,,,,,,,,,,,,,,,,,,,,,,,,,,,,
7,Em Lim,Isabelle Côté,BMSC8,Baeria Rocks North Island Northside,48.95508194,-125.1533737,22/04/2024,1.5,SE,10:12,EGL,8.5,2,2,aca,Apostichopus californicus,California sea cucumber,4,4,,,,,,,,,,,,,,,,,,,,,,,,,,,,,,,,,,,,,,,,,,,,,,,,
8,Em Lim,Isabelle Côté,BMSC8,Baeria Rocks North Island Northside,48.95508194,-125.1533737,22/04/2024,1.5,SE,10:12,EGL,8.5,2,2,phem,Pagurus hemphilli,Maroon hermit,30,30,,,,,,,,,,,,,,,,,,,,,,,,,,,,,,,,,,,,,,,,,,,,,,,,
9,Em Lim,Isabelle Côté,BMSC8,Baeria Rocks North Island Northside,48.95508194,-125.1533737,22/04/2024,1.5,SE,10:12,EGL,8.5,2,2,oko,Orthasterias koehleri,Rainbow star,10,10,,,,,,,,,,,,,,,,,,,,,,,,,,,,,,,,,,,,,,,,,,,,,,,,
10,Em Lim,Isabelle Côté,BMSC8,Baeria Rocks North Island Northside,48.95508194,-125.1533737,22/04/2024,1.5,SE,10:12,EGL,8.5,2,2,hka,Haliotis kamtschatkana,Pinto abalone,29,0,6,14,9,,,,,,,,,,,,,,,,,,,,,,,,,,,,,,,,,,,,,,,,,,,,,
11,Em Lim,Isabelle Côté,BMSC8,Baeria Rocks North Island Northside,48.95508194,-125.1533737,22/04/2024,1.5,SE,10:12,EGL,8.5,2,2,cfo,Ceratostoma foliatum,Leafy hornmouth,10,10,,,,,,,,,,,,,,,,,,,,,,,,,,,,,,,,,,,,,,,,,,,,,,,,
12,Em Lim,Isabelle Côté,BMSC8,Baeria Rocks North Island Northside,48.95508194,-125.1533737,22/04/2024,1.5,SE,10:12,EGL,8.5,2,2,aha,Artedius harringtoni,Scalyhead sculpin,1,0,,1,,,,,,,,,,,,,,,,,,,,,,,,,,,,,,,,,,,,,,,,,,,,,,
13,Em Lim,Isabelle Côté,BMSC8,Baeria Rocks North Island Northside,48.95508194,-125.1533737,22/04/2024,1.5,SE,10:12,EGL,8.5,2,2,cgi,Crassadoma gigantea,Purple-hinged rock scallop,3,0,,1,1,,1,,,,,,,,,,,,,,,,,,,,,,,,,,,,,,,,,,,,,,,,,,,
14,Em Lim,Isabelle Côté,BMSC8,Baeria Rocks North Island Northside,48.95508194,-125.1533737,22/04/2024,1.5,SE,10:12,EGL,8.5,2,2,hcr,Hermissenda crassicornis,Opalescent nudibranch,3,3,,,,,,,,,,,,,,,,,,,,,,,,,,,,,,,,,,,,,,,,,,,,,,,,
15,Em Lim,Isabelle Côté,BMSC8,Baeria Rocks North Island Northside,48.95508194,-125.1533737,22/04/2024,1.5,SE,10:12,EGL,8.5,2,2,pbe,Pagurus beringanus,Bering hermit crab,2,2,,,,,,,,,,,,,,,,,,,,,,,,,,,,,,,,,,,,,,,,,,,,,,,,
16,Em Lim,Isabelle Côté,BMSC8,Baeria Rocks North Island Northside,48.95508194,-125.1533737,22/04/2024,1.5,SE,10:12,EGL,8.5,2,2,poc,Pisaster ochraceus,Purple sea star,41,41,,,,,,,,,,,,,,,,,,,,,,,,,,,,,,,,,,,,,,,,,,,,,,,,
17,Em Lim,Isabelle Côté,BMSC8,Baeria Rocks North Island Northside,48.95508194,-125.1533737,22/04/2024,1.5,SE,10:12,EGL,8.5,2,2,dim,Dermasterias imbricata,Leather star,4,4,,,,,,,,,,,,,,,,,,,,,,,,,,,,,,,,,,,,,,,,,,,,,,,,
18,Em Lim,Isabelle Côté,BMSC8,Baeria Rocks North Island Northside,48.95508194,-125.1533737,22/04/2024,1.5,SE,10:12,EGL,8.5,2,2,sdr,Strongylocentrotus droebachiensis,Northern sea urchin,1,1,,,,,,,,,,,,,,,,,,,,,,,,,,,,,,,,,,,,,,,,,,,,,,,,
19,Em Lim,Isabelle Côté,BMSC8,Baeria Rocks North Island Northside,48.95508194,-125.1533737,22/04/2024,1.5,SE,10:12,EGL,8.5,2,2,spu,Strongylocentrotus purpuratus,Purple sea urchin (?),1,1,,,,,,,,,,,,,,,,,,,,,,,,,,,,,,,,,,,,,,,,,,,,,,,,
20,Em Lim,Isabelle Côté,BMSC8,Baeria Rocks North Island Northside,48.95508194,-125.1533737,22/04/2024,1.5,SE,10:12,EGL,8.5,2,2,das,Diodora aspera,Rough keyhole limpet,1,1,,,,,,,,,,,,,,,,,,,,,,,,,,,,,,,,,,,,,,,,,,,,,,,,
21,Em Lim,Isabelle Côté,BMSC8,Baeria Rocks North Island Northside,48.95508194,-125.1533737,22/04/2024,1.5,SE,10:12,EGL,8.5,2,2,opi,Oxylebius pictus,Painted greenling,1,0,,,,,,1,,,,,,,,,,,,,,,,,,,,,,,,,,,,,,,,,,,,,,,,,,
22,Em Lim,Isabelle Côté,BMSC8,Baeria Rocks North Island Northside,48.95508194,-125.1533737,22/04/2024,1.5,SE,10:12,EGL,8.5,2,2,gor,Glebocarcinus oregonensis,Pygmy rock crab,1,1,,,,,,,,,,,,,,,,,,,,,,,,,,,,,,,,,,,,,,,,,,,,,,,,
23,Em Lim,Isabelle Côté,BMSC8,Baeria Rocks North Island Northside,48.95508194,-125.1533737,22/04/2024,1.5,SE,10:12,EGL,8.5,2,2,pcau,Pagurus caurinus,Greenmark hermit crab,1,1,,,,,,,,,,,,,,,,,,,,,,,,,,,,,,,,,,,,,,,,,,,,,,,,
24,Em Lim,Isabelle Côté,BMSC8,Baeria Rocks North Island Northside,48.95508194,-125.1533737,22/04/2024,1.5,SE,10:12,EGL,8.5,2,2,dez,Debris - Zero,No Debris found,1,1,,,,,,,,,,,,,,,,,,,,,,,,,,,,,,,,,,,,,,,,,,,,,,,,
25,Em Lim,Isabelle Côté,BMSC6,Baeria Rocks South Island,48.95023346,-125.1555481,22/04/2024,1.5,SW,12:45,EGL,11,1,2,sca,Sebastes caurinus,Copper rockfish,1,0,,,,,,,,,,1,,,,,,,,,,,,,,,,,,,,,,,,,,,,,,,,,,,,,,
26,Em Lim,Isabelle Côté,BMSC6,Baeria Rocks South Island,48.95023346,-125.1555481,22/04/2024,1.5,SW,12:45,EGL,11,1,2,rni,Rhinogobiops nicholsii,Blackeye goby,1,0,,1,,,,,,,,,,,,,,,,,,,,,,,,,,,,,,,,,,,,,,,,,,,,,,
27,Em Lim,Isabelle Côté,BMSC6,Baeria Rocks South Island,48.95023346,-125.1555481,22/04/2024,1.5,SW,12:45,EGL,11,1,2,oel,Ophiodon elongatus,Lingcod,2,0,,,,,,,,,,,1,1,,,,,,,,,,,,,,,,,,,,,,,,,,,,,,,,,,,,
28,Em Lim,Isabelle Côté,BMSC6,Baeria Rocks South Island,48.95023346,-125.1555481,22/04/2024,1.5,SW,12:45,EGL,11,1,2,aoc,Anarrhichthys ocellatus,Wolf-eel,2,0,,,,,,,,,,,,,,1,,,,,,1,,,,,,,,,,,,,,,,,,,,,,,,,,,,
29,Em Lim,Isabelle Côté,BMSC6,Baeria Rocks South Island,48.95023346,-125.1555481,22/04/2024,1.5,SW,12:45,EGL,11,1,2,hde,Hexagrammos decagrammus,Kelp greenling,1,0,,,,,,,,,,,1,,,,,,,,,,,,,,,,,,,,,,,,,,,,,,,,,,,,,
30,Em Lim,Isabelle Côté,BMSC6,Baeria Rocks South Island,48.95023346,-125.1555481,22/04/2024,1.5,SW,12:45,EGL,11,1,2,sma,Sebastes maliger,Quillback rockfish,2,0,,,,,,,,1,1,,,,,,,,,,,,,,,,,,,,,,,,,,,,,,,,,,,,,,,
31,Em Lim,Isabelle Côté,BMSC6,Baeria Rocks South Island,48.95023346,-125.1555481,22/04/2024,1.5,SW,12:45,EGL,11,1,2,ela,Embiotoca lateralis,Striped seaperch,1,0,,,,,,1,,,,,,,,,,,,,,,,,,,,,,,,,,,,,,,,,,,,,,,,,,
32,Em Lim,Isabelle Côté,BMSC6,Baeria Rocks South Island,48.95023346,-125.1555481,22/04/2024,1.5,SW,12:45,EGL,11,2,2,mfra,Mesocentrotus franciscanus,Red sea urchin,181,181,,,,,,,,,,,,,,,,,,,,,,,,,,,,,,,,,,,,,,,,,,,,,,,,
33,Em Lim,Isabelle Côté,BMSC6,Baeria Rocks South Island,48.95023346,-125.1555481,22/04/2024,1.5,SW,12:45,EGL,11,2,2,aca,Apostichopus californicus,California sea cucumber,14,14,,,,,,,,,,,,,,,,,,,,,,,,,,,,,,,,,,,,,,,,,,,,,,,,
34,Em Lim,Isabelle Côté,BMSC6,Baeria Rocks South Island,48.95023346,-125.1555481,22/04/2024,1.5,SW,12:45,EGL,11,2,2,rni,Rhinogobiops nicholsii,Blackeye goby,9,0,1,7,1,,,,,,,,,,,,,,,,,,,,,,,,,,,,,,,,,,,,,,,,,,,,,
35,Em Lim,Isabelle Côté,BMSC6,Baeria Rocks South Island,48.95023346,-125.1555481,22/04/2024,1.5,SW,12:45,EGL,11,2,2,hka,Haliotis kamtschatkana,Pinto abalone,21,0,15,5,1,,,,,,,,,,,,,,,,,,,,,,,,,,,,,,,,,,,,,,,,,,,,,
36,Em Lim,Isabelle Côté,BMSC6,Baeria Rocks South Island,48.95023346,-125.1555481,22/04/2024,1.5,SW,12:45,EGL,11,2,2,pmi,Patiria miniata,Bat star,60,60,,,,,,,,,,,,,,,,,,,,,,,,,,,,,,,,,,,,,,,,,,,,,,,,
37,Em Lim,Isabelle Côté,BMSC6,Baeria Rocks South Island,48.95023346,-125.1555481,22/04/2024,1.5,SW,12:45,EGL,11,2,2,ami,Acmaea mitra,Whitecap limpet,19,19,,,,,,,,,,,,,,,,,,,,,,,,,,,,,,,,,,,,,,,,,,,,,,,,
38,Em Lim,Isabelle Côté,BMSC6,Baeria Rocks South Island,48.95023346,-125.1555481,22/04/2024,1.5,SW,12:45,EGL,11,2,2,jzo,Jordania zonope,Longfin sculpin,4,0,,,3,1,,,,,,,,,,,,,,,,,,,,,,,,,,,,,,,,,,,,,,,,,,,,
39,Em Lim,Isabelle Côté,BMSC6,Baeria Rocks South Island,48.95023346,-125.1555481,22/04/2024,1.5,SW,12:45,EGL,11,2,2,sac,Scyra acutifrons,Sharpnose crab,5,5,,,,,,,,,,,,,,,,,,,,,,,,,,,,,,,,,,,,,,,,,,,,,,,,
40,Em Lim,Isabelle Côté,BMSC6,Baeria Rocks South Island,48.95023346,-125.1555481,22/04/2024,1.5,SW,12:45,EGL,11,2,2,cfo,Ceratostoma foliatum,Leafy hornmouth,12,12,,,,,,,,,,,,,,,,,,,,,,,,,,,,,,,,,,,,,,,,,,,,,,,,
41,Em Lim,Isabelle Côté,BMSC6,Baeria Rocks South Island,48.95023346,-125.1555481,22/04/2024,1.5,SW,12:45,EGL,11,2,2,cgi,Crassadoma gigantea,Purple-hinged rock scallop,3,0,,1,,1,1,,,,,,,,,,,,,,,,,,,,,,,,,,,,,,,,,,,,,,,,,,,
42,Em Lim,Isabelle Côté,BMSC6,Baeria Rocks South Island,48.95023346,-125.1555481,22/04/2024,1.5,SW,12:45,EGL,11,2,2,phem,Pagurus hemphilli,Maroon hermit,10,10,,,,,,,,,,,,,,,,,,,,,,,,,,,,,,,,,,,,,,,,,,,,,,,,
43,Em Lim,Isabelle Côté,BMSC6,Baeria Rocks South Island,48.95023346,-125.1555481,22/04/2024,1.5,SW,12:45,EGL,11,2,2,oko,Orthasterias koehleri,Rainbow star,9,9,,,,,,,,,,,,,,,,,,,,,,,,,,,,,,,,,,,,,,,,,,,,,,,,
44,Em Lim,Isabelle Côté,BMSC6,Baeria Rocks South Island,48.95023346,-125.1555481,22/04/2024,1.5,SW,12:45,EGL,11,2,2,das,Diodora aspera,Rough keyhole limpet,2,2,,,,,,,,,,,,,,,,,,,,,,,,,,,,,,,,,,,,,,,,,,,,,,,,
45,Em Lim,Isabelle Côté,BMSC6,Baeria Rocks South Island,48.95023346,-125.1555481,22/04/2024,1.5,SW,12:45,EGL,11,2,2,opi,Oxylebius pictus,Painted greenling,1,0,,,,,,1,,,,,,,,,,,,,,,,,,,,,,,,,,,,,,,,,,,,,,,,,,
46,Em Lim,Isabelle Côté,BMSC6,Baeria Rocks South Island,48.95023346,-125.1555481,22/04/2024,1.5,SW,12:45,EGL,11,2,2,hcr,Hermissenda crassicornis,Opalescent nudibranch,3,3,,,,,,,,,,,,,,,,,,,,,,,,,,,,,,,,,,,,,,,,,,,,,,,,
47,Em Lim,Isabelle Côté,BMSC6,Baeria Rocks South Island,48.95023346,-125.1555481,22/04/2024,1.5,SW,12:45,EGL,11,0,2,sne,Sebastes nebulosus,China rockfish,1,0,,,,,,,,1,,,,,,,,,,,,,,,,,,,,,,,,,,,,,,,,,,,,,,,,
48,Em Lim,Isabelle Côté,BMSC6,Baeria Rocks South Island,48.95023346,-125.1555481,22/04/2024,1.5,SW,12:45,EGL,11,2,2,henricia,Henricia spp.,Unidentified blood star,1,1,,,,,,,,,,,,,,,,,,,,,,,,,,,,,,,,,,,,,,,,,,,,,,,,
49,Em Lim,Isabelle Côté,BMSC6,Baeria Rocks South Island,48.95023346,-125.1555481,22/04/2024,1.5,SW,12:45,EGL,11,2,2,pcau,Pagurus caurinus,Greenmark hermit crab,2,2,,,,,,,,,,,,,,,,,,,,,,,,,,,,,,,,,,,,,,,,,,,,,,,,
50,Em Lim,Isabelle Côté,BMSC6,Baeria Rocks South Island,48.95023346,-125.1555481,22/04/2024,1.5,SW,12:45,EGL,11,2,2,pgi,Pomaulax gibberosus,Red turban shell,1,1,,,,,,,,,,,,,,,,,,,,,,,,,,,,,,,,,,,,,,,,,,,,,,,,
51,Em Lim,Isabelle Côté,BMSC6,Baeria Rocks South Island,48.95023346,-125.1555481,22/04/2024,1.5,SW,12:45,EGL,11,2,2,dim,Dermasterias imbricata,Leather star,1,1,,,,,,,,,,,,,,,,,,,,,,,,,,,,,,,,,,,,,,,,,,,,,,,,
52,Em Lim,Isabelle Côté,BMSC6,Baeria Rocks South Island,48.95023346,-125.1555481,22/04/2024,1.5,SW,12:45,EGL,11,2,2,aha,Artedius harringtoni,Scalyhead sculpin,1,0,,1,,,,,,,,,,,,,,,,,,,,,,,,,,,,,,,,,,,,,,,,,,,,,,
53,Em Lim,Isabelle Côté,BMSC6,Baeria Rocks South Island,48.95023346,-125.1555481,22/04/2024,1.5,SW,12:45,EGL,11,2,2,sma,Scorpaenichthys marmoratus,Cabezon,1,0,,,,,,,,,,,1,,,,,,,,,,,,,,,,,,,,,,,,,,,,,,,,,,,,,
54,Em Lim,Isabelle Côté,BMSC6,Baeria Rocks South Island,48.95023346,-125.1555481,22/04/2024,1.5,SW,12:45,EGL,11,2,2,tfe,Tritonia festiva,Diamondback tritonia,1,1,,,,,,,,,,,,,,,,,,,,,,,,,,,,,,,,,,,,,,,,,,,,,,,,
55,Em Lim,Isabelle Côté,BMSC6,Baeria Rocks South Island,48.95023346,-125.1555481,22/04/2024,1.5,SW,12:45,EGL,11,2,2,pbe,Pagurus beringanus,Bering hermit crab,6,6,,,,,,,,,,,,,,,,,,,,,,,,,,,,,,,,,,,,,,,,,,,,,,,,
56,Em Lim,Isabelle Côté,BMSC6,Baeria Rocks South Island,48.95023346,-125.1555481,22/04/2024,1.5,SW,12:45,EGL,11,2,2,hermit,Paguroidea spp.,Unidentified hermit crab,4,4,,,,,,,,,,,,,,,,,,,,,,,,,,,,,,,,,,,,,,,,,,,,,,,,
57,Em Lim,Isabelle Côté,BMSC6,Baeria Rocks South Island,48.95023346,-125.1555481,22/04/2024,1.5,SW,12:45,EGL,11,2,2,dez,Debris - Zero,No Debris found,1,1,,,,,,,,,,,,,,,,,,,,,,,,,,,,,,,,,,,,,,,,,,,,,,,,
58,Em Lim,Isabelle Côté,BMSC5,Taylor Rock,48.82733154,-125.1966019,23/04/2024,1.5,E,9:50,EGL,6.5,1,2,ebi,Enophrys bison,Buffalo sculpin,1,0,,,,,,1,,,,,,,,,,,,,,,,,,,,,,,,,,,,,,,,,,,,,,,,,,
59,Em Lim,Isabelle Côté,BMSC5,Taylor Rock,48.82733154,-125.1966019,23/04/2024,1.5,E,9:50,EGL,6.5,1,2,rni,Rhinogobiops nicholsii,Blackeye goby,1,0,1,,,,,,,,,,,,,,,,,,,,,,,,,,,,,,,,,,,,,,,,,,,,,,,
60,Em Lim,Isabelle Côté,BMSC5,Taylor Rock,48.82733154,-125.1966019,23/04/2024,1.5,E,9:50,EGL,6.5,2,2,mfra,Mesocentrotus franciscanus,Red sea urchin,169,169,,,,,,,,,,,,,,,,,,,,,,,,,,,,,,,,,,,,,,,,,,,,,,,,
61,Em Lim,Isabelle Côté,BMSC5,Taylor Rock,48.82733154,-125.1966019,23/04/2024,1.5,E,9:50,EGL,6.5,2,2,hcr,Hermissenda crassicornis,Opalescent nudibranch,26,26,,,,,,,,,,,,,,,,,,,,,,,,,,,,,,,,,,,,,,,,,,,,,,,,
62,Em Lim,Isabelle Côté,BMSC5,Taylor Rock,48.82733154,-125.1966019,23/04/2024,1.5,E,9:50,EGL,6.5,2,2,cfo,Ceratostoma foliatum,Leafy hornmouth,64,64,,,,,,,,,,,,,,,,,,,,,,,,,,,,,,,,,,,,,,,,,,,,,,,,
63,Em Lim,Isabelle Côté,BMSC5,Taylor Rock,48.82733154,-125.1966019,23/04/2024,1.5,E,9:50,EGL,6.5,2,2,pmi,Patiria miniata,Bat star,5,5,,,,,,,,,,,,,,,,,,,,,,,,,,,,,,,,,,,,,,,,,,,,,,,,
64,Em Lim,Isabelle Côté,BMSC5,Taylor Rock,48.82733154,-125.1966019,23/04/2024,1.5,E,9:50,EGL,6.5,2,2,cgi,Crassadoma gigantea,Purple-hinged rock scallop,24,0,,1,4,9,5,4,1,,,,,,,,,,,,,,,,,,,,,,,,,,,,,,,,,,,,,,,,,
65,Em Lim,Isabelle Côté,BMSC5,Taylor Rock,48.82733154,-125.1966019,23/04/2024,1.5,E,9:50,EGL,6.5,2,2,hka,Haliotis kamtschatkana,Pinto abalone,13,0,1,3,7,2,,,,,,,,,,,,,,,,,,,,,,,,,,,,,,,,,,,,,,,,,,,,
66,Em Lim,Isabelle Côté,BMSC5,Taylor Rock,48.82733154,-125.1966019,23/04/2024,1.5,E,9:50,EGL,6.5,2,2,henricia,Henricia spp.,Unidentified blood star,3,3,,,,,,,,,,,,,,,,,,,,,,,,,,,,,,,,,,,,,,,,,,,,,,,,
67,Em Lim,Isabelle Côté,BMSC5,Taylor Rock,48.82733154,-125.1966019,23/04/2024,1.5,E,9:50,EGL,6.5,2,2,dim,Dermasterias imbricata,Leather star,17,17,,,,,,,,,,,,,,,,,,,,,,,,,,,,,,,,,,,,,,,,,,,,,,,,
68,Em Lim,Isabelle Côté,BMSC5,Taylor Rock,48.82733154,-125.1966019,23/04/2024,1.5,E,9:50,EGL,6.5,2,2,pgi,Pomaulax gibberosus,Red turban shell,83,83,,,,,,,,,,,,,,,,,,,,,,,,,,,,,,,,,,,,,,,,,,,,,,,,
69,Em Lim,Isabelle Côté,BMSC5,Taylor Rock,48.82733154,-125.1966019,23/04/2024,1.5,E,9:50,EGL,6.5,2,2,etr,Evasterias troschelii,Mottled starfish,3,3,,,,,,,,,,,,,,,,,,,,,,,,,,,,,,,,,,,,,,,,,,,,,,,,
70,Em Lim,Isabelle Côté,BMSC5,Taylor Rock,48.82733154,-125.1966019,23/04/2024,1.5,E,9:50,EGL,6.5,2,2,aha,Artedius harringtoni,Scalyhead sculpin,6,0,1,5,,,,,,,,,,,,,,,,,,,,,,,,,,,,,,,,,,,,,,,,,,,,,,
71,Em Lim,Isabelle Côté,BMSC5,Taylor Rock,48.82733154,-125.1966019,23/04/2024,1.5,E,9:50,EGL,6.5,2,2,sac,Scyra acutifrons,Sharpnose crab,5,5,,,,,,,,,,,,,,,,,,,,,,,,,,,,,,,,,,,,,,,,,,,,,,,,
72,Em Lim,Isabelle Côté,BMSC5,Taylor Rock,48.82733154,-125.1966019,23/04/2024,1.5,E,9:50,EGL,6.5,2,2,ami,Acmaea mitra,Whitecap limpet,9,9,,,,,,,,,,,,,,,,,,,,,,,,,,,,,,,,,,,,,,,,,,,,,,,,
73,Em Lim,Isabelle Côté,BMSC5,Taylor Rock,48.82733154,-125.1966019,23/04/2024,1.5,E,9:50,EGL,6.5,2,2,ata,Asemichthys taylori,Spinynose sculpin,1,0,,1,,,,,,,,,,,,,,,,,,,,,,,,,,,,,,,,,,,,,,,,,,,,,,
74,Em Lim,Isabelle Côté,BMSC5,Taylor Rock,48.82733154,-125.1966019,23/04/2024,1.5,E,9:50,EGL,6.5,2,2,rni,Rhinogobiops nicholsii,Blackeye goby,19,0,4,10,4,1,,,,,,,,,,,,,,,,,,,,,,,,,,,,,,,,,,,,,,,,,,,,
75,Em Lim,Isabelle Côté,BMSC5,Taylor Rock,48.82733154,-125.1966019,23/04/2024,1.5,E,9:50,EGL,6.5,2,2,aca,Apostichopus californicus,California sea cucumber,14,14,,,,,,,,,,,,,,,,,,,,,,,,,,,,,,,,,,,,,,,,,,,,,,,,
76,Em Lim,Isabelle Côté,BMSC5,Taylor Rock,48.82733154,-125.1966019,23/04/2024,1.5,E,9:50,EGL,6.5,2,2,oko,Orthasterias koehleri,Rainbow star,1,1,,,,,,,,,,,,,,,,,,,,,,,,,,,,,,,,,,,,,,,,,,,,,,,,
77,Em Lim,Isabelle Côté,BMSC5,Taylor Rock,48.82733154,-125.1966019,23/04/2024,1.5,E,9:50,EGL,6.5,2,2,cpr,Cancer productus,Red rock crab,2,2,,,,,,,,,,,,,,,,,,,,,,,,,,,,,,,,,,,,,,,,,,,,,,,,
78,Em Lim,Isabelle Côté,BMSC5,Taylor Rock,48.82733154,-125.1966019,23/04/2024,1.5,E,9:50,EGL,6.5,2,2,lcoc,Limacia cockerelli,Cockerell's dorid,1,1,,,,,,,,,,,,,,,,,,,,,,,,,,,,,,,,,,,,,,,,,,,,,,,,
79,Em Lim,Isabelle Côté,BMSC5,Taylor Rock,48.82733154,-125.1966019,23/04/2024,1.5,E,9:50,EGL,6.5,2,2,gor,Glebocarcinus oregonensis,Pygmy rock crab,3,3,,,,,,,,,,,,,,,,,,,,,,,,,,,,,,,,,,,,,,,,,,,,,,,,
80,Em Lim,Isabelle Côté,BMSC5,Taylor Rock,48.82733154,-125.1966019,23/04/2024,1.5,E,9:50,EGL,6.5,2,2,tca,Triopha catalinae,Sea-clown triopha,1,1,,,,,,,,,,,,,,,,,,,,,,,,,,,,,,,,,,,,,,,,,,,,,,,,
81,Em Lim,Isabelle Côté,BMSC5,Taylor Rock,48.82733154,-125.1966019,23/04/2024,1.5,E,9:50,EGL,6.5,2,2,dez,Debris - Zero,No Debris found,1,1,,,,,,,,,,,,,,,,,,,,,,,,,,,,,,,,,,,,,,,,,,,,,,,,
82,Em Lim,Isabelle Côté,BMSC9,Eagle Bay,48.83478928,-125.1470261,23/04/2024,2,SW,12:36,EGL,6.5,1,2,rni,Rhinogobiops nicholsii,Blackeye goby,2,0,2,,,,,,,,,,,,,,,,,,,,,,,,,,,,,,,,,,,,,,,,,,,,,,,
83,Em Lim,Isabelle Côté,BMSC9,Eagle Bay,48.83478928,-125.1470261,23/04/2024,2,SW,12:36,EGL,6.5,1,2,hde,Hexagrammos decagrammus,Kelp greenling,5,0,,,,,,,,2,1,1,1,,,,,,,,,,,,,,,,,,,,,,,,,,,,,,,,,,,,,
84,Em Lim,Isabelle Côté,BMSC9,Eagle Bay,48.83478928,-125.1470261,23/04/2024,2,SW,12:36,EGL,6.5,1,2,sme,Sebastes melanops,Black rockfish,4,0,,,,,,,1,2,1,,,,,,,,,,,,,,,,,,,,,,,,,,,,,,,,,,,,,,,
85,Em Lim,Isabelle Côté,BMSC9,Eagle Bay,48.83478928,-125.1470261,23/04/2024,2,SW,12:36,EGL,6.5,1,2,sma,Sebastes maliger,Quillback rockfish,1,0,,,,,,,1,,,,,,,,,,,,,,,,,,,,,,,,,,,,,,,,,,,,,,,,,
86,Em Lim,Isabelle Côté,BMSC9,Eagle Bay,48.83478928,-125.1470261,23/04/2024,2,SW,12:36,EGL,6.5,1,2,opi,Oxylebius pictus,Painted greenling,1,0,,,,,,1,,,,,,,,,,,,,,,,,,,,,,,,,,,,,,,,,,,,,,,,,,
87,Em Lim,Isabelle Côté,BMSC9,Eagle Bay,48.83478928,-125.1470261,23/04/2024,2,SW,12:36,EGL,6.5,2,2,mfra,Mesocentrotus franciscanus,Red sea urchin,108,108,,,,,,,,,,,,,,,,,,,,,,,,,,,,,,,,,,,,,,,,,,,,,,,,
88,Em Lim,Isabelle Côté,BMSC9,Eagle Bay,48.83478928,-125.1470261,23/04/2024,2,SW,12:36,EGL,6.5,2,2,pmi,Patiria miniata,Bat star,17,17,,,,,,,,,,,,,,,,,,,,,,,,,,,,,,,,,,,,,,,,,,,,,,,,
89,Em Lim,Isabelle Côté,BMSC9,Eagle Bay,48.83478928,-125.1470261,23/04/2024,2,SW,12:36,EGL,6.5,2,2,hka,Haliotis kamtschatkana,Pinto abalone,53,0,26,14,12,1,,,,,,,,,,,,,,,,,,,,,,,,,,,,,,,,,,,,,,,,,,,,
90,Em Lim,Isabelle Côté,BMSC9,Eagle Bay,48.83478928,-125.1470261,23/04/2024,2,SW,12:36,EGL,6.5,2,2,ami,Acmaea mitra,Whitecap limpet,32,32,,,,,,,,,,,,,,,,,,,,,,,,,,,,,,,,,,,,,,,,,,,,,,,,
91,Em Lim,Isabelle Côté,BMSC9,Eagle Bay,48.83478928,-125.1470261,23/04/2024,2,SW,12:36,EGL,6.5,2,2,cfo,Ceratostoma foliatum,Leafy hornmouth,11,11,,,,,,,,,,,,,,,,,,,,,,,,,,,,,,,,,,,,,,,,,,,,,,,,
92,Em Lim,Isabelle Côté,BMSC9,Eagle Bay,48.83478928,-125.1470261,23/04/2024,2,SW,12:36,EGL,6.5,2,2,rni,Rhinogobiops nicholsii,Blackeye goby,31,0,1,17,9,4,,,,,,,,,,,,,,,,,,,,,,,,,,,,,,,,,,,,,,,,,,,,
93,Em Lim,Isabelle Côté,BMSC9,Eagle Bay,48.83478928,-125.1470261,23/04/2024,2,SW,12:36,EGL,6.5,2,2,sac,Scyra acutifrons,Sharpnose crab,8,8,,,,,,,,,,,,,,,,,,,,,,,,,,,,,,,,,,,,,,,,,,,,,,,,
94,Em Lim,Isabelle Côté,BMSC9,Eagle Bay,48.83478928,-125.1470261,23/04/2024,2,SW,12:36,EGL,6.5,2,2,aha,Artedius harringtoni,Scalyhead sculpin,6,0,,6,,,,,,,,,,,,,,,,,,,,,,,,,,,,,,,,,,,,,,,,,,,,,,
95,Em Lim,Isabelle Côté,BMSC9,Eagle Bay,48.83478928,-125.1470261,23/04/2024,2,SW,12:36,EGL,6.5,2,2,cgi,Crassadoma gigantea,Purple-hinged rock scallop,13,0,,,3,5,4,1,,,,,,,,,,,,,,,,,,,,,,,,,,,,,,,,,,,,,,,,,,
96,Em Lim,Isabelle Côté,BMSC9,Eagle Bay,48.83478928,-125.1470261,23/04/2024,2,SW,12:36,EGL,6.5,2,2,def,Debris - Fishing,Any fishing debris,2,2,,,,,,,,,,,,,,,,,,,,,,,,,,,,,,,,,,,,,,,,,,,,,,,,
97,Em Lim,Isabelle Côté,BMSC9,Eagle Bay,48.83478928,-125.1470261,23/04/2024,2,SW,12:36,EGL,6.5,0,2,sca,Sebastes caurinus,Copper rockfish,4,0,,,,1,1,1,1,,,,,,,,,,,,,,,,,,,,,,,,,,,,,,,,,,,,,,,,,
98,Em Lim,Isabelle Côté,BMSC9,Eagle Bay,48.83478928,-125.1470261,23/04/2024,2,SW,12:36,EGL,6.5,2,2,das,Diodora aspera,Rough keyhole limpet,20,20,,,,,,,,,,,,,,,,,,,,,,,,,,,,,,,,,,,,,,,,,,,,,,,,
99,Em Lim,Isabelle Côté,BMSC9,Eagle Bay,48.83478928,-125.1470261,23/04/2024,2,SW,12:36,EGL,6.5,2,2,poc,Pisaster ochraceus,Purple sea star,1,1,,,,,,,,,,,,,,,,,,,,,,,,,,,,,,,,,,,,,,,,,,,,,,,,
100,Em Lim,Isabelle Côté,BMSC9,Eagle Bay,48.83478928,-125.1470261,23/04/2024,2,SW,12:36,EGL,6.5,2,2,dsa,Diaulula sandiegensis,Ringed doris,5,5,,,,,,,,,,,,,,,,,,,,,,,,,,,,,,,,,,,,,,,,,,,,,,,,
101,Em Lim,Isabelle Côté,BMSC9,Eagle Bay,48.83478928,-125.1470261,23/04/2024,2,SW,12:36,EGL,6.5,2,2,phem,Pagurus hemphilli,Maroon hermit,5,5,,,,,,,,,,,,,,,,,,,,,,,,,,,,,,,,,,,,,,,,,,,,,,,,
102,Em Lim,Isabelle Côté,BMSC9,Eagle Bay,48.83478928,-125.1470261,23/04/2024,2,SW,12:36,EGL,6.5,2,2,oko,Orthasterias koehleri,Rainbow star,2,2,,,,,,,,,,,,,,,,,,,,,,,,,,,,,,,,,,,,,,,,,,,,,,,,
103,Em Lim,Isabelle Côté,BMSC9,Eagle Bay,48.83478928,-125.1470261,23/04/2024,2,SW,12:36,EGL,6.5,2,2,spu,Strongylocentrotus purpuratus,Purple sea urchin (?),1,1,,,,,,,,,,,,,,,,,,,,,,,,,,,,,,,,,,,,,,,,,,,,,,,,
104,Em Lim,Isabelle Côté,BMSC9,Eagle Bay,48.83478928,-125.1470261,23/04/2024,2,SW,12:36,EGL,6.5,2,2,cpr,Cancer productus,Red rock crab,1,1,,,,,,,,,,,,,,,,,,,,,,,,,,,,,,,,,,,,,,,,,,,,,,,,
105,Em Lim,Isabelle Côté,BMSC9,Eagle Bay,48.83478928,-125.1470261,23/04/2024,2,SW,12:36,EGL,6.5,2,2,arh,Ascelichthys rhodorus,Rosylip sculpin,1,0,,1,,,,,,,,,,,,,,,,,,,,,,,,,,,,,,,,,,,,,,,,,,,,,,
106,Em Lim,Isabelle Côté,BMSC9,Eagle Bay,48.83478928,-125.1470261,23/04/2024,2,SW,12:36,EGL,6.5,2,2,aca,Apostichopus californicus,California sea cucumber,10,10,,,,,,,,,,,,,,,,,,,,,,,,,,,,,,,,,,,,,,,,,,,,,,,,
107,Em Lim,Isabelle Côté,BMSC9,Eagle Bay,48.83478928,-125.1470261,23/04/2024,2,SW,12:36,EGL,6.5,2,2,dim,Dermasterias imbricata,Leather star,6,6,,,,,,,,,,,,,,,,,,,,,,,,,,,,,,,,,,,,,,,,,,,,,,,,
108,Em Lim,Isabelle Côté,BMSC9,Eagle Bay,48.83478928,-125.1470261,23/04/2024,2,SW,12:36,EGL,6.5,2,2,cadlina,Cadlina spp.,0,1,1,,,,,,,,,,,,,,,,,,,,,,,,,,,,,,,,,,,,,,,,,,,,,,,,
109,Em Lim,Isabelle Côté,BMSC9,Eagle Bay,48.83478928,-125.1470261,23/04/2024,2,SW,12:36,EGL,6.5,2,2,dsc,Discorsopagurus schmitti,Tubeworm hermit,1,1,,,,,,,,,,,,,,,,,,,,,,,,,,,,,,,,,,,,,,,,,,,,,,,,
110,Em Lim,Isabelle Côté,BMSC9,Eagle Bay,48.83478928,-125.1470261,23/04/2024,2,SW,12:36,EGL,6.5,2,2,tfe,Tritonia festiva,Diamondback tritonia,1,1,,,,,,,,,,,,,,,,,,,,,,,,,,,,,,,,,,,,,,,,,,,,,,,,
111,Em Lim,Isabelle Côté,BMSC9,Eagle Bay,48.83478928,-125.1470261,23/04/2024,2,SW,12:36,EGL,6.5,2,2,henricia,Henricia spp.,Unidentified blood star,5,5,,,,,,,,,,,,,,,,,,,,,,,,,,,,,,,,,,,,,,,,,,,,,,,,
112,Em Lim,Isabelle Côté,BMSC9,Eagle Bay,48.83478928,-125.1470261,23/04/2024,2,SW,12:36,EGL,6.5,2,2,gor,Glebocarcinus oregonensis,Pygmy rock crab,4,4,,,,,,,,,,,,,,,,,,,,,,,,,,,,,,,,,,,,,,,,,,,,,,,,
113,Em Lim,Isabelle Côté,BMSC9,Eagle Bay,48.83478928,-125.1470261,23/04/2024,2,SW,12:36,EGL,6.5,2,2,hcr,Hermissenda crassicornis,Opalescent nudibranch,1,1,,,,,,,,,,,,,,,,,,,,,,,,,,,,,,,,,,,,,,,,,,,,,,,,
114,Em Lim,Isabelle Côté,BMSC9,Eagle Bay,48.83478928,-125.1470261,23/04/2024,2,SW,12:36,EGL,6.5,2,2,dmo,Doris montereyensis,Monterey sea lemon,1,1,,,,,,,,,,,,,,,,,,,,,,,,,,,,,,,,,,,,,,,,,,,,,,,,
115,Em Lim,Isabelle Côté,BMSC9,Eagle Bay,48.83478928,-125.1470261,23/04/2024,2,SW,12:36,EGL,6.5,2,2,pgi,Pomaulax gibberosus,Red turban shell,1,1,,,,,,,,,,,,,,,,,,,,,,,,,,,,,,,,,,,,,,,,,,,,,,,,
116,Em Lim,Isabelle Côté,BMSC9,Eagle Bay,48.83478928,-125.1470261,23/04/2024,2,SW,12:36,EGL,6.5,0,0,cnu,Chirolophis nugator,Mosshead warbonnet,1,0,,,1,,,,,,,,,,,,,,,,,,,,,,,,,,,,,,,,,,,,,,,,,,,,,
117,Em Lim,Isabelle Côté,BMSC9,Eagle Bay,48.83478928,-125.1470261,23/04/2024,2,SW,12:36,EGL,6.5,0,0,noc,Nautichthys oculofasciatus,Sailfin sculpin,1,0,,,,,1,,,,,,,,,,,,,,,,,,,,,,,,,,,,,,,,,,,,,,,,,,,
118,Em Lim,Isabelle Côté,BMSC9,Eagle Bay,48.83478928,-125.1470261,23/04/2024,2,SW,12:36,EGL,6.5,0,0,sme,Sebastes melanops,Black rockfish,24,0,,,,,,,14,10,,,,,,,,,,,,,,,,,,,,,,,,,,,,,,,,,,,,,,,,
119,Em Lim,Isabelle Côté,BMSC9,Eagle Bay,48.83478928,-125.1470261,23/04/2024,2,SW,12:36,EGL,6.5,0,0,ebi,Enophrys bison,Buffalo sculpin,1,0,,,,,,1,,,,,,,,,,,,,,,,,,,,,,,,,,,,,,,,,,,,,,,,,,
120,Em Lim,Isabelle Côté,BMSC25,Goby Town,48.838595,-125.135015,23/04/2024,3,NW,14:48,EGL,6,1,2,rni,Rhinogobiops nicholsii,Blackeye goby,31,0,2,14,10,5,,,,,,,,,,,,,,,,,,,,,,,,,,,,,,,,,,,,,,,,,,,,
121,Em Lim,Isabelle Côté,BMSC25,Goby Town,48.838595,-125.135015,23/04/2024,3,NW,14:48,EGL,6,1,2,hde,Hexagrammos decagrammus,Kelp greenling,4,0,,,,,,,,,1,2,,1,,,,,,,,,,,,,,,,,,,,,,,,,,,,,,,,,,,,
122,Em Lim,Isabelle Côté,BMSC25,Goby Town,48.838595,-125.135015,23/04/2024,3,NW,14:48,EGL,6,2,2,rni,Rhinogobiops nicholsii,Blackeye goby,125,0,8,61,44,12,,,,,,,,,,,,,,,,,,,,,,,,,,,,,,,,,,,,,,,,,,,,
123,Em Lim,Isabelle Côté,BMSC25,Goby Town,48.838595,-125.135015,23/04/2024,3,NW,14:48,EGL,6,2,2,mfra,Mesocentrotus franciscanus,Red sea urchin,103,103,,,,,,,,,,,,,,,,,,,,,,,,,,,,,,,,,,,,,,,,,,,,,,,,
124,Em Lim,Isabelle Côté,BMSC25,Goby Town,48.838595,-125.135015,23/04/2024,3,NW,14:48,EGL,6,2,2,aca,Apostichopus californicus,California sea cucumber,15,15,,,,,,,,,,,,,,,,,,,,,,,,,,,,,,,,,,,,,,,,,,,,,,,,
125,Em Lim,Isabelle Côté,BMSC25,Goby Town,48.838595,-125.135015,23/04/2024,3,NW,14:48,EGL,6,2,2,ami,Acmaea mitra,Whitecap limpet,24,24,,,,,,,,,,,,,,,,,,,,,,,,,,,,,,,,,,,,,,,,,,,,,,,,
126,Em Lim,Isabelle Côté,BMSC25,Goby Town,48.838595,-125.135015,23/04/2024,3,NW,14:48,EGL,6,2,2,pmi,Patiria miniata,Bat star,23,23,,,,,,,,,,,,,,,,,,,,,,,,,,,,,,,,,,,,,,,,,,,,,,,,
127,Em Lim,Isabelle Côté,BMSC25,Goby Town,48.838595,-125.135015,23/04/2024,3,NW,14:48,EGL,6,2,2,phem,Pagurus hemphilli,Maroon hermit,8,8,,,,,,,,,,,,,,,,,,,,,,,,,,,,,,,,,,,,,,,,,,,,,,,,
128,Em Lim,Isabelle Côté,BMSC25,Goby Town,48.838595,-125.135015,23/04/2024,3,NW,14:48,EGL,6,2,2,lcoc,Limacia cockerelli,Cockerell's dorid,2,2,,,,,,,,,,,,,,,,,,,,,,,,,,,,,,,,,,,,,,,,,,,,,,,,
129,Em Lim,Isabelle Côté,BMSC25,Goby Town,48.838595,-125.135015,23/04/2024,3,NW,14:48,EGL,6,2,2,cfo,Ceratostoma foliatum,Leafy hornmouth,10,10,,,,,,,,,,,,,,,,,,,,,,,,,,,,,,,,,,,,,,,,,,,,,,,,
130,Em Lim,Isabelle Côté,BMSC25,Goby Town,48.838595,-125.135015,23/04/2024,3,NW,14:48,EGL,6,2,2,cgi,Crassadoma gigantea,Purple-hinged rock scallop,12,0,,,4,5,2,1,,,,,,,,,,,,,,,,,,,,,,,,,,,,,,,,,,,,,,,,,,
131,Em Lim,Isabelle Côté,BMSC25,Goby Town,48.838595,-125.135015,23/04/2024,3,NW,14:48,EGL,6,2,2,dim,Dermasterias imbricata,Leather star,5,5,,,,,,,,,,,,,,,,,,,,,,,,,,,,,,,,,,,,,,,,,,,,,,,,
132,Em Lim,Isabelle Côté,BMSC25,Goby Town,48.838595,-125.135015,23/04/2024,3,NW,14:48,EGL,6,0,2,sca,Sebastes caurinus,Copper rockfish,1,0,,,,,,,1,,,,,,,,,,,,,,,,,,,,,,,,,,,,,,,,,,,,,,,,,
133,Em Lim,Isabelle Côté,BMSC25,Goby Town,48.838595,-125.135015,23/04/2024,3,NW,14:48,EGL,6,2,2,sac,Scyra acutifrons,Sharpnose crab,3,3,,,,,,,,,,,,,,,,,,,,,,,,,,,,,,,,,,,,,,,,,,,,,,,,
134,Em Lim,Isabelle Côté,BMSC25,Goby Town,48.838595,-125.135015,23/04/2024,3,NW,14:48,EGL,6,2,2,das,Diodora aspera,Rough keyhole limpet,7,7,,,,,,,,,,,,,,,,,,,,,,,,,,,,,,,,,,,,,,,,,,,,,,,,
135,Em Lim,Isabelle Côté,BMSC25,Goby Town,48.838595,-125.135015,23/04/2024,3,NW,14:48,EGL,6,2,2,pgi,Pomaulax gibberosus,Red turban shell,7,7,,,,,,,,,,,,,,,,,,,,,,,,,,,,,,,,,,,,,,,,,,,,,,,,
136,Em Lim,Isabelle Côté,BMSC25,Goby Town,48.838595,-125.135015,23/04/2024,3,NW,14:48,EGL,6,2,2,hka,Haliotis kamtschatkana,Pinto abalone,15,0,2,7,5,1,,,,,,,,,,,,,,,,,,,,,,,,,,,,,,,,,,,,,,,,,,,,
137,Em Lim,Isabelle Côté,BMSC25,Goby Town,48.838595,-125.135015,23/04/2024,3,NW,14:48,EGL,6,2,2,dsa,Diaulula sandiegensis,Ringed doris,3,3,,,,,,,,,,,,,,,,,,,,,,,,,,,,,,,,,,,,,,,,,,,,,,,,
138,Em Lim,Isabelle Côté,BMSC25,Goby Town,48.838595,-125.135015,23/04/2024,3,NW,14:48,EGL,6,0,2,opi,Oxylebius pictus,Painted greenling,1,0,,,,,1,,,,,,,,,,,,,,,,,,,,,,,,,,,,,,,,,,,,,,,,,,,
139,Em Lim,Isabelle Côté,BMSC25,Goby Town,48.838595,-125.135015,23/04/2024,3,NW,14:48,EGL,6,2,2,henricia,Henricia spp.,Unidentified blood star,1,1,,,,,,,,,,,,,,,,,,,,,,,,,,,,,,,,,,,,,,,,,,,,,,,,
140,Em Lim,Isabelle Côté,BMSC25,Goby Town,48.838595,-125.135015,23/04/2024,3,NW,14:48,EGL,6,2,2,etr,Evasterias troschelii,Mottled starfish,1,1,,,,,,,,,,,,,,,,,,,,,,,,,,,,,,,,,,,,,,,,,,,,,,,,
141,Em Lim,Isabelle Côté,BMSC25,Goby Town,48.838595,-125.135015,23/04/2024,3,NW,14:48,EGL,6,2,2,oko,Orthasterias koehleri,Rainbow star,2,2,,,,,,,,,,,,,,,,,,,,,,,,,,,,,,,,,,,,,,,,,,,,,,,,
142,Em Lim,Isabelle Côté,BMSC25,Goby Town,48.838595,-125.135015,23/04/2024,3,NW,14:48,EGL,6,2,2,spu,Strongylocentrotus purpuratus,Purple sea urchin (?),3,3,,,,,,,,,,,,,,,,,,,,,,,,,,,,,,,,,,,,,,,,,,,,,,,,
143,Em Lim,Isabelle Côté,BMSC25,Goby Town,48.838595,-125.135015,23/04/2024,3,NW,14:48,EGL,6,2,2,aha,Artedius harringtoni,Scalyhead sculpin,1,0,,1,,,,,,,,,,,,,,,,,,,,,,,,,,,,,,,,,,,,,,,,,,,,,,
144,Em Lim,Isabelle Côté,BMSC25,Goby Town,48.838595,-125.135015,23/04/2024,3,NW,14:48,EGL,6,2,2,sdr,Strongylocentrotus droebachiensis,Northern sea urchin,1,1,,,,,,,,,,,,,,,,,,,,,,,,,,,,,,,,,,,,,,,,,,,,,,,,
145,Em Lim,Isabelle Côté,BMSC25,Goby Town,48.838595,-125.135015,23/04/2024,3,NW,14:48,EGL,6,2,2,poc,Pisaster ochraceus,Purple sea star,1,1,,,,,,,,,,,,,,,,,,,,,,,,,,,,,,,,,,,,,,,,,,,,,,,,
146,Em Lim,Tom Bird,BMSC26,Hosie South,48.9071,-125.037017,24/04/2024,1.5,SW,10:06,TJB,8,1,1,rni,Rhinogobiops nicholsii,Blackeye goby,2,0,,1,1,,,,,,,,,,,,,,,,,,,,,,,,,,,,,,,,,,,,,,,,,,,,,
147,Em Lim,Tom Bird,BMSC26,Hosie South,48.9071,-125.037017,24/04/2024,1.5,SW,10:06,TJB,8,2,1,hcr,Hermissenda crassicornis,Opalescent nudibranch,12,12,,,,,,,,,,,,,,,,,,,,,,,,,,,,,,,,,,,,,,,,,,,,,,,,
148,Em Lim,Tom Bird,BMSC26,Hosie South,48.9071,-125.037017,24/04/2024,1.5,SW,10:06,TJB,8,2,1,pgi,Pomaulax gibberosus,Red turban shell,64,64,,,,,,,,,,,,,,,,,,,,,,,,,,,,,,,,,,,,,,,,,,,,,,,,
149,Em Lim,Tom Bird,BMSC26,Hosie South,48.9071,-125.037017,24/04/2024,1.5,SW,10:06,TJB,8,2,1,rni,Rhinogobiops nicholsii,Blackeye goby,8,0,3,3,2,,,,,,,,,,,,,,,,,,,,,,,,,,,,,,,,,,,,,,,,,,,,,
150,Em Lim,Tom Bird,BMSC26,Hosie South,48.9071,-125.037017,24/04/2024,1.5,SW,10:06,TJB,8,2,1,etr,Evasterias troschelii,Mottled starfish,1,1,,,,,,,,,,,,,,,,,,,,,,,,,,,,,,,,,,,,,,,,,,,,,,,,
151,Em Lim,Tom Bird,BMSC26,Hosie South,48.9071,-125.037017,24/04/2024,1.5,SW,10:06,TJB,8,2,1,ctr,Coryphella trophina,Predaceous aeolis,4,4,,,,,,,,,,,,,,,,,,,,,,,,,,,,,,,,,,,,,,,,,,,,,,,,
152,Em Lim,Tom Bird,BMSC26,Hosie South,48.9071,-125.037017,24/04/2024,1.5,SW,10:06,TJB,8,2,1,ptr,Polycera tricolor,Tricolour nudibranch,12,12,,,,,,,,,,,,,,,,,,,,,,,,,,,,,,,,,,,,,,,,,,,,,,,,
153,Em Lim,Tom Bird,BMSC26,Hosie South,48.9071,-125.037017,24/04/2024,1.5,SW,10:06,TJB,8,2,1,dim,Dermasterias imbricata,Leather star,7,7,,,,,,,,,,,,,,,,,,,,,,,,,,,,,,,,,,,,,,,,,,,,,,,,
154,Em Lim,Tom Bird,BMSC26,Hosie South,48.9071,-125.037017,24/04/2024,1.5,SW,10:06,TJB,8,2,1,cgi,Crassadoma gigantea,Purple-hinged rock scallop,2,0,,,1,,,1,,,,,,,,,,,,,,,,,,,,,,,,,,,,,,,,,,,,,,,,,,
155,Em Lim,Tom Bird,BMSC26,Hosie South,48.9071,-125.037017,24/04/2024,1.5,SW,10:06,TJB,8,2,1,sfo,Stylasterias forreri,Velcro seastar,1,1,,,,,,,,,,,,,,,,,,,,,,,,,,,,,,,,,,,,,,,,,,,,,,,,
156,Em Lim,Tom Bird,BMSC26,Hosie South,48.9071,-125.037017,24/04/2024,1.5,SW,10:06,TJB,8,2,1,sac,Scyra acutifrons,Sharpnose crab,3,3,,,,,,,,,,,,,,,,,,,,,,,,,,,,,,,,,,,,,,,,,,,,,,,,
157,Em Lim,Tom Bird,BMSC26,Hosie South,48.9071,-125.037017,24/04/2024,1.5,SW,10:06,TJB,8,0,1,sfl,Sebastes flavidus,Yellowtail rockfish,1,0,,,,,,,,1,,,,,,,,,,,,,,,,,,,,,,,,,,,,,,,,,,,,,,,,
158,Em Lim,Tom Bird,BMSC26,Hosie South,48.9071,-125.037017,24/04/2024,1.5,SW,10:06,TJB,8,2,1,cadlina,Cadlina spp.,0,1,1,,,,,,,,,,,,,,,,,,,,,,,,,,,,,,,,,,,,,,,,,,,,,,,,
159,Em Lim,Tom Bird,BMSC26,Hosie South,48.9071,-125.037017,24/04/2024,1.5,SW,10:06,TJB,8,2,1,phem,Pagurus hemphilli,Maroon hermit,6,6,,,,,,,,,,,,,,,,,,,,,,,,,,,,,,,,,,,,,,,,,,,,,,,,
160,Em Lim,Tom Bird,BMSC26,Hosie South,48.9071,-125.037017,24/04/2024,1.5,SW,10:06,TJB,8,2,1,henricia,Henricia spp.,Unidentified blood star,5,5,,,,,,,,,,,,,,,,,,,,,,,,,,,,,,,,,,,,,,,,,,,,,,,,
161,Em Lim,Tom Bird,BMSC26,Hosie South,48.9071,-125.037017,24/04/2024,1.5,SW,10:06,TJB,8,2,1,aca,Apostichopus californicus,California sea cucumber,3,3,,,,,,,,,,,,,,,,,,,,,,,,,,,,,,,,,,,,,,,,,,,,,,,,
162,Em Lim,Tom Bird,BMSC26,Hosie South,48.9071,-125.037017,24/04/2024,1.5,SW,10:06,TJB,8,2,1,phe,Pycnopodia helianthoides,Sunflower star,1,0,1,,,,,,,,,,,,,,,,,,,,,,,,,,,,,,,,,,,,,,,,,,,,,,,
163,Em Lim,Tom Bird,BMSC26,Hosie South,48.9071,-125.037017,24/04/2024,1.5,SW,10:06,TJB,8,0,1,sca,Sebastes caurinus,Copper rockfish,1,0,,,,,,,,,1,,,,,,,,,,,,,,,,,,,,,,,,,,,,,,,,,,,,,,,
164,Em Lim,Tom Bird,BMSC26,Hosie South,48.9071,-125.037017,24/04/2024,1.5,SW,10:06,TJB,8,2,1,dsa,Diaulula sandiegensis,Ringed doris,1,1,,,,,,,,,,,,,,,,,,,,,,,,,,,,,,,,,,,,,,,,,,,,,,,,
165,Em Lim,Tom Bird,BMSC26,Hosie South,48.9071,-125.037017,24/04/2024,1.5,SW,10:06,TJB,8,2,1,dal,Dirona albolineata,White-line dirona,1,1,,,,,,,,,,,,,,,,,,,,,,,,,,,,,,,,,,,,,,,,,,,,,,,,
166,Em Lim,Tom Bird,BMSC26,Hosie South,48.9071,-125.037017,24/04/2024,1.5,SW,10:06,TJB,8,2,1,cfo,Ceratostoma foliatum,Leafy hornmouth,2,2,,,,,,,,,,,,,,,,,,,,,,,,,,,,,,,,,,,,,,,,,,,,,,,,
167,Em Lim,Tom Bird,BMSC26,Hosie South,48.9071,-125.037017,24/04/2024,1.5,SW,10:06,TJB,8,2,1,rwo,Rhinolithodes wosnessenskii,Rhinoceros crab,1,1,,,,,,,,,,,,,,,,,,,,,,,,,,,,,,,,,,,,,,,,,,,,,,,,
168,Em Lim,Tom Bird,BMSC26,Hosie South,48.9071,-125.037017,24/04/2024,1.5,SW,10:06,TJB,8,2,1,mfra,Mesocentrotus franciscanus,Red sea urchin,1,1,,,,,,,,,,,,,,,,,,,,,,,,,,,,,,,,,,,,,,,,,,,,,,,,
169,Em Lim,Tom Bird,BMSC26,Hosie South,48.9071,-125.037017,24/04/2024,1.5,SW,10:06,TJB,8,2,1,eci,Echidnocerus cibarius,Puget sound king crab,1,1,,,,,,,,,,,,,,,,,,,,,,,,,,,,,,,,,,,,,,,,,,,,,,,,
170,Em Lim,Tom Bird,BMSC26,Hosie South,48.9071,-125.037017,24/04/2024,1.5,SW,10:06,TJB,8,2,1,mae,Mediaster aequalis,Vermillion sea star,1,1,,,,,,,,,,,,,,,,,,,,,,,,,,,,,,,,,,,,,,,,,,,,,,,,
171,Em Lim,Tom Bird,BMSC26,Hosie South,48.9071,-125.037017,24/04/2024,1.5,SW,10:06,TJB,8,2,1,dez,Debris - Zero,No Debris found,1,1,,,,,,,,,,,,,,,,,,,,,,,,,,,,,,,,,,,,,,,,,,,,,,,,
172,Em Lim,Tom Bird,BMSC26,Hosie South,48.9071,-125.037017,24/04/2024,1.5,SW,10:06,TJB,8,0,0,hka,Haliotis kamtschatkana,Pinto abalone,1,0,,,,,,,1,,,,,,,,,,,,,,,,,,,,,,,,,,,,,,,,,,,,,,,,,
173,Em Lim,Tom Bird,BMSC24,Swiss Boy,48.916073,-125.131174,24/04/2024,4,NE,13:03,TJB,10.5,1,1,hde,Hexagrammos decagrammus,Kelp greenling,3,0,,,,,,,,,,1,2,,,,,,,,,,,,,,,,,,,,,,,,,,,,,,,,,,,,,
174,Em Lim,Tom Bird,BMSC24,Swiss Boy,48.916073,-125.131174,24/04/2024,4,NE,13:03,TJB,10.5,1,1,oel,Ophiodon elongatus,Lingcod,1,0,,,,,,,,,,,,,1,,,,,,,,,,,,,,,,,,,,,,,,,,,,,,,,,,,
175,Em Lim,Tom Bird,BMSC24,Swiss Boy,48.916073,-125.131174,24/04/2024,4,NE,13:03,TJB,10.5,1,1,sme,Sebastes melanops,Black rockfish,5,0,,,,,,,,,3,2,,,,,,,,,,,,,,,,,,,,,,,,,,,,,,,,,,,,,,
176,Em Lim,Tom Bird,BMSC24,Swiss Boy,48.916073,-125.131174,24/04/2024,4,NE,13:03,TJB,10.5,1,1,sne,Sebastes nebulosus,China rockfish,1,0,,,,,,,,,1,,,,,,,,,,,,,,,,,,,,,,,,,,,,,,,,,,,,,,,
177,Em Lim,Tom Bird,BMSC24,Swiss Boy,48.916073,-125.131174,24/04/2024,4,NE,13:03,TJB,10.5,2,1,mfra,Mesocentrotus franciscanus,Red sea urchin,136,136,,,,,,,,,,,,,,,,,,,,,,,,,,,,,,,,,,,,,,,,,,,,,,,,
178,Em Lim,Tom Bird,BMSC24,Swiss Boy,48.916073,-125.131174,24/04/2024,4,NE,13:03,TJB,10.5,2,1,cfo,Ceratostoma foliatum,Leafy hornmouth,30,30,,,,,,,,,,,,,,,,,,,,,,,,,,,,,,,,,,,,,,,,,,,,,,,,
179,Em Lim,Tom Bird,BMSC24,Swiss Boy,48.916073,-125.131174,24/04/2024,4,NE,13:03,TJB,10.5,2,1,hka,Haliotis kamtschatkana,Pinto abalone,50,0,12,25,11,2,,,,,,,,,,,,,,,,,,,,,,,,,,,,,,,,,,,,,,,,,,,,
180,Em Lim,Tom Bird,BMSC24,Swiss Boy,48.916073,-125.131174,24/04/2024,4,NE,13:03,TJB,10.5,2,1,cgi,Crassadoma gigantea,Purple-hinged rock scallop,7,0,,,3,2,1,1,,,,,,,,,,,,,,,,,,,,,,,,,,,,,,,,,,,,,,,,,,
181,Em Lim,Tom Bird,BMSC24,Swiss Boy,48.916073,-125.131174,24/04/2024,4,NE,13:03,TJB,10.5,2,1,jzo,Jordania zonope,Longfin sculpin,7,0,1,3,3,,,,,,,,,,,,,,,,,,,,,,,,,,,,,,,,,,,,,,,,,,,,,
182,Em Lim,Tom Bird,BMSC24,Swiss Boy,48.916073,-125.131174,24/04/2024,4,NE,13:03,TJB,10.5,2,1,hcr,Hermissenda crassicornis,Opalescent nudibranch,4,4,,,,,,,,,,,,,,,,,,,,,,,,,,,,,,,,,,,,,,,,,,,,,,,,
183,Em Lim,Tom Bird,BMSC24,Swiss Boy,48.916073,-125.131174,24/04/2024,4,NE,13:03,TJB,10.5,2,1,henricia,Henricia spp.,Unidentified blood star,3,3,,,,,,,,,,,,,,,,,,,,,,,,,,,,,,,,,,,,,,,,,,,,,,,,
184,Em Lim,Tom Bird,BMSC24,Swiss Boy,48.916073,-125.131174,24/04/2024,4,NE,13:03,TJB,10.5,2,1,sac,Scyra acutifrons,Sharpnose crab,12,12,,,,,,,,,,,,,,,,,,,,,,,,,,,,,,,,,,,,,,,,,,,,,,,,
185,Em Lim,Tom Bird,BMSC24,Swiss Boy,48.916073,-125.131174,24/04/2024,4,NE,13:03,TJB,10.5,2,1,pgi,Pomaulax gibberosus,Red turban shell,3,3,,,,,,,,,,,,,,,,,,,,,,,,,,,,,,,,,,,,,,,,,,,,,,,,
186,Em Lim,Tom Bird,BMSC24,Swiss Boy,48.916073,-125.131174,24/04/2024,4,NE,13:03,TJB,10.5,0,1,opi,Oxylebius pictus,Painted greenling,1,0,,,,,1,,,,,,,,,,,,,,,,,,,,,,,,,,,,,,,,,,,,,,,,,,,
187,Em Lim,Tom Bird,BMSC24,Swiss Boy,48.916073,-125.131174,24/04/2024,4,NE,13:03,TJB,10.5,2,1,ami,Acmaea mitra,Whitecap limpet,3,3,,,,,,,,,,,,,,,,,,,,,,,,,,,,,,,,,,,,,,,,,,,,,,,,
188,Em Lim,Tom Bird,BMSC24,Swiss Boy,48.916073,-125.131174,24/04/2024,4,NE,13:03,TJB,10.5,2,1,aca,Apostichopus californicus,California sea cucumber,8,8,,,,,,,,,,,,,,,,,,,,,,,,,,,,,,,,,,,,,,,,,,,,,,,,
189,Em Lim,Tom Bird,BMSC24,Swiss Boy,48.916073,-125.131174,24/04/2024,4,NE,13:03,TJB,10.5,2,1,dim,Dermasterias imbricata,Leather star,9,9,,,,,,,,,,,,,,,,,,,,,,,,,,,,,,,,,,,,,,,,,,,,,,,,
190,Em Lim,Tom Bird,BMSC24,Swiss Boy,48.916073,-125.131174,24/04/2024,4,NE,13:03,TJB,10.5,2,1,das,Diodora aspera,Rough keyhole limpet,1,1,,,,,,,,,,,,,,,,,,,,,,,,,,,,,,,,,,,,,,,,,,,,,,,,
191,Em Lim,Tom Bird,BMSC24,Swiss Boy,48.916073,-125.131174,24/04/2024,4,NE,13:03,TJB,10.5,2,1,pmi,Patiria miniata,Bat star,8,8,,,,,,,,,,,,,,,,,,,,,,,,,,,,,,,,,,,,,,,,,,,,,,,,
192,Em Lim,Tom Bird,BMSC24,Swiss Boy,48.916073,-125.131174,24/04/2024,4,NE,13:03,TJB,10.5,2,1,aha,Artedius harringtoni,Scalyhead sculpin,2,0,,2,,,,,,,,,,,,,,,,,,,,,,,,,,,,,,,,,,,,,,,,,,,,,,
193,Em Lim,Tom Bird,BMSC24,Swiss Boy,48.916073,-125.131174,24/04/2024,4,NE,13:03,TJB,10.5,0,1,sni,Sebastes nigrocinctus,Tiger rockfish,1,0,,,,,,,1,,,,,,,,,,,,,,,,,,,,,,,,,,,,,,,,,,,,,,,,,
194,Em Lim,Tom Bird,BMSC24,Swiss Boy,48.916073,-125.131174,24/04/2024,4,NE,13:03,TJB,10.5,2,1,oko,Orthasterias koehleri,Rainbow star,5,5,,,,,,,,,,,,,,,,,,,,,,,,,,,,,,,,,,,,,,,,,,,,,,,,
195,Em Lim,Tom Bird,BMSC24,Swiss Boy,48.916073,-125.131174,24/04/2024,4,NE,13:03,TJB,10.5,2,1,phem,Pagurus hemphilli,Maroon hermit,3,3,,,,,,,,,,,,,,,,,,,,,,,,,,,,,,,,,,,,,,,,,,,,,,,,
196,Em Lim,Tom Bird,BMSC24,Swiss Boy,48.916073,-125.131174,24/04/2024,4,NE,13:03,TJB,10.5,2,1,poc,Pisaster ochraceus,Purple sea star,9,9,,,,,,,,,,,,,,,,,,,,,,,,,,,,,,,,,,,,,,,,,,,,,,,,
197,Em Lim,Tom Bird,BMSC24,Swiss Boy,48.916073,-125.131174,24/04/2024,4,NE,13:03,TJB,10.5,2,1,rni,Rhinogobiops nicholsii,Blackeye goby,3,0,,2,1,,,,,,,,,,,,,,,,,,,,,,,,,,,,,,,,,,,,,,,,,,,,,
198,Em Lim,Tom Bird,BMSC24,Swiss Boy,48.916073,-125.131174,24/04/2024,4,NE,13:03,TJB,10.5,2,1,dod,Doris odhneri,White night doris,1,1,,,,,,,,,,,,,,,,,,,,,,,,,,,,,,,,,,,,,,,,,,,,,,,,
199,Em Lim,Tom Bird,BMSC24,Swiss Boy,48.916073,-125.131174,24/04/2024,4,NE,13:03,TJB,10.5,0,1,sfl,Sebastes flavidus,Yellowtail rockfish,1,0,,,,,,,,,1,,,,,,,,,,,,,,,,,,,,,,,,,,,,,,,,,,,,,,,
200,Em Lim,Tom Bird,BMSC24,Swiss Boy,48.916073,-125.131174,24/04/2024,4,NE,13:03,TJB,10.5,2,1,dez,Debris - Zero,No Debris found,1,1,,,,,,,,,,,,,,,,,,,,,,,,,,,,,,,,,,,,,,,,,,,,,,,,
201,Em Lim,Claire Attridge,BMSC20,Ed King East,48.83566666,-125.214798,25/04/2024,3.5,NW,9:58,CMA,6.7,1,1,hde,Hexagrammos decagrammus,Kelp greenling,6,0,,,,2,1,1,1,1,,,,,,,,,,,,,,,,,,,,,,,,,,,,,,,,,,,,,,,,
202,Em Lim,Claire Attridge,BMSC20,Ed King East,48.83566666,-125.214798,25/04/2024,3.5,NW,9:58,CMA,6.7,2,1,mfra,Mesocentrotus franciscanus,Red sea urchin,281,281,,,,,,,,,,,,,,,,,,,,,,,,,,,,,,,,,,,,,,,,,,,,,,,,
203,Em Lim,Claire Attridge,BMSC20,Ed King East,48.83566666,-125.214798,25/04/2024,3.5,NW,9:58,CMA,6.7,2,1,hka,Haliotis kamtschatkana,Pinto abalone,10,0,2,6,2,,,,,,,,,,,,,,,,,,,,,,,,,,,,,,,,,,,,,,,,,,,,,
204,Em Lim,Claire Attridge,BMSC20,Ed King East,48.83566666,-125.214798,25/04/2024,3.5,NW,9:58,CMA,6.7,2,1,phem,Pagurus hemphilli,Maroon hermit,68,68,,,,,,,,,,,,,,,,,,,,,,,,,,,,,,,,,,,,,,,,,,,,,,,,
205,Em Lim,Claire Attridge,BMSC20,Ed King East,48.83566666,-125.214798,25/04/2024,3.5,NW,9:58,CMA,6.7,2,1,pcau,Pagurus caurinus,Greenmark hermit crab,1,1,,,,,,,,,,,,,,,,,,,,,,,,,,,,,,,,,,,,,,,,,,,,,,,,
206,Em Lim,Claire Attridge,BMSC20,Ed King East,48.83566666,-125.214798,25/04/2024,3.5,NW,9:58,CMA,6.7,2,1,spu,Strongylocentrotus purpuratus,Purple sea urchin (?),23,23,,,,,,,,,,,,,,,,,,,,,,,,,,,,,,,,,,,,,,,,,,,,,,,,
207,Em Lim,Claire Attridge,BMSC20,Ed King East,48.83566666,-125.214798,25/04/2024,3.5,NW,9:58,CMA,6.7,2,1,cfo,Ceratostoma foliatum,Leafy hornmouth,10,10,,,,,,,,,,,,,,,,,,,,,,,,,,,,,,,,,,,,,,,,,,,,,,,,
208,Em Lim,Claire Attridge,BMSC20,Ed King East,48.83566666,-125.214798,25/04/2024,3.5,NW,9:58,CMA,6.7,2,1,pmi,Patiria miniata,Bat star,21,21,,,,,,,,,,,,,,,,,,,,,,,,,,,,,,,,,,,,,,,,,,,,,,,,
209,Em Lim,Claire Attridge,BMSC20,Ed King East,48.83566666,-125.214798,25/04/2024,3.5,NW,9:58,CMA,6.7,2,1,aha,Artedius harringtoni,Scalyhead sculpin,4,4,,,,,,,,,,,,,,,,,,,,,,,,,,,,,,,,,,,,,,,,,,,,,,,,
210,Em Lim,Claire Attridge,BMSC20,Ed King East,48.83566666,-125.214798,25/04/2024,3.5,NW,9:58,CMA,6.7,2,1,henricia,Henricia spp.,Unidentified blood star,9,0,3,3,3,,,,,,,,,,,,,,,,,,,,,,,,,,,,,,,,,,,,,,,,,,,,,
211,Em Lim,Claire Attridge,BMSC20,Ed King East,48.83566666,-125.214798,25/04/2024,3.5,NW,9:58,CMA,6.7,2,1,oko,Orthasterias koehleri,Rainbow star,7,7,,,,,,,,,,,,,,,,,,,,,,,,,,,,,,,,,,,,,,,,,,,,,,,,
212,Em Lim,Claire Attridge,BMSC20,Ed King East,48.83566666,-125.214798,25/04/2024,3.5,NW,9:58,CMA,6.7,2,1,das,Diodora aspera,Rough keyhole limpet,2,2,,,,,,,,,,,,,,,,,,,,,,,,,,,,,,,,,,,,,,,,,,,,,,,,
213,Em Lim,Claire Attridge,BMSC20,Ed King East,48.83566666,-125.214798,25/04/2024,3.5,NW,9:58,CMA,6.7,0,1,sne,Sebastes nebulosus,China rockfish,1,0,,,,,,1,,,,,,,,,,,,,,,,,,,,,,,,,,,,,,,,,,,,,,,,,,
214,Em Lim,Claire Attridge,BMSC20,Ed King East,48.83566666,-125.214798,25/04/2024,3.5,NW,9:58,CMA,6.7,2,1,hermit,Paguroidea spp.,Unidentified hermit crab,6,6,,,,,,,,,,,,,,,,,,,,,,,,,,,,,,,,,,,,,,,,,,,,,,,,
215,Em Lim,Claire Attridge,BMSC20,Ed King East,48.83566666,-125.214798,25/04/2024,3.5,NW,9:58,CMA,6.7,2,1,dim,Dermasterias imbricata,Leather star,6,6,,,,,,,,,,,,,,,,,,,,,,,,,,,,,,,,,,,,,,,,,,,,,,,,
216,Em Lim,Claire Attridge,BMSC20,Ed King East,48.83566666,-125.214798,25/04/2024,3.5,NW,9:58,CMA,6.7,2,1,pbe,Pagurus beringanus,Bering hermit crab,2,2,,,,,,,,,,,,,,,,,,,,,,,,,,,,,,,,,,,,,,,,,,,,,,,,
217,Em Lim,Claire Attridge,BMSC20,Ed King East,48.83566666,-125.214798,25/04/2024,3.5,NW,9:58,CMA,6.7,2,1,aca,Apostichopus californicus,California sea cucumber,15,15,,,,,,,,,,,,,,,,,,,,,,,,,,,,,,,,,,,,,,,,,,,,,,,,
218,Em Lim,Claire Attridge,BMSC20,Ed King East,48.83566666,-125.214798,25/04/2024,3.5,NW,9:58,CMA,6.7,2,1,pno,Peltodoris nobilis,Noble sea lemon,5,5,,,,,,,,,,,,,,,,,,,,,,,,,,,,,,,,,,,,,,,,,,,,,,,,
219,Em Lim,Claire Attridge,BMSC20,Ed King East,48.83566666,-125.214798,25/04/2024,3.5,NW,9:58,CMA,6.7,2,1,sac,Scyra acutifrons,Sharpnose crab,3,3,,,,,,,,,,,,,,,,,,,,,,,,,,,,,,,,,,,,,,,,,,,,,,,,
220,Em Lim,Claire Attridge,BMSC20,Ed King East,48.83566666,-125.214798,25/04/2024,3.5,NW,9:58,CMA,6.7,0,1,sme,Sebastes melanops,Black rockfish,1,0,,,,,,,,,1,,,,,,,,,,,,,,,,,,,,,,,,,,,,,,,,,,,,,,,
221,Em Lim,Claire Attridge,BMSC20,Ed King East,48.83566666,-125.214798,25/04/2024,3.5,NW,9:58,CMA,6.7,2,1,rni,Rhinogobiops nicholsii,Blackeye goby,2,0,,2,,,,,,,,,,,,,,,,,,,,,,,,,,,,,,,,,,,,,,,,,,,,,,
222,Em Lim,Claire Attridge,BMSC20,Ed King East,48.83566666,-125.214798,25/04/2024,3.5,NW,9:58,CMA,6.7,2,1,dsa,Diaulula sandiegensis,Ringed doris,1,0,1,,,,,,,,,,,,,,,,,,,,,,,,,,,,,,,,,,,,,,,,,,,,,,,
223,Em Lim,Claire Attridge,BMSC20,Ed King East,48.83566666,-125.214798,25/04/2024,3.5,NW,9:58,CMA,6.7,2,1,cgi,Crassadoma gigantea,Purple-hinged rock scallop,1,0,,,,1,,,,,,,,,,,,,,,,,,,,,,,,,,,,,,,,,,,,,,,,,,,,
224,Em Lim,Claire Attridge,BMSC20,Ed King East,48.83566666,-125.214798,25/04/2024,3.5,NW,9:58,CMA,6.7,2,1,dez,Debris - Zero,No Debris found,1,1,,,,,,,,,,,,,,,,,,,,,,,,,,,,,,,,,,,,,,,,,,,,,,,,
225,Em Lim,Claire Attridge,BMSC20,Ed King East,48.83566666,-125.214798,25/04/2024,3.5,NW,9:58,CMA,6.7,0,1,cpr,Cancer productus,Red rock crab,2,2,,,,,,,,,,,,,,,,,,,,,,,,,,,,,,,,,,,,,,,,,,,,,,,,
226,Em Lim,Claire Attridge,BMSC20,Ed King East,48.83566666,-125.214798,25/04/2024,3.5,NW,9:58,CMA,6.7,0,1,phe,Pycnopodia helianthoides,Sunflower star,1,0,,,1,,,,,,,,,,,,,,,,,,,,,,,,,,,,,,,,,,,,,,,,,,,,,
227,Em Lim,Claire Attridge,BMSC19,Ed King SW Pyramid,48.82860184,-125.2212982,25/04/2024,3,W,12:06,CMA,8.5,1,1,hde,Hexagrammos decagrammus,Kelp greenling,6,0,,,,,,,1,1,2,2,,,,,,,,,,,,,,,,,,,,,,,,,,,,,,,,,,,,,,
228,Em Lim,Claire Attridge,BMSC19,Ed King SW Pyramid,48.82860184,-125.2212982,25/04/2024,3,W,12:06,CMA,8.5,1,1,oel,Ophiodon elongatus,Lingcod,2,0,,,,,,,,,,,1,1,,,,,,,,,,,,,,,,,,,,,,,,,,,,,,,,,,,,
229,Em Lim,Claire Attridge,BMSC19,Ed King SW Pyramid,48.82860184,-125.2212982,25/04/2024,3,W,12:06,CMA,8.5,1,1,sme,Sebastes melanops,Black rockfish,1,0,,,,,,,1,,,,,,,,,,,,,,,,,,,,,,,,,,,,,,,,,,,,,,,,,
230,Em Lim,Claire Attridge,BMSC19,Ed King SW Pyramid,48.82860184,-125.2212982,25/04/2024,3,W,12:06,CMA,8.5,2,1,mfra,Mesocentrotus franciscanus,Red sea urchin,143,143,,,,,,,,,,,,,,,,,,,,,,,,,,,,,,,,,,,,,,,,,,,,,,,,
231,Em Lim,Claire Attridge,BMSC19,Ed King SW Pyramid,48.82860184,-125.2212982,25/04/2024,3,W,12:06,CMA,8.5,2,1,hka,Haliotis kamtschatkana,Pinto abalone,37,0,13,17,5,2,,,,,,,,,,,,,,,,,,,,,,,,,,,,,,,,,,,,,,,,,,,,
232,Em Lim,Claire Attridge,BMSC19,Ed King SW Pyramid,48.82860184,-125.2212982,25/04/2024,3,W,12:06,CMA,8.5,2,1,pmi,Patiria miniata,Bat star,16,16,,,,,,,,,,,,,,,,,,,,,,,,,,,,,,,,,,,,,,,,,,,,,,,,
233,Em Lim,Claire Attridge,BMSC19,Ed King SW Pyramid,48.82860184,-125.2212982,25/04/2024,3,W,12:06,CMA,8.5,2,1,pcau,Pagurus caurinus,Greenmark hermit crab,5,5,,,,,,,,,,,,,,,,,,,,,,,,,,,,,,,,,,,,,,,,,,,,,,,,
234,Em Lim,Claire Attridge,BMSC19,Ed King SW Pyramid,48.82860184,-125.2212982,25/04/2024,3,W,12:06,CMA,8.5,2,1,poc,Pisaster ochraceus,Purple sea star,15,15,,,,,,,,,,,,,,,,,,,,,,,,,,,,,,,,,,,,,,,,,,,,,,,,
235,Em Lim,Claire Attridge,BMSC19,Ed King SW Pyramid,48.82860184,-125.2212982,25/04/2024,3,W,12:06,CMA,8.5,2,1,phem,Pagurus hemphilli,Maroon hermit,29,29,,,,,,,,,,,,,,,,,,,,,,,,,,,,,,,,,,,,,,,,,,,,,,,,
236,Em Lim,Claire Attridge,BMSC19,Ed King SW Pyramid,48.82860184,-125.2212982,25/04/2024,3,W,12:06,CMA,8.5,2,1,spu,Strongylocentrotus purpuratus,Purple sea urchin (?),9,9,,,,,,,,,,,,,,,,,,,,,,,,,,,,,,,,,,,,,,,,,,,,,,,,
237,Em Lim,Claire Attridge,BMSC19,Ed King SW Pyramid,48.82860184,-125.2212982,25/04/2024,3,W,12:06,CMA,8.5,2,1,gor,Glebocarcinus oregonensis,Pygmy rock crab,5,5,,,,,,,,,,,,,,,,,,,,,,,,,,,,,,,,,,,,,,,,,,,,,,,,
238,Em Lim,Claire Attridge,BMSC19,Ed King SW Pyramid,48.82860184,-125.2212982,25/04/2024,3,W,12:06,CMA,8.5,2,1,dim,Dermasterias imbricata,Leather star,14,14,,,,,,,,,,,,,,,,,,,,,,,,,,,,,,,,,,,,,,,,,,,,,,,,
239,Em Lim,Claire Attridge,BMSC19,Ed King SW Pyramid,48.82860184,-125.2212982,25/04/2024,3,W,12:06,CMA,8.5,2,1,aca,Apostichopus californicus,California sea cucumber,5,5,,,,,,,,,,,,,,,,,,,,,,,,,,,,,,,,,,,,,,,,,,,,,,,,
240,Em Lim,Claire Attridge,BMSC19,Ed King SW Pyramid,48.82860184,-125.2212982,25/04/2024,3,W,12:06,CMA,8.5,2,1,ami,Acmaea mitra,Whitecap limpet,13,13,,,,,,,,,,,,,,,,,,,,,,,,,,,,,,,,,,,,,,,,,,,,,,,,
241,Em Lim,Claire Attridge,BMSC19,Ed King SW Pyramid,48.82860184,-125.2212982,25/04/2024,3,W,12:06,CMA,8.5,2,1,hcr,Hermissenda crassicornis,Opalescent nudibranch,1,1,,,,,,,,,,,,,,,,,,,,,,,,,,,,,,,,,,,,,,,,,,,,,,,,
242,Em Lim,Claire Attridge,BMSC19,Ed King SW Pyramid,48.82860184,-125.2212982,25/04/2024,3,W,12:06,CMA,8.5,2,1,pbe,Pagurus beringanus,Bering hermit crab,19,19,,,,,,,,,,,,,,,,,,,,,,,,,,,,,,,,,,,,,,,,,,,,,,,,
243,Em Lim,Claire Attridge,BMSC19,Ed King SW Pyramid,48.82860184,-125.2212982,25/04/2024,3,W,12:06,CMA,8.5,2,1,das,Diodora aspera,Rough keyhole limpet,6,6,,,,,,,,,,,,,,,,,,,,,,,,,,,,,,,,,,,,,,,,,,,,,,,,
244,Em Lim,Claire Attridge,BMSC19,Ed King SW Pyramid,48.82860184,-125.2212982,25/04/2024,3,W,12:06,CMA,8.5,2,1,cfo,Ceratostoma foliatum,Leafy hornmouth,5,5,,,,,,,,,,,,,,,,,,,,,,,,,,,,,,,,,,,,,,,,,,,,,,,,
245,Em Lim,Claire Attridge,BMSC19,Ed King SW Pyramid,48.82860184,-125.2212982,25/04/2024,3,W,12:06,CMA,8.5,2,1,sdr,Strongylocentrotus droebachiensis,Northern sea urchin,2,2,,,,,,,,,,,,,,,,,,,,,,,,,,,,,,,,,,,,,,,,,,,,,,,,
246,Em Lim,Claire Attridge,BMSC19,Ed King SW Pyramid,48.82860184,-125.2212982,25/04/2024,3,W,12:06,CMA,8.5,2,1,oko,Orthasterias koehleri,Rainbow star,5,5,,,,,,,,,,,,,,,,,,,,,,,,,,,,,,,,,,,,,,,,,,,,,,,,
247,Em Lim,Claire Attridge,BMSC19,Ed King SW Pyramid,48.82860184,-125.2212982,25/04/2024,3,W,12:06,CMA,8.5,2,1,hermit,Paguroidea spp.,Unidentified hermit crab,2,2,,,,,,,,,,,,,,,,,,,,,,,,,,,,,,,,,,,,,,,,,,,,,,,,
248,Em Lim,Claire Attridge,BMSC19,Ed King SW Pyramid,48.82860184,-125.2212982,25/04/2024,3,W,12:06,CMA,8.5,2,1,aha,Artedius harringtoni,Scalyhead sculpin,1,1,,,,,,,,,,,,,,,,,,,,,,,,,,,,,,,,,,,,,,,,,,,,,,,,
249,Em Lim,Claire Attridge,BMSC19,Ed King SW Pyramid,48.82860184,-125.2212982,25/04/2024,3,W,12:06,CMA,8.5,2,1,henricia,Henricia spp.,Unidentified blood star,2,2,,,,,,,,,,,,,,,,,,,,,,,,,,,,,,,,,,,,,,,,,,,,,,,,
250,Em Lim,Claire Attridge,BMSC19,Ed King SW Pyramid,48.82860184,-125.2212982,25/04/2024,3,W,12:06,CMA,8.5,2,1,cgi,Crassadoma gigantea,Purple-hinged rock scallop,2,0,,,1,1,,,,,,,,,,,,,,,,,,,,,,,,,,,,,,,,,,,,,,,,,,,,
251,Em Lim,Claire Attridge,BMSC19,Ed King SW Pyramid,48.82860184,-125.2212982,25/04/2024,3,W,12:06,CMA,8.5,2,1,hpu,Henricia pumila,Dwarf mottled henricia,1,1,,,,,,,,,,,,,,,,,,,,,,,,,,,,,,,,,,,,,,,,,,,,,,,,
252,Em Lim,Claire Attridge,BMSC19,Ed King SW Pyramid,48.82860184,-125.2212982,25/04/2024,3,W,12:06,CMA,8.5,2,1,dez,Debris - Zero,No Debris found,1,1,,,,,,,,,,,,,,,,,,,,,,,,,,,,,,,,,,,,,,,,,,,,,,,,
253,Em Lim,Claire Attridge,BMSC19,Ed King SW Pyramid,48.82860184,-125.2212982,25/04/2024,3,W,12:06,CMA,8.5,0,0,mno,Megaptera novaeangliae,Humpback whale,1,1,,,,,,,,,,,,,,,,,,,,,,,,,,,,,,,,,,,,,,,,,,,,,,,,
254,Em Lim,Claire Attridge,BMSC1,Dodger Channel,48.82894897,-125.1975708,25/04/2024,3,NE,14:17,CMA,5,1,1,rni,Rhinogobiops nicholsii,Blackeye goby,1,0,,1,,,,,,,,,,,,,,,,,,,,,,,,,,,,,,,,,,,,,,,,,,,,,,
255,Em Lim,Claire Attridge,BMSC1,Dodger Channel,48.82894897,-125.1975708,25/04/2024,3,NE,14:17,CMA,5,1,1,oel,Ophiodon elongatus,Lingcod,1,0,,,,,,,,,,,,,1,,,,,,,,,,,,,,,,,,,,,,,,,,,,,,,,,,,
256,Em Lim,Claire Attridge,BMSC1,Dodger Channel,48.82894897,-125.1975708,25/04/2024,3,NE,14:17,CMA,5,2,1,mfra,Mesocentrotus franciscanus,Red sea urchin,260,260,,,,,,,,,,,,,,,,,,,,,,,,,,,,,,,,,,,,,,,,,,,,,,,,
257,Em Lim,Claire Attridge,BMSC1,Dodger Channel,48.82894897,-125.1975708,25/04/2024,3,NE,14:17,CMA,5,2,1,ami,Acmaea mitra,Whitecap limpet,13,13,,,,,,,,,,,,,,,,,,,,,,,,,,,,,,,,,,,,,,,,,,,,,,,,
258,Em Lim,Claire Attridge,BMSC1,Dodger Channel,48.82894897,-125.1975708,25/04/2024,3,NE,14:17,CMA,5,2,1,pgi,Pomaulax gibberosus,Red turban shell,140,140,,,,,,,,,,,,,,,,,,,,,,,,,,,,,,,,,,,,,,,,,,,,,,,,
259,Em Lim,Claire Attridge,BMSC1,Dodger Channel,48.82894897,-125.1975708,25/04/2024,3,NE,14:17,CMA,5,2,1,hcr,Hermissenda crassicornis,Opalescent nudibranch,31,31,,,,,,,,,,,,,,,,,,,,,,,,,,,,,,,,,,,,,,,,,,,,,,,,
260,Em Lim,Claire Attridge,BMSC1,Dodger Channel,48.82894897,-125.1975708,25/04/2024,3,NE,14:17,CMA,5,2,1,hka,Haliotis kamtschatkana,Pinto abalone,17,0,3,5,5,3,1,,,,,,,,,,,,,,,,,,,,,,,,,,,,,,,,,,,,,,,,,,,
261,Em Lim,Claire Attridge,BMSC1,Dodger Channel,48.82894897,-125.1975708,25/04/2024,3,NE,14:17,CMA,5,2,1,henricia,Henricia spp.,Unidentified blood star,5,5,,,,,,,,,,,,,,,,,,,,,,,,,,,,,,,,,,,,,,,,,,,,,,,,
262,Em Lim,Claire Attridge,BMSC1,Dodger Channel,48.82894897,-125.1975708,25/04/2024,3,NE,14:17,CMA,5,2,1,hexagrammos,Hexagrammos spp.,0,2,0,,2,,,,,,,,,,,,,,,,,,,,,,,,,,,,,,,,,,,,,,,,,,,,,,
263,Em Lim,Claire Attridge,BMSC1,Dodger Channel,48.82894897,-125.1975708,25/04/2024,3,NE,14:17,CMA,5,2,1,cfo,Ceratostoma foliatum,Leafy hornmouth,13,13,,,,,,,,,,,,,,,,,,,,,,,,,,,,,,,,,,,,,,,,,,,,,,,,
264,Em Lim,Claire Attridge,BMSC1,Dodger Channel,48.82894897,-125.1975708,25/04/2024,3,NE,14:17,CMA,5,2,1,rni,Rhinogobiops nicholsii,Blackeye goby,2,0,,2,,,,,,,,,,,,,,,,,,,,,,,,,,,,,,,,,,,,,,,,,,,,,,
265,Em Lim,Claire Attridge,BMSC1,Dodger Channel,48.82894897,-125.1975708,25/04/2024,3,NE,14:17,CMA,5,2,1,phem,Pagurus hemphilli,Maroon hermit,11,11,,,,,,,,,,,,,,,,,,,,,,,,,,,,,,,,,,,,,,,,,,,,,,,,
266,Em Lim,Claire Attridge,BMSC1,Dodger Channel,48.82894897,-125.1975708,25/04/2024,3,NE,14:17,CMA,5,2,1,spu,Strongylocentrotus purpuratus,Purple sea urchin (?),3,3,,,,,,,,,,,,,,,,,,,,,,,,,,,,,,,,,,,,,,,,,,,,,,,,
267,Em Lim,Claire Attridge,BMSC1,Dodger Channel,48.82894897,-125.1975708,25/04/2024,3,NE,14:17,CMA,5,2,1,poc,Pisaster ochraceus,Purple sea star,10,10,,,,,,,,,,,,,,,,,,,,,,,,,,,,,,,,,,,,,,,,,,,,,,,,
268,Em Lim,Claire Attridge,BMSC1,Dodger Channel,48.82894897,-125.1975708,25/04/2024,3,NE,14:17,CMA,5,2,1,pmi,Patiria miniata,Bat star,1,1,,,,,,,,,,,,,,,,,,,,,,,,,,,,,,,,,,,,,,,,,,,,,,,,
269,Em Lim,Claire Attridge,BMSC1,Dodger Channel,48.82894897,-125.1975708,25/04/2024,3,NE,14:17,CMA,5,2,1,dim,Dermasterias imbricata,Leather star,4,4,,,,,,,,,,,,,,,,,,,,,,,,,,,,,,,,,,,,,,,,,,,,,,,,
270,Em Lim,Claire Attridge,BMSC1,Dodger Channel,48.82894897,-125.1975708,25/04/2024,3,NE,14:17,CMA,5,2,1,etr,Evasterias troschelii,Mottled starfish,3,3,,,,,,,,,,,,,,,,,,,,,,,,,,,,,,,,,,,,,,,,,,,,,,,,
271,Em Lim,Claire Attridge,BMSC1,Dodger Channel,48.82894897,-125.1975708,25/04/2024,3,NE,14:17,CMA,5,2,1,gor,Glebocarcinus oregonensis,Pygmy rock crab,6,6,,,,,,,,,,,,,,,,,,,,,,,,,,,,,,,,,,,,,,,,,,,,,,,,
272,Em Lim,Claire Attridge,BMSC1,Dodger Channel,48.82894897,-125.1975708,25/04/2024,3,NE,14:17,CMA,5,2,1,cgi,Crassadoma gigantea,Purple-hinged rock scallop,2,0,,,2,,,,,,,,,,,,,,,,,,,,,,,,,,,,,,,,,,,,,,,,,,,,,
273,Em Lim,Claire Attridge,BMSC1,Dodger Channel,48.82894897,-125.1975708,25/04/2024,3,NE,14:17,CMA,5,2,1,sfo,Stylasterias forreri,Velcro seastar,5,5,,,,,,,,,,,,,,,,,,,,,,,,,,,,,,,,,,,,,,,,,,,,,,,,
274,Em Lim,Claire Attridge,BMSC1,Dodger Channel,48.82894897,-125.1975708,25/04/2024,3,NE,14:17,CMA,5,2,1,aca,Apostichopus californicus,California sea cucumber,2,2,,,,,,,,,,,,,,,,,,,,,,,,,,,,,,,,,,,,,,,,,,,,,,,,
275,Em Lim,Claire Attridge,BMSC1,Dodger Channel,48.82894897,-125.1975708,25/04/2024,3,NE,14:17,CMA,5,2,1,dalb,Dendronotus albus,White frond-aeolis,2,2,,,,,,,,,,,,,,,,,,,,,,,,,,,,,,,,,,,,,,,,,,,,,,,,
276,Em Lim,Claire Attridge,BMSC1,Dodger Channel,48.82894897,-125.1975708,25/04/2024,3,NE,14:17,CMA,5,2,1,pbe,Pagurus beringanus,Bering hermit crab,1,1,,,,,,,,,,,,,,,,,,,,,,,,,,,,,,,,,,,,,,,,,,,,,,,,
277,Em Lim,Claire Attridge,BMSC1,Dodger Channel,48.82894897,-125.1975708,25/04/2024,3,NE,14:17,CMA,5,2,1,phe,Pycnopodia helianthoides,Sunflower star,1,0,,,,,,1,,,,,,,,,,,,,,,,,,,,,,,,,,,,,,,,,,,,,,,,,,
278,Em Lim,Claire Attridge,BMSC1,Dodger Channel,48.82894897,-125.1975708,25/04/2024,3,NE,14:17,CMA,5,2,1,pri,Pugettia richii,Cryptic kelp crab,1,1,,,,,,,,,,,,,,,,,,,,,,,,,,,,,,,,,,,,,,,,,,,,,,,,
279,Em Lim,Claire Attridge,BMSC1,Dodger Channel,48.82894897,-125.1975708,25/04/2024,3,NE,14:17,CMA,5,2,1,cpr,Cancer productus,Red rock crab,1,1,,,,,,,,,,,,,,,,,,,,,,,,,,,,,,,,,,,,,,,,,,,,,,,,
280,Em Lim,Claire Attridge,BMSC1,Dodger Channel,48.82894897,-125.1975708,25/04/2024,3,NE,14:17,CMA,5,2,1,dez,Debris - Zero,No Debris found,1,1,,,,,,,,,,,,,,,,,,,,,,,,,,,,,,,,,,,,,,,,,,,,,,,,
281,Em Lim,Claire Attridge,BMSC12,Wizard Island North,48.858284,-125.1609192,26/04/2024,2.5,NE,9:29,CMA,4.5,1,1,hde,Hexagrammos decagrammus,Kelp greenling,8,0,,,,,2,,,2,2,2,,,,,,,,,,,,,,,,,,,,,,,,,,,,,,,,,,,,,,
282,Em Lim,Claire Attridge,BMSC12,Wizard Island North,48.858284,-125.1609192,26/04/2024,2.5,NE,9:29,CMA,4.5,1,1,zca,Zalophus californianus,California sea lion,1,0,,,,,,,,,,,,,,,,,,,,,,,,1,,,,,,,,,,,,,,,,,,,,,,,,
283,Em Lim,Claire Attridge,BMSC12,Wizard Island North,48.858284,-125.1609192,26/04/2024,2.5,NE,9:29,CMA,4.5,2,1,mfra,Mesocentrotus franciscanus,Red sea urchin,382,382,,,,,,,,,,,,,,,,,,,,,,,,,,,,,,,,,,,,,,,,,,,,,,,,
284,Em Lim,Claire Attridge,BMSC12,Wizard Island North,48.858284,-125.1609192,26/04/2024,2.5,NE,9:29,CMA,4.5,2,1,aca,Apostichopus californicus,California sea cucumber,30,30,,,,,,,,,,,,,,,,,,,,,,,,,,,,,,,,,,,,,,,,,,,,,,,,
285,Em Lim,Claire Attridge,BMSC12,Wizard Island North,48.858284,-125.1609192,26/04/2024,2.5,NE,9:29,CMA,4.5,2,1,dim,Dermasterias imbricata,Leather star,9,9,,,,,,,,,,,,,,,,,,,,,,,,,,,,,,,,,,,,,,,,,,,,,,,,
286,Em Lim,Claire Attridge,BMSC12,Wizard Island North,48.858284,-125.1609192,26/04/2024,2.5,NE,9:29,CMA,4.5,2,1,pgi,Pomaulax gibberosus,Red turban shell,4,4,,,,,,,,,,,,,,,,,,,,,,,,,,,,,,,,,,,,,,,,,,,,,,,,
287,Em Lim,Claire Attridge,BMSC12,Wizard Island North,48.858284,-125.1609192,26/04/2024,2.5,NE,9:29,CMA,4.5,2,1,hka,Haliotis kamtschatkana,Pinto abalone,13,0,4,5,3,,1,,,,,,,,,,,,,,,,,,,,,,,,,,,,,,,,,,,,,,,,,,,
288,Em Lim,Claire Attridge,BMSC12,Wizard Island North,48.858284,-125.1609192,26/04/2024,2.5,NE,9:29,CMA,4.5,2,1,rni,Rhinogobiops nicholsii,Blackeye goby,14,0,2,10,2,,,,,,,,,,,,,,,,,,,,,,,,,,,,,,,,,,,,,,,,,,,,,
289,Em Lim,Claire Attridge,BMSC12,Wizard Island North,48.858284,-125.1609192,26/04/2024,2.5,NE,9:29,CMA,4.5,2,1,oko,Orthasterias koehleri,Rainbow star,6,6,,,,,,,,,,,,,,,,,,,,,,,,,,,,,,,,,,,,,,,,,,,,,,,,
290,Em Lim,Claire Attridge,BMSC12,Wizard Island North,48.858284,-125.1609192,26/04/2024,2.5,NE,9:29,CMA,4.5,2,1,cfo,Ceratostoma foliatum,Leafy hornmouth,13,13,,,,,,,,,,,,,,,,,,,,,,,,,,,,,,,,,,,,,,,,,,,,,,,,
291,Em Lim,Claire Attridge,BMSC12,Wizard Island North,48.858284,-125.1609192,26/04/2024,2.5,NE,9:29,CMA,4.5,2,1,gor,Glebocarcinus oregonensis,Pygmy rock crab,8,8,,,,,,,,,,,,,,,,,,,,,,,,,,,,,,,,,,,,,,,,,,,,,,,,
292,Em Lim,Claire Attridge,BMSC12,Wizard Island North,48.858284,-125.1609192,26/04/2024,2.5,NE,9:29,CMA,4.5,2,1,hcr,Hermissenda crassicornis,Opalescent nudibranch,7,7,,,,,,,,,,,,,,,,,,,,,,,,,,,,,,,,,,,,,,,,,,,,,,,,
293,Em Lim,Claire Attridge,BMSC12,Wizard Island North,48.858284,-125.1609192,26/04/2024,2.5,NE,9:29,CMA,4.5,2,1,ami,Acmaea mitra,Whitecap limpet,6,6,,,,,,,,,,,,,,,,,,,,,,,,,,,,,,,,,,,,,,,,,,,,,,,,
294,Em Lim,Claire Attridge,BMSC12,Wizard Island North,48.858284,-125.1609192,26/04/2024,2.5,NE,9:29,CMA,4.5,2,1,sac,Scyra acutifrons,Sharpnose crab,8,8,,,,,,,,,,,,,,,,,,,,,,,,,,,,,,,,,,,,,,,,,,,,,,,,
295,Em Lim,Claire Attridge,BMSC12,Wizard Island North,48.858284,-125.1609192,26/04/2024,2.5,NE,9:29,CMA,4.5,2,1,henricia,Henricia spp.,Unidentified blood star,5,5,,,,,,,,,,,,,,,,,,,,,,,,,,,,,,,,,,,,,,,,,,,,,,,,
296,Em Lim,Claire Attridge,BMSC12,Wizard Island North,48.858284,-125.1609192,26/04/2024,2.5,NE,9:29,CMA,4.5,2,1,das,Diodora aspera,Rough keyhole limpet,1,1,,,,,,,,,,,,,,,,,,,,,,,,,,,,,,,,,,,,,,,,,,,,,,,,
297,Em Lim,Claire Attridge,BMSC12,Wizard Island North,48.858284,-125.1609192,26/04/2024,2.5,NE,9:29,CMA,4.5,2,1,pmi,Patiria miniata,Bat star,7,7,,,,,,,,,,,,,,,,,,,,,,,,,,,,,,,,,,,,,,,,,,,,,,,,
298,Em Lim,Claire Attridge,BMSC12,Wizard Island North,48.858284,-125.1609192,26/04/2024,2.5,NE,9:29,CMA,4.5,2,1,jzo,Jordania zonope,Longfin sculpin,5,0,,3,2,,,,,,,,,,,,,,,,,,,,,,,,,,,,,,,,,,,,,,,,,,,,,
299,Em Lim,Claire Attridge,BMSC12,Wizard Island North,48.858284,-125.1609192,26/04/2024,2.5,NE,9:29,CMA,4.5,0,1,opi,Oxylebius pictus,Painted greenling,1,0,,,,,1,,,,,,,,,,,,,,,,,,,,,,,,,,,,,,,,,,,,,,,,,,,
300,Em Lim,Claire Attridge,BMSC12,Wizard Island North,48.858284,-125.1609192,26/04/2024,2.5,NE,9:29,CMA,4.5,2,1,aha,Artedius harringtoni,Scalyhead sculpin,2,0,,2,,,,,,,,,,,,,,,,,,,,,,,,,,,,,,,,,,,,,,,,,,,,,,
301,Em Lim,Claire Attridge,BMSC12,Wizard Island North,48.858284,-125.1609192,26/04/2024,2.5,NE,9:29,CMA,4.5,2,1,phem,Pagurus hemphilli,Maroon hermit,3,3,,,,,,,,,,,,,,,,,,,,,,,,,,,,,,,,,,,,,,,,,,,,,,,,
302,Em Lim,Claire Attridge,BMSC12,Wizard Island North,48.858284,-125.1609192,26/04/2024,2.5,NE,9:29,CMA,4.5,2,1,spu,Strongylocentrotus purpuratus,Purple sea urchin (?),1,1,,,,,,,,,,,,,,,,,,,,,,,,,,,,,,,,,,,,,,,,,,,,,,,,
303,Em Lim,Claire Attridge,BMSC12,Wizard Island North,48.858284,-125.1609192,26/04/2024,2.5,NE,9:29,CMA,4.5,0,1,sca,Sebastes caurinus,Copper rockfish,1,0,,,,1,,,,,,,,,,,,,,,,,,,,,,,,,,,,,,,,,,,,,,,,,,,,
304,Em Lim,Claire Attridge,BMSC12,Wizard Island North,48.858284,-125.1609192,26/04/2024,2.5,NE,9:29,CMA,4.5,2,1,cgi,Crassadoma gigantea,Purple-hinged rock scallop,1,0,,,1,,,,,,,,,,,,,,,,,,,,,,,,,,,,,,,,,,,,,,,,,,,,,
305,Em Lim,Claire Attridge,BMSC12,Wizard Island North,48.858284,-125.1609192,26/04/2024,2.5,NE,9:29,CMA,4.5,2,1,ppu,Pachycheles pubescens,Pubescent porcelain crab,1,1,,,,,,,,,,,,,,,,,,,,,,,,,,,,,,,,,,,,,,,,,,,,,,,,
306,Em Lim,Claire Attridge,BMSC12,Wizard Island North,48.858284,-125.1609192,26/04/2024,2.5,NE,9:29,CMA,4.5,2,1,cnu,Chirolophis nugator,Mosshead warbonnet,1,0,,,1,,,,,,,,,,,,,,,,,,,,,,,,,,,,,,,,,,,,,,,,,,,,,
307,Em Lim,Claire Attridge,BMSC12,Wizard Island North,48.858284,-125.1609192,26/04/2024,2.5,NE,9:29,CMA,4.5,2,1,phe,Pycnopodia helianthoides,Sunflower star,1,0,,,1,,,,,,,,,,,,,,,,,,,,,,,,,,,,,,,,,,,,,,,,,,,,,
308,Em Lim,Claire Attridge,BMSC12,Wizard Island North,48.858284,-125.1609192,26/04/2024,2.5,NE,9:29,CMA,4.5,2,1,dez,Debris - Zero,No Debris found,1,1,,,,,,,,,,,,,,,,,,,,,,,,,,,,,,,,,,,,,,,,,,,,,,,,
309,Em Lim,Claire Attridge,BMSC11,Wizard Island South,48.85746765,-125.1582336,26/04/2024,1.5,SW,11:48,CMA,7.5,1,1,hde,Hexagrammos decagrammus,Kelp greenling,1,0,,,,,,,,1,,,,,,,,,,,,,,,,,,,,,,,,,,,,,,,,,,,,,,,,
310,Em Lim,Claire Attridge,BMSC11,Wizard Island South,48.85746765,-125.1582336,26/04/2024,1.5,SW,11:48,CMA,7.5,1,1,rni,Rhinogobiops nicholsii,Blackeye goby,9,0,,6,3,,,,,,,,,,,,,,,,,,,,,,,,,,,,,,,,,,,,,,,,,,,,,
311,Em Lim,Claire Attridge,BMSC11,Wizard Island South,48.85746765,-125.1582336,26/04/2024,1.5,SW,11:48,CMA,7.5,2,1,mfra,Mesocentrotus franciscanus,Red sea urchin,220,220,,,,,,,,,,,,,,,,,,,,,,,,,,,,,,,,,,,,,,,,,,,,,,,,
312,Em Lim,Claire Attridge,BMSC11,Wizard Island South,48.85746765,-125.1582336,26/04/2024,1.5,SW,11:48,CMA,7.5,2,1,dim,Dermasterias imbricata,Leather star,10,10,,,,,,,,,,,,,,,,,,,,,,,,,,,,,,,,,,,,,,,,,,,,,,,,
313,Em Lim,Claire Attridge,BMSC11,Wizard Island South,48.85746765,-125.1582336,26/04/2024,1.5,SW,11:48,CMA,7.5,2,1,rni,Rhinogobiops nicholsii,Blackeye goby,62,0,11,31,18,2,,,,,,,,,,,,,,,,,,,,,,,,,,,,,,,,,,,,,,,,,,,,
314,Em Lim,Claire Attridge,BMSC11,Wizard Island South,48.85746765,-125.1582336,26/04/2024,1.5,SW,11:48,CMA,7.5,2,1,pgi,Pomaulax gibberosus,Red turban shell,12,12,,,,,,,,,,,,,,,,,,,,,,,,,,,,,,,,,,,,,,,,,,,,,,,,
315,Em Lim,Claire Attridge,BMSC11,Wizard Island South,48.85746765,-125.1582336,26/04/2024,1.5,SW,11:48,CMA,7.5,2,1,cfo,Ceratostoma foliatum,Leafy hornmouth,3,3,,,,,,,,,,,,,,,,,,,,,,,,,,,,,,,,,,,,,,,,,,,,,,,,
316,Em Lim,Claire Attridge,BMSC11,Wizard Island South,48.85746765,-125.1582336,26/04/2024,1.5,SW,11:48,CMA,7.5,2,1,aca,Apostichopus californicus,California sea cucumber,18,18,,,,,,,,,,,,,,,,,,,,,,,,,,,,,,,,,,,,,,,,,,,,,,,,
317,Em Lim,Claire Attridge,BMSC11,Wizard Island South,48.85746765,-125.1582336,26/04/2024,1.5,SW,11:48,CMA,7.5,2,1,cgi,Crassadoma gigantea,Purple-hinged rock scallop,12,0,,,4,5,1,2,,,,,,,,,,,,,,,,,,,,,,,,,,,,,,,,,,,,,,,,,,
318,Em Lim,Claire Attridge,BMSC11,Wizard Island South,48.85746765,-125.1582336,26/04/2024,1.5,SW,11:48,CMA,7.5,2,1,hcr,Hermissenda crassicornis,Opalescent nudibranch,19,19,,,,,,,,,,,,,,,,,,,,,,,,,,,,,,,,,,,,,,,,,,,,,,,,
319,Em Lim,Claire Attridge,BMSC11,Wizard Island South,48.85746765,-125.1582336,26/04/2024,1.5,SW,11:48,CMA,7.5,2,1,oko,Orthasterias koehleri,Rainbow star,2,2,,,,,,,,,,,,,,,,,,,,,,,,,,,,,,,,,,,,,,,,,,,,,,,,
320,Em Lim,Claire Attridge,BMSC11,Wizard Island South,48.85746765,-125.1582336,26/04/2024,1.5,SW,11:48,CMA,7.5,2,1,gor,Glebocarcinus oregonensis,Pygmy rock crab,8,8,,,,,,,,,,,,,,,,,,,,,,,,,,,,,,,,,,,,,,,,,,,,,,,,
321,Em Lim,Claire Attridge,BMSC11,Wizard Island South,48.85746765,-125.1582336,26/04/2024,1.5,SW,11:48,CMA,7.5,2,1,sac,Scyra acutifrons,Sharpnose crab,3,3,,,,,,,,,,,,,,,,,,,,,,,,,,,,,,,,,,,,,,,,,,,,,,,,
322,Em Lim,Claire Attridge,BMSC11,Wizard Island South,48.85746765,-125.1582336,26/04/2024,1.5,SW,11:48,CMA,7.5,2,1,phem,Pagurus hemphilli,Maroon hermit,3,3,,,,,,,,,,,,,,,,,,,,,,,,,,,,,,,,,,,,,,,,,,,,,,,,
323,Em Lim,Claire Attridge,BMSC11,Wizard Island South,48.85746765,-125.1582336,26/04/2024,1.5,SW,11:48,CMA,7.5,2,1,afu,Antiopella fusca,White-and-orange-tipped nudibranch,1,1,,,,,,,,,,,,,,,,,,,,,,,,,,,,,,,,,,,,,,,,,,,,,,,,
324,Em Lim,Claire Attridge,BMSC11,Wizard Island South,48.85746765,-125.1582336,26/04/2024,1.5,SW,11:48,CMA,7.5,2,1,chlamys,Chlamys spp.,Unidentified scallop,1,0,,1,,,,,,,,,,,,,,,,,,,,,,,,,,,,,,,,,,,,,,,,,,,,,,
325,Em Lim,Claire Attridge,BMSC11,Wizard Island South,48.85746765,-125.1582336,26/04/2024,1.5,SW,11:48,CMA,7.5,2,1,ptr,Polycera tricolor,Tricolour nudibranch,1,1,,,,,,,,,,,,,,,,,,,,,,,,,,,,,,,,,,,,,,,,,,,,,,,,
326,Em Lim,Claire Attridge,BMSC11,Wizard Island South,48.85746765,-125.1582336,26/04/2024,1.5,SW,11:48,CMA,7.5,2,1,dal,Dirona albolineata,White-line dirona,1,1,,,,,,,,,,,,,,,,,,,,,,,,,,,,,,,,,,,,,,,,,,,,,,,,
327,Em Lim,Claire Attridge,BMSC11,Wizard Island South,48.85746765,-125.1582336,26/04/2024,1.5,SW,11:48,CMA,7.5,2,1,pte,Pteraster tesselatus,Slime star,1,1,,,,,,,,,,,,,,,,,,,,,,,,,,,,,,,,,,,,,,,,,,,,,,,,
328,Em Lim,Claire Attridge,BMSC11,Wizard Island South,48.85746765,-125.1582336,26/04/2024,1.5,SW,11:48,CMA,7.5,2,1,hka,Haliotis kamtschatkana,Pinto abalone,11,0,,7,4,,,,,,,,,,,,,,,,,,,,,,,,,,,,,,,,,,,,,,,,,,,,,
329,Em Lim,Claire Attridge,BMSC11,Wizard Island South,48.85746765,-125.1582336,26/04/2024,1.5,SW,11:48,CMA,7.5,2,1,aha,Artedius harringtoni,Scalyhead sculpin,1,0,,1,,,,,,,,,,,,,,,,,,,,,,,,,,,,,,,,,,,,,,,,,,,,,,
330,Em Lim,Claire Attridge,BMSC11,Wizard Island South,48.85746765,-125.1582336,26/04/2024,1.5,SW,11:48,CMA,7.5,2,1,ppu,Pachycheles pubescens,Pubescent porcelain crab,2,2,,,,,,,,,,,,,,,,,,,,,,,,,,,,,,,,,,,,,,,,,,,,,,,,
331,Em Lim,Claire Attridge,BMSC11,Wizard Island South,48.85746765,-125.1582336,26/04/2024,1.5,SW,11:48,CMA,7.5,2,1,ami,Acmaea mitra,Whitecap limpet,2,2,,,,,,,,,,,,,,,,,,,,,,,,,,,,,,,,,,,,,,,,,,,,,,,,
332,Em Lim,Claire Attridge,BMSC11,Wizard Island South,48.85746765,-125.1582336,26/04/2024,1.5,SW,11:48,CMA,7.5,2,1,dmo,Doris montereyensis,Monterey sea lemon,1,1,,,,,,,,,,,,,,,,,,,,,,,,,,,,,,,,,,,,,,,,,,,,,,,,
333,Em Lim,Claire Attridge,BMSC11,Wizard Island South,48.85746765,-125.1582336,26/04/2024,1.5,SW,11:48,CMA,7.5,2,1,pno,Peltodoris nobilis,Noble sea lemon,1,1,,,,,,,,,,,,,,,,,,,,,,,,,,,,,,,,,,,,,,,,,,,,,,,,
334,Em Lim,Claire Attridge,BMSC11,Wizard Island South,48.85746765,-125.1582336,26/04/2024,1.5,SW,11:48,CMA,7.5,2,1,pmi,Patiria miniata,Bat star,1,1,,,,,,,,,,,,,,,,,,,,,,,,,,,,,,,,,,,,,,,,,,,,,,,,
335,Em Lim,Claire Attridge,BMSC11,Wizard Island South,48.85746765,-125.1582336,26/04/2024,1.5,SW,11:48,CMA,7.5,2,1,dir,Dendronotus iris,Giant frond-aeolis,1,1,,,,,,,,,,,,,,,,,,,,,,,,,,,,,,,,,,,,,,,,,,,,,,,,
336,Em Lim,Claire Attridge,BMSC11,Wizard Island South,48.85746765,-125.1582336,26/04/2024,1.5,SW,11:48,CMA,7.5,2,1,dez,Debris - Zero,No Debris found,1,1,,,,,,,,,,,,,,,,,,,,,,,,,,,,,,,,,,,,,,,,,,,,,,,,
337,Em Lim,Claire Attridge,BMSC11,Wizard Island South,48.85746765,-125.1582336,26/04/2024,1.5,SW,11:48,CMA,7.5,0,1,dsa,Diaulula sandiegensis,Ringed doris,1,1,,,,,,,,,,,,,,,,,,,,,,,,,,,,,,,,,,,,,,,,,,,,,,,,
338,Em Lim,Claire Attridge,BMSC10,Ross Islets Slug Island,48.87051773,-125.160347,26/04/2024,2,W,14:06,CMA,4.5,1,1,hde,Hexagrammos decagrammus,Kelp greenling,6,0,,,,,,1,2,2,1,,,,,,,,,,,,,,,,,,,,,,,,,,,,,,,,,,,,,,,
339,Em Lim,Claire Attridge,BMSC10,Ross Islets Slug Island,48.87051773,-125.160347,26/04/2024,2,W,14:06,CMA,4.5,1,1,rni,Rhinogobiops nicholsii,Blackeye goby,42,0,5,18,16,3,,,,,,,,,,,,,,,,,,,,,,,,,,,,,,,,,,,,,,,,,,,,
340,Em Lim,Claire Attridge,BMSC10,Ross Islets Slug Island,48.87051773,-125.160347,26/04/2024,2,W,14:06,CMA,4.5,1,1,sca,Sebastes caurinus,Copper rockfish,2,0,,,1,,,1,,,,,,,,,,,,,,,,,,,,,,,,,,,,,,,,,,,,,,,,,,
341,Em Lim,Claire Attridge,BMSC10,Ross Islets Slug Island,48.87051773,-125.160347,26/04/2024,2,W,14:06,CMA,4.5,1,1,sma,Sebastes maliger,Quillback rockfish,2,0,,,1,1,,,,,,,,,,,,,,,,,,,,,,,,,,,,,,,,,,,,,,,,,,,,
342,Em Lim,Claire Attridge,BMSC10,Ross Islets Slug Island,48.87051773,-125.160347,26/04/2024,2,W,14:06,CMA,4.5,2,1,mfra,Mesocentrotus franciscanus,Red sea urchin,99,99,,,,,,,,,,,,,,,,,,,,,,,,,,,,,,,,,,,,,,,,,,,,,,,,
343,Em Lim,Claire Attridge,BMSC10,Ross Islets Slug Island,48.87051773,-125.160347,26/04/2024,2,W,14:06,CMA,4.5,2,1,pmi,Patiria miniata,Bat star,33,33,,,,,,,,,,,,,,,,,,,,,,,,,,,,,,,,,,,,,,,,,,,,,,,,
344,Em Lim,Claire Attridge,BMSC10,Ross Islets Slug Island,48.87051773,-125.160347,26/04/2024,2,W,14:06,CMA,4.5,2,1,hka,Haliotis kamtschatkana,Pinto abalone,19,0,3,10,4,2,,,,,,,,,,,,,,,,,,,,,,,,,,,,,,,,,,,,,,,,,,,,
345,Em Lim,Claire Attridge,BMSC10,Ross Islets Slug Island,48.87051773,-125.160347,26/04/2024,2,W,14:06,CMA,4.5,2,1,aca,Apostichopus californicus,California sea cucumber,21,21,,,,,,,,,,,,,,,,,,,,,,,,,,,,,,,,,,,,,,,,,,,,,,,,
346,Em Lim,Claire Attridge,BMSC10,Ross Islets Slug Island,48.87051773,-125.160347,26/04/2024,2,W,14:06,CMA,4.5,2,1,rni,Rhinogobiops nicholsii,Blackeye goby,122,0,8,58,45,10,1,,,,,,,,,,,,,,,,,,,,,,,,,,,,,,,,,,,,,,,,,,,
347,Em Lim,Claire Attridge,BMSC10,Ross Islets Slug Island,48.87051773,-125.160347,26/04/2024,2,W,14:06,CMA,4.5,2,1,cgi,Crassadoma gigantea,Purple-hinged rock scallop,7,0,,,2,2,1,2,,,,,,,,,,,,,,,,,,,,,,,,,,,,,,,,,,,,,,,,,,
348,Em Lim,Claire Attridge,BMSC10,Ross Islets Slug Island,48.87051773,-125.160347,26/04/2024,2,W,14:06,CMA,4.5,2,1,etr,Evasterias troschelii,Mottled starfish,5,5,,,,,,,,,,,,,,,,,,,,,,,,,,,,,,,,,,,,,,,,,,,,,,,,
349,Em Lim,Claire Attridge,BMSC10,Ross Islets Slug Island,48.87051773,-125.160347,26/04/2024,2,W,14:06,CMA,4.5,2,1,cfo,Ceratostoma foliatum,Leafy hornmouth,6,6,,,,,,,,,,,,,,,,,,,,,,,,,,,,,,,,,,,,,,,,,,,,,,,,
350,Em Lim,Claire Attridge,BMSC10,Ross Islets Slug Island,48.87051773,-125.160347,26/04/2024,2,W,14:06,CMA,4.5,2,1,phe,Pycnopodia helianthoides,Sunflower star,1,0,,1,,,,,,,,,,,,,,,,,,,,,,,,,,,,,,,,,,,,,,,,,,,,,,
351,Em Lim,Claire Attridge,BMSC10,Ross Islets Slug Island,48.87051773,-125.160347,26/04/2024,2,W,14:06,CMA,4.5,2,1,sac,Scyra acutifrons,Sharpnose crab,10,10,,,,,,,,,,,,,,,,,,,,,,,,,,,,,,,,,,,,,,,,,,,,,,,,
352,Em Lim,Claire Attridge,BMSC10,Ross Islets Slug Island,48.87051773,-125.160347,26/04/2024,2,W,14:06,CMA,4.5,2,1,pri,Pugettia richii,Cryptic kelp crab,6,6,,,,,,,,,,,,,,,,,,,,,,,,,,,,,,,,,,,,,,,,,,,,,,,,
353,Em Lim,Claire Attridge,BMSC10,Ross Islets Slug Island,48.87051773,-125.160347,26/04/2024,2,W,14:06,CMA,4.5,2,1,pgi,Pomaulax gibberosus,Red turban shell,4,4,,,,,,,,,,,,,,,,,,,,,,,,,,,,,,,,,,,,,,,,,,,,,,,,
354,Em Lim,Claire Attridge,BMSC10,Ross Islets Slug Island,48.87051773,-125.160347,26/04/2024,2,W,14:06,CMA,4.5,2,1,das,Diodora aspera,Rough keyhole limpet,14,14,,,,,,,,,,,,,,,,,,,,,,,,,,,,,,,,,,,,,,,,,,,,,,,,
355,Em Lim,Claire Attridge,BMSC10,Ross Islets Slug Island,48.87051773,-125.160347,26/04/2024,2,W,14:06,CMA,4.5,2,1,dim,Dermasterias imbricata,Leather star,3,3,,,,,,,,,,,,,,,,,,,,,,,,,,,,,,,,,,,,,,,,,,,,,,,,
356,Em Lim,Claire Attridge,BMSC10,Ross Islets Slug Island,48.87051773,-125.160347,26/04/2024,2,W,14:06,CMA,4.5,2,1,pla,Pholis laeta,Crescent gunnel,2,0,,,1,,1,,,,,,,,,,,,,,,,,,,,,,,,,,,,,,,,,,,,,,,,,,,
357,Em Lim,Claire Attridge,BMSC10,Ross Islets Slug Island,48.87051773,-125.160347,26/04/2024,2,W,14:06,CMA,4.5,2,1,hermit,Paguroidea spp.,Unidentified hermit crab,3,3,,,,,,,,,,,,,,,,,,,,,,,,,,,,,,,,,,,,,,,,,,,,,,,,
358,Em Lim,Claire Attridge,BMSC10,Ross Islets Slug Island,48.87051773,-125.160347,26/04/2024,2,W,14:06,CMA,4.5,2,1,dir,Dendronotus iris,Giant frond-aeolis,1,1,,,,,,,,,,,,,,,,,,,,,,,,,,,,,,,,,,,,,,,,,,,,,,,,
359,Em Lim,Claire Attridge,BMSC10,Ross Islets Slug Island,48.87051773,-125.160347,26/04/2024,2,W,14:06,CMA,4.5,2,1,dmo,Doris montereyensis,Monterey sea lemon,1,1,,,,,,,,,,,,,,,,,,,,,,,,,,,,,,,,,,,,,,,,,,,,,,,,
360,Em Lim,Claire Attridge,BMSC10,Ross Islets Slug Island,48.87051773,-125.160347,26/04/2024,2,W,14:06,CMA,4.5,2,1,ami,Acmaea mitra,Whitecap limpet,3,3,,,,,,,,,,,,,,,,,,,,,,,,,,,,,,,,,,,,,,,,,,,,,,,,
361,Em Lim,Claire Attridge,BMSC10,Ross Islets Slug Island,48.87051773,-125.160347,26/04/2024,2,W,14:06,CMA,4.5,2,1,oko,Orthasterias koehleri,Rainbow star,1,1,,,,,,,,,,,,,,,,,,,,,,,,,,,,,,,,,,,,,,,,,,,,,,,,
362,Em Lim,Claire Attridge,BMSC10,Ross Islets Slug Island,48.87051773,-125.160347,26/04/2024,2,W,14:06,CMA,4.5,2,1,deo,Debris - Other,"Any debris OTHER THAN fishing gear, made of plastic, cloth, metal, glass or timber",1,1,,,,,,,,,,,,,,,,,,,,,,,,,,,,,,,,,,,,,,,,,,,,,,,,
363,Em Lim,Claire Attridge,BMSC10,Ross Islets Slug Island,48.87051773,-125.160347,26/04/2024,2,W,14:06,CMA,4.5,2,1,nle,Neverita lewisii,Lewis' Moon snail,1,1,,,,,,,,,,,,,,,,,,,,,,,,,,,,,,,,,,,,,,,,,,,,,,,,
364,Em Lim,Claire Attridge,BMSC10,Ross Islets Slug Island,48.87051773,-125.160347,26/04/2024,2,W,14:06,CMA,4.5,2,1,edo,Enteroctopus dofleini,Giant pacific octopus,1,1,,,,,,,,,,,,,,,,,,,,,,,,,,,,,,,,,,,,,,,,,,,,,,,,
365,Em Lim,Claire Attridge,BMSC10,Ross Islets Slug Island,48.87051773,-125.160347,26/04/2024,2,W,14:06,CMA,4.5,2,1,phem,Pagurus hemphilli,Maroon hermit,1,1,,,,,,,,,,,,,,,,,,,,,,,,,,,,,,,,,,,,,,,,,,,,,,,,
366,Em Lim,Claire Attridge,BMSC10,Ross Islets Slug Island,48.87051773,-125.160347,26/04/2024,2,W,14:06,CMA,4.5,0,0,dsa,Diaulula sandiegensis,Ringed doris,1,1,,,,,,,,,,,,,,,,,,,,,,,,,,,,,,,,,,,,,,,,,,,,,,,,
367,Em Lim,Claire Attridge,BMSC4,Kii xin,48.81511688,-125.1753311,29/04/2024,3,NE,10:09,CMA,8.5,1,1,hde,Hexagrammos decagrammus,Kelp greenling,6,0,,,,,,,1,2,3,,,,,,,,,,,,,,,,,,,,,,,,,,,,,,,,,,,,,,,
368,Em Lim,Claire Attridge,BMSC4,Kii xin,48.81511688,-125.1753311,29/04/2024,3,NE,10:09,CMA,8.5,2,1,mfra,Mesocentrotus franciscanus,Red sea urchin,142,142,,,,,,,,,,,,,,,,,,,,,,,,,,,,,,,,,,,,,,,,,,,,,,,,
369,Em Lim,Claire Attridge,BMSC4,Kii xin,48.81511688,-125.1753311,29/04/2024,3,NE,10:09,CMA,8.5,2,1,afu,Antiopella fusca,White-and-orange-tipped nudibranch,3,3,,,,,,,,,,,,,,,,,,,,,,,,,,,,,,,,,,,,,,,,,,,,,,,,
370,Em Lim,Claire Attridge,BMSC4,Kii xin,48.81511688,-125.1753311,29/04/2024,3,NE,10:09,CMA,8.5,2,1,dim,Dermasterias imbricata,Leather star,25,25,,,,,,,,,,,,,,,,,,,,,,,,,,,,,,,,,,,,,,,,,,,,,,,,
371,Em Lim,Claire Attridge,BMSC4,Kii xin,48.81511688,-125.1753311,29/04/2024,3,NE,10:09,CMA,8.5,2,1,ami,Acmaea mitra,Whitecap limpet,6,6,,,,,,,,,,,,,,,,,,,,,,,,,,,,,,,,,,,,,,,,,,,,,,,,
372,Em Lim,Claire Attridge,BMSC4,Kii xin,48.81511688,-125.1753311,29/04/2024,3,NE,10:09,CMA,8.5,2,1,gor,Glebocarcinus oregonensis,Pygmy rock crab,49,49,,,,,,,,,,,,,,,,,,,,,,,,,,,,,,,,,,,,,,,,,,,,,,,,
373,Em Lim,Claire Attridge,BMSC4,Kii xin,48.81511688,-125.1753311,29/04/2024,3,NE,10:09,CMA,8.5,2,1,cfo,Ceratostoma foliatum,Leafy hornmouth,12,12,,,,,,,,,,,,,,,,,,,,,,,,,,,,,,,,,,,,,,,,,,,,,,,,
374,Em Lim,Claire Attridge,BMSC4,Kii xin,48.81511688,-125.1753311,29/04/2024,3,NE,10:09,CMA,8.5,2,1,cnu,Chirolophis nugator,Mosshead warbonnet,1,0,,,1,,,,,,,,,,,,,,,,,,,,,,,,,,,,,,,,,,,,,,,,,,,,,
375,Em Lim,Claire Attridge,BMSC4,Kii xin,48.81511688,-125.1753311,29/04/2024,3,NE,10:09,CMA,8.5,2,1,aca,Apostichopus californicus,California sea cucumber,10,10,,,,,,,,,,,,,,,,,,,,,,,,,,,,,,,,,,,,,,,,,,,,,,,,
376,Em Lim,Claire Attridge,BMSC4,Kii xin,48.81511688,-125.1753311,29/04/2024,3,NE,10:09,CMA,8.5,2,1,hcr,Hermissenda crassicornis,Opalescent nudibranch,5,5,,,,,,,,,,,,,,,,,,,,,,,,,,,,,,,,,,,,,,,,,,,,,,,,
377,Em Lim,Claire Attridge,BMSC4,Kii xin,48.81511688,-125.1753311,29/04/2024,3,NE,10:09,CMA,8.5,2,1,dsc,Discorsopagurus schmitti,Tubeworm hermit,1,1,,,,,,,,,,,,,,,,,,,,,,,,,,,,,,,,,,,,,,,,,,,,,,,,
378,Em Lim,Claire Attridge,BMSC4,Kii xin,48.81511688,-125.1753311,29/04/2024,3,NE,10:09,CMA,8.5,2,1,ppu,Pachycheles pubescens,Pubescent porcelain crab,4,4,,,,,,,,,,,,,,,,,,,,,,,,,,,,,,,,,,,,,,,,,,,,,,,,
379,Em Lim,Claire Attridge,BMSC4,Kii xin,48.81511688,-125.1753311,29/04/2024,3,NE,10:09,CMA,8.5,2,1,oko,Orthasterias koehleri,Rainbow star,2,2,,,,,,,,,,,,,,,,,,,,,,,,,,,,,,,,,,,,,,,,,,,,,,,,
380,Em Lim,Claire Attridge,BMSC4,Kii xin,48.81511688,-125.1753311,29/04/2024,3,NE,10:09,CMA,8.5,2,1,nla,Nucella lamellosa,Frilled dogwinkle,17,17,,,,,,,,,,,,,,,,,,,,,,,,,,,,,,,,,,,,,,,,,,,,,,,,
381,Em Lim,Claire Attridge,BMSC4,Kii xin,48.81511688,-125.1753311,29/04/2024,3,NE,10:09,CMA,8.5,2,1,henricia,Henricia spp.,Unidentified blood star,10,10,,,,,,,,,,,,,,,,,,,,,,,,,,,,,,,,,,,,,,,,,,,,,,,,
382,Em Lim,Claire Attridge,BMSC4,Kii xin,48.81511688,-125.1753311,29/04/2024,3,NE,10:09,CMA,8.5,2,1,pmi,Patiria miniata,Bat star,2,2,,,,,,,,,,,,,,,,,,,,,,,,,,,,,,,,,,,,,,,,,,,,,,,,
383,Em Lim,Claire Attridge,BMSC4,Kii xin,48.81511688,-125.1753311,29/04/2024,3,NE,10:09,CMA,8.5,2,1,hka,Haliotis kamtschatkana,Pinto abalone,2,0,,,1,1,,,,,,,,,,,,,,,,,,,,,,,,,,,,,,,,,,,,,,,,,,,,
384,Em Lim,Claire Attridge,BMSC4,Kii xin,48.81511688,-125.1753311,29/04/2024,3,NE,10:09,CMA,8.5,2,1,poc,Pisaster ochraceus,Purple sea star,6,6,,,,,,,,,,,,,,,,,,,,,,,,,,,,,,,,,,,,,,,,,,,,,,,,
385,Em Lim,Claire Attridge,BMSC4,Kii xin,48.81511688,-125.1753311,29/04/2024,3,NE,10:09,CMA,8.5,2,1,cgi,Crassadoma gigantea,Purple-hinged rock scallop,1,0,,,,,1,,,,,,,,,,,,,,,,,,,,,,,,,,,,,,,,,,,,,,,,,,,
386,Em Lim,Claire Attridge,BMSC4,Kii xin,48.81511688,-125.1753311,29/04/2024,3,NE,10:09,CMA,8.5,2,1,otri,Orienthella trilineata,Three-lined aeolid,1,1,,,,,,,,,,,,,,,,,,,,,,,,,,,,,,,,,,,,,,,,,,,,,,,,
387,Em Lim,Claire Attridge,BMSC4,Kii xin,48.81511688,-125.1753311,29/04/2024,3,NE,10:09,CMA,8.5,2,1,pbe,Pagurus beringanus,Bering hermit crab,2,2,,,,,,,,,,,,,,,,,,,,,,,,,,,,,,,,,,,,,,,,,,,,,,,,
388,Em Lim,Claire Attridge,BMSC4,Kii xin,48.81511688,-125.1753311,29/04/2024,3,NE,10:09,CMA,8.5,2,1,sac,Scyra acutifrons,Sharpnose crab,1,1,,,,,,,,,,,,,,,,,,,,,,,,,,,,,,,,,,,,,,,,,,,,,,,,
389,Em Lim,Claire Attridge,BMSC4,Kii xin,48.81511688,-125.1753311,29/04/2024,3,NE,10:09,CMA,8.5,2,1,pno,Peltodoris nobilis,Noble sea lemon,1,1,,,,,,,,,,,,,,,,,,,,,,,,,,,,,,,,,,,,,,,,,,,,,,,,
390,Em Lim,Claire Attridge,BMSC4,Kii xin,48.81511688,-125.1753311,29/04/2024,3,NE,10:09,CMA,8.5,2,1,hermit,Paguroidea spp.,Unidentified hermit crab,5,5,,,,,,,,,,,,,,,,,,,,,,,,,,,,,,,,,,,,,,,,,,,,,,,,
391,Em Lim,Claire Attridge,BMSC4,Kii xin,48.81511688,-125.1753311,29/04/2024,3,NE,10:09,CMA,8.5,2,1,dez,Debris - Zero,No Debris found,1,1,,,,,,,,,,,,,,,,,,,,,,,,,,,,,,,,,,,,,,,,,,,,,,,,
392,Em Lim,Claire Attridge,BMSC3,Ohiat,48.85558319,-125.1837997,29/04/2024,3.5,W,12:23,CMA,6,1,1,sme,Sebastes melanops,Black rockfish,49,0,,,,,,2,5,26,15,1,,,,,,,,,,,,,,,,,,,,,,,,,,,,,,,,,,,,,,
393,Em Lim,Claire Attridge,BMSC3,Ohiat,48.85558319,-125.1837997,29/04/2024,3.5,W,12:23,CMA,6,1,1,avi,Aequorea victoria,Victoria's crystal jelly,1,0,,,1,,,,,,,,,,,,,,,,,,,,,,,,,,,,,,,,,,,,,,,,,,,,,
394,Em Lim,Claire Attridge,BMSC3,Ohiat,48.85558319,-125.1837997,29/04/2024,3.5,W,12:23,CMA,6,1,1,ela,Embiotoca lateralis,Striped seaperch,1,0,,,,,,,1,,,,,,,,,,,,,,,,,,,,,,,,,,,,,,,,,,,,,,,,,
395,Em Lim,Claire Attridge,BMSC3,Ohiat,48.85558319,-125.1837997,29/04/2024,3.5,W,12:23,CMA,6,1,1,hde,Hexagrammos decagrammus,Kelp greenling,1,0,,,,,,,1,,,,,,,,,,,,,,,,,,,,,,,,,,,,,,,,,,,,,,,,,
396,Em Lim,Claire Attridge,BMSC3,Ohiat,48.85558319,-125.1837997,29/04/2024,3.5,W,12:23,CMA,6,2,1,mfra,Mesocentrotus franciscanus,Red sea urchin,396,396,,,,,,,,,,,,,,,,,,,,,,,,,,,,,,,,,,,,,,,,,,,,,,,,
397,Em Lim,Claire Attridge,BMSC3,Ohiat,48.85558319,-125.1837997,29/04/2024,3.5,W,12:23,CMA,6,2,1,aca,Apostichopus californicus,California sea cucumber,18,18,,,,,,,,,,,,,,,,,,,,,,,,,,,,,,,,,,,,,,,,,,,,,,,,
398,Em Lim,Claire Attridge,BMSC3,Ohiat,48.85558319,-125.1837997,29/04/2024,3.5,W,12:23,CMA,6,2,1,pgi,Pomaulax gibberosus,Red turban shell,52,52,,,,,,,,,,,,,,,,,,,,,,,,,,,,,,,,,,,,,,,,,,,,,,,,
399,Em Lim,Claire Attridge,BMSC3,Ohiat,48.85558319,-125.1837997,29/04/2024,3.5,W,12:23,CMA,6,2,1,ami,Acmaea mitra,Whitecap limpet,17,17,,,,,,,,,,,,,,,,,,,,,,,,,,,,,,,,,,,,,,,,,,,,,,,,
400,Em Lim,Claire Attridge,BMSC3,Ohiat,48.85558319,-125.1837997,29/04/2024,3.5,W,12:23,CMA,6,2,1,rni,Rhinogobiops nicholsii,Blackeye goby,3,0,,3,,,,,,,,,,,,,,,,,,,,,,,,,,,,,,,,,,,,,,,,,,,,,,
401,Em Lim,Claire Attridge,BMSC3,Ohiat,48.85558319,-125.1837997,29/04/2024,3.5,W,12:23,CMA,6,2,1,hcr,Hermissenda crassicornis,Opalescent nudibranch,21,21,,,,,,,,,,,,,,,,,,,,,,,,,,,,,,,,,,,,,,,,,,,,,,,,
402,Em Lim,Claire Attridge,BMSC3,Ohiat,48.85558319,-125.1837997,29/04/2024,3.5,W,12:23,CMA,6,2,1,dim,Dermasterias imbricata,Leather star,16,16,,,,,,,,,,,,,,,,,,,,,,,,,,,,,,,,,,,,,,,,,,,,,,,,
403,Em Lim,Claire Attridge,BMSC3,Ohiat,48.85558319,-125.1837997,29/04/2024,3.5,W,12:23,CMA,6,2,1,cfo,Ceratostoma foliatum,Leafy hornmouth,18,18,,,,,,,,,,,,,,,,,,,,,,,,,,,,,,,,,,,,,,,,,,,,,,,,
404,Em Lim,Claire Attridge,BMSC3,Ohiat,48.85558319,-125.1837997,29/04/2024,3.5,W,12:23,CMA,6,2,1,hka,Haliotis kamtschatkana,Pinto abalone,22,0,10,9,3,,,,,,,,,,,,,,,,,,,,,,,,,,,,,,,,,,,,,,,,,,,,,
405,Em Lim,Claire Attridge,BMSC3,Ohiat,48.85558319,-125.1837997,29/04/2024,3.5,W,12:23,CMA,6,2,1,pmi,Patiria miniata,Bat star,18,18,,,,,,,,,,,,,,,,,,,,,,,,,,,,,,,,,,,,,,,,,,,,,,,,
406,Em Lim,Claire Attridge,BMSC3,Ohiat,48.85558319,-125.1837997,29/04/2024,3.5,W,12:23,CMA,6,2,1,oko,Orthasterias koehleri,Rainbow star,7,7,,,,,,,,,,,,,,,,,,,,,,,,,,,,,,,,,,,,,,,,,,,,,,,,
407,Em Lim,Claire Attridge,BMSC3,Ohiat,48.85558319,-125.1837997,29/04/2024,3.5,W,12:23,CMA,6,2,1,cgi,Crassadoma gigantea,Purple-hinged rock scallop,14,0,2,5,3,3,1,,,,,,,,,,,,,,,,,,,,,,,,,,,,,,,,,,,,,,,,,,,
408,Em Lim,Claire Attridge,BMSC3,Ohiat,48.85558319,-125.1837997,29/04/2024,3.5,W,12:23,CMA,6,2,1,aha,Artedius harringtoni,Scalyhead sculpin,12,0,6,5,1,,,,,,,,,,,,,,,,,,,,,,,,,,,,,,,,,,,,,,,,,,,,,
409,Em Lim,Claire Attridge,BMSC3,Ohiat,48.85558319,-125.1837997,29/04/2024,3.5,W,12:23,CMA,6,2,1,poc,Pisaster ochraceus,Purple sea star,1,1,,,,,,,,,,,,,,,,,,,,,,,,,,,,,,,,,,,,,,,,,,,,,,,,
410,Em Lim,Claire Attridge,BMSC3,Ohiat,48.85558319,-125.1837997,29/04/2024,3.5,W,12:23,CMA,6,2,1,pbe,Pagurus beringanus,Bering hermit crab,1,1,,,,,,,,,,,,,,,,,,,,,,,,,,,,,,,,,,,,,,,,,,,,,,,,
411,Em Lim,Claire Attridge,BMSC3,Ohiat,48.85558319,-125.1837997,29/04/2024,3.5,W,12:23,CMA,6,2,1,das,Diodora aspera,Rough keyhole limpet,4,4,,,,,,,,,,,,,,,,,,,,,,,,,,,,,,,,,,,,,,,,,,,,,,,,
412,Em Lim,Claire Attridge,BMSC3,Ohiat,48.85558319,-125.1837997,29/04/2024,3.5,W,12:23,CMA,6,2,1,spu,Strongylocentrotus purpuratus,Purple sea urchin (?),1,1,,,,,,,,,,,,,,,,,,,,,,,,,,,,,,,,,,,,,,,,,,,,,,,,
413,Em Lim,Claire Attridge,BMSC3,Ohiat,48.85558319,-125.1837997,29/04/2024,3.5,W,12:23,CMA,6,2,1,sac,Scyra acutifrons,Sharpnose crab,9,9,,,,,,,,,,,,,,,,,,,,,,,,,,,,,,,,,,,,,,,,,,,,,,,,
414,Em Lim,Claire Attridge,BMSC3,Ohiat,48.85558319,-125.1837997,29/04/2024,3.5,W,12:23,CMA,6,2,1,rpu,Rostanga pulchra,Red sponge dorid,1,1,,,,,,,,,,,,,,,,,,,,,,,,,,,,,,,,,,,,,,,,,,,,,,,,
415,Em Lim,Claire Attridge,BMSC3,Ohiat,48.85558319,-125.1837997,29/04/2024,3.5,W,12:23,CMA,6,2,1,henricia,Henricia spp.,Unidentified blood star,1,1,,,,,,,,,,,,,,,,,,,,,,,,,,,,,,,,,,,,,,,,,,,,,,,,
416,Em Lim,Claire Attridge,BMSC3,Ohiat,48.85558319,-125.1837997,29/04/2024,3.5,W,12:23,CMA,6,2,1,hermit,Paguroidea spp.,Unidentified hermit crab,1,1,,,,,,,,,,,,,,,,,,,,,,,,,,,,,,,,,,,,,,,,,,,,,,,,
417,Em Lim,Claire Attridge,BMSC3,Ohiat,48.85558319,-125.1837997,29/04/2024,3.5,W,12:23,CMA,6,2,1,gor,Glebocarcinus oregonensis,Pygmy rock crab,2,2,,,,,,,,,,,,,,,,,,,,,,,,,,,,,,,,,,,,,,,,,,,,,,,,
418,Em Lim,Claire Attridge,BMSC3,Ohiat,48.85558319,-125.1837997,29/04/2024,3.5,W,12:23,CMA,6,2,1,jzo,Jordania zonope,Longfin sculpin,3,0,1,2,,,,,,,,,,,,,,,,,,,,,,,,,,,,,,,,,,,,,,,,,,,,,,
419,Em Lim,Claire Attridge,BMSC3,Ohiat,48.85558319,-125.1837997,29/04/2024,3.5,W,12:23,CMA,6,2,1,sdr,Strongylocentrotus droebachiensis,Northern sea urchin,1,1,,,,,,,,,,,,,,,,,,,,,,,,,,,,,,,,,,,,,,,,,,,,,,,,
420,Em Lim,Claire Attridge,BMSC3,Ohiat,48.85558319,-125.1837997,29/04/2024,3.5,W,12:23,CMA,6,2,1,ppa,Phyllolithodes papillosus,Heart crab,1,1,,,,,,,,,,,,,,,,,,,,,,,,,,,,,,,,,,,,,,,,,,,,,,,,
421,Em Lim,Claire Attridge,BMSC3,Ohiat,48.85558319,-125.1837997,29/04/2024,3.5,W,12:23,CMA,6,2,1,dez,Debris - Zero,No Debris found,1,1,,,,,,,,,,,,,,,,,,,,,,,,,,,,,,,,,,,,,,,,,,,,,,,,
422,Em Lim,Claire Attridge,BMSC2,Kirby,48.85039902,-125.1987686,29/04/2024,3.5,N,14:51,CMA,4,1,1,hde,Hexagrammos decagrammus,Kelp greenling,10,0,,,,,1,5,2,1,1,,,,,,,,,,,,,,,,,,,,,,,,,,,,,,,,,,,,,,,
423,Em Lim,Claire Attridge,BMSC2,Kirby,48.85039902,-125.1987686,29/04/2024,3.5,N,14:51,CMA,4,1,1,oel,Ophiodon elongatus,Lingcod,1,0,,,,,,,,,,,1,,,,,,,,,,,,,,,,,,,,,,,,,,,,,,,,,,,,,
424,Em Lim,Claire Attridge,BMSC2,Kirby,48.85039902,-125.1987686,29/04/2024,3.5,N,14:51,CMA,4,2,1,mfra,Mesocentrotus franciscanus,Red sea urchin,204,204,,,,,,,,,,,,,,,,,,,,,,,,,,,,,,,,,,,,,,,,,,,,,,,,
425,Em Lim,Claire Attridge,BMSC2,Kirby,48.85039902,-125.1987686,29/04/2024,3.5,N,14:51,CMA,4,2,1,pmi,Patiria miniata,Bat star,20,20,,,,,,,,,,,,,,,,,,,,,,,,,,,,,,,,,,,,,,,,,,,,,,,,
426,Em Lim,Claire Attridge,BMSC2,Kirby,48.85039902,48.85039902,29/04/2024,3.5,N,14:51,CMA,4,2,1,pgi,Pomaulax gibberosus,Red turban shell,118,118,,,,,,,,,,,,,,,,,,,,,,,,,,,,,,,,,,,,,,,,,,,,,,,,
427,Em Lim,Claire Attridge,BMSC2,Kirby,48.85039902,-125.1987686,29/04/2024,3.5,N,14:51,CMA,4,2,1,rni,Rhinogobiops nicholsii,Blackeye goby,14,0,1,10,3,,,,,,,,,,,,,,,,,,,,,,,,,,,,,,,,,,,,,,,,,,,,,
428,Em Lim,Claire Attridge,BMSC2,Kirby,48.85039902,-125.1987686,29/04/2024,3.5,N,14:51,CMA,4,2,1,phem,Pagurus hemphilli,Maroon hermit,6,6,,,,,,,,,,,,,,,,,,,,,,,,,,,,,,,,,,,,,,,,,,,,,,,,
429,Em Lim,Claire Attridge,BMSC2,Kirby,48.85039902,-125.1987686,29/04/2024,3.5,N,14:51,CMA,4,2,1,ami,Acmaea mitra,Whitecap limpet,23,23,,,,,,,,,,,,,,,,,,,,,,,,,,,,,,,,,,,,,,,,,,,,,,,,
430,Em Lim,Claire Attridge,BMSC2,Kirby,48.85039902,-125.1987686,29/04/2024,3.5,N,14:51,CMA,4,2,1,aca,Apostichopus californicus,California sea cucumber,7,7,,,,,,,,,,,,,,,,,,,,,,,,,,,,,,,,,,,,,,,,,,,,,,,,
431,Em Lim,Claire Attridge,BMSC2,Kirby,48.85039902,-125.1987686,29/04/2024,3.5,N,14:51,CMA,4,2,1,dim,Dermasterias imbricata,Leather star,4,4,,,,,,,,,,,,,,,,,,,,,,,,,,,,,,,,,,,,,,,,,,,,,,,,
432,Em Lim,Claire Attridge,BMSC2,Kirby,48.85039902,-125.1987686,29/04/2024,3.5,N,14:51,CMA,4,2,1,nle,Neverita lewisii,Lewis' Moon snail,1,1,,,,,,,,,,,,,,,,,,,,,,,,,,,,,,,,,,,,,,,,,,,,,,,,
433,Em Lim,Claire Attridge,BMSC2,Kirby,48.85039902,-125.1987686,29/04/2024,3.5,N,14:51,CMA,4,2,1,hcr,Hermissenda crassicornis,Opalescent nudibranch,3,3,,,,,,,,,,,,,,,,,,,,,,,,,,,,,,,,,,,,,,,,,,,,,,,,
434,Em Lim,Claire Attridge,BMSC2,Kirby,48.85039902,-125.1987686,29/04/2024,3.5,N,14:51,CMA,4,2,1,cfo,Ceratostoma foliatum,Leafy hornmouth,8,8,,,,,,,,,,,,,,,,,,,,,,,,,,,,,,,,,,,,,,,,,,,,,,,,
435,Em Lim,Claire Attridge,BMSC2,Kirby,48.85039902,-125.1987686,29/04/2024,3.5,N,14:51,CMA,4,2,1,sac,Scyra acutifrons,Sharpnose crab,3,0,,,1,1,1,,,,,,,,,,,,,,,,,,,,,,,,,,,,,,,,,,,,,,,,,,,
436,Em Lim,Claire Attridge,BMSC2,Kirby,48.85039902,-125.1987686,29/04/2024,3.5,N,14:51,CMA,4,2,1,cpr,Cancer productus,Red rock crab,2,2,,,,,,,,,,,,,,,,,,,,,,,,,,,,,,,,,,,,,,,,,,,,,,,,
437,Em Lim,Claire Attridge,BMSC2,Kirby,48.85039902,-125.1987686,29/04/2024,3.5,N,14:51,CMA,4,2,1,poc,Pisaster ochraceus,Purple sea star,2,2,,,,,,,,,,,,,,,,,,,,,,,,,,,,,,,,,,,,,,,,,,,,,,,,
438,Em Lim,Claire Attridge,BMSC2,Kirby,48.85039902,-125.1987686,29/04/2024,3.5,N,14:51,CMA,4,2,1,hka,Haliotis kamtschatkana,Pinto abalone,5,0,1,3,1,,,,,,,,,,,,,,,,,,,,,,,,,,,,,,,,,,,,,,,,,,,,,
439,Em Lim,Claire Attridge,BMSC2,Kirby,48.85039902,-125.1987686,29/04/2024,3.5,N,14:51,CMA,4,2,1,jzo,Jordania zonope,Longfin sculpin,1,0,1,,,,,,,,,,,,,,,,,,,,,,,,,,,,,,,,,,,,,,,,,,,,,,,
440,Em Lim,Claire Attridge,BMSC2,Kirby,48.85039902,-125.1987686,29/04/2024,3.5,N,14:51,CMA,4,2,1,ppu,Pachycheles pubescens,Pubescent porcelain crab,1,1,,,,,,,,,,,,,,,,,,,,,,,,,,,,,,,,,,,,,,,,,,,,,,,,
441,Em Lim,Claire Attridge,BMSC2,Kirby,48.85039902,-125.1987686,29/04/2024,3.5,N,14:51,CMA,4,2,1,das,Diodora aspera,Rough keyhole limpet,1,1,,,,,,,,,,,,,,,,,,,,,,,,,,,,,,,,,,,,,,,,,,,,,,,,
442,Em Lim,Claire Attridge,BMSC2,Kirby,48.85039902,-125.1987686,29/04/2024,3.5,N,14:51,CMA,4,2,1,etr,Evasterias troschelii,Mottled starfish,2,2,,,,,,,,,,,,,,,,,,,,,,,,,,,,,,,,,,,,,,,,,,,,,,,,
443,Em Lim,Claire Attridge,BMSC2,Kirby,48.85039902,-125.1987686,29/04/2024,3.5,N,14:51,CMA,4,0,1,opi,Oxylebius pictus,Painted greenling,1,0,,,1,,,,,,,,,,,,,,,,,,,,,,,,,,,,,,,,,,,,,,,,,,,,,
444,Em Lim,Claire Attridge,BMSC2,Kirby,48.85039902,-125.1987686,29/04/2024,3.5,N,14:51,CMA,4,2,1,oko,Orthasterias koehleri,Rainbow star,1,1,,,,,,,,,,,,,,,,,,,,,,,,,,,,,,,,,,,,,,,,,,,,,,,,
445,Em Lim,Claire Attridge,BMSC2,Kirby,48.85039902,-125.1987686,29/04/2024,3.5,N,14:51,CMA,4,2,1,phe,Pycnopodia helianthoides,Sunflower star,1,0,,1,,,,,,,,,,,,,,,,,,,,,,,,,,,,,,,,,,,,,,,,,,,,,,
446,Em Lim,Claire Attridge,BMSC2,Kirby,48.85039902,-125.1987686,29/04/2024,3.5,N,14:51,CMA,4,2,1,pri,Pugettia richii,Cryptic kelp crab,1,1,,,,,,,,,,,,,,,,,,,,,,,,,,,,,,,,,,,,,,,,,,,,,,,,
447,Em Lim,Claire Attridge,BMSC2,Kirby,48.85039902,-125.1987686,29/04/2024,3.5,N,14:51,CMA,4,2,1,dez,Debris - Zero,No Debris found,1,1,,,,,,,,,,,,,,,,,,,,,,,,,,,,,,,,,,,,,,,,,,,,,,,,
448,Em Lim,Claire Attridge,BMSC21,Dixon SW,48.85205078,-125.1235657,30/04/2024,3.5,E,9:41,CMA,6.5,1,1,rni,Rhinogobiops nicholsii,Blackeye goby,6,0,,3,3,,,,,,,,,,,,,,,,,,,,,,,,,,,,,,,,,,,,,,,,,,,,,
449,Em Lim,Claire Attridge,BMSC21,Dixon SW,48.85205078,-125.1235657,30/04/2024,3.5,E,9:41,CMA,6.5,1,1,hde,Hexagrammos decagrammus,Kelp greenling,15,0,,,,,2,3,2,2,4,2,,,,,,,,,,,,,,,,,,,,,,,,,,,,,,,,,,,,,,
450,Em Lim,Claire Attridge,BMSC21,Dixon SW,#NAME?,-125.1235657,30/04/2024,3.5,E,9:41,CMA,6.5,0,1,oel,Ophiodon elongatus,Lingcod,1,0,,,,,,,,,,1,,,,,,,,,,,,,,,,,,,,,,,,,,,,,,,,,,,,,,
451,Em Lim,Claire Attridge,BMSC21,Dixon SW,48.85205078,-125.1235657,30/04/2024,3.5,E,9:41,CMA,6.5,2,1,mfra,Mesocentrotus franciscanus,Red sea urchin,198,198,,,,,,,,,,,,,,,,,,,,,,,,,,,,,,,,,,,,,,,,,,,,,,,,
452,Em Lim,Claire Attridge,BMSC21,Dixon SW,48.85205078,-125.1235657,30/04/2024,3.5,E,9:41,CMA,6.5,2,1,phem,Pagurus hemphilli,Maroon hermit,10,10,,,,,,,,,,,,,,,,,,,,,,,,,,,,,,,,,,,,,,,,,,,,,,,,
453,Em Lim,Claire Attridge,BMSC21,Dixon SW,48.85205078,-125.1235657,30/04/2024,3.5,E,9:41,CMA,6.5,2,1,hka,Haliotis kamtschatkana,Pinto abalone,29,0,10,15,4,,,,,,,,,,,,,,,,,,,,,,,,,,,,,,,,,,,,,,,,,,,,,
454,Em Lim,Claire Attridge,BMSC21,Dixon SW,48.85205078,-125.1235657,30/04/2024,3.5,E,9:41,CMA,6.5,0,1,sca,Sebastes caurinus,Copper rockfish,1,0,,,,,,1,,,,,,,,,,,,,,,,,,,,,,,,,,,,,,,,,,,,,,,,,,
455,Em Lim,Claire Attridge,BMSC21,Dixon SW,48.85205078,-125.1235657,30/04/2024,3.5,E,9:41,CMA,6.5,2,1,ami,Acmaea mitra,Whitecap limpet,24,24,,,,,,,,,,,,,,,,,,,,,,,,,,,,,,,,,,,,,,,,,,,,,,,,
456,Em Lim,Claire Attridge,BMSC21,Dixon SW,48.85205078,-125.1235657,30/04/2024,3.5,E,9:41,CMA,6.5,2,1,aha,Artedius harringtoni,Scalyhead sculpin,6,0,3,3,,,,,,,,,,,,,,,,,,,,,,,,,,,,,,,,,,,,,,,,,,,,,,
457,Em Lim,Claire Attridge,BMSC21,Dixon SW,48.85205078,-125.1235657,30/04/2024,3.5,E,9:41,CMA,6.5,2,1,def,Debris - Fishing,Any fishing debris,3,3,,,,,,,,,,,,,,,,,,,,,,,,,,,,,,,,,,,,,,,,,,,,,,,,
458,Em Lim,Claire Attridge,BMSC21,Dixon SW,48.85205078,-125.1235657,30/04/2024,3.5,E,9:41,CMA,6.5,2,1,hcr,Hermissenda crassicornis,Opalescent nudibranch,11,11,,,,,,,,,,,,,,,,,,,,,,,,,,,,,,,,,,,,,,,,,,,,,,,,
459,Em Lim,Claire Attridge,BMSC21,Dixon SW,48.85205078,-125.1235657,30/04/2024,3.5,E,9:41,CMA,6.5,2,1,aca,Apostichopus californicus,California sea cucumber,16,16,,,,,,,,,,,,,,,,,,,,,,,,,,,,,,,,,,,,,,,,,,,,,,,,
460,Em Lim,Claire Attridge,BMSC21,Dixon SW,48.85205078,-125.1235657,30/04/2024,3.5,E,9:41,CMA,6.5,2,1,cgi,Crassadoma gigantea,Purple-hinged rock scallop,19,0,,1,5,6,5,2,,,,,,,,,,,,,,,,,,,,,,,,,,,,,,,,,,,,,,,,,,
461,Em Lim,Claire Attridge,BMSC21,Dixon SW,48.85205078,-125.1235657,30/04/2024,3.5,E,9:41,CMA,6.5,2,1,henricia,Henricia spp.,Unidentified blood star,2,2,,,,,,,,,,,,,,,,,,,,,,,,,,,,,,,,,,,,,,,,,,,,,,,,
462,Em Lim,Claire Attridge,BMSC21,Dixon SW,48.85205078,-125.1235657,30/04/2024,3.5,E,9:41,CMA,6.5,2,1,dim,Dermasterias imbricata,Leather star,7,7,,,,,,,,,,,,,,,,,,,,,,,,,,,,,,,,,,,,,,,,,,,,,,,,
463,Em Lim,Claire Attridge,BMSC21,Dixon SW,48.85205078,-125.1235657,30/04/2024,3.5,E,9:41,CMA,6.5,2,1,sac,Scyra acutifrons,Sharpnose crab,3,3,,,,,,,,,,,,,,,,,,,,,,,,,,,,,,,,,,,,,,,,,,,,,,,,
464,Em Lim,Claire Attridge,BMSC21,Dixon SW,48.85205078,-125.1235657,30/04/2024,3.5,E,9:41,CMA,6.5,2,1,rni,Rhinogobiops nicholsii,Blackeye goby,41,0,7,25,7,2,,,,,,,,,,,,,,,,,,,,,,,,,,,,,,,,,,,,,,,,,,,,
465,Em Lim,Claire Attridge,BMSC21,Dixon SW,48.85205078,-125.1235657,30/04/2024,3.5,E,9:41,CMA,6.5,2,1,cfo,Ceratostoma foliatum,Leafy hornmouth,18,18,,,,,,,,,,,,,,,,,,,,,,,,,,,,,,,,,,,,,,,,,,,,,,,,
466,Em Lim,Claire Attridge,BMSC21,Dixon SW,48.85205078,-125.1235657,30/04/2024,3.5,E,9:41,CMA,6.5,2,1,pgi,Pomaulax gibberosus,Red turban shell,5,5,,,,,,,,,,,,,,,,,,,,,,,,,,,,,,,,,,,,,,,,,,,,,,,,
467,Em Lim,Claire Attridge,BMSC21,Dixon SW,48.85205078,-125.1235657,30/04/2024,3.5,E,9:41,CMA,6.5,2,1,etr,Evasterias troschelii,Mottled starfish,1,1,,,,,,,,,,,,,,,,,,,,,,,,,,,,,,,,,,,,,,,,,,,,,,,,
468,Em Lim,Claire Attridge,BMSC21,Dixon SW,48.85205078,-125.1235657,30/04/2024,3.5,E,9:41,CMA,6.5,2,1,oko,Orthasterias koehleri,Rainbow star,3,3,,,,,,,,,,,,,,,,,,,,,,,,,,,,,,,,,,,,,,,,,,,,,,,,
469,Em Lim,Claire Attridge,BMSC21,Dixon SW,48.85205078,-125.1235657,30/04/2024,3.5,E,9:41,CMA,6.5,2,1,edo,Enteroctopus dofleini,Giant pacific octopus,1,1,,,,,,,,,,,,,,,,,,,,,,,,,,,,,,,,,,,,,,,,,,,,,,,,
470,Em Lim,Claire Attridge,BMSC21,Dixon SW,48.85205078,-125.1235657,30/04/2024,3.5,E,9:41,CMA,6.5,2,1,cal,Cryptonatica aleutica,Aleutian moonsnail ,1,1,,,,,,,,,,,,,,,,,,,,,,,,,,,,,,,,,,,,,,,,,,,,,,,,
471,Em Lim,Claire Attridge,BMSC21,Dixon SW,48.85205078,-125.1235657,30/04/2024,3.5,E,9:41,CMA,6.5,2,1,pda,Pandalus danae,Dock shrimp,1,1,,,,,,,,,,,,,,,,,,,,,,,,,,,,,,,,,,,,,,,,,,,,,,,,
472,Em Lim,Claire Attridge,BMSC21,Dixon SW,48.85205078,-125.1235657,30/04/2024,3.5,E,9:41,CMA,6.5,2,1,pbe,Pagurus beringanus,Bering hermit crab,6,6,,,,,,,,,,,,,,,,,,,,,,,,,,,,,,,,,,,,,,,,,,,,,,,,
473,Em Lim,Claire Attridge,BMSC21,Dixon SW,48.85205078,-125.1235657,30/04/2024,3.5,E,9:41,CMA,6.5,2,1,pmi,Patiria miniata,Bat star,4,4,,,,,,,,,,,,,,,,,,,,,,,,,,,,,,,,,,,,,,,,,,,,,,,,
474,Em Lim,Claire Attridge,BMSC21,Dixon SW,48.85205078,-125.1235657,30/04/2024,3.5,E,9:41,CMA,6.5,2,1,das,Diodora aspera,Rough keyhole limpet,1,1,,,,,,,,,,,,,,,,,,,,,,,,,,,,,,,,,,,,,,,,,,,,,,,,
475,Em Lim,Claire Attridge,BMSC21,Dixon SW,48.85205078,-125.1235657,30/04/2024,3.5,E,9:41,CMA,6.5,0,1,sma,Sebastes maliger,Quillback rockfish,1,0,,,,,,1,,,,,,,,,,,,,,,,,,,,,,,,,,,,,,,,,,,,,,,,,,
476,Em Lim,Claire Attridge,BMSC21,Dixon SW,48.85205078,-125.1235657,30/04/2024,3.5,E,9:41,CMA,6.5,2,1,dsa,Diaulula sandiegensis,Ringed doris,2,2,,,,,,,,,,,,,,,,,,,,,,,,,,,,,,,,,,,,,,,,,,,,,,,,
477,Em Lim,Claire Attridge,BMSC21,Dixon SW,48.85205078,-125.1235657,30/04/2024,3.5,E,9:41,CMA,6.5,2,1,tca,Triopha catalinae,Sea-clown triopha,1,1,,,,,,,,,,,,,,,,,,,,,,,,,,,,,,,,,,,,,,,,,,,,,,,,
478,Em Lim,Valesca deGroot,BMSC22,Dixon Inside,48.85426712,-125.1170349,30/04/2024,2,E,11:53,VDG,5.5,1,1,rni,Rhinogobiops nicholsii,Blackeye goby,46,0,1,17,20,8,,,,,,,,,,,,,,,,,,,,,,,,,,,,,,,,,,,,,,,,,,,,
479,Em Lim,Valesca deGroot,BMSC22,Dixon Inside,48.85426712,-125.1170349,30/04/2024,2,E,11:53,VDG,5.5,2,1,rni,Rhinogobiops nicholsii,Blackeye goby,131,0,25,70,32,4,,,,,,,,,,,,,,,,,,,,,,,,,,,,,,,,,,,,,,,,,,,,
480,Em Lim,Valesca deGroot,BMSC22,Dixon Inside,48.85426712,-125.1170349,30/04/2024,2,E,11:53,VDG,5.5,2,1,pgi,Pomaulax gibberosus,Red turban shell,35,35,,,,,,,,,,,,,,,,,,,,,,,,,,,,,,,,,,,,,,,,,,,,,,,,
481,Em Lim,Valesca deGroot,BMSC22,Dixon Inside,48.85426712,-125.1170349,30/04/2024,2,E,11:53,VDG,5.5,2,1,pmi,Patiria miniata,Bat star,8,8,,,,,,,,,,,,,,,,,,,,,,,,,,,,,,,,,,,,,,,,,,,,,,,,
482,Em Lim,Valesca deGroot,BMSC22,Dixon Inside,48.85426712,-125.1170349,30/04/2024,2,E,11:53,VDG,5.5,2,1,aca,Apostichopus californicus,California sea cucumber,13,13,,,,,,,,,,,,,,,,,,,,,,,,,,,,,,,,,,,,,,,,,,,,,,,,
483,Em Lim,Valesca deGroot,BMSC22,Dixon Inside,48.85426712,-125.1170349,30/04/2024,2,E,11:53,VDG,5.5,2,1,pcle,Pholis clemensi,Longfin gunnel,2,0,,,1,1,,,,,,,,,,,,,,,,,,,,,,,,,,,,,,,,,,,,,,,,,,,,
484,Em Lim,Valesca deGroot,BMSC22,Dixon Inside,48.85426712,-125.1170349,30/04/2024,2,E,11:53,VDG,5.5,2,1,dsc,Discorsopagurus schmitti,Tubeworm hermit,2,2,,,,,,,,,,,,,,,,,,,,,,,,,,,,,,,,,,,,,,,,,,,,,,,,
485,Em Lim,Valesca deGroot,BMSC22,Dixon Inside,48.85426712,-125.1170349,30/04/2024,2,E,11:53,VDG,5.5,2,1,mfra,Mesocentrotus franciscanus,Red sea urchin,57,57,,,,,,,,,,,,,,,,,,,,,,,,,,,,,,,,,,,,,,,,,,,,,,,,
486,Em Lim,Valesca deGroot,BMSC22,Dixon Inside,48.85426712,-125.1170349,30/04/2024,2,E,11:53,VDG,5.5,2,1,oko,Orthasterias koehleri,Rainbow star,3,3,,,,,,,,,,,,,,,,,,,,,,,,,,,,,,,,,,,,,,,,,,,,,,,,
487,Em Lim,Valesca deGroot,BMSC22,Dixon Inside,48.85426712,-125.1170349,30/04/2024,2,E,11:53,VDG,5.5,2,1,etr,Evasterias troschelii,Mottled starfish,3,3,,,,,,,,,,,,,,,,,,,,,,,,,,,,,,,,,,,,,,,,,,,,,,,,
488,Em Lim,Valesca deGroot,BMSC22,Dixon Inside,48.85426712,-125.1170349,30/04/2024,2,E,11:53,VDG,5.5,2,1,cgi,Crassadoma gigantea,Purple-hinged rock scallop,5,5,,,,,,,,,,,,,,,,,,,,,,,,,,,,,,,,,,,,,,,,,,,,,,,,
489,Em Lim,Valesca deGroot,BMSC22,Dixon Inside,48.85426712,-125.1170349,30/04/2024,2,E,11:53,VDG,5.5,0,1,sma,Sebastes maliger,Quillback rockfish,2,0,,,2,,,,,,,,,,,,,,,,,,,,,,,,,,,,,,,,,,,,,,,,,,,,,
490,Em Lim,Valesca deGroot,BMSC22,Dixon Inside,48.85426712,-125.1170349,30/04/2024,2,E,11:53,VDG,5.5,2,1,das,Diodora aspera,Rough keyhole limpet,6,6,,,,,,,,,,,,,,,,,,,,,,,,,,,,,,,,,,,,,,,,,,,,,,,,
491,Em Lim,Valesca deGroot,BMSC22,Dixon Inside,48.85426712,-125.1170349,30/04/2024,2,E,11:53,VDG,5.5,2,1,dmo,Doris montereyensis,Monterey sea lemon,1,1,,,,,,,,,,,,,,,,,,,,,,,,,,,,,,,,,,,,,,,,,,,,,,,,
492,Em Lim,Valesca deGroot,BMSC22,Dixon Inside,48.85426712,-125.1170349,30/04/2024,2,E,11:53,VDG,5.5,2,1,sac,Scyra acutifrons,Sharpnose crab,4,4,,,,,,,,,,,,,,,,,,,,,,,,,,,,,,,,,,,,,,,,,,,,,,,,
493,Em Lim,Valesca deGroot,BMSC22,Dixon Inside,48.85426712,-125.1170349,30/04/2024,2,E,11:53,VDG,5.5,2,1,hka,Haliotis kamtschatkana,Pinto abalone,3,0,,2,1,,,,,,,,,,,,,,,,,,,,,,,,,,,,,,,,,,,,,,,,,,,,,
494,Em Lim,Valesca deGroot,BMSC22,Dixon Inside,48.85426712,-125.1170349,30/04/2024,2,E,11:53,VDG,5.5,2,1,ami,Acmaea mitra,Whitecap limpet,11,11,,,,,,,,,,,,,,,,,,,,,,,,,,,,,,,,,,,,,,,,,,,,,,,,
495,Em Lim,Valesca deGroot,BMSC22,Dixon Inside,48.85426712,-125.1170349,30/04/2024,2,E,11:53,VDG,5.5,2,1,cfo,Ceratostoma foliatum,Leafy hornmouth,2,2,,,,,,,,,,,,,,,,,,,,,,,,,,,,,,,,,,,,,,,,,,,,,,,,
496,Em Lim,Valesca deGroot,BMSC22,Dixon Inside,48.85426712,-125.1170349,30/04/2024,2,E,11:53,VDG,5.5,2,1,dim,Dermasterias imbricata,Leather star,3,3,,,,,,,,,,,,,,,,,,,,,,,,,,,,,,,,,,,,,,,,,,,,,,,,
497,Em Lim,Valesca deGroot,BMSC22,Dixon Inside,48.85426712,-125.1170349,30/04/2024,2,E,11:53,VDG,5.5,2,1,henricia,Henricia spp.,Unidentified blood star,1,1,,,,,,,,,,,,,,,,,,,,,,,,,,,,,,,,,,,,,,,,,,,,,,,,
498,Em Lim,Valesca deGroot,BMSC22,Dixon Inside,48.85426712,-125.1170349,30/04/2024,2,E,11:53,VDG,5.5,0,1,hde,Hexagrammos decagrammus,Kelp greenling,1,0,,,,1,,,,,,,,,,,,,,,,,,,,,,,,,,,,,,,,,,,,,,,,,,,,
499,Em Lim,Valesca deGroot,BMSC22,Dixon Inside,48.85426712,-125.1170349,30/04/2024,2,E,11:53,VDG,5.5,2,1,phem,Pagurus hemphilli,Maroon hermit,2,2,,,,,,,,,,,,,,,,,,,,,,,,,,,,,,,,,,,,,,,,,,,,,,,,
500,Em Lim,Valesca deGroot,BMSC22,Dixon Inside,48.85426712,-125.1170349,30/04/2024,2,E,11:53,VDG,5.5,2,1,jzo,Jordania zonope,Longfin sculpin,1,0,,,,1,,,,,,,,,,,,,,,,,,,,,,,,,,,,,,,,,,,,,,,,,,,,
501,Em Lim,Valesca deGroot,BMSC22,Dixon Inside,48.85426712,-125.1170349,30/04/2024,2,E,11:53,VDG,5.5,2,1,hermit,Paguroidea spp.,Unidentified hermit crab,1,1,,,,,,,,,,,,,,,,,,,,,,,,,,,,,,,,,,,,,,,,,,,,,,,,
502,Em Lim,Valesca deGroot,BMSC22,Dixon Inside,48.85426712,-125.1170349,30/04/2024,2,E,11:53,VDG,5.5,2,1,gor,Glebocarcinus oregonensis,Pygmy rock crab,1,1,,,,,,,,,,,,,,,,,,,,,,,,,,,,,,,,,,,,,,,,,,,,,,,,
503,Em Lim,Valesca deGroot,BMSC22,Dixon Inside,48.85426712,-125.1170349,30/04/2024,2,E,11:53,VDG,5.5,2,1,dez,Debris - Zero,No Debris found,1,1,,,,,,,,,,,,,,,,,,,,,,,,,,,,,,,,,,,,,,,,,,,,,,,,
504,Em Lim,Valesca deGroot,BMSC14,Effingham Archipelago,48.87908173,-125.2974014,01/05/2024,4,SE,9:49,VDG,6,1,1,hde,Hexagrammos decagrammus,Kelp greenling,6,0,,,,,,,,1,4,1,,,,,,,,,,,,,,,,,,,,,,,,,,,,,,,,,,,,,,
505,Em Lim,Valesca deGroot,BMSC14,Effingham Archipelago,48.87908173,-125.2974014,01/05/2024,4,SE,9:49,VDG,6,1,1,sca,Sebastes caurinus,Copper rockfish,11,0,,,,,,2,4,2,3,,,,,,,,,,,,,,,,,,,,,,,,,,,,,,,,,,,,,,,
506,Em Lim,Valesca deGroot,BMSC14,Effingham Archipelago,48.87908173,-125.2974014,01/05/2024,4,SE,9:49,VDG,6,1,1,sme,Sebastes melanops,Black rockfish,13,0,,,,,,3,7,3,,,,,,,,,,,,,,,,,,,,,,,,,,,,,,,,,,,,,,,,
507,Em Lim,Valesca deGroot,BMSC14,Effingham Archipelago,48.87908173,-125.2974014,01/05/2024,4,SE,9:49,VDG,6,1,1,rni,Rhinogobiops nicholsii,Blackeye goby,7,0,,5,2,,,,,,,,,,,,,,,,,,,,,,,,,,,,,,,,,,,,,,,,,,,,,
508,Em Lim,Valesca deGroot,BMSC14,Effingham Archipelago,48.87908173,-125.2974014,01/05/2024,4,SE,9:49,VDG,6,1,1,oel,Ophiodon elongatus,Lingcod,2,0,,,,,,,,,,,,1,1,,,,,,,,,,,,,,,,,,,,,,,,,,,,,,,,,,,
509,Em Lim,Valesca deGroot,BMSC14,Effingham Archipelago,48.87908173,-125.2974014,01/05/2024,4,SE,9:49,VDG,6,1,1,smar,Scorpaenichthys marmoratus,Cabezon,1,0,,,,,,,,,,,1,,,,,,,,,,,,,,,,,,,,,,,,,,,,,,,,,,,,,
510,Em Lim,Valesca deGroot,BMSC14,Effingham Archipelago,48.87908173,-125.2974014,01/05/2024,4,SE,9:49,VDG,6,2,1,mfra,Mesocentrotus franciscanus,Red sea urchin,136,136,,,,,,,,,,,,,,,,,,,,,,,,,,,,,,,,,,,,,,,,,,,,,,,,
511,Em Lim,Valesca deGroot,BMSC14,Effingham Archipelago,48.87908173,-125.2974014,01/05/2024,4,SE,9:49,VDG,6,2,1,pmi,Patiria miniata,Bat star,29,29,,,,,,,,,,,,,,,,,,,,,,,,,,,,,,,,,,,,,,,,,,,,,,,,
512,Em Lim,Valesca deGroot,BMSC14,Effingham Archipelago,48.87908173,-125.2974014,01/05/2024,4,SE,9:49,VDG,6,2,1,phem,Pagurus hemphilli,Maroon hermit,49,49,,,,,,,,,,,,,,,,,,,,,,,,,,,,,,,,,,,,,,,,,,,,,,,,
513,Em Lim,Valesca deGroot,BMSC14,Effingham Archipelago,48.87908173,-125.2974014,01/05/2024,4,SE,9:49,VDG,6,2,1,ami,Acmaea mitra,Whitecap limpet,24,24,,,,,,,,,,,,,,,,,,,,,,,,,,,,,,,,,,,,,,,,,,,,,,,,
514,Em Lim,Valesca deGroot,BMSC14,Effingham Archipelago,48.87908173,-125.2974014,01/05/2024,4,SE,9:49,VDG,6,2,1,cfo,Ceratostoma foliatum,Leafy hornmouth,35,35,,,,,,,,,,,,,,,,,,,,,,,,,,,,,,,,,,,,,,,,,,,,,,,,
515,Em Lim,Valesca deGroot,BMSC14,Effingham Archipelago,48.87908173,-125.2974014,01/05/2024,4,SE,9:49,VDG,6,2,1,rni,Rhinogobiops nicholsii,Blackeye goby,23,0,2,13,8,,,,,,,,,,,,,,,,,,,,,,,,,,,,,,,,,,,,,,,,,,,,,
516,Em Lim,Valesca deGroot,BMSC14,Effingham Archipelago,48.87908173,-125.2974014,01/05/2024,4,SE,9:49,VDG,6,2,1,pgi,Pomaulax gibberosus,Red turban shell,63,63,,,,,,,,,,,,,,,,,,,,,,,,,,,,,,,,,,,,,,,,,,,,,,,,
517,Em Lim,Valesca deGroot,BMSC14,Effingham Archipelago,48.87908173,-125.2974014,01/05/2024,4,SE,9:49,VDG,6,2,1,hka,Haliotis kamtschatkana,Pinto abalone,42,0,29,13,,,,,,,,,,,,,,,,,,,,,,,,,,,,,,,,,,,,,,,,,,,,,,
518,Em Lim,Valesca deGroot,BMSC14,Effingham Archipelago,48.87908173,-125.2974014,01/05/2024,4,SE,9:49,VDG,6,2,1,aca,Apostichopus californicus,California sea cucumber,15,15,,,,,,,,,,,,,,,,,,,,,,,,,,,,,,,,,,,,,,,,,,,,,,,,
519,Em Lim,Valesca deGroot,BMSC14,Effingham Archipelago,48.87908173,-125.2974014,01/05/2024,4,SE,9:49,VDG,6,2,1,dsc,Discorsopagurus schmitti,Tubeworm hermit,3,3,,,,,,,,,,,,,,,,,,,,,,,,,,,,,,,,,,,,,,,,,,,,,,,,
520,Em Lim,Valesca deGroot,BMSC14,Effingham Archipelago,48.87908173,-125.2974014,01/05/2024,4,SE,9:49,VDG,6,2,1,das,Diodora aspera,Rough keyhole limpet,14,14,,,,,,,,,,,,,,,,,,,,,,,,,,,,,,,,,,,,,,,,,,,,,,,,
521,Em Lim,Valesca deGroot,BMSC14,Effingham Archipelago,48.87908173,-125.2974014,01/05/2024,4,SE,9:49,VDG,6,2,1,jzo,Jordania zonope,Longfin sculpin,12,0,8,2,2,,,,,,,,,,,,,,,,,,,,,,,,,,,,,,,,,,,,,,,,,,,,,
522,Em Lim,Valesca deGroot,BMSC14,Effingham Archipelago,48.87908173,-125.2974014,01/05/2024,4,SE,9:49,VDG,6,2,1,oko,Orthasterias koehleri,Rainbow star,8,8,,,,,,,,,,,,,,,,,,,,,,,,,,,,,,,,,,,,,,,,,,,,,,,,
523,Em Lim,Valesca deGroot,BMSC14,Effingham Archipelago,48.87908173,-125.2974014,01/05/2024,4,SE,9:49,VDG,6,2,1,hermit,Paguroidea spp.,Unidentified hermit crab,2,2,,,,,,,,,,,,,,,,,,,,,,,,,,,,,,,,,,,,,,,,,,,,,,,,
524,Em Lim,Valesca deGroot,BMSC14,Effingham Archipelago,48.87908173,-125.2974014,01/05/2024,4,SE,9:49,VDG,6,2,1,pno,Peltodoris nobilis,Noble sea lemon,1,1,,,,,,,,,,,,,,,,,,,,,,,,,,,,,,,,,,,,,,,,,,,,,,,,
525,Em Lim,Valesca deGroot,BMSC14,Effingham Archipelago,48.87908173,-125.2974014,01/05/2024,4,SE,9:49,VDG,6,2,1,sac,Scyra acutifrons,Sharpnose crab,8,8,,,,,,,,,,,,,,,,,,,,,,,,,,,,,,,,,,,,,,,,,,,,,,,,
526,Em Lim,Valesca deGroot,BMSC14,Effingham Archipelago,48.87908173,-125.2974014,01/05/2024,4,SE,9:49,VDG,6,2,1,aha,Artedius harringtoni,Scalyhead sculpin,8,0,2,6,,,,,,,,,,,,,,,,,,,,,,,,,,,,,,,,,,,,,,,,,,,,,,
527,Em Lim,Valesca deGroot,BMSC14,Effingham Archipelago,48.87908173,-125.2974014,01/05/2024,4,SE,9:49,VDG,6,2,1,dsa,Diaulula sandiegensis,Ringed doris,3,3,,,,,,,,,,,,,,,,,,,,,,,,,,,,,,,,,,,,,,,,,,,,,,,,
528,Em Lim,Valesca deGroot,BMSC14,Effingham Archipelago,48.87908173,-125.2974014,01/05/2024,4,SE,9:49,VDG,6,2,1,cgi,Crassadoma gigantea,Purple-hinged rock scallop,7,0,,1,2,4,,,,,,,,,,,,,,,,,,,,,,,,,,,,,,,,,,,,,,,,,,,,
529,Em Lim,Valesca deGroot,BMSC14,Effingham Archipelago,48.87908173,-125.2974014,01/05/2024,4,SE,9:49,VDG,6,2,1,ppu,Pachycheles pubescens,Pubescent porcelain crab,3,3,,,,,,,,,,,,,,,,,,,,,,,,,,,,,,,,,,,,,,,,,,,,,,,,
530,Em Lim,Valesca deGroot,BMSC14,Effingham Archipelago,48.87908173,-125.2974014,01/05/2024,4,SE,9:49,VDG,6,2,1,pbe,Pagurus beringanus,Bering hermit crab,3,3,,,,,,,,,,,,,,,,,,,,,,,,,,,,,,,,,,,,,,,,,,,,,,,,
531,Em Lim,Valesca deGroot,BMSC14,Effingham Archipelago,48.87908173,-125.2974014,01/05/2024,4,SE,9:49,VDG,6,2,1,ata,Asemichthys taylori,Spinynose sculpin,1,0,,1,,,,,,,,,,,,,,,,,,,,,,,,,,,,,,,,,,,,,,,,,,,,,,
532,Em Lim,Valesca deGroot,BMSC14,Effingham Archipelago,48.87908173,-125.2974014,01/05/2024,4,SE,9:49,VDG,6,0,1,sebastes,Sebastes spp.,Unidentified rockfish,2,0,,2,,,,,,,,,,,,,,,,,,,,,,,,,,,,,,,,,,,,,,,,,,,,,,
533,Em Lim,Valesca deGroot,BMSC14,Effingham Archipelago,48.87908173,-125.2974014,01/05/2024,4,SE,9:49,VDG,6,2,1,dim,Dermasterias imbricata,Leather star,5,5,,,,,,,,,,,,,,,,,,,,,,,,,,,,,,,,,,,,,,,,,,,,,,,,
534,Em Lim,Valesca deGroot,BMSC14,Effingham Archipelago,48.87908173,-125.2974014,01/05/2024,4,SE,9:49,VDG,6,2,1,henricia,Henricia spp.,Unidentified blood star,2,2,,,,,,,,,,,,,,,,,,,,,,,,,,,,,,,,,,,,,,,,,,,,,,,,
535,Em Lim,Valesca deGroot,BMSC14,Effingham Archipelago,48.87908173,-125.2974014,01/05/2024,4,SE,9:49,VDG,6,2,1,hspi,Hemilepidotus spinosus,Brown irish lord,1,0,,,,,,1,,,,,,,,,,,,,,,,,,,,,,,,,,,,,,,,,,,,,,,,,,
536,Em Lim,Valesca deGroot,BMSC14,Effingham Archipelago,48.87908173,-125.2974014,01/05/2024,4,SE,9:49,VDG,6,0,1,sne,Sebastes nebulosus,China rockfish,1,0,,,,,,,,,1,,,,,,,,,,,,,,,,,,,,,,,,,,,,,,,,,,,,,,,
537,Em Lim,Valesca deGroot,BMSC14,Effingham Archipelago,48.87908173,-125.2974014,01/05/2024,4,SE,9:49,VDG,6,2,1,gor,Glebocarcinus oregonensis,Pygmy rock crab,1,1,,,,,,,,,,,,,,,,,,,,,,,,,,,,,,,,,,,,,,,,,,,,,,,,
538,Em Lim,Valesca deGroot,BMSC14,Effingham Archipelago,48.87908173,-125.2974014,01/05/2024,4,SE,9:49,VDG,6,2,1,cty,Cryptolithodes typicus,Butterfly king crab,2,2,,,,,,,,,,,,,,,,,,,,,,,,,,,,,,,,,,,,,,,,,,,,,,,,
539,Em Lim,Valesca deGroot,BMSC14,Effingham Archipelago,48.87908173,-125.2974014,01/05/2024,4,SE,9:49,VDG,6,2,1,chlamys,Chlamys spp.,Unidentified scallop,2,0,,2,,,,,,,,,,,,,,,,,,,,,,,,,,,,,,,,,,,,,,,,,,,,,,
540,Em Lim,Valesca deGroot,BMSC14,Effingham Archipelago,48.87908173,-125.2974014,01/05/2024,4,SE,9:49,VDG,6,2,1,tfe,Tritonia festiva,Diamondback tritonia,1,1,,,,,,,,,,,,,,,,,,,,,,,,,,,,,,,,,,,,,,,,,,,,,,,,
541,Em Lim,Valesca deGroot,BMSC14,Effingham Archipelago,48.87908173,-125.2974014,01/05/2024,4,SE,9:49,VDG,6,2,1,dez,Debris - Zero,No Debris found,1,1,,,,,,,,,,,,,,,,,,,,,,,,,,,,,,,,,,,,,,,,,,,,,,,,
542,Em Lim,Valesca deGroot,BMSC15,Raymond Kelp Rock,48.88028336,-125.3128815,01/05/2024,2.5,W,12:17,VDG,6.5,1,1,sca,Sebastes caurinus,Copper rockfish,1,0,,,,,,,,,1,,,,,,,,,,,,,,,,,,,,,,,,,,,,,,,,,,,,,,,
543,Em Lim,Valesca deGroot,BMSC15,Raymond Kelp Rock,48.88028336,-125.3128815,01/05/2024,2.5,W,12:17,VDG,6.5,1,1,rni,Rhinogobiops nicholsii,Blackeye goby,2,0,,2,,,,,,,,,,,,,,,,,,,,,,,,,,,,,,,,,,,,,,,,,,,,,,
544,Em Lim,Valesca deGroot,BMSC15,Raymond Kelp Rock,48.88028336,-125.3128815,01/05/2024,2.5,W,12:17,VDG,6.5,1,1,avi,Aequorea victoria,Victoria's crystal jelly,1,0,,1,,,,,,,,,,,,,,,,,,,,,,,,,,,,,,,,,,,,,,,,,,,,,,
545,Em Lim,Valesca deGroot,BMSC15,Raymond Kelp Rock,48.88028336,-125.3128815,01/05/2024,2.5,W,12:17,VDG,6.5,0,1,hde,Hexagrammos decagrammus,Kelp greenling,1,0,,,,,,,,1,,,,,,,,,,,,,,,,,,,,,,,,,,,,,,,,,,,,,,,,
546,Em Lim,Valesca deGroot,BMSC15,Raymond Kelp Rock,48.88028336,-125.3128815,01/05/2024,2.5,W,12:17,VDG,6.5,2,1,cgi,Crassadoma gigantea,Purple-hinged rock scallop,2,0,,,,2,,,,,,,,,,,,,,,,,,,,,,,,,,,,,,,,,,,,,,,,,,,,
547,Em Lim,Valesca deGroot,BMSC15,Raymond Kelp Rock,48.88028336,-125.3128815,01/05/2024,2.5,W,12:17,VDG,6.5,2,1,henricia,Henricia spp.,Unidentified blood star,2,2,,,,,,,,,,,,,,,,,,,,,,,,,,,,,,,,,,,,,,,,,,,,,,,,
548,Em Lim,Valesca deGroot,BMSC15,Raymond Kelp Rock,48.88028336,-125.3128815,01/05/2024,2.5,W,12:17,VDG,6.5,2,1,rni,Rhinogobiops nicholsii,Blackeye goby,48,0,9,34,5,,,,,,,,,,,,,,,,,,,,,,,,,,,,,,,,,,,,,,,,,,,,,
549,Em Lim,Valesca deGroot,BMSC15,Raymond Kelp Rock,48.88028336,-125.3128815,01/05/2024,2.5,W,12:17,VDG,6.5,2,1,aca,Apostichopus californicus,California sea cucumber,13,13,,,,,,,,,,,,,,,,,,,,,,,,,,,,,,,,,,,,,,,,,,,,,,,,
550,Em Lim,Valesca deGroot,BMSC15,Raymond Kelp Rock,48.88028336,-125.3128815,01/05/2024,2.5,W,12:17,VDG,6.5,2,1,pno,Peltodoris nobilis,Noble sea lemon,2,2,,,,,,,,,,,,,,,,,,,,,,,,,,,,,,,,,,,,,,,,,,,,,,,,
551,Em Lim,Valesca deGroot,BMSC15,Raymond Kelp Rock,48.88028336,-125.3128815,01/05/2024,2.5,W,12:17,VDG,6.5,2,1,dim,Dermasterias imbricata,Leather star,5,5,,,,,,,,,,,,,,,,,,,,,,,,,,,,,,,,,,,,,,,,,,,,,,,,
552,Em Lim,Valesca deGroot,BMSC15,Raymond Kelp Rock,48.88028336,-125.3128815,01/05/2024,2.5,W,12:17,VDG,6.5,2,1,hka,Haliotis kamtschatkana,Pinto abalone,3,0,,1,1,1,,,,,,,,,,,,,,,,,,,,,,,,,,,,,,,,,,,,,,,,,,,,
553,Em Lim,Valesca deGroot,BMSC15,Raymond Kelp Rock,48.88028336,-125.3128815,01/05/2024,2.5,W,12:17,VDG,6.5,2,1,cgi,Crassadoma gigantea,Purple-hinged rock scallop,3,0,,,1,2,,,,,,,,,,,,,,,,,,,,,,,,,,,,,,,,,,,,,,,,,,,,
554,Em Lim,Valesca deGroot,BMSC15,Raymond Kelp Rock,48.88028336,-125.3128815,01/05/2024,2.5,W,12:17,VDG,6.5,2,1,pmi,Patiria miniata,Bat star,15,15,,,,,,,,,,,,,,,,,,,,,,,,,,,,,,,,,,,,,,,,,,,,,,,,
555,Em Lim,Valesca deGroot,BMSC15,Raymond Kelp Rock,48.88028336,-125.3128815,01/05/2024,2.5,W,12:17,VDG,6.5,2,1,cpr,Cancer productus,Red rock crab,1,1,,,,,,,,,,,,,,,,,,,,,,,,,,,,,,,,,,,,,,,,,,,,,,,,
556,Em Lim,Valesca deGroot,BMSC15,Raymond Kelp Rock,48.88028336,-125.3128815,01/05/2024,2.5,W,12:17,VDG,6.5,2,1,hermit,Paguroidea spp.,Unidentified hermit crab,7,7,,,,,,,,,,,,,,,,,,,,,,,,,,,,,,,,,,,,,,,,,,,,,,,,
557,Em Lim,Valesca deGroot,BMSC15,Raymond Kelp Rock,48.88028336,-125.3128815,01/05/2024,2.5,W,12:17,VDG,6.5,2,1,das,Diodora aspera,Rough keyhole limpet,4,4,,,,,,,,,,,,,,,,,,,,,,,,,,,,,,,,,,,,,,,,,,,,,,,,
558,Em Lim,Valesca deGroot,BMSC15,Raymond Kelp Rock,48.88028336,-125.3128815,01/05/2024,2.5,W,12:17,VDG,6.5,2,1,phem,Pagurus hemphilli,Maroon hermit,1,0,1,,,,,,,,,,,,,,,,,,,,,,,,,,,,,,,,,,,,,,,,,,,,,,,
559,Em Lim,Valesca deGroot,BMSC15,Raymond Kelp Rock,48.88028336,-125.3128815,01/05/2024,2.5,W,12:17,VDG,6.5,2,1,ahu,Acanthodoris hudsoni,Hudson's horned dorid,1,1,,,,,,,,,,,,,,,,,,,,,,,,,,,,,,,,,,,,,,,,,,,,,,,,
560,Em Lim,Valesca deGroot,BMSC15,Raymond Kelp Rock,48.88028336,-125.3128815,01/05/2024,2.5,W,12:17,VDG,6.5,2,1,cadlina,Cadlina spp.,0,1,1,,,,,,,,,,,,,,,,,,,,,,,,,,,,,,,,,,,,,,,,,,,,,,,,
561,Em Lim,Valesca deGroot,BMSC15,Raymond Kelp Rock,48.88028336,-125.3128815,01/05/2024,2.5,W,12:17,VDG,6.5,2,1,prud,Pachycheles rudis,Thickclaw porcelain crab,1,1,,,,,,,,,,,,,,,,,,,,,,,,,,,,,,,,,,,,,,,,,,,,,,,,
562,Em Lim,Valesca deGroot,BMSC15,Raymond Kelp Rock,48.88028336,-125.3128815,01/05/2024,2.5,W,12:17,VDG,6.5,2,1,chlamys,Chlamys spp.,Unidentified scallop,1,0,1,,,,,,,,,,,,,,,,,,,,,,,,,,,,,,,,,,,,,,,,,,,,,,,
563,Em Lim,Valesca deGroot,BMSC15,Raymond Kelp Rock,48.88028336,-125.3128815,01/05/2024,2.5,W,12:17,VDG,6.5,2,1,sac,Scyra acutifrons,Sharpnose crab,4,4,,,,,,,,,,,,,,,,,,,,,,,,,,,,,,,,,,,,,,,,,,,,,,,,
564,Em Lim,Valesca deGroot,BMSC15,Raymond Kelp Rock,48.88028336,-125.3128815,01/05/2024,2.5,W,12:17,VDG,6.5,2,1,phem,Pagurus hemphilli,Maroon hermit,3,3,,,,,,,,,,,,,,,,,,,,,,,,,,,,,,,,,,,,,,,,,,,,,,,,
565,Em Lim,Valesca deGroot,BMSC15,Raymond Kelp Rock,48.88028336,-125.3128815,01/05/2024,2.5,W,12:17,VDG,6.5,2,1,ppu,Pachycheles pubescens,Pubescent porcelain crab,1,1,,,,,,,,,,,,,,,,,,,,,,,,,,,,,,,,,,,,,,,,,,,,,,,,
566,Em Lim,Valesca deGroot,BMSC15,Raymond Kelp Rock,48.88028336,-125.3128815,01/05/2024,2.5,W,12:17,VDG,6.5,2,1,jzo,Jordania zonope,Longfin sculpin,1,0,,1,,,,,,,,,,,,,,,,,,,,,,,,,,,,,,,,,,,,,,,,,,,,,,
567,Em Lim,Valesca deGroot,BMSC15,Raymond Kelp Rock,48.88028336,-125.3128815,01/05/2024,2.5,W,12:17,VDG,6.5,2,1,etr,Evasterias troschelii,Mottled starfish,1,1,,,,,,,,,,,,,,,,,,,,,,,,,,,,,,,,,,,,,,,,,,,,,,,,
568,Em Lim,Valesca deGroot,BMSC15,Raymond Kelp Rock,48.88028336,-125.3128815,01/05/2024,2.5,W,12:17,VDG,6.5,2,1,cfo,Ceratostoma foliatum,Leafy hornmouth,1,1,,,,,,,,,,,,,,,,,,,,,,,,,,,,,,,,,,,,,,,,,,,,,,,,
569,Em Lim,Valesca deGroot,BMSC15,Raymond Kelp Rock,48.88028336,-125.3128815,01/05/2024,2.5,W,12:17,VDG,6.5,2,1,dez,Debris - Zero,No Debris found,1,1,,,,,,,,,,,,,,,,,,,,,,,,,,,,,,,,,,,,,,,,,,,,,,,,
570,Valesca deGroot,Em Lim,BMSC15,Raymond Kelp Rock,48.88028336,-125.3128815,01/05/2024,2.5,W,12:17,VDG,6.5,1,2,hde,Hexagrammos decagrammus,Kelp greenling,1,0,,,,,,,,1,,,,,,,,,,,,,,,,,,,,,,,,,,,,,,,,,,,,,,,,
571,Valesca deGroot,Em Lim,BMSC15,Raymond Kelp Rock,48.88028336,-125.3128815,01/05/2024,2.5,W,12:17,VDG,6.5,1,2,sca,Sebastes caurinus,Copper rockfish,4,0,,,2,2,,,,,,,,,,,,,,,,,,,,,,,,,,,,,,,,,,,,,,,,,,,,
572,Valesca deGroot,Em Lim,BMSC15,Raymond Kelp Rock,48.88028336,-125.3128815,01/05/2024,2.5,W,12:17,VDG,6.5,1,2,rni,Rhinogobiops nicholsii,Blackeye goby,7,0,,1,6,,,,,,,,,,,,,,,,,,,,,,,,,,,,,,,,,,,,,,,,,,,,,
573,Em Lim,Valesca deGroot,BMSC15,Raymond Kelp Rock,48.88028336,-125.3128815,01/05/2024,2.5,W,12:17,VDG,6.5,2,2,pgi,Pomaulax gibberosus,Red turban shell,237,237,,,,,,,,,,,,,,,,,,,,,,,,,,,,,,,,,,,,,,,,,,,,,,,,
574,Em Lim,Valesca deGroot,BMSC15,Raymond Kelp Rock,48.88028336,-125.3128815,01/05/2024,2.5,W,12:17,VDG,6.5,2,2,rni,Rhinogobiops nicholsii,Blackeye goby,64,0,15,32,16,1,,,,,,,,,,,,,,,,,,,,,,,,,,,,,,,,,,,,,,,,,,,,
575,Em Lim,Valesca deGroot,BMSC15,Raymond Kelp Rock,48.88028336,-125.3128815,01/05/2024,2.5,W,12:17,VDG,6.5,2,2,pmi,Patiria miniata,Bat star,22,22,,,,,,,,,,,,,,,,,,,,,,,,,,,,,,,,,,,,,,,,,,,,,,,,
576,Em Lim,Valesca deGroot,BMSC15,Raymond Kelp Rock,48.88028336,-125.3128815,01/05/2024,2.5,W,12:17,VDG,6.5,2,2,aca,Apostichopus californicus,California sea cucumber,14,14,,,,,,,,,,,,,,,,,,,,,,,,,,,,,,,,,,,,,,,,,,,,,,,,
577,Em Lim,Valesca deGroot,BMSC15,Raymond Kelp Rock,48.88028336,-125.3128815,01/05/2024,2.5,W,12:17,VDG,6.5,2,2,das,Diodora aspera,Rough keyhole limpet,3,3,,,,,,,,,,,,,,,,,,,,,,,,,,,,,,,,,,,,,,,,,,,,,,,,
578,Em Lim,Valesca deGroot,BMSC15,Raymond Kelp Rock,48.88028336,-125.3128815,01/05/2024,2.5,W,12:17,VDG,6.5,2,2,cgi,Crassadoma gigantea,Purple-hinged rock scallop,18,0,,3,5,8,2,,,,,,,,,,,,,,,,,,,,,,,,,,,,,,,,,,,,,,,,,,,
579,Em Lim,Valesca deGroot,BMSC15,Raymond Kelp Rock,48.88028336,-125.3128815,01/05/2024,2.5,W,12:17,VDG,6.5,2,2,hka,Haliotis kamtschatkana,Pinto abalone,2,0,,2,,,,,,,,,,,,,,,,,,,,,,,,,,,,,,,,,,,,,,,,,,,,,,
580,Em Lim,Valesca deGroot,BMSC15,Raymond Kelp Rock,48.88028336,-125.3128815,01/05/2024,2.5,W,12:17,VDG,6.5,2,2,dim,Dermasterias imbricata,Leather star,5,5,,,,,,,,,,,,,,,,,,,,,,,,,,,,,,,,,,,,,,,,,,,,,,,,
581,Em Lim,Valesca deGroot,BMSC15,Raymond Kelp Rock,48.88028336,-125.3128815,01/05/2024,2.5,W,12:17,VDG,6.5,2,2,phem,Pagurus hemphilli,Maroon hermit,8,8,,,,,,,,,,,,,,,,,,,,,,,,,,,,,,,,,,,,,,,,,,,,,,,,
582,Em Lim,Valesca deGroot,BMSC15,Raymond Kelp Rock,48.88028336,-125.3128815,01/05/2024,2.5,W,12:17,VDG,6.5,2,2,ppu,Pachycheles pubescens,Pubescent porcelain crab,2,2,,,,,,,,,,,,,,,,,,,,,,,,,,,,,,,,,,,,,,,,,,,,,,,,
583,Em Lim,Valesca deGroot,BMSC15,Raymond Kelp Rock,48.88028336,-125.3128815,01/05/2024,2.5,W,12:17,VDG,6.5,2,2,sgi,Synchirus gilli,Manacled sculpin,1,0,,1,,,,,,,,,,,,,,,,,,,,,,,,,,,,,,,,,,,,,,,,,,,,,,
584,Em Lim,Valesca deGroot,BMSC15,Raymond Kelp Rock,48.88028336,-125.3128815,01/05/2024,2.5,W,12:17,VDG,6.5,2,2,ppr,Pugettia producta,Northern kelp crab,2,2,,,,,,,,,,,,,,,,,,,,,,,,,,,,,,,,,,,,,,,,,,,,,,,,
585,Em Lim,Valesca deGroot,BMSC15,Raymond Kelp Rock,48.88028336,-125.3128815,01/05/2024,2.5,W,12:17,VDG,6.5,2,2,eci,Echidnocerus cibarius,Puget sound king crab,1,1,,,,,,,,,,,,,,,,,,,,,,,,,,,,,,,,,,,,,,,,,,,,,,,,
586,Em Lim,Valesca deGroot,BMSC15,Raymond Kelp Rock,48.88028336,-125.3128815,01/05/2024,2.5,W,12:17,VDG,6.5,2,2,sac,Scyra acutifrons,Sharpnose crab,4,4,,,,,,,,,,,,,,,,,,,,,,,,,,,,,,,,,,,,,,,,,,,,,,,,
587,Em Lim,Valesca deGroot,BMSC15,Raymond Kelp Rock,48.88028336,-125.3128815,01/05/2024,2.5,W,12:17,VDG,6.5,0,2,sme,Sebastes melanops,Black rockfish,1,0,,,,,,,1,,,,,,,,,,,,,,,,,,,,,,,,,,,,,,,,,,,,,,,,,
588,Em Lim,Valesca deGroot,BMSC15,Raymond Kelp Rock,48.88028336,-125.3128815,01/05/2024,2.5,W,12:17,VDG,6.5,2,2,hme,Hapalogaster mertensii,Hairy crab,1,1,,,,,,,,,,,,,,,,,,,,,,,,,,,,,,,,,,,,,,,,,,,,,,,,
589,Em Lim,Valesca deGroot,BMSC15,Raymond Kelp Rock,48.88028336,-125.3128815,01/05/2024,2.5,W,12:17,VDG,6.5,2,2,mfra,Mesocentrotus franciscanus,Red sea urchin,5,5,,,,,,,,,,,,,,,,,,,,,,,,,,,,,,,,,,,,,,,,,,,,,,,,
590,Em Lim,Valesca deGroot,BMSC15,Raymond Kelp Rock,48.88028336,-125.3128815,01/05/2024,2.5,W,12:17,VDG,6.5,2,2,oko,Orthasterias koehleri,Rainbow star,1,1,,,,,,,,,,,,,,,,,,,,,,,,,,,,,,,,,,,,,,,,,,,,,,,,
591,Em Lim,Valesca deGroot,BMSC15,Raymond Kelp Rock,48.88028336,-125.3128815,01/05/2024,2.5,W,12:17,VDG,6.5,2,2,phek,Pycnopodia helianthoides,Sunflower star [kelp],4,0,3,1,,,,,,,,,,,,,,,,,,,,,,,,,,,,,,,,,,,,,,,,,,,,,,
592,Em Lim,Valesca deGroot,BMSC15,Raymond Kelp Rock,48.88028336,-125.3128815,01/05/2024,2.5,W,12:17,VDG,6.5,2,2,hcr,Hermissenda crassicornis,Opalescent nudibranch,2,2,,,,,,,,,,,,,,,,,,,,,,,,,,,,,,,,,,,,,,,,,,,,,,,,
593,Em Lim,Valesca deGroot,BMSC15,Raymond Kelp Rock,48.88028336,-125.3128815,01/05/2024,2.5,W,12:17,VDG,6.5,2,2,hsty,Heptacarpus stylus,Stiletto shrimp,2,2,,,,,,,,,,,,,,,,,,,,,,,,,,,,,,,,,,,,,,,,,,,,,,,,
594,Em Lim,Valesca deGroot,BMSC15,Raymond Kelp Rock,48.88028336,-125.3128815,01/05/2024,2.5,W,12:17,VDG,6.5,0,0,bfr,Brachyistius frenatus,Kelp perch,1,0,,,1,,,,,,,,,,,,,,,,,,,,,,,,,,,,,,,,,,,,,,,,,,,,,
595,Em Lim,Valesca deGroot,BMSC15,Raymond Kelp Rock,48.88028336,-125.3128815,01/05/2024,2.5,W,12:17,VDG,6.5,2,2,dez,Debris - Zero,No Debris found,1,1,,,,,,,,,,,,,,,,,,,,,,,,,,,,,,,,,,,,,,,,,,,,,,,,
596,Em Lim,Valesca deGroot,BMSC13,Effingham West,48.8650322,-125.3137207,01/05/2024,3,W,14:53,VDG,3,1,1,rni,Rhinogobiops nicholsii,Blackeye goby,8,0,,7,1,,,,,,,,,,,,,,,,,,,,,,,,,,,,,,,,,,,,,,,,,,,,,
597,Em Lim,Valesca deGroot,BMSC13,Effingham West,48.8650322,-125.3137207,01/05/2024,3,W,14:53,VDG,3,1,1,hde,Hexagrammos decagrammus,Kelp greenling,5,0,,,,,1,3,1,,,,,,,,,,,,,,,,,,,,,,,,,,,,,,,,,,,,,,,,,
598,Em Lim,Valesca deGroot,BMSC13,Effingham West,48.8650322,-125.3137207,01/05/2024,3,W,14:53,VDG,3,1,1,hst,Hexagrammos stelleri,Whitespotted greenling,1,0,,,,,,1,,,,,,,,,,,,,,,,,,,,,,,,,,,,,,,,,,,,,,,,,,
599,Em Lim,Valesca deGroot,BMSC13,Effingham West,48.8650322,-125.3137207,01/05/2024,3,W,14:53,VDG,3,2,1,mfra,Mesocentrotus franciscanus,Red sea urchin,211,211,,,,,,,,,,,,,,,,,,,,,,,,,,,,,,,,,,,,,,,,,,,,,,,,
600,Em Lim,Valesca deGroot,BMSC13,Effingham West,48.8650322,-125.3137207,01/05/2024,3,W,14:53,VDG,3,2,1,pgi,Pomaulax gibberosus,Red turban shell,287,287,,,,,,,,,,,,,,,,,,,,,,,,,,,,,,,,,,,,,,,,,,,,,,,,
601,Em Lim,Valesca deGroot,BMSC13,Effingham West,48.8650322,-125.3137207,01/05/2024,3,W,14:53,VDG,3,2,1,oko,Orthasterias koehleri,Rainbow star,8,8,,,,,,,,,,,,,,,,,,,,,,,,,,,,,,,,,,,,,,,,,,,,,,,,
602,Em Lim,Valesca deGroot,BMSC13,Effingham West,48.8650322,-125.3137207,01/05/2024,3,W,14:53,VDG,3,2,1,pmi,Patiria miniata,Bat star,47,47,,,,,,,,,,,,,,,,,,,,,,,,,,,,,,,,,,,,,,,,,,,,,,,,
603,Em Lim,Valesca deGroot,BMSC13,Effingham West,48.8650322,-125.3137207,01/05/2024,3,W,14:53,VDG,3,2,1,hcr,Hermissenda crassicornis,Opalescent nudibranch,11,11,,,,,,,,,,,,,,,,,,,,,,,,,,,,,,,,,,,,,,,,,,,,,,,,
604,Em Lim,Valesca deGroot,BMSC13,Effingham West,48.8650322,-125.3137207,01/05/2024,3,W,14:53,VDG,3,2,1,ami,Acmaea mitra,Whitecap limpet,17,17,,,,,,,,,,,,,,,,,,,,,,,,,,,,,,,,,,,,,,,,,,,,,,,,
605,Em Lim,Valesca deGroot,BMSC13,Effingham West,48.8650322,-125.3137207,01/05/2024,3,W,14:53,VDG,3,2,1,cgi,Crassadoma gigantea,Purple-hinged rock scallop,4,0,,,2,1,,1,,,,,,,,,,,,,,,,,,,,,,,,,,,,,,,,,,,,,,,,,,
606,Em Lim,Valesca deGroot,BMSC13,Effingham West,48.8650322,-125.3137207,01/05/2024,3,W,14:53,VDG,3,2,1,rni,Rhinogobiops nicholsii,Blackeye goby,47,0,,7,24,15,1,,,,,,,,,,,,,,,,,,,,,,,,,,,,,,,,,,,,,,,,,,,
607,Em Lim,Valesca deGroot,BMSC13,Effingham West,48.8650322,-125.3137207,01/05/2024,3,W,14:53,VDG,3,2,1,aca,Apostichopus californicus,California sea cucumber,10,10,,,,,,,,,,,,,,,,,,,,,,,,,,,,,,,,,,,,,,,,,,,,,,,,
608,Em Lim,Valesca deGroot,BMSC13,Effingham West,48.8650322,-125.3137207,01/05/2024,3,W,14:53,VDG,3,2,1,cfo,Ceratostoma foliatum,Leafy hornmouth,1,1,,,,,,,,,,,,,,,,,,,,,,,,,,,,,,,,,,,,,,,,,,,,,,,,
609,Em Lim,Valesca deGroot,BMSC13,Effingham West,48.8650322,-125.3137207,01/05/2024,3,W,14:53,VDG,3,2,1,pher,Pycnopodia helianthoides,Sunflower star [rock],2,0,,,1,,1,,,,,,,,,,,,,,,,,,,,,,,,,,,,,,,,,,,,,,,,,,,
610,Em Lim,Valesca deGroot,BMSC13,Effingham West,48.8650322,-125.3137207,01/05/2024,3,W,14:53,VDG,3,2,1,hka,Haliotis kamtschatkana,Pinto abalone,3,0,,2,1,,,,,,,,,,,,,,,,,,,,,,,,,,,,,,,,,,,,,,,,,,,,,
611,Em Lim,Valesca deGroot,BMSC13,Effingham West,48.8650322,-125.3137207,01/05/2024,3,W,14:53,VDG,3,2,1,ppr,Pugettia producta,Northern kelp crab,2,2,,,,,,,,,,,,,,,,,,,,,,,,,,,,,,,,,,,,,,,,,,,,,,,,
612,Em Lim,Valesca deGroot,BMSC13,Effingham West,48.8650322,-125.3137207,01/05/2024,3,W,14:53,VDG,3,2,1,phem,Pagurus hemphilli,Maroon hermit,4,4,,,,,,,,,,,,,,,,,,,,,,,,,,,,,,,,,,,,,,,,,,,,,,,,
613,Em Lim,Valesca deGroot,BMSC13,Effingham West,48.8650322,-125.3137207,01/05/2024,3,W,14:53,VDG,3,2,1,dim,Dermasterias imbricata,Leather star,2,2,,,,,,,,,,,,,,,,,,,,,,,,,,,,,,,,,,,,,,,,,,,,,,,,
614,Em Lim,Valesca deGroot,BMSC13,Effingham West,48.8650322,-125.3137207,01/05/2024,3,W,14:53,VDG,3,2,1,aha,Artedius harringtoni,Scalyhead sculpin,1,0,,1,,,,,,,,,,,,,,,,,,,,,,,,,,,,,,,,,,,,,,,,,,,,,,
615,Em Lim,Valesca deGroot,BMSC13,Effingham West,48.8650322,-125.3137207,01/05/2024,3,W,14:53,VDG,3,2,1,cpr,Cancer productus,Red rock crab,1,1,,,,,,,,,,,,,,,,,,,,,,,,,,,,,,,,,,,,,,,,,,,,,,,,
616,Em Lim,Valesca deGroot,BMSC13,Effingham West,48.8650322,-125.3137207,01/05/2024,3,W,14:53,VDG,3,2,1,dez,Debris - Zero,No Debris found,1,1,,,,,,,,,,,,,,,,,,,,,,,,,,,,,,,,,,,,,,,,,,,,,,,,
617,Em Lim,Jasmin Schuster,BMSC16,Faber Islets,48.89070129,-125.300499,02/05/2024,3,NW,9:50,EGL,7.5,1,2,rni,Rhinogobiops nicholsii,Blackeye goby,9,0,,7,2,,,,,,,,,,,,,,,,,,,,,,,,,,,,,,,,,,,,,,,,,,,,,
618,Em Lim,Jasmin Schuster,BMSC16,Faber Islets,48.89070129,-125.300499,02/05/2024,3,NW,9:50,EGL,7.5,1,2,hde,Hexagrammos decagrammus,Kelp greenling,10,0,,,,,2,,,2,4,2,,,,,,,,,,,,,,,,,,,,,,,,,,,,,,,,,,,,,,
619,Em Lim,Jasmin Schuster,BMSC16,Faber Islets,48.89070129,-125.300499,02/05/2024,3,NW,9:50,EGL,7.5,2,2,mfra,Mesocentrotus franciscanus,Red sea urchin,164,164,,,,,,,,,,,,,,,,,,,,,,,,,,,,,,,,,,,,,,,,,,,,,,,,
620,Em Lim,Jasmin Schuster,BMSC16,Faber Islets,48.89070129,-125.300499,02/05/2024,3,NW,9:50,EGL,7.5,2,2,oko,Orthasterias koehleri,Rainbow star,5,5,,,,,,,,,,,,,,,,,,,,,,,,,,,,,,,,,,,,,,,,,,,,,,,,
621,Em Lim,Jasmin Schuster,BMSC16,Faber Islets,48.89070129,-125.300499,02/05/2024,3,NW,9:50,EGL,7.5,2,2,rni,Rhinogobiops nicholsii,Blackeye goby,30,0,4,25,1,,,,,,,,,,,,,,,,,,,,,,,,,,,,,,,,,,,,,,,,,,,,,
622,Em Lim,Jasmin Schuster,BMSC16,Faber Islets,48.89070129,-125.300499,02/05/2024,3,NW,9:50,EGL,7.5,2,2,das,Diodora aspera,Rough keyhole limpet,1,1,,,,,,,,,,,,,,,,,,,,,,,,,,,,,,,,,,,,,,,,,,,,,,,,
623,Em Lim,Jasmin Schuster,BMSC16,Faber Islets,48.89070129,-125.300499,02/05/2024,3,NW,9:50,EGL,7.5,2,2,pgi,Pomaulax gibberosus,Red turban shell,28,28,,,,,,,,,,,,,,,,,,,,,,,,,,,,,,,,,,,,,,,,,,,,,,,,
624,Em Lim,Jasmin Schuster,BMSC16,Faber Islets,48.89070129,-125.300499,02/05/2024,3,NW,9:50,EGL,7.5,2,2,pmi,Patiria miniata,Bat star,38,38,,,,,,,,,,,,,,,,,,,,,,,,,,,,,,,,,,,,,,,,,,,,,,,,
625,Em Lim,Jasmin Schuster,BMSC16,Faber Islets,48.89070129,-125.300499,02/05/2024,3,NW,9:50,EGL,7.5,2,2,phem,Pagurus hemphilli,Maroon hermit,38,38,,,,,,,,,,,,,,,,,,,,,,,,,,,,,,,,,,,,,,,,,,,,,,,,
626,Em Lim,Jasmin Schuster,BMSC16,Faber Islets,48.89070129,-125.300499,02/05/2024,3,NW,9:50,EGL,7.5,2,2,sac,Scyra acutifrons,Sharpnose crab,5,5,,,,,,,,,,,,,,,,,,,,,,,,,,,,,,,,,,,,,,,,,,,,,,,,
627,Em Lim,Jasmin Schuster,BMSC16,Faber Islets,48.89070129,-125.300499,02/05/2024,3,NW,9:50,EGL,7.5,2,2,hka,Haliotis kamtschatkana,Pinto abalone,2,0,,2,,,,,,,,,,,,,,,,,,,,,,,,,,,,,,,,,,,,,,,,,,,,,,
628,Em Lim,Jasmin Schuster,BMSC16,Faber Islets,48.89070129,-125.300499,02/05/2024,3,NW,9:50,EGL,7.5,2,2,ami,Acmaea mitra,Whitecap limpet,42,42,,,,,,,,,,,,,,,,,,,,,,,,,,,,,,,,,,,,,,,,,,,,,,,,
629,Em Lim,Jasmin Schuster,BMSC16,Faber Islets,48.89070129,-125.300499,02/05/2024,3,NW,9:50,EGL,7.5,2,2,ppu,Pachycheles pubescens,Pubescent porcelain crab,1,1,,,,,,,,,,,,,,,,,,,,,,,,,,,,,,,,,,,,,,,,,,,,,,,,
630,Em Lim,Jasmin Schuster,BMSC16,Faber Islets,48.89070129,-125.300499,02/05/2024,3,NW,9:50,EGL,7.5,2,2,aha,Artedius harringtoni,Scalyhead sculpin,2,0,1,1,,,,,,,,,,,,,,,,,,,,,,,,,,,,,,,,,,,,,,,,,,,,,,
631,Em Lim,Jasmin Schuster,BMSC16,Faber Islets,48.89070129,-125.300499,02/05/2024,3,NW,9:50,EGL,7.5,2,2,cfo,Ceratostoma foliatum,Leafy hornmouth,14,14,,,,,,,,,,,,,,,,,,,,,,,,,,,,,,,,,,,,,,,,,,,,,,,,
632,Em Lim,Jasmin Schuster,BMSC16,Faber Islets,48.89070129,-125.300499,02/05/2024,3,NW,9:50,EGL,7.5,2,2,aca,Apostichopus californicus,California sea cucumber,2,2,,,,,,,,,,,,,,,,,,,,,,,,,,,,,,,,,,,,,,,,,,,,,,,,
633,Em Lim,Jasmin Schuster,BMSC16,Faber Islets,48.89070129,-125.300499,02/05/2024,3,NW,9:50,EGL,7.5,2,2,hemilepidotus,Hemilepidotus spp.,Unidentified irish lord,1,0,1,,,,,,,,,,,,,,,,,,,,,,,,,,,,,,,,,,,,,,,,,,,,,,,
634,Em Lim,Jasmin Schuster,BMSC16,Faber Islets,48.89070129,-125.300499,02/05/2024,3,NW,9:50,EGL,7.5,2,2,gor,Glebocarcinus oregonensis,Pygmy rock crab,3,3,,,,,,,,,,,,,,,,,,,,,,,,,,,,,,,,,,,,,,,,,,,,,,,,
635,Em Lim,Jasmin Schuster,BMSC16,Faber Islets,48.89070129,-125.300499,02/05/2024,3,NW,9:50,EGL,7.5,2,2,lcoc,Limacia cockerelli,Cockerell's dorid,3,3,,,,,,,,,,,,,,,,,,,,,,,,,,,,,,,,,,,,,,,,,,,,,,,,
636,Em Lim,Jasmin Schuster,BMSC16,Faber Islets,48.89070129,-125.300499,02/05/2024,3,NW,9:50,EGL,7.5,2,2,cpr,Cancer productus,Red rock crab,2,2,,,,,,,,,,,,,,,,,,,,,,,,,,,,,,,,,,,,,,,,,,,,,,,,
637,Em Lim,Jasmin Schuster,BMSC16,Faber Islets,48.89070129,-125.300499,02/05/2024,3,NW,9:50,EGL,7.5,2,2,jzo,Jordania zonope,Longfin sculpin,1,0,,1,,,,,,,,,,,,,,,,,,,,,,,,,,,,,,,,,,,,,,,,,,,,,,
638,Em Lim,Jasmin Schuster,BMSC16,Faber Islets,48.89070129,-125.300499,02/05/2024,3,NW,9:50,EGL,7.5,2,2,dim,Dermasterias imbricata,Leather star,1,1,,,,,,,,,,,,,,,,,,,,,,,,,,,,,,,,,,,,,,,,,,,,,,,,
639,Em Lim,Jasmin Schuster,BMSC16,Faber Islets,48.89070129,-125.300499,02/05/2024,3,NW,9:50,EGL,7.5,2,2,sdr,Strongylocentrotus droebachiensis,Northern sea urchin,1,1,,,,,,,,,,,,,,,,,,,,,,,,,,,,,,,,,,,,,,,,,,,,,,,,
640,Em Lim,Jasmin Schuster,BMSC16,Faber Islets,48.89070129,-125.300499,02/05/2024,3,NW,9:50,EGL,7.5,2,2,hcr,Hermissenda crassicornis,Opalescent nudibranch,1,1,,,,,,,,,,,,,,,,,,,,,,,,,,,,,,,,,,,,,,,,,,,,,,,,
641,Em Lim,Jasmin Schuster,BMSC16,Faber Islets,48.89070129,-125.300499,02/05/2024,3,NW,9:50,EGL,7.5,2,2,dez,Debris - Zero,No Debris found,1,1,,,,,,,,,,,,,,,,,,,,,,,,,,,,,,,,,,,,,,,,,,,,,,,,
642,Em Lim,Jasmin Schuster,BMSC16,Faber Islets,48.89070129,-125.300499,02/05/2024,3,NW,9:50,EGL,7.5,0,0,sca,Sebastes caurinus,Copper rockfish,1,0,,,,,,,1,,,,,,,,,,,,,,,,,,,,,,,,,,,,,,,,,,,,,,,,,
643,Em Lim,Jasmin Schuster,BMSC16,Faber Islets,48.89070129,-125.300499,02/05/2024,3,NW,9:50,EGL,7.5,0,0,cgi,Crassadoma gigantea,Purple-hinged rock scallop,2,0,,,,1,,1,,,,,,,,,,,,,,,,,,,,,,,,,,,,,,,,,,,,,,,,,,
644,Em Lim,Jasmin Schuster,BMSC18,Eussen Rock,48.91161728,-125.2670364,02/05/2024,3,SW,11:39,JMS,8.5,1,2,sca,Sebastes caurinus,Copper rockfish,1,0,,,,,,,,,,1,,,,,,,,,,,,,,,,,,,,,,,,,,,,,,,,,,,,,,
645,Em Lim,Jasmin Schuster,BMSC18,Eussen Rock,48.91161728,-125.2670364,02/05/2024,3,SW,11:39,JMS,8.5,1,2,sne,Sebastes nebulosus,China rockfish,5,0,,,,,,,,1,2,2,,,,,,,,,,,,,,,,,,,,,,,,,,,,,,,,,,,,,,
646,Em Lim,Jasmin Schuster,BMSC18,Eussen Rock,48.91161728,-125.2670364,02/05/2024,3,SW,11:39,JMS,8.5,1,2,rni,Rhinogobiops nicholsii,Blackeye goby,19,0,,8,10,1,,,,,,,,,,,,,,,,,,,,,,,,,,,,,,,,,,,,,,,,,,,,
647,Em Lim,Jasmin Schuster,BMSC18,Eussen Rock,48.91161728,-125.2670364,02/05/2024,3,SW,11:39,JMS,8.5,1,2,avi,Aequorea victoria,Victoria's crystal jelly,1,0,,1,,,,,,,,,,,,,,,,,,,,,,,,,,,,,,,,,,,,,,,,,,,,,,
648,Em Lim,Jasmin Schuster,BMSC18,Eussen Rock,48.91161728,-125.2670364,02/05/2024,3,SW,11:39,JMS,8.5,1,2,hde,Hexagrammos decagrammus,Kelp greenling,1,0,,,,,,,,,1,,,,,,,,,,,,,,,,,,,,,,,,,,,,,,,,,,,,,,,
649,Em Lim,Jasmin Schuster,BMSC18,Eussen Rock,48.91161728,-125.2670364,02/05/2024,3,SW,11:39,JMS,8.5,0,2,sfl,Sebastes flavidus,Yellowtail rockfish,18,0,,,,,,,5,8,5,,,,,,,,,,,,,,,,,,,,,,,,,,,,,,,,,,,,,,,
650,Em Lim,Jasmin Schuster,BMSC18,Eussen Rock,48.91161728,-125.2670364,02/05/2024,3,SW,11:39,JMS,8.5,2,2,mfra,Mesocentrotus franciscanus,Red sea urchin,88,88,,,,,,,,,,,,,,,,,,,,,,,,,,,,,,,,,,,,,,,,,,,,,,,,
651,Em Lim,Jasmin Schuster,BMSC18,Eussen Rock,48.91161728,-125.2670364,02/05/2024,3,SW,11:39,JMS,8.5,2,2,ami,Acmaea mitra,Whitecap limpet,24,24,,,,,,,,,,,,,,,,,,,,,,,,,,,,,,,,,,,,,,,,,,,,,,,,
652,Em Lim,Jasmin Schuster,BMSC18,Eussen Rock,48.91161728,-125.2670364,02/05/2024,3,SW,11:39,JMS,8.5,2,2,hka,Haliotis kamtschatkana,Pinto abalone,112,0,92,20,,,,,,,,,,,,,,,,,,,,,,,,,,,,,,,,,,,,,,,,,,,,,,
653,Em Lim,Jasmin Schuster,BMSC18,Eussen Rock,48.91161728,-125.2670364,02/05/2024,3,SW,11:39,JMS,8.5,2,2,pgi,Pomaulax gibberosus,Red turban shell,17,17,,,,,,,,,,,,,,,,,,,,,,,,,,,,,,,,,,,,,,,,,,,,,,,,
654,Em Lim,Jasmin Schuster,BMSC18,Eussen Rock,48.91161728,-125.2670364,02/05/2024,3,SW,11:39,JMS,8.5,2,2,cgi,Crassadoma gigantea,Purple-hinged rock scallop,36,0,,3,10,7,6,10,,,,,,,,,,,,,,,,,,,,,,,,,,,,,,,,,,,,,,,,,,
655,Em Lim,Jasmin Schuster,BMSC18,Eussen Rock,48.91161728,-125.2670364,02/05/2024,3,SW,11:39,JMS,8.5,2,2,chlamys,Chlamys spp.,Unidentified scallop,12,9,3,,,,,,,,,,,,,,,,,,,,,,,,,,,,,,,,,,,,,,,,,,,,,,,
656,Em Lim,Jasmin Schuster,BMSC18,Eussen Rock,48.91161728,-125.2670364,02/05/2024,3,SW,11:39,JMS,8.5,2,2,pno,Peltodoris nobilis,Noble sea lemon,1,1,,,,,,,,,,,,,,,,,,,,,,,,,,,,,,,,,,,,,,,,,,,,,,,,
657,Em Lim,Jasmin Schuster,BMSC18,Eussen Rock,48.91161728,-125.2670364,02/05/2024,3,SW,11:39,JMS,8.5,2,2,jzo,Jordania zonope,Longfin sculpin,13,0,5,6,2,,,,,,,,,,,,,,,,,,,,,,,,,,,,,,,,,,,,,,,,,,,,,
658,Em Lim,Jasmin Schuster,BMSC18,Eussen Rock,48.91161728,-125.2670364,02/05/2024,3,SW,11:39,JMS,8.5,2,2,dim,Dermasterias imbricata,Leather star,11,11,,,,,,,,,,,,,,,,,,,,,,,,,,,,,,,,,,,,,,,,,,,,,,,,
659,Em Lim,Jasmin Schuster,BMSC18,Eussen Rock,48.91161728,-125.2670364,02/05/2024,3,SW,11:39,JMS,8.5,2,2,das,Diodora aspera,Rough keyhole limpet,11,11,,,,,,,,,,,,,,,,,,,,,,,,,,,,,,,,,,,,,,,,,,,,,,,,
660,Em Lim,Jasmin Schuster,BMSC18,Eussen Rock,48.91161728,-125.2670364,02/05/2024,3,SW,11:39,JMS,8.5,2,2,aca,Apostichopus californicus,California sea cucumber,33,33,,,,,,,,,,,,,,,,,,,,,,,,,,,,,,,,,,,,,,,,,,,,,,,,
661,Em Lim,Jasmin Schuster,BMSC18,Eussen Rock,48.91161728,-125.2670364,02/05/2024,3,SW,11:39,JMS,8.5,2,2,rni,Rhinogobiops nicholsii,Blackeye goby,37,0,2,19,14,2,,,,,,,,,,,,,,,,,,,,,,,,,,,,,,,,,,,,,,,,,,,,
662,Em Lim,Jasmin Schuster,BMSC18,Eussen Rock,48.91161728,-125.2670364,02/05/2024,3,SW,11:39,JMS,8.5,2,2,sac,Scyra acutifrons,Sharpnose crab,33,33,,,,,,,,,,,,,,,,,,,,,,,,,,,,,,,,,,,,,,,,,,,,,,,,
663,Em Lim,Jasmin Schuster,BMSC18,Eussen Rock,48.91161728,-125.2670364,02/05/2024,3,SW,11:39,JMS,8.5,2,2,sdr,Strongylocentrotus droebachiensis,Northern sea urchin,17,17,,,,,,,,,,,,,,,,,,,,,,,,,,,,,,,,,,,,,,,,,,,,,,,,
664,Em Lim,Jasmin Schuster,BMSC18,Eussen Rock,48.91161728,-125.2670364,02/05/2024,3,SW,11:39,JMS,8.5,2,2,hermit,Paguroidea spp.,Unidentified hermit crab,4,4,,,,,,,,,,,,,,,,,,,,,,,,,,,,,,,,,,,,,,,,,,,,,,,,
665,Em Lim,Jasmin Schuster,BMSC18,Eussen Rock,48.91161728,-125.2670364,02/05/2024,3,SW,11:39,JMS,8.5,2,2,cfo,Ceratostoma foliatum,Leafy hornmouth,36,36,,,,,,,,,,,,,,,,,,,,,,,,,,,,,,,,,,,,,,,,,,,,,,,,
666,Em Lim,Jasmin Schuster,BMSC18,Eussen Rock,48.91161728,-125.2670364,02/05/2024,3,SW,11:39,JMS,8.5,2,2,phem,Pagurus hemphilli,Maroon hermit,16,16,,,,,,,,,,,,,,,,,,,,,,,,,,,,,,,,,,,,,,,,,,,,,,,,
667,Em Lim,Jasmin Schuster,BMSC18,Eussen Rock,48.91161728,-125.2670364,02/05/2024,3,SW,11:39,JMS,8.5,2,2,henricia,Henricia spp.,Unidentified blood star,1,1,,,,,,,,,,,,,,,,,,,,,,,,,,,,,,,,,,,,,,,,,,,,,,,,
668,Em Lim,Jasmin Schuster,BMSC18,Eussen Rock,48.91161728,-125.2670364,02/05/2024,3,SW,11:39,JMS,8.5,2,2,ppu,Pachycheles pubescens,Pubescent porcelain crab,3,3,,,,,,,,,,,,,,,,,,,,,,,,,,,,,,,,,,,,,,,,,,,,,,,,
669,Em Lim,Jasmin Schuster,BMSC18,Eussen Rock,48.91161728,-125.2670364,02/05/2024,3,SW,11:39,JMS,8.5,2,2,gor,Glebocarcinus oregonensis,Pygmy rock crab,3,3,,,,,,,,,,,,,,,,,,,,,,,,,,,,,,,,,,,,,,,,,,,,,,,,
670,Em Lim,Jasmin Schuster,BMSC18,Eussen Rock,48.91161728,-125.2670364,02/05/2024,3,SW,11:39,JMS,8.5,2,2,cty,Cryptolithodes typicus,Butterfly king crab,1,1,,,,,,,,,,,,,,,,,,,,,,,,,,,,,,,,,,,,,,,,,,,,,,,,
671,Em Lim,Jasmin Schuster,BMSC18,Eussen Rock,48.91161728,-125.2670364,02/05/2024,3,SW,11:39,JMS,8.5,0,2,sca,Sebastes caurinus,Copper rockfish,1,0,,,,,,,1,,,,,,,,,,,,,,,,,,,,,,,,,,,,,,,,,,,,,,,,,
672,Em Lim,Jasmin Schuster,BMSC18,Eussen Rock,48.91161728,-125.2670364,02/05/2024,3,SW,11:39,JMS,8.5,2,2,hme,Hapalogaster mertensii,Hairy crab,1,1,,,,,,,,,,,,,,,,,,,,,,,,,,,,,,,,,,,,,,,,,,,,,,,,
673,Em Lim,Jasmin Schuster,BMSC18,Eussen Rock,48.91161728,-125.2670364,02/05/2024,3,SW,11:39,JMS,8.5,2,2,dsa,Diaulula sandiegensis,Ringed doris,3,3,,,,,,,,,,,,,,,,,,,,,,,,,,,,,,,,,,,,,,,,,,,,,,,,
674,Em Lim,Jasmin Schuster,BMSC18,Eussen Rock,48.91161728,-125.2670364,02/05/2024,3,SW,11:39,JMS,8.5,2,2,lcoc,Limacia cockerelli,Cockerell's dorid,1,1,,,,,,,,,,,,,,,,,,,,,,,,,,,,,,,,,,,,,,,,,,,,,,,,
675,Em Lim,Jasmin Schuster,BMSC18,Eussen Rock,48.91161728,-125.2670364,02/05/2024,3,SW,11:39,JMS,8.5,2,2,tfe,Tritonia festiva,Diamondback tritonia,3,3,,,,,,,,,,,,,,,,,,,,,,,,,,,,,,,,,,,,,,,,,,,,,,,,
676,Em Lim,Jasmin Schuster,BMSC18,Eussen Rock,48.91161728,-125.2670364,02/05/2024,3,SW,11:39,JMS,8.5,2,2,oko,Orthasterias koehleri,Rainbow star,4,4,,,,,,,,,,,,,,,,,,,,,,,,,,,,,,,,,,,,,,,,,,,,,,,,
677,Em Lim,Jasmin Schuster,BMSC18,Eussen Rock,48.91161728,-125.2670364,02/05/2024,3,SW,11:39,JMS,8.5,2,2,aha,Artedius harringtoni,Scalyhead sculpin,1,0,,1,,,,,,,,,,,,,,,,,,,,,,,,,,,,,,,,,,,,,,,,,,,,,,
678,Em Lim,Jasmin Schuster,BMSC18,Eussen Rock,48.91161728,-125.2670364,02/05/2024,3,SW,11:39,JMS,8.5,0,2,sme,Sebastes melanops,Black rockfish,1,0,,,,,,,,,1,,,,,,,,,,,,,,,,,,,,,,,,,,,,,,,,,,,,,,,
679,Em Lim,Jasmin Schuster,BMSC18,Eussen Rock,48.91161728,-125.2670364,02/05/2024,3,SW,11:39,JMS,8.5,2,2,ahu,Acanthodoris hudsoni,Hudson's horned dorid,1,1,,,,,,,,,,,,,,,,,,,,,,,,,,,,,,,,,,,,,,,,,,,,,,,,
680,Em Lim,Jasmin Schuster,BMSC18,Eussen Rock,48.91161728,-125.2670364,02/05/2024,3,SW,11:39,JMS,8.5,2,2,otri,Orienthella trilineata,Three-lined aeolid,1,1,,,,,,,,,,,,,,,,,,,,,,,,,,,,,,,,,,,,,,,,,,,,,,,,
681,Em Lim,Jasmin Schuster,BMSC18,Eussen Rock,48.91161728,-125.2670364,02/05/2024,3,SW,11:39,JMS,8.5,2,2,dez,Debris - Zero,No Debris found,1,1,,,,,,,,,,,,,,,,,,,,,,,,,,,,,,,,,,,,,,,,,,,,,,,,
682,Em Lim,Valesca deGroot,BMSC27,San Jose North Island,48.901183,-125.060433,03/05/2024,3,NW,10:25,VDG,8.5,1,1,rni,Rhinogobiops nicholsii,Blackeye goby,5,0,,,5,,,,,,,,,,,,,,,,,,,,,,,,,,,,,,,,,,,,,,,,,,,,,
683,Em Lim,Valesca deGroot,BMSC27,San Jose North Island,48.901183,-125.060433,03/05/2024,3,NW,10:25,VDG,8.5,1,1,hde,Hexagrammos decagrammus,Kelp greenling,3,0,,,,,,,1,1,1,,,,,,,,,,,,,,,,,,,,,,,,,,,,,,,,,,,,,,,
684,Em Lim,Valesca deGroot,BMSC27,San Jose North Island,48.901183,-125.060433,03/05/2024,3,NW,10:25,VDG,8.5,1,1,sca,Sebastes caurinus,Copper rockfish,1,0,,,,,,,1,,,,,,,,,,,,,,,,,,,,,,,,,,,,,,,,,,,,,,,,,
685,Em Lim,Valesca deGroot,BMSC27,San Jose North Island,48.901183,-125.060433,03/05/2024,3,NW,10:25,VDG,8.5,2,1,mfra,Mesocentrotus franciscanus,Red sea urchin,109,109,,,,,,,,,,,,,,,,,,,,,,,,,,,,,,,,,,,,,,,,,,,,,,,,
686,Em Lim,Valesca deGroot,BMSC27,San Jose North Island,48.901183,-125.060433,03/05/2024,3,NW,10:25,VDG,8.5,2,1,pgi,Pomaulax gibberosus,Red turban shell,24,24,,,,,,,,,,,,,,,,,,,,,,,,,,,,,,,,,,,,,,,,,,,,,,,,
687,Em Lim,Valesca deGroot,BMSC27,San Jose North Island,48.901183,-125.060433,03/05/2024,3,NW,10:25,VDG,8.5,2,1,phem,Pagurus hemphilli,Maroon hermit,4,4,,,,,,,,,,,,,,,,,,,,,,,,,,,,,,,,,,,,,,,,,,,,,,,,
688,Em Lim,Valesca deGroot,BMSC27,San Jose North Island,48.901183,-125.060433,03/05/2024,3,NW,10:25,VDG,8.5,2,1,rni,Rhinogobiops nicholsii,Blackeye goby,39,0,6,24,9,,,,,,,,,,,,,,,,,,,,,,,,,,,,,,,,,,,,,,,,,,,,,
689,Em Lim,Valesca deGroot,BMSC27,San Jose North Island,48.901183,-125.060433,03/05/2024,3,NW,10:25,VDG,8.5,2,1,ptr,Polycera tricolor,Tricolour nudibranch,5,5,,,,,,,,,,,,,,,,,,,,,,,,,,,,,,,,,,,,,,,,,,,,,,,,
690,Em Lim,Valesca deGroot,BMSC27,San Jose North Island,48.901183,-125.060433,03/05/2024,3,NW,10:25,VDG,8.5,2,1,hcr,Hermissenda crassicornis,Opalescent nudibranch,60,60,,,,,,,,,,,,,,,,,,,,,,,,,,,,,,,,,,,,,,,,,,,,,,,,
691,Em Lim,Valesca deGroot,BMSC27,San Jose North Island,48.901183,-125.060433,03/05/2024,3,NW,10:25,VDG,8.5,2,1,sac,Scyra acutifrons,Sharpnose crab,9,9,,,,,,,,,,,,,,,,,,,,,,,,,,,,,,,,,,,,,,,,,,,,,,,,
692,Em Lim,Valesca deGroot,BMSC27,San Jose North Island,48.901183,-125.060433,03/05/2024,3,NW,10:25,VDG,8.5,2,1,dim,Dermasterias imbricata,Leather star,11,11,,,,,,,,,,,,,,,,,,,,,,,,,,,,,,,,,,,,,,,,,,,,,,,,
693,Em Lim,Valesca deGroot,BMSC27,San Jose North Island,48.901183,-125.060433,03/05/2024,3,NW,10:25,VDG,8.5,2,1,ami,Acmaea mitra,Whitecap limpet,5,5,,,,,,,,,,,,,,,,,,,,,,,,,,,,,,,,,,,,,,,,,,,,,,,,
694,Em Lim,Valesca deGroot,BMSC27,San Jose North Island,48.901183,-125.060433,03/05/2024,3,NW,10:25,VDG,8.5,2,1,aca,Apostichopus californicus,California sea cucumber,25,25,,,,,,,,,,,,,,,,,,,,,,,,,,,,,,,,,,,,,,,,,,,,,,,,
695,Em Lim,Valesca deGroot,BMSC27,San Jose North Island,48.901183,-125.060433,03/05/2024,3,NW,10:25,VDG,8.5,2,1,pda,Pandalus danae,Dock shrimp,1,1,,,,,,,,,,,,,,,,,,,,,,,,,,,,,,,,,,,,,,,,,,,,,,,,
696,Em Lim,Valesca deGroot,BMSC27,San Jose North Island,48.901183,-125.060433,03/05/2024,3,NW,10:25,VDG,8.5,2,1,aha,Artedius harringtoni,Scalyhead sculpin,3,0,,3,,,,,,,,,,,,,,,,,,,,,,,,,,,,,,,,,,,,,,,,,,,,,,
697,Em Lim,Valesca deGroot,BMSC27,San Jose North Island,48.901183,-125.060433,03/05/2024,3,NW,10:25,VDG,8.5,2,1,cgi,Crassadoma gigantea,Purple-hinged rock scallop,7,0,,2,1,3,1,,,,,,,,,,,,,,,,,,,,,,,,,,,,,,,,,,,,,,,,,,,
698,Em Lim,Valesca deGroot,BMSC27,San Jose North Island,48.901183,-125.060433,03/05/2024,3,NW,10:25,VDG,8.5,2,1,hka,Haliotis kamtschatkana,Pinto abalone,2,0,1,1,,,,,,,,,,,,,,,,,,,,,,,,,,,,,,,,,,,,,,,,,,,,,,
699,Em Lim,Valesca deGroot,BMSC27,San Jose North Island,48.901183,-125.060433,03/05/2024,3,NW,10:25,VDG,8.5,2,1,cfo,Ceratostoma foliatum,Leafy hornmouth,3,3,,,,,,,,,,,,,,,,,,,,,,,,,,,,,,,,,,,,,,,,,,,,,,,,
700,Em Lim,Valesca deGroot,BMSC27,San Jose North Island,48.901183,-125.060433,03/05/2024,3,NW,10:25,VDG,8.5,2,1,oko,Orthasterias koehleri,Rainbow star,3,3,,,,,,,,,,,,,,,,,,,,,,,,,,,,,,,,,,,,,,,,,,,,,,,,
701,Em Lim,Valesca deGroot,BMSC27,San Jose North Island,48.901183,-125.060433,03/05/2024,3,NW,10:25,VDG,8.5,2,1,chlamys,Chlamys spp.,Unidentified scallop,1,0,,1,,,,,,,,,,,,,,,,,,,,,,,,,,,,,,,,,,,,,,,,,,,,,,
702,Em Lim,Valesca deGroot,BMSC27,San Jose North Island,48.901183,-125.060433,03/05/2024,3,NW,10:25,VDG,8.5,2,1,otri,Orienthella trilineata,Three-lined aeolid,1,1,,,,,,,,,,,,,,,,,,,,,,,,,,,,,,,,,,,,,,,,,,,,,,,,
703,Em Lim,Valesca deGroot,BMSC27,San Jose North Island,48.901183,-125.060433,03/05/2024,3,NW,10:25,VDG,8.5,2,1,henricia,Henricia spp.,Unidentified blood star,3,3,,,,,,,,,,,,,,,,,,,,,,,,,,,,,,,,,,,,,,,,,,,,,,,,
704,Em Lim,Valesca deGroot,BMSC27,San Jose North Island,48.901183,-125.060433,03/05/2024,3,NW,10:25,VDG,8.5,2,1,dir,Dendronotus iris,Giant frond-aeolis,5,5,,,,,,,,,,,,,,,,,,,,,,,,,,,,,,,,,,,,,,,,,,,,,,,,
705,Em Lim,Valesca deGroot,BMSC27,San Jose North Island,48.901183,-125.060433,03/05/2024,3,NW,10:25,VDG,8.5,2,1,ctr,Coryphella trophina,Predaceous aeolis,1,1,,,,,,,,,,,,,,,,,,,,,,,,,,,,,,,,,,,,,,,,,,,,,,,,
706,Em Lim,Valesca deGroot,BMSC27,San Jose North Island,48.901183,-125.060433,03/05/2024,3,NW,10:25,VDG,8.5,2,1,rpu,Rostanga pulchra,Red sponge dorid,1,1,,,,,,,,,,,,,,,,,,,,,,,,,,,,,,,,,,,,,,,,,,,,,,,,
707,Em Lim,Valesca deGroot,BMSC27,San Jose North Island,48.901183,-125.060433,03/05/2024,3,NW,10:25,VDG,8.5,0,1,oel,Ophiodon elongatus,Lingcod,1,0,,,,,,,,,,,,1,,,,,,,,,,,,,,,,,,,,,,,,,,,,,,,,,,,,
708,Em Lim,Valesca deGroot,BMSC27,San Jose North Island,48.901183,-125.060433,03/05/2024,3,NW,10:25,VDG,8.5,2,1,pmi,Patiria miniata,Bat star,2,2,,,,,,,,,,,,,,,,,,,,,,,,,,,,,,,,,,,,,,,,,,,,,,,,
709,Em Lim,Valesca deGroot,BMSC27,San Jose North Island,48.901183,-125.060433,03/05/2024,3,NW,10:25,VDG,8.5,2,1,sfo,Stylasterias forreri,Velcro seastar,1,1,,,,,,,,,,,,,,,,,,,,,,,,,,,,,,,,,,,,,,,,,,,,,,,,
710,Em Lim,Valesca deGroot,BMSC27,San Jose North Island,48.901183,-125.060433,03/05/2024,3,NW,10:25,VDG,8.5,2,1,jzo,Jordania zonope,Longfin sculpin,1,0,,1,,,,,,,,,,,,,,,,,,,,,,,,,,,,,,,,,,,,,,,,,,,,,,
711,Em Lim,Valesca deGroot,BMSC27,San Jose North Island,48.901183,-125.060433,03/05/2024,3,NW,10:25,VDG,8.5,2,1,dez,Debris - Zero,No Debris found,1,1,,,,,,,,,,,,,,,,,,,,,,,,,,,,,,,,,,,,,,,,,,,,,,,,
712,Em Lim,Valesca deGroot,BMSC23,Aguilar Point,48.837589,-125.144145,03/05/2024,2.5,NE,12:50,VDG,6.7,1,1,rni,Rhinogobiops nicholsii,Blackeye goby,5,0,,2,2,1,,,,,,,,,,,,,,,,,,,,,,,,,,,,,,,,,,,,,,,,,,,,
713,Em Lim,Valesca deGroot,BMSC23,Aguilar Point,48.837589,-125.144145,03/05/2024,2.5,NE,12:50,VDG,6.7,1,1,hde,Hexagrammos decagrammus,Kelp greenling,3,0,,,,,,,1,,1,1,,,,,,,,,,,,,,,,,,,,,,,,,,,,,,,,,,,,,,
714,Em Lim,Valesca deGroot,BMSC23,Aguilar Point,48.837589,-125.144145,03/05/2024,2.5,NE,12:50,VDG,6.7,1,1,sma,Sebastes maliger,Quillback rockfish,1,0,,,,,,,1,,,,,,,,,,,,,,,,,,,,,,,,,,,,,,,,,,,,,,,,,
715,Em Lim,Valesca deGroot,BMSC23,Aguilar Point,48.837589,-125.144145,03/05/2024,2.5,NE,12:50,VDG,6.7,2,1,mfra,Mesocentrotus franciscanus,Red sea urchin,185,185,,,,,,,,,,,,,,,,,,,,,,,,,,,,,,,,,,,,,,,,,,,,,,,,
716,Em Lim,Valesca deGroot,BMSC23,Aguilar Point,48.837589,-125.144145,03/05/2024,2.5,NE,12:50,VDG,6.7,2,1,ami,Acmaea mitra,Whitecap limpet,27,27,,,,,,,,,,,,,,,,,,,,,,,,,,,,,,,,,,,,,,,,,,,,,,,,
717,Em Lim,Valesca deGroot,BMSC23,Aguilar Point,48.837589,-125.144145,03/05/2024,2.5,NE,12:50,VDG,6.7,2,1,oko,Orthasterias koehleri,Rainbow star,4,4,,,,,,,,,,,,,,,,,,,,,,,,,,,,,,,,,,,,,,,,,,,,,,,,
718,Em Lim,Valesca deGroot,BMSC23,Aguilar Point,48.837589,-125.144145,03/05/2024,2.5,NE,12:50,VDG,6.7,2,1,rni,Rhinogobiops nicholsii,Blackeye goby,19,0,2,13,4,,,,,,,,,,,,,,,,,,,,,,,,,,,,,,,,,,,,,,,,,,,,,
719,Em Lim,Valesca deGroot,BMSC23,Aguilar Point,48.837589,-125.144145,03/05/2024,2.5,NE,12:50,VDG,6.7,2,1,aha,Artedius harringtoni,Scalyhead sculpin,9,0,2,6,1,,,,,,,,,,,,,,,,,,,,,,,,,,,,,,,,,,,,,,,,,,,,,
720,Em Lim,Valesca deGroot,BMSC23,Aguilar Point,48.837589,-125.144145,03/05/2024,2.5,NE,12:50,VDG,6.7,2,1,henricia,Henricia spp.,Unidentified blood star,9,9,,,,,,,,,,,,,,,,,,,,,,,,,,,,,,,,,,,,,,,,,,,,,,,,
721,Em Lim,Valesca deGroot,BMSC23,Aguilar Point,48.837589,-125.144145,03/05/2024,2.5,NE,12:50,VDG,6.7,2,1,sac,Scyra acutifrons,Sharpnose crab,8,8,,,,,,,,,,,,,,,,,,,,,,,,,,,,,,,,,,,,,,,,,,,,,,,,
722,Em Lim,Valesca deGroot,BMSC23,Aguilar Point,48.837589,-125.144145,03/05/2024,2.5,NE,12:50,VDG,6.7,2,1,gor,Glebocarcinus oregonensis,Pygmy rock crab,36,36,,,,,,,,,,,,,,,,,,,,,,,,,,,,,,,,,,,,,,,,,,,,,,,,
723,Em Lim,Valesca deGroot,BMSC23,Aguilar Point,48.837589,-125.144145,03/05/2024,2.5,NE,12:50,VDG,6.7,2,1,hka,Haliotis kamtschatkana,Pinto abalone,13,0,3,6,4,,,,,,,,,,,,,,,,,,,,,,,,,,,,,,,,,,,,,,,,,,,,,
724,Em Lim,Valesca deGroot,BMSC23,Aguilar Point,48.837589,-125.144145,03/05/2024,2.5,NE,12:50,VDG,6.7,2,1,cgi,Crassadoma gigantea,Purple-hinged rock scallop,12,0,,,1,6,3,2,,,,,,,,,,,,,,,,,,,,,,,,,,,,,,,,,,,,,,,,,,
725,Em Lim,Valesca deGroot,BMSC23,Aguilar Point,48.837589,-125.144145,03/05/2024,2.5,NE,12:50,VDG,6.7,2,1,aca,Apostichopus californicus,California sea cucumber,14,14,,,,,,,,,,,,,,,,,,,,,,,,,,,,,,,,,,,,,,,,,,,,,,,,
726,Em Lim,Valesca deGroot,BMSC23,Aguilar Point,48.837589,-125.144145,03/05/2024,2.5,NE,12:50,VDG,6.7,2,1,cfo,Ceratostoma foliatum,Leafy hornmouth,70,70,,,,,,,,,,,,,,,,,,,,,,,,,,,,,,,,,,,,,,,,,,,,,,,,
727,Em Lim,Valesca deGroot,BMSC23,Aguilar Point,48.837589,-125.144145,03/05/2024,2.5,NE,12:50,VDG,6.7,2,1,pmi,Patiria miniata,Bat star,10,10,,,,,,,,,,,,,,,,,,,,,,,,,,,,,,,,,,,,,,,,,,,,,,,,
728,Em Lim,Valesca deGroot,BMSC23,Aguilar Point,48.837589,-125.144145,03/05/2024,2.5,NE,12:50,VDG,6.7,2,1,pda,Pandalus danae,Dock shrimp,4,4,,,,,,,,,,,,,,,,,,,,,,,,,,,,,,,,,,,,,,,,,,,,,,,,
729,Em Lim,Valesca deGroot,BMSC23,Aguilar Point,48.837589,-125.144145,03/05/2024,2.5,NE,12:50,VDG,6.7,2,1,pbe,Pagurus beringanus,Bering hermit crab,2,2,,,,,,,,,,,,,,,,,,,,,,,,,,,,,,,,,,,,,,,,,,,,,,,,
730,Em Lim,Valesca deGroot,BMSC23,Aguilar Point,48.837589,-125.144145,03/05/2024,2.5,NE,12:50,VDG,6.7,2,1,cnu,Chirolophis nugator,Mosshead warbonnet,1,0,,,1,,,,,,,,,,,,,,,,,,,,,,,,,,,,,,,,,,,,,,,,,,,,,
731,Em Lim,Valesca deGroot,BMSC23,Aguilar Point,48.837589,-125.144145,03/05/2024,2.5,NE,12:50,VDG,6.7,2,1,ppu,Pachycheles pubescens,Pubescent porcelain crab,7,7,,,,,,,,,,,,,,,,,,,,,,,,,,,,,,,,,,,,,,,,,,,,,,,,
732,Em Lim,Valesca deGroot,BMSC23,Aguilar Point,48.837589,-125.144145,03/05/2024,2.5,NE,12:50,VDG,6.7,2,1,dim,Dermasterias imbricata,Leather star,5,5,,,,,,,,,,,,,,,,,,,,,,,,,,,,,,,,,,,,,,,,,,,,,,,,
733,Em Lim,Valesca deGroot,BMSC23,Aguilar Point,48.837589,-125.144145,03/05/2024,2.5,NE,12:50,VDG,6.7,2,1,das,Diodora aspera,Rough keyhole limpet,8,8,,,,,,,,,,,,,,,,,,,,,,,,,,,,,,,,,,,,,,,,,,,,,,,,
734,Em Lim,Valesca deGroot,BMSC23,Aguilar Point,48.837589,-125.144145,03/05/2024,2.5,NE,12:50,VDG,6.7,2,1,deg,Debris - Glass,Any glass debris,1,1,,,,,,,,,,,,,,,,,,,,,,,,,,,,,,,,,,,,,,,,,,,,,,,,
735,Em Lim,Valesca deGroot,BMSC23,Aguilar Point,48.837589,-125.144145,03/05/2024,2.5,NE,12:50,VDG,6.7,2,1,phem,Pagurus hemphilli,Maroon hermit,22,22,,,,,,,,,,,,,,,,,,,,,,,,,,,,,,,,,,,,,,,,,,,,,,,,
736,Em Lim,Valesca deGroot,BMSC23,Aguilar Point,48.837589,-125.144145,03/05/2024,2.5,NE,12:50,VDG,6.7,2,1,opi,Oxylebius pictus,Painted greenling,2,0,,,1,1,,,,,,,,,,,,,,,,,,,,,,,,,,,,,,,,,,,,,,,,,,,,
737,Em Lim,Valesca deGroot,BMSC23,Aguilar Point,48.837589,-125.144145,03/05/2024,2.5,NE,12:50,VDG,6.7,2,1,spu,Strongylocentrotus purpuratus,Purple sea urchin (?),2,2,,,,,,,,,,,,,,,,,,,,,,,,,,,,,,,,,,,,,,,,,,,,,,,,
738,Em Lim,Valesca deGroot,BMSC23,Aguilar Point,48.837589,-125.144145,03/05/2024,2.5,NE,12:50,VDG,6.7,2,1,pgi,Pomaulax gibberosus,Red turban shell,2,2,,,,,,,,,,,,,,,,,,,,,,,,,,,,,,,,,,,,,,,,,,,,,,,,
739,Em Lim,Valesca deGroot,BMSC23,Aguilar Point,48.837589,-125.144145,03/05/2024,2.5,NE,12:50,VDG,6.7,2,1,def,Debris - Fishing,Any fishing debris,1,1,,,,,,,,,,,,,,,,,,,,,,,,,,,,,,,,,,,,,,,,,,,,,,,,
740,Em Lim,Valesca deGroot,BMSC23,Aguilar Point,48.837589,-125.144145,03/05/2024,2.5,NE,12:50,VDG,6.7,2,1,sdr,Strongylocentrotus droebachiensis,Northern sea urchin,1,1,,,,,,,,,,,,,,,,,,,,,,,,,,,,,,,,,,,,,,,,,,,,,,,,
741,Em Lim,Valesca deGroot,BMSC23,Aguilar Point,48.837589,-125.144145,03/05/2024,2.5,NE,12:50,VDG,6.7,2,1,hermit,Paguroidea spp.,Unidentified hermit crab,2,2,,,,,,,,,,,,,,,,,,,,,,,,,,,,,,,,,,,,,,,,,,,,,,,,
742,Em Lim,Valesca deGroot,BMSC23,Aguilar Point,48.837589,-125.144145,03/05/2024,2.5,NE,12:50,VDG,6.7,2,1,jzo,Jordania zonope,Longfin sculpin,2,0,,1,,1,,,,,,,,,,,,,,,,,,,,,,,,,,,,,,,,,,,,,,,,,,,,
743,Em Lim,Valesca deGroot,BMSC23,Aguilar Point,48.837589,-125.144145,03/05/2024,2.5,NE,12:50,VDG,6.7,2,1,cpr,Cancer productus,Red rock crab,1,1,,,,,,,,,,,,,,,,,,,,,,,,,,,,,,,,,,,,,,,,,,,,,,,,
744,Em Lim,Valesca deGroot,BMSC23,Aguilar Point,48.837589,-125.144145,03/05/2024,2.5,NE,12:50,VDG,6.7,2,1,ahu,Acanthodoris hudsoni,Hudson's horned dorid,1,1,,,,,,,,,,,,,,,,,,,,,,,,,,,,,,,,,,,,,,,,,,,,,,,,
745,Em Lim,Valesca deGroot,BMSC23,Aguilar Point,48.837589,-125.144145,03/05/2024,2.5,NE,12:50,VDG,6.7,2,1,ppa,Phyllolithodes papillosus,Heart crab,1,1,,,,,,,,,,,,,,,,,,,,,,,,,,,,,,,,,,,,,,,,,,,,,,,,
746,Em Lim,Valesca deGroot,BMSC23,Aguilar Point,48.837589,-125.144145,03/05/2024,2.5,NE,12:50,VDG,6.7,0,1,sfl,Sebastes flavidus,Yellowtail rockfish,1,0,,,,1,,,,,,,,,,,,,,,,,,,,,,,,,,,,,,,,,,,,,,,,,,,,
747,Em Lim,Valesca deGroot,BMSC23,Aguilar Point,48.837589,-125.144145,03/05/2024,2.5,NE,12:50,VDG,6.7,2,1,hcr,Hermissenda crassicornis,Opalescent nudibranch,1,1,,,,,,,,,,,,,,,,,,,,,,,,,,,,,,,,,,,,,,,,,,,,,,,,
748,Claire Attridge,Isabelle Cote,BMSC26,Hosie South,48.9071,-125.037017,24/04/2024,1.5,NW,10:06,CMA,6.5,1,2,bfr,Brachyistius frenatus,Kelp perch,6,0,,4,2,,,,,,,,,,,,,,,,,,,,,,,,,,,,,,,,,,,,,,,,,,,,,
749,Claire Attridge,Isabelle Cote,BMSC26,Hosie South,48.9071,-125.037017,24/04/2024,1.5,NW,10:06,CMA,6.5,1,2,rni,Rhinogobiops nicholsii,Blackeye goby,1,0,,,1,,,,,,,,,,,,,,,,,,,,,,,,,,,,,,,,,,,,,,,,,,,,,
750,Claire Attridge,Isabelle Cote,BMSC26,Hosie South,48.9071,-125.037017,24/04/2024,1.5,NW,10:06,CMA,6.5,1,2,hde,Hexagrammos decagrammus,Kelp greenling,3,0,,,,,1,2,,,,,,,,,,,,,,,,,,,,,,,,,,,,,,,,,,,,,,,,,,
751,Claire Attridge,Isabelle Cote,BMSC26,Hosie South,48.9071,-125.037017,24/04/2024,1.5,NW,10:06,CMA,6.5,1,2,ela,Embiotoca lateralis,Striped seaperch,1,0,,,,1,,,,,,,,,,,,,,,,,,,,,,,,,,,,,,,,,,,,,,,,,,,,
752,Claire Attridge,Isabelle Cote,BMSC26,Hosie South,48.9071,-125.037017,24/04/2024,1.5,NW,10:06,CMA,6.5,2,2,dsa,Diaulula sandiegensis,Ringed doris,1,1,,,,,,,,,,,,,,,,,,,,,,,,,,,,,,,,,,,,,,,,,,,,,,,,
753,Claire Attridge,Isabelle Cote,BMSC26,Hosie South,48.9071,-125.037017,24/04/2024,1.5,NW,10:06,CMA,6.5,2,2,dim,Dermasterias imbricata,Leather star,21,21,,,,,,,,,,,,,,,,,,,,,,,,,,,,,,,,,,,,,,,,,,,,,,,,
754,Claire Attridge,Isabelle Cote,BMSC26,Hosie South,48.9071,-125.037017,24/04/2024,1.5,NW,10:06,CMA,6.5,2,2,pgi,Pomaulax gibberosus,Red turban shell,37,37,,,,,,,,,,,,,,,,,,,,,,,,,,,,,,,,,,,,,,,,,,,,,,,,
755,Claire Attridge,Isabelle Cote,BMSC26,Hosie South,48.9071,-125.037017,24/04/2024,1.5,NW,10:06,CMA,6.5,2,2,ptr,Polycera tricolor,Tricolour nudibranch,14,14,,,,,,,,,,,,,,,,,,,,,,,,,,,,,,,,,,,,,,,,,,,,,,,,
756,Claire Attridge,Isabelle Cote,BMSC26,Hosie South,48.9071,-125.037017,24/04/2024,1.5,NW,10:06,CMA,6.5,2,2,sfo,Stylasterias forreri,Velcro seastar,1,1,,,,,,,,,,,,,,,,,,,,,,,,,,,,,,,,,,,,,,,,,,,,,,,,
757,Claire Attridge,Isabelle Cote,BMSC26,Hosie South,48.9071,-125.037017,24/04/2024,1.5,NW,10:06,CMA,6.5,2,2,hpu,Henricia pumila,Dwarf mottled henricia,1,1,,,,,,,,,,,,,,,,,,,,,,,,,,,,,,,,,,,,,,,,,,,,,,,,
758,Claire Attridge,Isabelle Cote,BMSC26,Hosie South,48.9071,-125.037017,24/04/2024,1.5,NW,10:06,CMA,6.5,2,2,phe,Pycnopodia helianthoides,Sunflower star,1,0,,,1,,,,,,,,,,,,,,,,,,,,,,,,,,,,,,,,,,,,,,,,,,,,,
759,Claire Attridge,Isabelle Cote,BMSC26,Hosie South,48.9071,-125.037017,24/04/2024,1.5,NW,10:06,CMA,6.5,2,2,phek,Pycnopodia helianthoides,Sunflower star [kelp],1,0,1,,,,,,,,,,,,,,,,,,,,,,,,,,,,,,,,,,,,,,,,,,,,,,,
760,Claire Attridge,Isabelle Cote,BMSC26,Hosie South,48.9071,-125.037017,24/04/2024,1.5,NW,10:06,CMA,6.5,2,2,rni,Rhinogobiops nicholsii,Blackeye goby,30,0,1,9,13,6,1,,,,,,,,,,,,,,,,,,,,,,,,,,,,,,,,,,,,,,,,,,,
761,Claire Attridge,Isabelle Cote,BMSC26,Hosie South,48.9071,-125.037017,24/04/2024,1.5,NW,10:06,CMA,6.5,2,2,cgi,Crassadoma gigantea,Purple-hinged rock scallop,4,0,,,,2,1,1,,,,,,,,,,,,,,,,,,,,,,,,,,,,,,,,,,,,,,,,,,
762,Claire Attridge,Isabelle Cote,BMSC26,Hosie South,48.9071,-125.037017,24/04/2024,1.5,NW,10:06,CMA,6.5,2,2,ami,Acmaea mitra,Whitecap limpet,5,5,,,,,,,,,,,,,,,,,,,,,,,,,,,,,,,,,,,,,,,,,,,,,,,,
763,Claire Attridge,Isabelle Cote,BMSC26,Hosie South,48.9071,-125.037017,24/04/2024,1.5,NW,10:06,CMA,6.5,2,2,henricia,Henricia spp.,Unidentified blood star,4,4,,,,,,,,,,,,,,,,,,,,,,,,,,,,,,,,,,,,,,,,,,,,,,,,
764,Claire Attridge,Isabelle Cote,BMSC26,Hosie South,48.9071,-125.037017,24/04/2024,1.5,NW,10:06,CMA,6.5,2,2,aca,Apostichopus californicus,California sea cucumber,1,1,,,,,,,,,,,,,,,,,,,,,,,,,,,,,,,,,,,,,,,,,,,,,,,,
765,Claire Attridge,Isabelle Cote,BMSC26,Hosie South,48.9071,-125.037017,24/04/2024,1.5,NW,10:06,CMA,6.5,2,2,hka,Haliotis kamtschatkana,Pinto abalone,3,0,,,,1,,2,,,,,,,,,,,,,,,,,,,,,,,,,,,,,,,,,,,,,,,,,,
766,Claire Attridge,Isabelle Cote,BMSC26,Hosie South,48.9071,-125.037017,24/04/2024,1.5,NW,10:06,CMA,6.5,2,2,ppr,Pugettia producta,Northern kelp crab,2,2,,,,,,,,,,,,,,,,,,,,,,,,,,,,,,,,,,,,,,,,,,,,,,,,
767,Claire Attridge,Isabelle Cote,BMSC26,Hosie South,48.9071,-125.037017,24/04/2024,1.5,NW,10:06,CMA,6.5,2,2,pno,Peltodoris nobilis,Noble sea lemon,1,1,,,,,,,,,,,,,,,,,,,,,,,,,,,,,,,,,,,,,,,,,,,,,,,,
768,Claire Attridge,Isabelle Cote,BMSC26,Hosie South,48.9071,-125.037017,24/04/2024,1.5,NW,10:06,CMA,6.5,2,2,cha,Chlamys hastata,Spear scallop,2,2,,,,,,,,,,,,,,,,,,,,,,,,,,,,,,,,,,,,,,,,,,,,,,,,
769,Claire Attridge,Isabelle Cote,BMSC26,Hosie South,48.9071,-125.037017,24/04/2024,1.5,NW,10:06,CMA,6.5,2,2,cfo,Ceratostoma foliatum,Leafy hornmouth,1,1,,,,,,,,,,,,,,,,,,,,,,,,,,,,,,,,,,,,,,,,,,,,,,,,
770,Claire Attridge,Isabelle Cote,BMSC26,Hosie South,48.9071,-125.037017,24/04/2024,1.5,NW,10:06,CMA,6.5,2,2,cpr,Cancer productus,Red rock crab,2,2,,,,,,,,,,,,,,,,,,,,,,,,,,,,,,,,,,,,,,,,,,,,,,,,
771,Claire Attridge,Isabelle Cote,BMSC26,Hosie South,48.9071,-125.037017,24/04/2024,1.5,NW,10:06,CMA,6.5,2,2,pmi,Patiria miniata,Bat star,1,1,,,,,,,,,,,,,,,,,,,,,,,,,,,,,,,,,,,,,,,,,,,,,,,,
772,Claire Attridge,Isabelle Cote,BMSC26,Hosie South,48.9071,-125.037017,24/04/2024,1.5,NW,10:06,CMA,6.5,2,2,clu,Cadlina luteomarginata,Yellow-edge cadlina,1,1,,,,,,,,,,,,,,,,,,,,,,,,,,,,,,,,,,,,,,,,,,,,,,,,
773,Claire Attridge,Isabelle Cote,BMSC26,Hosie South,48.9071,-125.037017,24/04/2024,1.5,NW,10:06,CMA,6.5,2,2,das,Diodora aspera,Rough keyhole limpet,1,1,,,,,,,,,,,,,,,,,,,,,,,,,,,,,,,,,,,,,,,,,,,,,,,,
774,Claire Attridge,Isabelle Cote,BMSC26,Hosie South,48.9071,-125.037017,24/04/2024,1.5,NW,10:06,CMA,6.5,0,2,sca,Sebastes caurinus,Copper rockfish,2,0,,,,,2,,,,,,,,,,,,,,,,,,,,,,,,,,,,,,,,,,,,,,,,,,,
775,Claire Attridge,Isabelle Cote,BMSC26,Hosie South,48.9071,-125.037017,24/04/2024,1.5,NW,10:06,CMA,6.5,2,2,dez,Debris - Zero,No Debris found,1,1,,,,,,,,,,,,,,,,,,,,,,,,,,,,,,,,,,,,,,,,,,,,,,,,
776,Claire Attridge,Isabelle Cote,BMSC24,Swiss Boy,48.916073,-125.131174,24/04/2024,3,NE,13:03,CMA,5.5,1,2,hde,Hexagrammos decagrammus,Kelp greenling,6,0,,,,,,,1,4,1,,,,,,,,,,,,,,,,,,,,,,,,,,,,,,,,,,,,,,,
777,Claire Attridge,Isabelle Cote,BMSC24,Swiss Boy,48.916073,-125.131174,24/04/2024,3,NE,13:03,CMA,5.5,1,2,ela,Embiotoca lateralis,Striped seaperch,11,0,,,,,11,,,,,,,,,,,,,,,,,,,,,,,,,,,,,,,,,,,,,,,,,,,
778,Claire Attridge,Isabelle Cote,BMSC24,Swiss Boy,48.916073,-125.131174,24/04/2024,3,NE,13:03,CMA,5.5,1,2,sca,Sebastes caurinus,Copper rockfish,9,0,,,,,1,8,,,,,,,,,,,,,,,,,,,,,,,,,,,,,,,,,,,,,,,,,,
779,Claire Attridge,Isabelle Cote,BMSC24,Swiss Boy,48.916073,-125.131174,24/04/2024,3,NE,13:03,CMA,5.5,1,2,rva,Rhacochilus vacca,Pile perch,20,0,,,,10,10,,,,,,,,,,,,,,,,,,,,,,,,,,,,,,,,,,,,,,,,,,,
780,Claire Attridge,Isabelle Cote,BMSC24,Swiss Boy,48.916073,-125.131174,24/04/2024,3,NE,13:03,CMA,5.5,2,2,ami,Acmaea mitra,Whitecap limpet,4,4,,,,,,,,,,,,,,,,,,,,,,,,,,,,,,,,,,,,,,,,,,,,,,,,
781,Claire Attridge,Isabelle Cote,BMSC24,Swiss Boy,48.916073,-125.131174,24/04/2024,3,NE,13:03,CMA,5.5,2,2,mfra,Mesocentrotus franciscanus,Red sea urchin,69,69,,,,,,,,,,,,,,,,,,,,,,,,,,,,,,,,,,,,,,,,,,,,,,,,
782,Claire Attridge,Isabelle Cote,BMSC24,Swiss Boy,48.916073,-125.131174,24/04/2024,3,NE,13:03,CMA,5.5,2,2,hka,Haliotis kamtschatkana,Pinto abalone,57,0,11,17,16,8,4,1,,,,,,,,,,,,,,,,,,,,,,,,,,,,,,,,,,,,,,,,,,
783,Claire Attridge,Isabelle Cote,BMSC24,Swiss Boy,48.916073,-125.131174,24/04/2024,3,NE,13:03,CMA,5.5,2,2,pmi,Patiria miniata,Bat star,5,5,,,,,,,,,,,,,,,,,,,,,,,,,,,,,,,,,,,,,,,,,,,,,,,,
784,Claire Attridge,Isabelle Cote,BMSC24,Swiss Boy,48.916073,-125.131174,24/04/2024,3,NE,13:03,CMA,5.5,2,2,cgi,Crassadoma gigantea,Purple-hinged rock scallop,3,0,,,,,1,2,,,,,,,,,,,,,,,,,,,,,,,,,,,,,,,,,,,,,,,,,,
785,Claire Attridge,Isabelle Cote,BMSC24,Swiss Boy,48.916073,-125.131174,24/04/2024,3,NE,13:03,CMA,5.5,2,2,poc,Pisaster ochraceus,Purple sea star,31,31,,,,,,,,,,,,,,,,,,,,,,,,,,,,,,,,,,,,,,,,,,,,,,,,
786,Claire Attridge,Isabelle Cote,BMSC24,Swiss Boy,48.916073,-125.131174,24/04/2024,3,NE,13:03,CMA,5.5,2,2,cfo,Ceratostoma foliatum,Leafy hornmouth,6,6,,,,,,,,,,,,,,,,,,,,,,,,,,,,,,,,,,,,,,,,,,,,,,,,
787,Claire Attridge,Isabelle Cote,BMSC24,Swiss Boy,48.916073,-125.131174,24/04/2024,3,NE,13:03,CMA,5.5,2,2,aca,Apostichopus californicus,California sea cucumber,23,23,,,,,,,,,,,,,,,,,,,,,,,,,,,,,,,,,,,,,,,,,,,,,,,,
788,Claire Attridge,Isabelle Cote,BMSC24,Swiss Boy,48.916073,-125.131174,24/04/2024,3,NE,13:03,CMA,5.5,2,2,ogr,Oregonia gracilis,Graceful decorator crab,3,3,,,,,,,,,,,,,,,,,,,,,,,,,,,,,,,,,,,,,,,,,,,,,,,,
789,Claire Attridge,Isabelle Cote,BMSC24,Swiss Boy,48.916073,-125.131174,24/04/2024,3,NE,13:03,CMA,5.5,2,2,spu,Strongylocentrotus purpuratus,Purple sea urchin (?),7,7,,,,,,,,,,,,,,,,,,,,,,,,,,,,,,,,,,,,,,,,,,,,,,,,
790,Claire Attridge,Isabelle Cote,BMSC24,Swiss Boy,48.916073,-125.131174,24/04/2024,3,NE,13:03,CMA,5.5,2,2,hcr,Hermissenda crassicornis,Opalescent nudibranch,8,8,,,,,,,,,,,,,,,,,,,,,,,,,,,,,,,,,,,,,,,,,,,,,,,,
791,Claire Attridge,Isabelle Cote,BMSC24,Swiss Boy,48.916073,-125.131174,24/04/2024,3,NE,13:03,CMA,5.5,2,2,aha,Artedius harringtoni,Scalyhead sculpin,2,0,,2,,,,,,,,,,,,,,,,,,,,,,,,,,,,,,,,,,,,,,,,,,,,,,
792,Claire Attridge,Isabelle Cote,BMSC24,Swiss Boy,48.916073,-125.131174,24/04/2024,3,NE,13:03,CMA,5.5,2,2,dim,Dermasterias imbricata,Leather star,10,10,,,,,,,,,,,,,,,,,,,,,,,,,,,,,,,,,,,,,,,,,,,,,,,,
793,Claire Attridge,Isabelle Cote,BMSC24,Swiss Boy,48.916073,-125.131174,24/04/2024,3,NE,13:03,CMA,5.5,2,2,pru,Pachythyone rubra,Red sea cucumber,1,1,,,,,,,,,,,,,,,,,,,,,,,,,,,,,,,,,,,,,,,,,,,,,,,,
794,Claire Attridge,Isabelle Cote,BMSC24,Swiss Boy,48.916073,-125.131174,24/04/2024,3,NE,13:03,CMA,5.5,2,2,mfo,Mimulus foliatus,Foliate kelp crab,1,1,,,,,,,,,,,,,,,,,,,,,,,,,,,,,,,,,,,,,,,,,,,,,,,,
795,Claire Attridge,Isabelle Cote,BMSC24,Swiss Boy,48.916073,-125.131174,24/04/2024,3,NE,13:03,CMA,5.5,2,2,oko,Orthasterias koehleri,Rainbow star,3,3,,,,,,,,,,,,,,,,,,,,,,,,,,,,,,,,,,,,,,,,,,,,,,,,
796,Claire Attridge,Isabelle Cote,BMSC24,Swiss Boy,48.916073,-125.131174,24/04/2024,3,NE,13:03,CMA,5.5,2,2,phem,Pagurus hemphilli,Maroon hermit,5,5,,,,,,,,,,,,,,,,,,,,,,,,,,,,,,,,,,,,,,,,,,,,,,,,
797,Claire Attridge,Isabelle Cote,BMSC24,Swiss Boy,48.916073,-125.131174,24/04/2024,3,NE,13:03,CMA,5.5,2,2,pda,Pandalus danae,Dock shrimp,1,1,,,,,,,,,,,,,,,,,,,,,,,,,,,,,,,,,,,,,,,,,,,,,,,,
798,Claire Attridge,Isabelle Cote,BMSC24,Swiss Boy,48.916073,-125.131174,24/04/2024,3,NE,13:03,CMA,5.5,2,2,sac,Scyra acutifrons,Sharpnose crab,1,1,,,,,,,,,,,,,,,,,,,,,,,,,,,,,,,,,,,,,,,,,,,,,,,,
799,Claire Attridge,Isabelle Cote,BMSC24,Swiss Boy,48.916073,-125.131174,24/04/2024,3,NE,13:03,CMA,5.5,2,2,das,Diodora aspera,Rough keyhole limpet,2,2,,,,,,,,,,,,,,,,,,,,,,,,,,,,,,,,,,,,,,,,,,,,,,,,
800,Claire Attridge,Isabelle Cote,BMSC24,Swiss Boy,48.916073,-125.131174,24/04/2024,3,NE,13:03,CMA,5.5,2,2,afu,Antiopella fusca,White-and-orange-tipped nudibranch,1,1,,,,,,,,,,,,,,,,,,,,,,,,,,,,,,,,,,,,,,,,,,,,,,,,
801,Claire Attridge,Isabelle Cote,BMSC24,Swiss Boy,48.916073,-125.131174,24/04/2024,3,NE,13:03,CMA,5.5,2,2,dez,Debris - Zero,No Debris found,1,1,,,,,,,,,,,,,,,,,,,,,,,,,,,,,,,,,,,,,,,,,,,,,,,,
802,Claire Attridge,Em Lim,BMSC20,Ed King East,48.83566666,-125.214798,25/04/2024,3.5,NW,9:58,CMA,6.7,1,2,hde,Hexagrammos decagrammus,Kelp greenling,3,0,,,,,,,1,,,2,,,,,,,,,,,,,,,,,,,,,,,,,,,,,,,,,,,,,,
803,Claire Attridge,Em Lim,BMSC20,Ed King East,48.83566666,-125.214798,25/04/2024,3.5,NW,9:58,CMA,6.7,2,2,mfra,Mesocentrotus franciscanus,Red sea urchin,194,194,,,,,,,,,,,,,,,,,,,,,,,,,,,,,,,,,,,,,,,,,,,,,,,,
804,Claire Attridge,Em Lim,BMSC20,Ed King East,48.83566666,-125.214798,25/04/2024,3.5,NW,9:58,CMA,6.7,2,2,spu,Strongylocentrotus purpuratus,Purple sea urchin (?),16,16,,,,,,,,,,,,,,,,,,,,,,,,,,,,,,,,,,,,,,,,,,,,,,,,
805,Claire Attridge,Em Lim,BMSC20,Ed King East,48.83566666,-125.214798,25/04/2024,3.5,NW,9:58,CMA,6.7,2,2,poc,Pisaster ochraceus,Purple sea star,6,6,,,,,,,,,,,,,,,,,,,,,,,,,,,,,,,,,,,,,,,,,,,,,,,,
806,Claire Attridge,Em Lim,BMSC20,Ed King East,48.83566666,-125.214798,25/04/2024,3.5,NW,9:58,CMA,6.7,2,2,dmo,Doris montereyensis,Monterey sea lemon,1,1,,,,,,,,,,,,,,,,,,,,,,,,,,,,,,,,,,,,,,,,,,,,,,,,
807,Claire Attridge,Em Lim,BMSC20,Ed King East,48.83566666,-125.214798,25/04/2024,3.5,NW,9:58,CMA,6.7,2,2,oko,Orthasterias koehleri,Rainbow star,11,11,,,,,,,,,,,,,,,,,,,,,,,,,,,,,,,,,,,,,,,,,,,,,,,,
808,Claire Attridge,Em Lim,BMSC20,Ed King East,48.83566666,-125.214798,25/04/2024,3.5,NW,9:58,CMA,6.7,2,2,phem,Pagurus hemphilli,Maroon hermit,54,54,,,,,,,,,,,,,,,,,,,,,,,,,,,,,,,,,,,,,,,,,,,,,,,,
809,Claire Attridge,Em Lim,BMSC20,Ed King East,48.83566666,-125.214798,25/04/2024,3.5,NW,9:58,CMA,6.7,2,2,pmi,Patiria miniata,Bat star,17,17,,,,,,,,,,,,,,,,,,,,,,,,,,,,,,,,,,,,,,,,,,,,,,,,
810,Claire Attridge,Em Lim,BMSC20,Ed King East,48.83566666,-125.214798,25/04/2024,3.5,NW,9:58,CMA,6.7,2,2,hhe,Hemilepidotus hemilepidotus,Red Irish lord,1,0,,,,1,,,,,,,,,,,,,,,,,,,,,,,,,,,,,,,,,,,,,,,,,,,,
811,Claire Attridge,Em Lim,BMSC20,Ed King East,48.83566666,-125.214798,25/04/2024,3.5,NW,9:58,CMA,6.7,2,2,henricia,Henricia spp.,Unidentified blood star,2,2,,,,,,,,,,,,,,,,,,,,,,,,,,,,,,,,,,,,,,,,,,,,,,,,
812,Claire Attridge,Em Lim,BMSC20,Ed King East,48.83566666,-125.214798,25/04/2024,3.5,NW,9:58,CMA,6.7,2,2,cac,Clinocottus acuticeps,Sharpnose sculpin,1,0,,1,,,,,,,,,,,,,,,,,,,,,,,,,,,,,,,,,,,,,,,,,,,,,,
813,Claire Attridge,Em Lim,BMSC20,Ed King East,48.83566666,-125.214798,25/04/2024,3.5,NW,9:58,CMA,6.7,2,2,cfo,Ceratostoma foliatum,Leafy hornmouth,6,6,,,,,,,,,,,,,,,,,,,,,,,,,,,,,,,,,,,,,,,,,,,,,,,,
814,Claire Attridge,Em Lim,BMSC20,Ed King East,48.83566666,-125.214798,25/04/2024,3.5,NW,9:58,CMA,6.7,2,2,ami,Acmaea mitra,Whitecap limpet,3,3,,,,,,,,,,,,,,,,,,,,,,,,,,,,,,,,,,,,,,,,,,,,,,,,
815,Claire Attridge,Em Lim,BMSC20,Ed King East,48.83566666,-125.214798,25/04/2024,3.5,NW,9:58,CMA,6.7,2,2,dim,Dermasterias imbricata,Leather star,5,5,,,,,,,,,,,,,,,,,,,,,,,,,,,,,,,,,,,,,,,,,,,,,,,,
816,Claire Attridge,Em Lim,BMSC20,Ed King East,48.83566666,-125.214798,25/04/2024,3.5,NW,9:58,CMA,6.7,2,2,das,Diodora aspera,Rough keyhole limpet,1,1,,,,,,,,,,,,,,,,,,,,,,,,,,,,,,,,,,,,,,,,,,,,,,,,
817,Claire Attridge,Em Lim,BMSC20,Ed King East,48.83566666,-125.214798,25/04/2024,3.5,NW,9:58,CMA,6.7,2,2,clo,Chorilia longipes,Longhorn decorator crabs,2,2,,,,,,,,,,,,,,,,,,,,,,,,,,,,,,,,,,,,,,,,,,,,,,,,
818,Claire Attridge,Em Lim,BMSC20,Ed King East,48.83566666,-125.214798,25/04/2024,3.5,NW,9:58,CMA,6.7,2,2,jzo,Jordania zonope,Longfin sculpin,2,0,,,2,,,,,,,,,,,,,,,,,,,,,,,,,,,,,,,,,,,,,,,,,,,,,
819,Claire Attridge,Em Lim,BMSC20,Ed King East,48.83566666,-125.214798,25/04/2024,3.5,NW,9:58,CMA,6.7,2,2,aha,Artedius harringtoni,Scalyhead sculpin,2,0,,2,,,,,,,,,,,,,,,,,,,,,,,,,,,,,,,,,,,,,,,,,,,,,,
820,Claire Attridge,Em Lim,BMSC20,Ed King East,48.83566666,-125.214798,25/04/2024,3.5,NW,9:58,CMA,6.7,2,2,aca,Apostichopus californicus,California sea cucumber,11,11,,,,,,,,,,,,,,,,,,,,,,,,,,,,,,,,,,,,,,,,,,,,,,,,
821,Claire Attridge,Em Lim,BMSC20,Ed King East,48.83566666,-125.214798,25/04/2024,3.5,NW,9:58,CMA,6.7,2,2,hka,Haliotis kamtschatkana,Pinto abalone,4,0,,3,1,,,,,,,,,,,,,,,,,,,,,,,,,,,,,,,,,,,,,,,,,,,,,
822,Claire Attridge,Em Lim,BMSC20,Ed King East,48.83566666,-125.214798,25/04/2024,3.5,NW,9:58,CMA,6.7,2,2,pgi,Pomaulax gibberosus,Red turban shell,2,2,,,,,,,,,,,,,,,,,,,,,,,,,,,,,,,,,,,,,,,,,,,,,,,,
823,Claire Attridge,Em Lim,BMSC20,Ed King East,48.83566666,-125.214798,25/04/2024,3.5,NW,9:58,CMA,6.7,2,2,cnu,Chirolophis nugator,Mosshead warbonnet,1,0,,,,1,,,,,,,,,,,,,,,,,,,,,,,,,,,,,,,,,,,,,,,,,,,,
824,Claire Attridge,Em Lim,BMSC20,Ed King East,48.83566666,-125.214798,25/04/2024,3.5,NW,9:58,CMA,6.7,2,2,cgi,Crassadoma gigantea,Purple-hinged rock scallop,2,0,,,,,2,,,,,,,,,,,,,,,,,,,,,,,,,,,,,,,,,,,,,,,,,,,
825,Claire Attridge,Em Lim,BMSC20,Ed King East,48.83566666,-125.214798,25/04/2024,3.5,NW,9:58,CMA,6.7,2,2,ogr,Oregonia gracilis,Graceful decorator crab,1,1,,,,,,,,,,,,,,,,,,,,,,,,,,,,,,,,,,,,,,,,,,,,,,,,
826,Claire Attridge,Em Lim,BMSC20,Ed King East,48.83566666,-125.214798,25/04/2024,3.5,NW,9:58,CMA,6.7,2,2,cpr,Cancer productus,Red rock crab,1,1,,,,,,,,,,,,,,,,,,,,,,,,,,,,,,,,,,,,,,,,,,,,,,,,
827,Claire Attridge,Em Lim,BMSC20,Ed King East,48.83566666,-125.214798,25/04/2024,3.5,NW,9:58,CMA,6.7,0,2,sme,Sebastes melanops,Black rockfish,2,0,,,,,1,1,,,,,,,,,,,,,,,,,,,,,,,,,,,,,,,,,,,,,,,,,,
828,Claire Attridge,Em Lim,BMSC20,Ed King East,48.83566666,-125.214798,25/04/2024,3.5,NW,9:58,CMA,6.7,2,2,dez,Debris - Zero,No Debris found,1,1,,,,,,,,,,,,,,,,,,,,,,,,,,,,,,,,,,,,,,,,,,,,,,,,
829,Claire Attridge,Em Lim,BMSC19,Ed King SW Pyramid,48.82860184,-125.2212982,25/04/2024,3,W,12:06,CMA,8.5,1,2,oel,Ophiodon elongatus,Lingcod,1,0,,,,,,,,,1,,,,,,,,,,,,,,,,,,,,,,,,,,,,,,,,,,,,,,,
830,Claire Attridge,Em Lim,BMSC19,Ed King SW Pyramid,48.82860184,-125.2212982,25/04/2024,3,W,12:06,CMA,8.5,1,2,hde,Hexagrammos decagrammus,Kelp greenling,2,0,,,,,,,2,,,,,,,,,,,,,,,,,,,,,,,,,,,,,,,,,,,,,,,,,
831,Claire Attridge,Em Lim,BMSC19,Ed King SW Pyramid,48.82860184,-125.2212982,25/04/2024,3,W,12:06,CMA,8.5,2,2,mfra,Mesocentrotus franciscanus,Red sea urchin,128,128,,,,,,,,,,,,,,,,,,,,,,,,,,,,,,,,,,,,,,,,,,,,,,,,
832,Claire Attridge,Em Lim,BMSC19,Ed King SW Pyramid,48.82860184,-125.2212982,25/04/2024,3,W,12:06,CMA,8.5,2,2,spu,Strongylocentrotus purpuratus,Purple sea urchin (?),13,13,,,,,,,,,,,,,,,,,,,,,,,,,,,,,,,,,,,,,,,,,,,,,,,,
833,Claire Attridge,Em Lim,BMSC19,Ed King SW Pyramid,48.82860184,-125.2212982,25/04/2024,3,W,12:06,CMA,8.5,2,2,poc,Pisaster ochraceus,Purple sea star,11,11,,,,,,,,,,,,,,,,,,,,,,,,,,,,,,,,,,,,,,,,,,,,,,,,
834,Claire Attridge,Em Lim,BMSC19,Ed King SW Pyramid,48.82860184,-125.2212982,25/04/2024,3,W,12:06,CMA,8.5,2,2,aca,Apostichopus californicus,California sea cucumber,6,6,,,,,,,,,,,,,,,,,,,,,,,,,,,,,,,,,,,,,,,,,,,,,,,,
835,Claire Attridge,Em Lim,BMSC19,Ed King SW Pyramid,48.82860184,-125.2212982,25/04/2024,3,W,12:06,CMA,8.5,2,2,phem,Pagurus hemphilli,Maroon hermit,18,18,,,,,,,,,,,,,,,,,,,,,,,,,,,,,,,,,,,,,,,,,,,,,,,,
836,Claire Attridge,Em Lim,BMSC19,Ed King SW Pyramid,48.82860184,-125.2212982,25/04/2024,3,W,12:06,CMA,8.5,2,2,cfo,Ceratostoma foliatum,Leafy hornmouth,13,13,,,,,,,,,,,,,,,,,,,,,,,,,,,,,,,,,,,,,,,,,,,,,,,,
837,Claire Attridge,Em Lim,BMSC19,Ed King SW Pyramid,48.82860184,-125.2212982,25/04/2024,3,W,12:06,CMA,8.5,2,2,ami,Acmaea mitra,Whitecap limpet,5,5,,,,,,,,,,,,,,,,,,,,,,,,,,,,,,,,,,,,,,,,,,,,,,,,
838,Claire Attridge,Em Lim,BMSC19,Ed King SW Pyramid,48.82860184,-125.2212982,25/04/2024,3,W,12:06,CMA,8.5,2,2,pmi,Patiria miniata,Bat star,8,8,,,,,,,,,,,,,,,,,,,,,,,,,,,,,,,,,,,,,,,,,,,,,,,,
839,Claire Attridge,Em Lim,BMSC19,Ed King SW Pyramid,48.82860184,-125.2212982,25/04/2024,3,W,12:06,CMA,8.5,2,2,hka,Haliotis kamtschatkana,Pinto abalone,32,0,12,13,3,4,,,,,,,,,,,,,,,,,,,,,,,,,,,,,,,,,,,,,,,,,,,,
840,Claire Attridge,Em Lim,BMSC19,Ed King SW Pyramid,48.82860184,-125.2212982,25/04/2024,3,W,12:06,CMA,8.5,2,2,pbe,Pagurus beringanus,Bering hermit crab,8,8,,,,,,,,,,,,,,,,,,,,,,,,,,,,,,,,,,,,,,,,,,,,,,,,
841,Claire Attridge,Em Lim,BMSC19,Ed King SW Pyramid,48.82860184,-125.2212982,25/04/2024,3,W,12:06,CMA,8.5,2,2,hhe,Hemilepidotus hemilepidotus,Red Irish lord,1,0,,,,,,,1,,,,,,,,,,,,,,,,,,,,,,,,,,,,,,,,,,,,,,,,,
842,Claire Attridge,Em Lim,BMSC19,Ed King SW Pyramid,48.82860184,-125.2212982,25/04/2024,3,W,12:06,CMA,8.5,2,2,lbe,Lophopanopeus bellus,Black-clawed crab,2,2,,,,,,,,,,,,,,,,,,,,,,,,,,,,,,,,,,,,,,,,,,,,,,,,
843,Claire Attridge,Em Lim,BMSC19,Ed King SW Pyramid,48.82860184,-125.2212982,25/04/2024,3,W,12:06,CMA,8.5,2,2,oko,Orthasterias koehleri,Rainbow star,3,3,,,,,,,,,,,,,,,,,,,,,,,,,,,,,,,,,,,,,,,,,,,,,,,,
844,Claire Attridge,Em Lim,BMSC19,Ed King SW Pyramid,48.82860184,-125.2212982,25/04/2024,3,W,12:06,CMA,8.5,2,2,hcr,Hermissenda crassicornis,Opalescent nudibranch,1,1,,,,,,,,,,,,,,,,,,,,,,,,,,,,,,,,,,,,,,,,,,,,,,,,
845,Claire Attridge,Em Lim,BMSC19,Ed King SW Pyramid,48.82860184,-125.2212982,25/04/2024,3,W,12:06,CMA,8.5,2,2,dim,Dermasterias imbricata,Leather star,9,9,,,,,,,,,,,,,,,,,,,,,,,,,,,,,,,,,,,,,,,,,,,,,,,,
846,Claire Attridge,Em Lim,BMSC19,Ed King SW Pyramid,48.82860184,-125.2212982,25/04/2024,3,W,12:06,CMA,8.5,2,2,aha,Artedius harringtoni,Scalyhead sculpin,2,0,,2,,,,,,,,,,,,,,,,,,,,,,,,,,,,,,,,,,,,,,,,,,,,,,
847,Claire Attridge,Em Lim,BMSC19,Ed King SW Pyramid,48.82860184,-125.2212982,25/04/2024,3,W,12:06,CMA,8.5,2,2,sdr,Strongylocentrotus droebachiensis,Northern sea urchin,1,1,,,,,,,,,,,,,,,,,,,,,,,,,,,,,,,,,,,,,,,,,,,,,,,,
848,Claire Attridge,Em Lim,BMSC19,Ed King SW Pyramid,48.82860184,-125.2212982,25/04/2024,3,W,12:06,CMA,8.5,2,2,otr,Orthonopias triacis,Snubnose sculpin,1,0,,1,,,,,,,,,,,,,,,,,,,,,,,,,,,,,,,,,,,,,,,,,,,,,,
849,Claire Attridge,Em Lim,BMSC19,Ed King SW Pyramid,48.82860184,-125.2212982,25/04/2024,3,W,12:06,CMA,8.5,2,2,cgi,Crassadoma gigantea,Purple-hinged rock scallop,3,0,,,,1,1,1,,,,,,,,,,,,,,,,,,,,,,,,,,,,,,,,,,,,,,,,,,
850,Claire Attridge,Em Lim,BMSC19,Ed King SW Pyramid,48.82860184,-125.2212982,25/04/2024,3,W,12:06,CMA,8.5,2,2,hcr,Hermissenda crassicornis,Opalescent nudibranch,1,1,,,,,,,,,,,,,,,,,,,,,,,,,,,,,,,,,,,,,,,,,,,,,,,,
851,Claire Attridge,Em Lim,BMSC19,Ed King SW Pyramid,48.82860184,-125.2212982,25/04/2024,3,W,12:06,CMA,8.5,2,2,dez,Debris - Zero,No Debris found,1,1,,,,,,,,,,,,,,,,,,,,,,,,,,,,,,,,,,,,,,,,,,,,,,,,
852,Claire Attridge,Em Lim,BMSC12,Wizard Island North,48.858284,-125.1609192,26/04/2024,2.5,NE,9:29,CMA,4.5,1,2,hde,Hexagrammos decagrammus,Kelp greenling,3,0,,,,,,,,,,3,,,,,,,,,,,,,,,,,,,,,,,,,,,,,,,,,,,,,,
853,Claire Attridge,Em Lim,BMSC12,Wizard Island North,48.858284,-125.1609192,26/04/2024,2.5,NE,9:29,CMA,4.5,1,2,rni,Rhinogobiops nicholsii,Blackeye goby,1,0,,,,1,,,,,,,,,,,,,,,,,,,,,,,,,,,,,,,,,,,,,,,,,,,,
854,Claire Attridge,Em Lim,BMSC12,Wizard Island North,48.858284,-125.1609192,26/04/2024,2.5,NE,9:29,CMA,4.5,2,2,mfra,Mesocentrotus franciscanus,Red sea urchin,327,327,,,,,,,,,,,,,,,,,,,,,,,,,,,,,,,,,,,,,,,,,,,,,,,,
855,Claire Attridge,Em Lim,BMSC12,Wizard Island North,48.858284,-125.1609192,26/04/2024,2.5,NE,9:29,CMA,4.5,2,2,pgi,Pomaulax gibberosus,Red turban shell,4,4,,,,,,,,,,,,,,,,,,,,,,,,,,,,,,,,,,,,,,,,,,,,,,,,
856,Claire Attridge,Em Lim,BMSC12,Wizard Island North,48.858284,-125.1609192,26/04/2024,2.5,NE,9:29,CMA,4.5,2,2,aca,Apostichopus californicus,California sea cucumber,30,30,,,,,,,,,,,,,,,,,,,,,,,,,,,,,,,,,,,,,,,,,,,,,,,,
857,Claire Attridge,Em Lim,BMSC12,Wizard Island North,48.858284,-125.1609192,26/04/2024,2.5,NE,9:29,CMA,4.5,2,2,rni,Rhinogobiops nicholsii,Blackeye goby,4,0,,1,2,1,,,,,,,,,,,,,,,,,,,,,,,,,,,,,,,,,,,,,,,,,,,,
858,Claire Attridge,Em Lim,BMSC12,Wizard Island North,48.858284,-125.1609192,26/04/2024,2.5,NE,9:29,CMA,4.5,2,2,hka,Haliotis kamtschatkana,Pinto abalone,10,0,2,4,3,,,1,,,,,,,,,,,,,,,,,,,,,,,,,,,,,,,,,,,,,,,,,,
859,Claire Attridge,Em Lim,BMSC12,Wizard Island North,48.858284,-125.1609192,26/04/2024,2.5,NE,9:29,CMA,4.5,2,2,cfo,Ceratostoma foliatum,Leafy hornmouth,13,13,,,,,,,,,,,,,,,,,,,,,,,,,,,,,,,,,,,,,,,,,,,,,,,,
860,Claire Attridge,Em Lim,BMSC12,Wizard Island North,48.858284,-125.1609192,26/04/2024,2.5,NE,9:29,CMA,4.5,2,2,dim,Dermasterias imbricata,Leather star,10,10,,,,,,,,,,,,,,,,,,,,,,,,,,,,,,,,,,,,,,,,,,,,,,,,
861,Claire Attridge,Em Lim,BMSC12,Wizard Island North,48.858284,-125.1609192,26/04/2024,2.5,NE,9:29,CMA,4.5,2,2,phem,Pagurus hemphilli,Maroon hermit,1,1,,,,,,,,,,,,,,,,,,,,,,,,,,,,,,,,,,,,,,,,,,,,,,,,
862,Claire Attridge,Em Lim,BMSC12,Wizard Island North,48.858284,-125.1609192,26/04/2024,2.5,NE,9:29,CMA,4.5,2,2,aha,Artedius harringtoni,Scalyhead sculpin,5,0,,4,1,,,,,,,,,,,,,,,,,,,,,,,,,,,,,,,,,,,,,,,,,,,,,
863,Claire Attridge,Em Lim,BMSC12,Wizard Island North,48.858284,-125.1609192,26/04/2024,2.5,NE,9:29,CMA,4.5,2,2,hcr,Hermissenda crassicornis,Opalescent nudibranch,7,7,,,,,,,,,,,,,,,,,,,,,,,,,,,,,,,,,,,,,,,,,,,,,,,,
864,Claire Attridge,Em Lim,BMSC12,Wizard Island North,48.858284,-125.1609192,26/04/2024,2.5,NE,9:29,CMA,4.5,2,2,cgi,Crassadoma gigantea,Purple-hinged rock scallop,3,0,,,,,1,1,1,,,,,,,,,,,,,,,,,,,,,,,,,,,,,,,,,,,,,,,,,
865,Claire Attridge,Em Lim,BMSC12,Wizard Island North,48.858284,-125.1609192,26/04/2024,2.5,NE,9:29,CMA,4.5,2,2,oko,Orthasterias koehleri,Rainbow star,6,6,,,,,,,,,,,,,,,,,,,,,,,,,,,,,,,,,,,,,,,,,,,,,,,,
866,Claire Attridge,Em Lim,BMSC12,Wizard Island North,48.858284,-125.1609192,26/04/2024,2.5,NE,9:29,CMA,4.5,2,2,gor,Glebocarcinus oregonensis,Pygmy rock crab,1,1,,,,,,,,,,,,,,,,,,,,,,,,,,,,,,,,,,,,,,,,,,,,,,,,
867,Claire Attridge,Em Lim,BMSC12,Wizard Island North,48.858284,-125.1609192,26/04/2024,2.5,NE,9:29,CMA,4.5,2,2,sdr,Strongylocentrotus droebachiensis,Northern sea urchin,1,1,,,,,,,,,,,,,,,,,,,,,,,,,,,,,,,,,,,,,,,,,,,,,,,,
868,Claire Attridge,Em Lim,BMSC12,Wizard Island North,48.858284,-125.1609192,26/04/2024,2.5,NE,9:29,CMA,4.5,2,2,spu,Strongylocentrotus purpuratus,Purple sea urchin (?),1,1,,,,,,,,,,,,,,,,,,,,,,,,,,,,,,,,,,,,,,,,,,,,,,,,
869,Claire Attridge,Em Lim,BMSC12,Wizard Island North,48.858284,-125.1609192,26/04/2024,2.5,NE,9:29,CMA,4.5,2,2,ami,Acmaea mitra,Whitecap limpet,3,3,,,,,,,,,,,,,,,,,,,,,,,,,,,,,,,,,,,,,,,,,,,,,,,,
870,Claire Attridge,Em Lim,BMSC12,Wizard Island North,48.858284,-125.1609192,26/04/2024,2.5,NE,9:29,CMA,4.5,2,2,das,Diodora aspera,Rough keyhole limpet,1,1,,,,,,,,,,,,,,,,,,,,,,,,,,,,,,,,,,,,,,,,,,,,,,,,
871,Claire Attridge,Em Lim,BMSC12,Wizard Island North,48.858284,-125.1609192,26/04/2024,2.5,NE,9:29,CMA,4.5,2,2,sac,Scyra acutifrons,Sharpnose crab,3,3,,,,,,,,,,,,,,,,,,,,,,,,,,,,,,,,,,,,,,,,,,,,,,,,
872,Claire Attridge,Em Lim,BMSC12,Wizard Island North,48.858284,-125.1609192,26/04/2024,2.5,NE,9:29,CMA,4.5,2,2,henricia,Henricia spp.,Unidentified blood star,5,5,,,,,,,,,,,,,,,,,,,,,,,,,,,,,,,,,,,,,,,,,,,,,,,,
873,Claire Attridge,Em Lim,BMSC12,Wizard Island North,48.858284,-125.1609192,26/04/2024,2.5,NE,9:29,CMA,4.5,2,2,pmi,Patiria miniata,Bat star,3,3,,,,,,,,,,,,,,,,,,,,,,,,,,,,,,,,,,,,,,,,,,,,,,,,
874,Claire Attridge,Em Lim,BMSC12,Wizard Island North,48.858284,-125.1609192,26/04/2024,2.5,NE,9:29,CMA,4.5,2,2,jzo,Jordania zonope,Longfin sculpin,1,0,,1,,,,,,,,,,,,,,,,,,,,,,,,,,,,,,,,,,,,,,,,,,,,,,
875,Claire Attridge,Em Lim,BMSC12,Wizard Island North,48.858284,-125.1609192,26/04/2024,2.5,NE,9:29,CMA,4.5,2,2,dez,Debris - Zero,No Debris found,1,1,,,,,,,,,,,,,,,,,,,,,,,,,,,,,,,,,,,,,,,,,,,,,,,,
876,Claire Attridge,Em Lim,BMSC11,Wizard Island South,48.85746765,-125.1582336,26/04/2024,1.5,SW,11:48,CMA,7.5,1,2,rni,Rhinogobiops nicholsii,Blackeye goby,8,0,,5,3,,,,,,,,,,,,,,,,,,,,,,,,,,,,,,,,,,,,,,,,,,,,,
877,Claire Attridge,Em Lim,BMSC11,Wizard Island South,48.85746765,-125.1582336,26/04/2024,1.5,SW,11:48,CMA,7.5,2,2,mfra,Mesocentrotus franciscanus,Red sea urchin,180,180,,,,,,,,,,,,,,,,,,,,,,,,,,,,,,,,,,,,,,,,,,,,,,,,
878,Claire Attridge,Em Lim,BMSC11,Wizard Island South,48.85746765,-125.1582336,26/04/2024,1.5,SW,11:48,CMA,7.5,2,2,hcr,Hermissenda crassicornis,Opalescent nudibranch,16,16,,,,,,,,,,,,,,,,,,,,,,,,,,,,,,,,,,,,,,,,,,,,,,,,
879,Claire Attridge,Em Lim,BMSC11,Wizard Island South,48.85746765,-125.1582336,26/04/2024,1.5,SW,11:48,CMA,7.5,2,2,dim,Dermasterias imbricata,Leather star,10,10,,,,,,,,,,,,,,,,,,,,,,,,,,,,,,,,,,,,,,,,,,,,,,,,
880,Claire Attridge,Em Lim,BMSC11,Wizard Island South,48.85746765,-125.1582336,26/04/2024,1.5,SW,11:48,CMA,7.5,2,2,aca,Apostichopus californicus,California sea cucumber,17,17,,,,,,,,,,,,,,,,,,,,,,,,,,,,,,,,,,,,,,,,,,,,,,,,
881,Claire Attridge,Em Lim,BMSC11,Wizard Island South,48.85746765,-125.1582336,26/04/2024,1.5,SW,11:48,CMA,7.5,2,2,rni,Rhinogobiops nicholsii,Blackeye goby,67,0,22,30,11,4,,,,,,,,,,,,,,,,,,,,,,,,,,,,,,,,,,,,,,,,,,,,
882,Claire Attridge,Em Lim,BMSC11,Wizard Island South,48.85746765,-125.1582336,26/04/2024,1.5,SW,11:48,CMA,7.5,2,2,ami,Acmaea mitra,Whitecap limpet,1,1,,,,,,,,,,,,,,,,,,,,,,,,,,,,,,,,,,,,,,,,,,,,,,,,
883,Claire Attridge,Em Lim,BMSC11,Wizard Island South,48.85746765,-125.1582336,26/04/2024,1.5,SW,11:48,CMA,7.5,2,2,pgi,Pomaulax gibberosus,Red turban shell,21,21,,,,,,,,,,,,,,,,,,,,,,,,,,,,,,,,,,,,,,,,,,,,,,,,
884,Claire Attridge,Em Lim,BMSC11,Wizard Island South,48.85746765,-125.1582336,26/04/2024,1.5,SW,11:48,CMA,7.5,2,2,cgi,Crassadoma gigantea,Purple-hinged rock scallop,11,0,,,,2,3,4,2,,,,,,,,,,,,,,,,,,,,,,,,,,,,,,,,,,,,,,,,,
885,Claire Attridge,Em Lim,BMSC11,Wizard Island South,48.85746765,-125.1582336,26/04/2024,1.5,SW,11:48,CMA,7.5,2,2,pno,Peltodoris nobilis,Noble sea lemon,2,2,,,,,,,,,,,,,,,,,,,,,,,,,,,,,,,,,,,,,,,,,,,,,,,,
886,Claire Attridge,Em Lim,BMSC11,Wizard Island South,48.85746765,-125.1582336,26/04/2024,1.5,SW,11:48,CMA,7.5,2,2,pco,Pleuronichthys coenosus,C-o sole,1,0,,,,,,1,,,,,,,,,,,,,,,,,,,,,,,,,,,,,,,,,,,,,,,,,,
887,Claire Attridge,Em Lim,BMSC11,Wizard Island South,48.85746765,-125.1582336,26/04/2024,1.5,SW,11:48,CMA,7.5,2,2,gor,Glebocarcinus oregonensis,Pygmy rock crab,2,2,,,,,,,,,,,,,,,,,,,,,,,,,,,,,,,,,,,,,,,,,,,,,,,,
888,Claire Attridge,Em Lim,BMSC11,Wizard Island South,48.85746765,-125.1582336,26/04/2024,1.5,SW,11:48,CMA,7.5,2,2,etr,Evasterias troschelii,Mottled starfish,1,1,,,,,,,,,,,,,,,,,,,,,,,,,,,,,,,,,,,,,,,,,,,,,,,,
889,Claire Attridge,Em Lim,BMSC11,Wizard Island South,48.85746765,-125.1582336,26/04/2024,1.5,SW,11:48,CMA,7.5,2,2,oko,Orthasterias koehleri,Rainbow star,4,4,,,,,,,,,,,,,,,,,,,,,,,,,,,,,,,,,,,,,,,,,,,,,,,,
890,Claire Attridge,Em Lim,BMSC11,Wizard Island South,48.85746765,-125.1582336,26/04/2024,1.5,SW,11:48,CMA,7.5,2,2,hka,Haliotis kamtschatkana,Pinto abalone,3,0,,,2,1,,,,,,,,,,,,,,,,,,,,,,,,,,,,,,,,,,,,,,,,,,,,
891,Claire Attridge,Em Lim,BMSC11,Wizard Island South,48.85746765,-125.1582336,26/04/2024,1.5,SW,11:48,CMA,7.5,2,2,cfo,Ceratostoma foliatum,Leafy hornmouth,6,6,,,,,,,,,,,,,,,,,,,,,,,,,,,,,,,,,,,,,,,,,,,,,,,,
892,Claire Attridge,Em Lim,BMSC11,Wizard Island South,48.85746765,-125.1582336,26/04/2024,1.5,SW,11:48,CMA,7.5,2,2,clo,Chorilia longipes,Longhorn decorator crabs,2,2,,,,,,,,,,,,,,,,,,,,,,,,,,,,,,,,,,,,,,,,,,,,,,,,
893,Claire Attridge,Em Lim,BMSC11,Wizard Island South,48.85746765,-125.1582336,26/04/2024,1.5,SW,11:48,CMA,7.5,2,2,hhe,Hemilepidotus hemilepidotus,Red Irish lord,1,0,,,,,,,1,,,,,,,,,,,,,,,,,,,,,,,,,,,,,,,,,,,,,,,,,
894,Claire Attridge,Em Lim,BMSC11,Wizard Island South,48.85746765,-125.1582336,26/04/2024,1.5,SW,11:48,CMA,7.5,2,2,henricia,Henricia spp.,Unidentified blood star,2,2,,,,,,,,,,,,,,,,,,,,,,,,,,,,,,,,,,,,,,,,,,,,,,,,
895,Claire Attridge,Em Lim,BMSC11,Wizard Island South,48.85746765,-125.1582336,26/04/2024,1.5,SW,11:48,CMA,7.5,2,2,dsa,Diaulula sandiegensis,Ringed doris,1,1,,,,,,,,,,,,,,,,,,,,,,,,,,,,,,,,,,,,,,,,,,,,,,,,
896,Claire Attridge,Em Lim,BMSC11,Wizard Island South,48.85746765,-125.1582336,26/04/2024,1.5,SW,11:48,CMA,7.5,2,2,ogr,Oregonia gracilis,Graceful decorator crab,1,1,,,,,,,,,,,,,,,,,,,,,,,,,,,,,,,,,,,,,,,,,,,,,,,,
897,Claire Attridge,Em Lim,BMSC11,Wizard Island South,48.85746765,-125.1582336,26/04/2024,1.5,SW,11:48,CMA,7.5,2,2,ahu,Acanthodoris hudsoni,Hudson's horned dorid,2,2,,,,,,,,,,,,,,,,,,,,,,,,,,,,,,,,,,,,,,,,,,,,,,,,
898,Claire Attridge,Em Lim,BMSC11,Wizard Island South,48.85746765,-125.1582336,26/04/2024,1.5,SW,11:48,CMA,7.5,2,2,tca,Triopha catalinae,Sea-clown triopha,1,1,,,,,,,,,,,,,,,,,,,,,,,,,,,,,,,,,,,,,,,,,,,,,,,,
899,Claire Attridge,Em Lim,BMSC11,Wizard Island South,48.85746765,-125.1582336,26/04/2024,1.5,SW,11:48,CMA,7.5,2,2,dez,Debris - Zero,No Debris found,1,1,,,,,,,,,,,,,,,,,,,,,,,,,,,,,,,,,,,,,,,,,,,,,,,,
900,Claire Attridge,Em Lim,BMSC10,Ross Islets Slug Island,48.87051773,-125.160347,26/04/2024,2,W,14:06,CMA,4.5,1,2,rni,Rhinogobiops nicholsii,Blackeye goby,26,0,1,5,15,5,,,,,,,,,,,,,,,,,,,,,,,,,,,,,,,,,,,,,,,,,,,,
901,Claire Attridge,Em Lim,BMSC10,Ross Islets Slug Island,48.87051773,-125.160347,26/04/2024,2,W,14:06,CMA,4.5,1,2,sca,Sebastes caurinus,Copper rockfish,1,0,,1,,,,,,,,,,,,,,,,,,,,,,,,,,,,,,,,,,,,,,,,,,,,,,
902,Claire Attridge,Em Lim,BMSC10,Ross Islets Slug Island,48.87051773,-125.160347,26/04/2024,2,W,14:06,CMA,4.5,1,2,hde,Hexagrammos decagrammus,Kelp greenling,2,0,,,,,1,,,1,,,,,,,,,,,,,,,,,,,,,,,,,,,,,,,,,,,,,,,,
903,Claire Attridge,Em Lim,BMSC10,Ross Islets Slug Island,48.87051773,-125.160347,26/04/2024,2,W,14:06,CMA,4.5,2,2,dim,Dermasterias imbricata,Leather star,4,4,,,,,,,,,,,,,,,,,,,,,,,,,,,,,,,,,,,,,,,,,,,,,,,,
904,Claire Attridge,Em Lim,BMSC10,Ross Islets Slug Island,48.87051773,-125.160347,26/04/2024,2,W,14:06,CMA,4.5,2,2,rni,Rhinogobiops nicholsii,Blackeye goby,124,0,28,44,36,16,,,,,,,,,,,,,,,,,,,,,,,,,,,,,,,,,,,,,,,,,,,,
905,Claire Attridge,Em Lim,BMSC10,Ross Islets Slug Island,48.87051773,-125.160347,26/04/2024,2,W,14:06,CMA,4.5,2,2,hka,Haliotis kamtschatkana,Pinto abalone,18,0,,,4,5,6,3,,,,,,,,,,,,,,,,,,,,,,,,,,,,,,,,,,,,,,,,,,
906,Claire Attridge,Em Lim,BMSC10,Ross Islets Slug Island,48.87051773,-125.160347,26/04/2024,2,W,14:06,CMA,4.5,2,2,mfra,Mesocentrotus franciscanus,Red sea urchin,81,81,,,,,,,,,,,,,,,,,,,,,,,,,,,,,,,,,,,,,,,,,,,,,,,,
907,Claire Attridge,Em Lim,BMSC10,Ross Islets Slug Island,48.87051773,-125.160347,26/04/2024,2,W,14:06,CMA,4.5,2,2,jzo,Jordania zonope,Longfin sculpin,1,0,,,1,,,,,,,,,,,,,,,,,,,,,,,,,,,,,,,,,,,,,,,,,,,,,
908,Claire Attridge,Em Lim,BMSC10,Ross Islets Slug Island,48.87051773,-125.160347,26/04/2024,2,W,14:06,CMA,4.5,2,2,sac,Scyra acutifrons,Sharpnose crab,10,10,,,,,,,,,,,,,,,,,,,,,,,,,,,,,,,,,,,,,,,,,,,,,,,,
909,Claire Attridge,Em Lim,BMSC10,Ross Islets Slug Island,48.87051773,-125.160347,26/04/2024,2,W,14:06,CMA,4.5,2,2,pmi,Patiria miniata,Bat star,33,33,,,,,,,,,,,,,,,,,,,,,,,,,,,,,,,,,,,,,,,,,,,,,,,,
910,Claire Attridge,Em Lim,BMSC10,Ross Islets Slug Island,48.87051773,-125.160347,26/04/2024,2,W,14:06,CMA,4.5,2,2,aca,Apostichopus californicus,California sea cucumber,35,35,,,,,,,,,,,,,,,,,,,,,,,,,,,,,,,,,,,,,,,,,,,,,,,,
911,Claire Attridge,Em Lim,BMSC10,Ross Islets Slug Island,48.87051773,-125.160347,26/04/2024,2,W,14:06,CMA,4.5,2,2,das,Diodora aspera,Rough keyhole limpet,12,12,,,,,,,,,,,,,,,,,,,,,,,,,,,,,,,,,,,,,,,,,,,,,,,,
912,Claire Attridge,Em Lim,BMSC10,Ross Islets Slug Island,48.87051773,-125.160347,26/04/2024,2,W,14:06,CMA,4.5,2,2,oko,Orthasterias koehleri,Rainbow star,4,4,,,,,,,,,,,,,,,,,,,,,,,,,,,,,,,,,,,,,,,,,,,,,,,,
913,Claire Attridge,Em Lim,BMSC10,Ross Islets Slug Island,48.87051773,-125.160347,26/04/2024,2,W,14:06,CMA,4.5,2,2,cfo,Ceratostoma foliatum,Leafy hornmouth,2,2,,,,,,,,,,,,,,,,,,,,,,,,,,,,,,,,,,,,,,,,,,,,,,,,
914,Claire Attridge,Em Lim,BMSC10,Ross Islets Slug Island,48.87051773,-125.160347,26/04/2024,2,W,14:06,CMA,4.5,2,2,pgi,Pomaulax gibberosus,Red turban shell,3,3,,,,,,,,,,,,,,,,,,,,,,,,,,,,,,,,,,,,,,,,,,,,,,,,
915,Claire Attridge,Em Lim,BMSC10,Ross Islets Slug Island,48.87051773,-125.160347,26/04/2024,2,W,14:06,CMA,4.5,2,2,phe,Pycnopodia helianthoides,Sunflower star,2,0,,1,1,,,,,,,,,,,,,,,,,,,,,,,,,,,,,,,,,,,,,,,,,,,,,
916,Claire Attridge,Em Lim,BMSC10,Ross Islets Slug Island,48.87051773,-125.160347,26/04/2024,2,W,14:06,CMA,4.5,2,2,cgi,Crassadoma gigantea,Purple-hinged rock scallop,9,0,,3,1,3,2,,,,,,,,,,,,,,,,,,,,,,,,,,,,,,,,,,,,,,,,,,,
917,Claire Attridge,Em Lim,BMSC10,Ross Islets Slug Island,48.87051773,-125.160347,26/04/2024,2,W,14:06,CMA,4.5,2,2,sac,Scyra acutifrons,Sharpnose crab,1,1,,,,,,,,,,,,,,,,,,,,,,,,,,,,,,,,,,,,,,,,,,,,,,,,
918,Claire Attridge,Em Lim,BMSC10,Ross Islets Slug Island,48.87051773,-125.160347,26/04/2024,2,W,14:06,CMA,4.5,2,2,cha,Chlamys hastata,Spear scallop,1,1,,,,,,,,,,,,,,,,,,,,,,,,,,,,,,,,,,,,,,,,,,,,,,,,
919,Claire Attridge,Em Lim,BMSC10,Ross Islets Slug Island,48.87051773,-125.160347,26/04/2024,2,W,14:06,CMA,4.5,2,2,mfo,Mimulus foliatus,Foliate kelp crab,1,1,,,,,,,,,,,,,,,,,,,,,,,,,,,,,,,,,,,,,,,,,,,,,,,,
920,Claire Attridge,Em Lim,BMSC10,Ross Islets Slug Island,48.87051773,-125.160347,26/04/2024,2,W,14:06,CMA,4.5,2,2,phem,Pagurus hemphilli,Maroon hermit,1,1,,,,,,,,,,,,,,,,,,,,,,,,,,,,,,,,,,,,,,,,,,,,,,,,
921,Claire Attridge,Em Lim,BMSC10,Ross Islets Slug Island,48.87051773,-125.160347,26/04/2024,2,W,14:06,CMA,4.5,2,2,ppa,Phyllolithodes papillosus,Heart crab,1,1,,,,,,,,,,,,,,,,,,,,,,,,,,,,,,,,,,,,,,,,,,,,,,,,
922,Claire Attridge,Em Lim,BMSC10,Ross Islets Slug Island,48.87051773,-125.160347,26/04/2024,2,W,14:06,CMA,4.5,2,2,etr,Evasterias troschelii,Mottled starfish,1,1,,,,,,,,,,,,,,,,,,,,,,,,,,,,,,,,,,,,,,,,,,,,,,,,
923,Claire Attridge,Em Lim,BMSC10,Ross Islets Slug Island,48.87051773,-125.160347,26/04/2024,2,W,14:06,CMA,4.5,2,2,ogr,Oregonia gracilis,Graceful decorator crab,4,4,,,,,,,,,,,,,,,,,,,,,,,,,,,,,,,,,,,,,,,,,,,,,,,,
924,Claire Attridge,Em Lim,BMSC10,Ross Islets Slug Island,48.87051773,-125.160347,26/04/2024,2,W,14:06,CMA,4.5,0,2,sca,Sebastes caurinus,Copper rockfish,6,0,,,,3,2,1,,,,,,,,,,,,,,,,,,,,,,,,,,,,,,,,,,,,,,,,,,
925,Claire Attridge,Em Lim,BMSC10,Ross Islets Slug Island,48.87051773,-125.160347,26/04/2024,2,W,14:06,CMA,4.5,0,2,sebastes,Sebastes spp.,Unidentified rockfish,1,0,1,,,,,,,,,,,,,,,,,,,,,,,,,,,,,,,,,,,,,,,,,,,,,,,
926,Claire Attridge,Em Lim,BMSC10,Ross Islets Slug Island,48.87051773,-125.160347,26/04/2024,2,W,14:06,CMA,4.5,0,2,opi,Oxylebius pictus,Painted greenling,1,0,,,,,1,,,,,,,,,,,,,,,,,,,,,,,,,,,,,,,,,,,,,,,,,,,
927,Claire Attridge,Em Lim,BMSC10,Ross Islets Slug Island,48.87051773,-125.160347,26/04/2024,2,W,14:06,CMA,4.5,0,2,sma,Sebastes maliger,Quillback rockfish,1,0,,,,,1,,,,,,,,,,,,,,,,,,,,,,,,,,,,,,,,,,,,,,,,,,,
928,Claire Attridge,Em Lim,BMSC10,Ross Islets Slug Island,48.87051773,-125.160347,26/04/2024,2,W,14:06,CMA,4.5,2,2,dez,Debris - Zero,No Debris found,1,1,,,,,,,,,,,,,,,,,,,,,,,,,,,,,,,,,,,,,,,,,,,,,,,,
928,Claire Attridge,Em Lim,BMSC4,Kii xin,48.81511688,-125.1753311,29/04/2024,3,NE,10:09,CMA,8.5,1,2,nsf,No species found,No species found,1,1,,,,,,,,,,,,,,,,,,,,,,,,,,,,,,,,,,,,,,,,,,,,,,,,
929,Claire Attridge,Em Lim,BMSC4,Kii xin,48.81511688,-125.1753311,29/04/2024,3,NE,10:09,CMA,8.5,2,2,mfra,Mesocentrotus franciscanus,Red sea urchin,137,137,,,,,,,,,,,,,,,,,,,,,,,,,,,,,,,,,,,,,,,,,,,,,,,,
930,Claire Attridge,Em Lim,BMSC4,Kii xin,48.81511688,-125.1753311,29/04/2024,3,NE,10:09,CMA,8.5,2,2,hka,Haliotis kamtschatkana,Pinto abalone,13,0,,2,3,4,2,2,,,,,,,,,,,,,,,,,,,,,,,,,,,,,,,,,,,,,,,,,,
931,Claire Attridge,Em Lim,BMSC4,Kii xin,48.81511688,-125.1753311,29/04/2024,3,NE,10:09,CMA,8.5,2,2,dim,Dermasterias imbricata,Leather star,8,8,,,,,,,,,,,,,,,,,,,,,,,,,,,,,,,,,,,,,,,,,,,,,,,,
932,Claire Attridge,Em Lim,BMSC4,Kii xin,48.81511688,-125.1753311,29/04/2024,3,NE,10:09,CMA,8.5,2,2,aca,Apostichopus californicus,California sea cucumber,15,15,,,,,,,,,,,,,,,,,,,,,,,,,,,,,,,,,,,,,,,,,,,,,,,,
933,Claire Attridge,Em Lim,BMSC4,Kii xin,48.81511688,-125.1753311,29/04/2024,3,NE,10:09,CMA,8.5,2,2,gor,Glebocarcinus oregonensis,Pygmy rock crab,26,26,,,,,,,,,,,,,,,,,,,,,,,,,,,,,,,,,,,,,,,,,,,,,,,,
934,Claire Attridge,Em Lim,BMSC4,Kii xin,48.81511688,-125.1753311,29/04/2024,3,NE,10:09,CMA,8.5,2,2,etr,Evasterias troschelii,Mottled starfish,4,4,,,,,,,,,,,,,,,,,,,,,,,,,,,,,,,,,,,,,,,,,,,,,,,,
935,Claire Attridge,Em Lim,BMSC4,Kii xin,48.81511688,-125.1753311,29/04/2024,3,NE,10:09,CMA,8.5,2,2,afu,Antiopella fusca,White-and-orange-tipped nudibranch,2,2,,,,,,,,,,,,,,,,,,,,,,,,,,,,,,,,,,,,,,,,,,,,,,,,
936,Claire Attridge,Em Lim,BMSC4,Kii xin,48.81511688,-125.1753311,29/04/2024,3,NE,10:09,CMA,8.5,2,2,henricia,Henricia spp.,Unidentified blood star,6,6,,,,,,,,,,,,,,,,,,,,,,,,,,,,,,,,,,,,,,,,,,,,,,,,
937,Claire Attridge,Em Lim,BMSC4,Kii xin,48.81511688,-125.1753311,29/04/2024,3,NE,10:09,CMA,8.5,2,2,dim,Dermasterias imbricata,Leather star,15,15,,,,,,,,,,,,,,,,,,,,,,,,,,,,,,,,,,,,,,,,,,,,,,,,
938,Claire Attridge,Em Lim,BMSC4,Kii xin,48.81511688,-125.1753311,29/04/2024,3,NE,10:09,CMA,8.5,2,2,hcr,Hermissenda crassicornis,Opalescent nudibranch,10,10,,,,,,,,,,,,,,,,,,,,,,,,,,,,,,,,,,,,,,,,,,,,,,,,
939,Claire Attridge,Em Lim,BMSC4,Kii xin,48.81511688,-125.1753311,29/04/2024,3,NE,10:09,CMA,8.5,2,2,aha,Artedius harringtoni,Scalyhead sculpin,2,0,1,1,,,,,,,,,,,,,,,,,,,,,,,,,,,,,,,,,,,,,,,,,,,,,,
940,Claire Attridge,Em Lim,BMSC4,Kii xin,48.81511688,-125.1753311,29/04/2024,3,NE,10:09,CMA,8.5,2,2,pno,Peltodoris nobilis,Noble sea lemon,2,2,,,,,,,,,,,,,,,,,,,,,,,,,,,,,,,,,,,,,,,,,,,,,,,,
941,Claire Attridge,Em Lim,BMSC4,Kii xin,48.81511688,-125.1753311,29/04/2024,3,NE,10:09,CMA,8.5,2,2,cfo,Ceratostoma foliatum,Leafy hornmouth,15,15,,,,,,,,,,,,,,,,,,,,,,,,,,,,,,,,,,,,,,,,,,,,,,,,
942,Claire Attridge,Em Lim,BMSC4,Kii xin,48.81511688,-125.1753311,29/04/2024,3,NE,10:09,CMA,8.5,2,2,das,Diodora aspera,Rough keyhole limpet,1,1,,,,,,,,,,,,,,,,,,,,,,,,,,,,,,,,,,,,,,,,,,,,,,,,
943,Claire Attridge,Em Lim,BMSC4,Kii xin,48.81511688,-125.1753311,29/04/2024,3,NE,10:09,CMA,8.5,2,2,ppu,Pachycheles pubescens,Pubescent porcelain crab,1,1,,,,,,,,,,,,,,,,,,,,,,,,,,,,,,,,,,,,,,,,,,,,,,,,
944,Claire Attridge,Em Lim,BMSC4,Kii xin,48.81511688,-125.1753311,29/04/2024,3,NE,10:09,CMA,8.5,2,2,nla,Nucella lamellosa,Frilled dogwinkle,17,17,,,,,,,,,,,,,,,,,,,,,,,,,,,,,,,,,,,,,,,,,,,,,,,,
945,Claire Attridge,Em Lim,BMSC4,Kii xin,48.81511688,-125.1753311,29/04/2024,3,NE,10:09,CMA,8.5,2,2,oko,Orthasterias koehleri,Rainbow star,8,8,,,,,,,,,,,,,,,,,,,,,,,,,,,,,,,,,,,,,,,,,,,,,,,,
946,Claire Attridge,Em Lim,BMSC4,Kii xin,48.81511688,-125.1753311,29/04/2024,3,NE,10:09,CMA,8.5,2,2,pbe,Pagurus beringanus,Bering hermit crab,3,3,,,,,,,,,,,,,,,,,,,,,,,,,,,,,,,,,,,,,,,,,,,,,,,,
947,Claire Attridge,Em Lim,BMSC4,Kii xin,48.81511688,-125.1753311,29/04/2024,3,NE,10:09,CMA,8.5,2,2,cpr,Cancer productus,Red rock crab,1,1,,,,,,,,,,,,,,,,,,,,,,,,,,,,,,,,,,,,,,,,,,,,,,,,
948,Claire Attridge,Em Lim,BMSC4,Kii xin,48.81511688,-125.1753311,29/04/2024,3,NE,10:09,CMA,8.5,2,2,poc,Pisaster ochraceus,Purple sea star,4,4,,,,,,,,,,,,,,,,,,,,,,,,,,,,,,,,,,,,,,,,,,,,,,,,
949,Claire Attridge,Em Lim,BMSC4,Kii xin,48.81511688,-125.1753311,29/04/2024,3,NE,10:09,CMA,8.5,2,2,cgi,Crassadoma gigantea,Purple-hinged rock scallop,1,0,,,,1,,,,,,,,,,,,,,,,,,,,,,,,,,,,,,,,,,,,,,,,,,,,
950,Claire Attridge,Em Lim,BMSC4,Kii xin,48.81511688,-125.1753311,29/04/2024,3,NE,10:09,CMA,8.5,2,2,dez,Debris - Zero,No Debris found,1,1,,,,,,,,,,,,,,,,,,,,,,,,,,,,,,,,,,,,,,,,,,,,,,,,
951,Claire Attridge,Em Lim,BMSC3,Ohiat,48.85558319,-125.1837997,29/04/2024,3.5,W,12:23,CMA,6,1,2,sme,Sebastes melanops,Black rockfish,23,0,,,,,6,15,2,,,,,,,,,,,,,,,,,,,,,,,,,,,,,,,,,,,,,,,,,
952,Claire Attridge,Em Lim,BMSC3,Ohiat,48.85558319,-125.1837997,29/04/2024,3.5,W,12:23,CMA,6,2,2,mfra,Mesocentrotus franciscanus,Red sea urchin,265,265,,,,,,,,,,,,,,,,,,,,,,,,,,,,,,,,,,,,,,,,,,,,,,,,
953,Claire Attridge,Em Lim,BMSC3,Ohiat,48.85558319,-125.1837997,29/04/2024,3.5,W,12:23,CMA,6,2,2,pgi,Pomaulax gibberosus,Red turban shell,17,17,,,,,,,,,,,,,,,,,,,,,,,,,,,,,,,,,,,,,,,,,,,,,,,,
954,Claire Attridge,Em Lim,BMSC3,Ohiat,48.85558319,-125.1837997,29/04/2024,3.5,W,12:23,CMA,6,2,2,phem,Pagurus hemphilli,Maroon hermit,3,3,,,,,,,,,,,,,,,,,,,,,,,,,,,,,,,,,,,,,,,,,,,,,,,,
955,Claire Attridge,Em Lim,BMSC3,Ohiat,48.85558319,-125.1837997,29/04/2024,3.5,W,12:23,CMA,6,2,2,aca,Apostichopus californicus,California sea cucumber,17,17,,,,,,,,,,,,,,,,,,,,,,,,,,,,,,,,,,,,,,,,,,,,,,,,
956,Claire Attridge,Em Lim,BMSC3,Ohiat,48.85558319,-125.1837997,29/04/2024,3.5,W,12:23,CMA,6,2,2,hcr,Hermissenda crassicornis,Opalescent nudibranch,20,20,,,,,,,,,,,,,,,,,,,,,,,,,,,,,,,,,,,,,,,,,,,,,,,,
957,Claire Attridge,Em Lim,BMSC3,Ohiat,48.85558319,-125.1837997,29/04/2024,3.5,W,12:23,CMA,6,2,2,ppu,Pachycheles pubescens,Pubescent porcelain crab,2,2,,,,,,,,,,,,,,,,,,,,,,,,,,,,,,,,,,,,,,,,,,,,,,,,
958,Claire Attridge,Em Lim,BMSC3,Ohiat,48.85558319,-125.1837997,29/04/2024,3.5,W,12:23,CMA,6,2,2,rni,Rhinogobiops nicholsii,Blackeye goby,5,0,2,2,1,,,,,,,,,,,,,,,,,,,,,,,,,,,,,,,,,,,,,,,,,,,,,
959,Claire Attridge,Em Lim,BMSC3,Ohiat,48.85558319,-125.1837997,29/04/2024,3.5,W,12:23,CMA,6,2,2,dim,Dermasterias imbricata,Leather star,22,22,,,,,,,,,,,,,,,,,,,,,,,,,,,,,,,,,,,,,,,,,,,,,,,,
960,Claire Attridge,Em Lim,BMSC3,Ohiat,48.85558319,-125.1837997,29/04/2024,3.5,W,12:23,CMA,6,2,2,hka,Haliotis kamtschatkana,Pinto abalone,26,26,,,,,,,,,,,,,,,,,,,,,,,,,,,,,,,,,,,,,,,,,,,,,,,,
961,Claire Attridge,Em Lim,BMSC3,Ohiat,48.85558319,-125.1837997,29/04/2024,3.5,W,12:23,CMA,6,2,2,cgi,Crassadoma gigantea,Purple-hinged rock scallop,9,0,,,2,2,2,2,1,,,,,,,,,,,,,,,,,,,,,,,,,,,,,,,,,,,,,,,,,
962,Claire Attridge,Em Lim,BMSC3,Ohiat,48.85558319,-125.1837997,29/04/2024,3.5,W,12:23,CMA,6,2,2,spu,Strongylocentrotus purpuratus,Purple sea urchin (?),8,8,,,,,,,,,,,,,,,,,,,,,,,,,,,,,,,,,,,,,,,,,,,,,,,,
963,Claire Attridge,Em Lim,BMSC3,Ohiat,48.85558319,-125.1837997,29/04/2024,3.5,W,12:23,CMA,6,2,2,cfo,Ceratostoma foliatum,Leafy hornmouth,26,26,,,,,,,,,,,,,,,,,,,,,,,,,,,,,,,,,,,,,,,,,,,,,,,,
964,Claire Attridge,Em Lim,BMSC3,Ohiat,48.85558319,-125.1837997,29/04/2024,3.5,W,12:23,CMA,6,2,2,pno,Peltodoris nobilis,Noble sea lemon,1,1,,,,,,,,,,,,,,,,,,,,,,,,,,,,,,,,,,,,,,,,,,,,,,,,
965,Claire Attridge,Em Lim,BMSC3,Ohiat,48.85558319,-125.1837997,29/04/2024,3.5,W,12:23,CMA,6,2,2,oko,Orthasterias koehleri,Rainbow star,8,8,,,,,,,,,,,,,,,,,,,,,,,,,,,,,,,,,,,,,,,,,,,,,,,,
966,Claire Attridge,Em Lim,BMSC3,Ohiat,48.85558319,-125.1837997,29/04/2024,3.5,W,12:23,CMA,6,2,2,ami,Acmaea mitra,Whitecap limpet,4,4,,,,,,,,,,,,,,,,,,,,,,,,,,,,,,,,,,,,,,,,,,,,,,,,
967,Claire Attridge,Em Lim,BMSC3,Ohiat,48.85558319,-125.1837997,29/04/2024,3.5,W,12:23,CMA,6,2,2,pmi,Patiria miniata,Bat star,30,30,,,,,,,,,,,,,,,,,,,,,,,,,,,,,,,,,,,,,,,,,,,,,,,,
968,Claire Attridge,Em Lim,BMSC3,Ohiat,48.85558319,-125.1837997,29/04/2024,3.5,W,12:23,CMA,6,2,2,gor,Glebocarcinus oregonensis,Pygmy rock crab,7,7,,,,,,,,,,,,,,,,,,,,,,,,,,,,,,,,,,,,,,,,,,,,,,,,
969,Claire Attridge,Em Lim,BMSC3,Ohiat,48.85558319,-125.1837997,29/04/2024,3.5,W,12:23,CMA,6,2,2,henricia,Henricia spp.,Unidentified blood star,2,2,,,,,,,,,,,,,,,,,,,,,,,,,,,,,,,,,,,,,,,,,,,,,,,,
970,Claire Attridge,Em Lim,BMSC3,Ohiat,48.85558319,-125.1837997,29/04/2024,3.5,W,12:23,CMA,6,2,2,aha,Artedius harringtoni,Scalyhead sculpin,6,0,4,2,,,,,,,,,,,,,,,,,,,,,,,,,,,,,,,,,,,,,,,,,,,,,,
971,Claire Attridge,Em Lim,BMSC3,Ohiat,48.85558319,-125.1837997,29/04/2024,3.5,W,12:23,CMA,6,2,2,ctr,Coryphella trophina,Predaceous aeolis,1,1,,,,,,,,,,,,,,,,,,,,,,,,,,,,,,,,,,,,,,,,,,,,,,,,
972,Claire Attridge,Em Lim,BMSC3,Ohiat,48.85558319,-125.1837997,29/04/2024,3.5,W,12:23,CMA,6,2,2,clo,Chorilia longipes,Longhorn decorator crabs,6,6,,,,,,,,,,,,,,,,,,,,,,,,,,,,,,,,,,,,,,,,,,,,,,,,
973,Claire Attridge,Em Lim,BMSC3,Ohiat,48.85558319,-125.1837997,29/04/2024,3.5,W,12:23,CMA,6,2,2,sac,Scyra acutifrons,Sharpnose crab,2,2,,,,,,,,,,,,,,,,,,,,,,,,,,,,,,,,,,,,,,,,,,,,,,,,
974,Claire Attridge,Em Lim,BMSC3,Ohiat,48.85558319,-125.1837997,29/04/2024,3.5,W,12:23,CMA,6,2,2,dez,Debris - Zero,No Debris found,1,1,,,,,,,,,,,,,,,,,,,,,,,,,,,,,,,,,,,,,,,,,,,,,,,,
975,Claire Attridge,Em Lim,BMSC21,Dixon SW,48.85205078,-125.1235657,30/04/2024,3.5,E,9:41,CMA,6.5,1,2,rni,Rhinogobiops nicholsii,Blackeye goby,12,0,,3,7,2,,,,,,,,,,,,,,,,,,,,,,,,,,,,,,,,,,,,,,,,,,,,
976,Claire Attridge,Em Lim,BMSC21,Dixon SW,48.85205078,-125.1235657,30/04/2024,3.5,E,9:41,CMA,6.5,1,2,hde,Hexagrammos decagrammus,Kelp greenling,8,0,,,,,,2,2,3,1,,,,,,,,,,,,,,,,,,,,,,,,,,,,,,,,,,,,,,,
977,Claire Attridge,Em Lim,BMSC21,Dixon SW,48.85205078,-125.1235657,30/04/2024,3.5,E,9:41,CMA,6.5,2,2,mfra,Mesocentrotus franciscanus,Red sea urchin,176,176,,,,,,,,,,,,,,,,,,,,,,,,,,,,,,,,,,,,,,,,,,,,,,,,
978,Claire Attridge,Em Lim,BMSC21,Dixon SW,48.85205078,-125.1235657,30/04/2024,3.5,E,9:41,CMA,6.5,2,2,aca,Apostichopus californicus,California sea cucumber,13,13,,,,,,,,,,,,,,,,,,,,,,,,,,,,,,,,,,,,,,,,,,,,,,,,
979,Claire Attridge,Em Lim,BMSC21,Dixon SW,48.85205078,-125.1235657,30/04/2024,3.5,E,9:41,CMA,6.5,2,2,phem,Pagurus hemphilli,Maroon hermit,6,6,,,,,,,,,,,,,,,,,,,,,,,,,,,,,,,,,,,,,,,,,,,,,,,,
980,Claire Attridge,Em Lim,BMSC21,Dixon SW,48.85205078,-125.1235657,30/04/2024,3.5,E,9:41,CMA,6.5,2,2,cgi,Crassadoma gigantea,Purple-hinged rock scallop,10,0,,1,4,,3,2,,,,,,,,,,,,,,,,,,,,,,,,,,,,,,,,,,,,,,,,,,
981,Claire Attridge,Em Lim,BMSC21,Dixon SW,48.85205078,-125.1235657,30/04/2024,3.5,E,9:41,CMA,6.5,2,2,pgi,Pomaulax gibberosus,Red turban shell,11,11,,,,,,,,,,,,,,,,,,,,,,,,,,,,,,,,,,,,,,,,,,,,,,,,
982,Claire Attridge,Em Lim,BMSC21,Dixon SW,48.85205078,-125.1235657,30/04/2024,3.5,E,9:41,CMA,6.5,2,2,ami,Acmaea mitra,Whitecap limpet,17,17,,,,,,,,,,,,,,,,,,,,,,,,,,,,,,,,,,,,,,,,,,,,,,,,
983,Claire Attridge,Em Lim,BMSC21,Dixon SW,48.85205078,-125.1235657,30/04/2024,3.5,E,9:41,CMA,6.5,2,2,dim,Dermasterias imbricata,Leather star,21,21,,,,,,,,,,,,,,,,,,,,,,,,,,,,,,,,,,,,,,,,,,,,,,,,
984,Claire Attridge,Em Lim,BMSC21,Dixon SW,48.85205078,-125.1235657,30/04/2024,3.5,E,9:41,CMA,6.5,2,2,hcr,Hermissenda crassicornis,Opalescent nudibranch,10,10,,,,,,,,,,,,,,,,,,,,,,,,,,,,,,,,,,,,,,,,,,,,,,,,
985,Claire Attridge,Em Lim,BMSC21,Dixon SW,48.85205078,-125.1235657,30/04/2024,3.5,E,9:41,CMA,6.5,2,2,hka,Haliotis kamtschatkana,Pinto abalone,27,0,12,9,5,1,,,,,,,,,,,,,,,,,,,,,,,,,,,,,,,,,,,,,,,,,,,,
986,Claire Attridge,Em Lim,BMSC21,Dixon SW,48.85205078,-125.1235657,30/04/2024,3.5,E,9:41,CMA,6.5,2,2,aha,Artedius harringtoni,Scalyhead sculpin,8,0,4,3,1,,,,,,,,,,,,,,,,,,,,,,,,,,,,,,,,,,,,,,,,,,,,,
987,Claire Attridge,Em Lim,BMSC21,Dixon SW,48.85205078,-125.1235657,30/04/2024,3.5,E,9:41,CMA,6.5,2,2,cfo,Ceratostoma foliatum,Leafy hornmouth,14,14,,,,,,,,,,,,,,,,,,,,,,,,,,,,,,,,,,,,,,,,,,,,,,,,
988,Claire Attridge,Em Lim,BMSC21,Dixon SW,48.85205078,-125.1235657,30/04/2024,3.5,E,9:41,CMA,6.5,2,2,rni,Rhinogobiops nicholsii,Blackeye goby,56,0,23,24,9,,,,,,,,,,,,,,,,,,,,,,,,,,,,,,,,,,,,,,,,,,,,,
989,Claire Attridge,Em Lim,BMSC21,Dixon SW,48.85205078,-125.1235657,30/04/2024,3.5,E,9:41,CMA,6.5,2,2,cty,Cryptolithodes typicus,Butterfly king crab,1,1,,,,,,,,,,,,,,,,,,,,,,,,,,,,,,,,,,,,,,,,,,,,,,,,
990,Claire Attridge,Em Lim,BMSC21,Dixon SW,48.85205078,-125.1235657,30/04/2024,3.5,E,9:41,CMA,6.5,2,2,ghe,Geitodoris heathi,Heath's dorid,1,1,,,,,,,,,,,,,,,,,,,,,,,,,,,,,,,,,,,,,,,,,,,,,,,,
991,Claire Attridge,Em Lim,BMSC21,Dixon SW,48.85205078,-125.1235657,30/04/2024,3.5,E,9:41,CMA,6.5,2,2,henricia,Henricia spp.,Unidentified blood star,3,3,,,,,,,,,,,,,,,,,,,,,,,,,,,,,,,,,,,,,,,,,,,,,,,,
992,Claire Attridge,Em Lim,BMSC21,Dixon SW,48.85205078,-125.1235657,30/04/2024,3.5,E,9:41,CMA,6.5,2,2,oko,Orthasterias koehleri,Rainbow star,9,9,,,,,,,,,,,,,,,,,,,,,,,,,,,,,,,,,,,,,,,,,,,,,,,,
993,Claire Attridge,Em Lim,BMSC21,Dixon SW,48.85205078,-125.1235657,30/04/2024,3.5,E,9:41,CMA,6.5,2,2,pbe,Pagurus beringanus,Bering hermit crab,2,2,,,,,,,,,,,,,,,,,,,,,,,,,,,,,,,,,,,,,,,,,,,,,,,,
994,Claire Attridge,Em Lim,BMSC21,Dixon SW,48.85205078,-125.1235657,30/04/2024,3.5,E,9:41,CMA,6.5,2,2,dsa,Diaulula sandiegensis,Ringed doris,2,2,,,,,,,,,,,,,,,,,,,,,,,,,,,,,,,,,,,,,,,,,,,,,,,,
995,Claire Attridge,Em Lim,BMSC21,Dixon SW,48.85205078,-125.1235657,30/04/2024,3.5,E,9:41,CMA,6.5,2,2,sac,Scyra acutifrons,Sharpnose crab,4,4,,,,,,,,,,,,,,,,,,,,,,,,,,,,,,,,,,,,,,,,,,,,,,,,
996,Claire Attridge,Em Lim,BMSC21,Dixon SW,48.85205078,-125.1235657,30/04/2024,3.5,E,9:41,CMA,6.5,2,2,pmi,Patiria miniata,Bat star,5,5,,,,,,,,,,,,,,,,,,,,,,,,,,,,,,,,,,,,,,,,,,,,,,,,
997,Claire Attridge,Em Lim,BMSC21,Dixon SW,48.85205078,-125.1235657,30/04/2024,3.5,E,9:41,CMA,6.5,2,2,ogr,Oregonia gracilis,Graceful decorator crab,1,1,,,,,,,,,,,,,,,,,,,,,,,,,,,,,,,,,,,,,,,,,,,,,,,,
998,Claire Attridge,Em Lim,BMSC21,Dixon SW,48.85205078,-125.1235657,30/04/2024,3.5,E,9:41,CMA,6.5,2,2,pno,Peltodoris nobilis,Noble sea lemon,1,1,,,,,,,,,,,,,,,,,,,,,,,,,,,,,,,,,,,,,,,,,,,,,,,,
999,Claire Attridge,Em Lim,BMSC21,Dixon SW,48.85205078,-125.1235657,30/04/2024,3.5,E,9:41,CMA,6.5,2,2,ebi,Enophrys bison,Buffalo sculpin,1,0,,,,,,,1,,,,,,,,,,,,,,,,,,,,,,,,,,,,,,,,,,,,,,,,,
1000,Claire Attridge,Em Lim,BMSC21,Dixon SW,48.85205078,-125.1235657,30/04/2024,3.5,E,9:41,CMA,6.5,2,2,pte,Pteraster tesselatus,Slime star,1,1,,,,,,,,,,,,,,,,,,,,,,,,,,,,,,,,,,,,,,,,,,,,,,,,
1001,Claire Attridge,Em Lim,BMSC21,Dixon SW,48.85205078,-125.1235657,30/04/2024,3.5,E,9:41,CMA,6.5,2,2,pte,Pteraster tesselatus,Slime star,1,1,,,,,,,,,,,,,,,,,,,,,,,,,,,,,,,,,,,,,,,,,,,,,,,,
1002,Claire Attridge,Em Lim,BMSC21,Dixon SW,48.85205078,-125.1235657,30/04/2024,3.5,E,9:41,CMA,6.5,0,2,opi,Oxylebius pictus,Painted greenling,1,0,,,,,,1,,,,,,,,,,,,,,,,,,,,,,,,,,,,,,,,,,,,,,,,,,
1003,Claire Attridge,Em Lim,BMSC21,Dixon SW,48.85205078,-125.1235657,30/04/2024,3.5,E,9:41,CMA,6.5,0,2,sma,Sebastes maliger,Quillback rockfish,1,0,,,,,,,1,,,,,,,,,,,,,,,,,,,,,,,,,,,,,,,,,,,,,,,,,
1004,Claire Attridge,Em Lim,BMSC21,Dixon SW,48.85205078,-125.1235657,30/04/2024,3.5,E,9:41,CMA,6.5,2,2,def,Debris - Fishing,Any fishing debris,1,1,,,,,,,,,,,,,,,,,,,,,,,,,,,,,,,,,,,,,,,,,,,,,,,,
1005,Isabelle Cote,Em Lim,BMSC8,Baeria Rocks North Island Northside,48.95508194,-125.1533737,22/04/2024,1.5,SE,10:12,EGL,8.5,1,1,hst,Hexagrammos stelleri,Whitespotted greenling,1,0,,,,,,1,,,,,,,,,,,,,,,,,,,,,,,,,,,,,,,,,,,,,,,,,,
1006,Isabelle Cote,Em Lim,BMSC8,Baeria Rocks North Island Northside,48.95508194,-125.1533737,22/04/2024,1.5,SE,10:12,EGL,8.5,1,1,hde,Hexagrammos decagrammus,Kelp greenling,2,0,,,,,,,,1,1,,,,,,,,,,,,,,,,,,,,,,,,,,,,,,,,,,,,,,,
1007,Isabelle Cote,Em Lim,BMSC8,Baeria Rocks North Island Northside,48.95508194,-125.1533737,22/04/2024,1.5,SE,10:12,EGL,8.5,1,1,oel,Ophiodon elongatus,Lingcod,1,0,,,,,,,,,,,1,,,,,,,,,,,,,,,,,,,,,,,,,,,,,,,,,,,,,
1008,Isabelle Cote,Em Lim,BMSC8,Baeria Rocks North Island Northside,48.95508194,-125.1533737,22/04/2024,1.5,SE,10:12,EGL,8.5,2,1,mfra,Mesocentrotus franciscanus,Red sea urchin,223,223,,,,,,,,,,,,,,,,,,,,,,,,,,,,,,,,,,,,,,,,,,,,,,,,
1009,Isabelle Cote,Em Lim,BMSC8,Baeria Rocks North Island Northside,48.95508194,-125.1533737,22/04/2024,1.5,SE,10:12,EGL,8.5,2,1,pgi,Pomaulax gibberosus,Red turban shell,85,0,,,,,,,,,,,,,,,,,,,,,,,,,,,,,,,,,,,,,,,,,,,,,,,,
1010,Isabelle Cote,Em Lim,BMSC8,Baeria Rocks North Island Northside,48.95508194,-125.1533737,22/04/2024,1.5,SE,10:12,EGL,8.5,2,1,aca,Apostichopus californicus,California sea cucumber,4,4,,,,,,,,,,,,,,,,,,,,,,,,,,,,,,,,,,,,,,,,,,,,,,,,
1011,Isabelle Cote,Em Lim,BMSC8,Baeria Rocks North Island Northside,48.95508194,-125.1533737,22/04/2024,1.5,SE,10:12,EGL,8.5,2,1,pmi,Patiria miniata,Bat star,35,35,,,,,,,,,,,,,,,,,,,,,,,,,,,,,,,,,,,,,,,,,,,,,,,,
1012,Isabelle Cote,Em Lim,BMSC8,Baeria Rocks North Island Northside,48.95508194,-125.1533737,22/04/2024,1.5,SE,10:12,EGL,8.5,2,1,poc,Pisaster ochraceus,Purple sea star,51,51,,,,,,,,,,,,,,,,,,,,,,,,,,,,,,,,,,,,,,,,,,,,,,,,
1013,Isabelle Cote,Em Lim,BMSC8,Baeria Rocks North Island Northside,48.95508194,-125.1533737,22/04/2024,1.5,SE,10:12,EGL,8.5,2,1,ami,Acmaea mitra,Whitecap limpet,15,15,,,,,,,,,,,,,,,,,,,,,,,,,,,,,,,,,,,,,,,,,,,,,,,,
1014,Isabelle Cote,Em Lim,BMSC8,Baeria Rocks North Island Northside,48.95508194,-125.1533737,22/04/2024,1.5,SE,10:12,EGL,8.5,2,1,oko,Orthasterias koehleri,Rainbow star,18,18,,,,,,,,,,,,,,,,,,,,,,,,,,,,,,,,,,,,,,,,,,,,,,,,
1015,Isabelle Cote,Em Lim,BMSC8,Baeria Rocks North Island Northside,48.95508194,-125.1533737,22/04/2024,1.5,SE,10:12,EGL,8.5,2,1,phem,Pagurus hemphilli,Maroon hermit,21,21,,,,,,,,,,,,,,,,,,,,,,,,,,,,,,,,,,,,,,,,,,,,,,,,
1016,Isabelle Cote,Em Lim,BMSC8,Baeria Rocks North Island Northside,48.95508194,-125.1533737,22/04/2024,1.5,SE,10:12,EGL,8.5,2,1,pcau,Pagurus caurinus,Greenmark hermit crab,2,2,,,,,,,,,,,,,,,,,,,,,,,,,,,,,,,,,,,,,,,,,,,,,,,,
1017,Isabelle Cote,Em Lim,BMSC8,Baeria Rocks North Island Northside,48.95508194,-125.1533737,22/04/2024,1.5,SE,10:12,EGL,8.5,2,1,aha,Artedius harringtoni,Scalyhead sculpin,2,0,,1,1,,,,,,,,,,,,,,,,,,,,,,,,,,,,,,,,,,,,,,,,,,,,,
1018,Isabelle Cote,Em Lim,BMSC8,Baeria Rocks North Island Northside,48.95508194,-125.1533737,22/04/2024,1.5,SE,10:12,EGL,8.5,2,1,hka,Haliotis kamtschatkana,Pinto abalone,16,0,1,9,6,,,,,,,,,,,,,,,,,,,,,,,,,,,,,,,,,,,,,,,,,,,,,
1019,Isabelle Cote,Em Lim,BMSC8,Baeria Rocks North Island Northside,48.95508194,-125.1533737,22/04/2024,1.5,SE,10:12,EGL,8.5,2,1,acol,Amphissa columbiana,Wrinkled dove snail,1,1,,,,,,,,,,,,,,,,,,,,,,,,,,,,,,,,,,,,,,,,,,,,,,,,
1020,Isabelle Cote,Em Lim,BMSC8,Baeria Rocks North Island Northside,48.95508194,-125.1533737,22/04/2024,1.5,SE,10:12,EGL,8.5,2,1,cfo,Ceratostoma foliatum,Leafy hornmouth,3,3,,,,,,,,,,,,,,,,,,,,,,,,,,,,,,,,,,,,,,,,,,,,,,,,
1021,Isabelle Cote,Em Lim,BMSC8,Baeria Rocks North Island Northside,48.95508194,-125.1533737,22/04/2024,1.5,SE,10:12,EGL,8.5,2,1,cli,Calliostoma ligatum,Blue top shell,3,3,,,,,,,,,,,,,,,,,,,,,,,,,,,,,,,,,,,,,,,,,,,,,,,,
1022,Isabelle Cote,Em Lim,BMSC8,Baeria Rocks North Island Northside,48.95508194,-125.1533737,22/04/2024,1.5,SE,10:12,EGL,8.5,2,1,cha,Chlamys hastata,Spear scallop,1,1,,,,,,,,,,,,,,,,,,,,,,,,,,,,,,,,,,,,,,,,,,,,,,,,
1023,Isabelle Cote,Em Lim,BMSC8,Baeria Rocks North Island Northside,48.95508194,-125.1533737,22/04/2024,1.5,SE,10:12,EGL,8.5,2,1,hermit,Paguroidea spp.,Unidentified hermit crab,1,1,,,,,,,,,,,,,,,,,,,,,,,,,,,,,,,,,,,,,,,,,,,,,,,,
1024,Isabelle Cote,Em Lim,BMSC8,Baeria Rocks North Island Northside,48.95508194,-125.1533737,22/04/2024,1.5,SE,10:12,EGL,8.5,2,1,owr,Opalia wroblewskyi,Boreal wentletrap,1,1,,,,,,,,,,,,,,,,,,,,,,,,,,,,,,,,,,,,,,,,,,,,,,,,
1025,Isabelle Cote,Em Lim,BMSC8,Baeria Rocks North Island Northside,48.95508194,-125.1533737,22/04/2024,1.5,SE,10:12,EGL,8.5,2,1,dim,Dermasterias imbricata,Leather star,2,2,,,,,,,,,,,,,,,,,,,,,,,,,,,,,,,,,,,,,,,,,,,,,,,,
1026,Isabelle Cote,Em Lim,BMSC6,Baeria Rocks South Island,48.95023346,-125.1555481,22/04/2024,1.5,SW,12:45,EGL,11,1,1,sma,Sebastes maliger,Quillback rockfish,6,5,,,,,,,,,1,,,,,,,,,,,,,,,,,,,,,,,,,,,,,,,,,,,,,,,
1027,Isabelle Cote,Em Lim,BMSC6,Baeria Rocks South Island,48.95023346,-125.1555481,22/04/2024,1.5,SW,12:45,EGL,11,1,1,hde,Hexagrammos decagrammus,Kelp greenling,1,0,,,,,,,,1,,,,,,,,,,,,,,,,,,,,,,,,,,,,,,,,,,,,,,,,
1028,Isabelle Cote,Em Lim,BMSC6,Baeria Rocks South Island,48.95023346,-125.1555481,22/04/2024,1.5,SW,12:45,EGL,11,2,1,mfra,Mesocentrotus franciscanus,Red sea urchin,179,179,,,,,,,,,,,,,,,,,,,,,,,,,,,,,,,,,,,,,,,,,,,,,,,,
1029,Isabelle Cote,Em Lim,BMSC6,Baeria Rocks South Island,48.95023346,-125.1555481,22/04/2024,1.5,SW,12:45,EGL,11,2,1,aca,Apostichopus californicus,California sea cucumber,14,14,,,,,,,,,,,,,,,,,,,,,,,,,,,,,,,,,,,,,,,,,,,,,,,,
1030,Isabelle Cote,Em Lim,BMSC6,Baeria Rocks South Island,48.95023346,-125.1555481,22/04/2024,1.5,SW,12:45,EGL,11,2,1,ami,Acmaea mitra,Whitecap limpet,18,18,,,,,,,,,,,,,,,,,,,,,,,,,,,,,,,,,,,,,,,,,,,,,,,,
1031,Isabelle Cote,Em Lim,BMSC6,Baeria Rocks South Island,48.95023346,-125.1555481,22/04/2024,1.5,SW,12:45,EGL,11,2,1,jzo,Jordania zonope,Longfin sculpin,10,0,,5,5,,,,,,,,,,,,,,,,,,,,,,,,,,,,,,,,,,,,,,,,,,,,,
1032,Isabelle Cote,Em Lim,BMSC6,Baeria Rocks South Island,48.95023346,-125.1555481,22/04/2024,1.5,SW,12:45,EGL,11,2,1,pmi,Patiria miniata,Bat star,62,62,,,,,,,,,,,,,,,,,,,,,,,,,,,,,,,,,,,,,,,,,,,,,,,,
1033,Isabelle Cote,Em Lim,BMSC6,Baeria Rocks South Island,48.95023346,-125.1555481,22/04/2024,1.5,SW,12:45,EGL,11,2,1,acol,Amphissa columbiana,Wrinkled dove snail,1,1,,,,,,,,,,,,,,,,,,,,,,,,,,,,,,,,,,,,,,,,,,,,,,,,
1034,Isabelle Cote,Em Lim,BMSC6,Baeria Rocks South Island,48.95023346,-125.1555481,22/04/2024,1.5,SW,12:45,EGL,11,2,1,cfo,Ceratostoma foliatum,Leafy hornmouth,11,11,,,,,,,,,,,,,,,,,,,,,,,,,,,,,,,,,,,,,,,,,,,,,,,,
1035,Isabelle Cote,Em Lim,BMSC6,Baeria Rocks South Island,48.95023346,-125.1555481,22/04/2024,1.5,SW,12:45,EGL,11,2,1,hka,Haliotis kamtschatkana,Pinto abalone,11,11,,,,,,,,,,,,,,,,,,,,,,,,,,,,,,,,,,,,,,,,,,,,,,,,
1036,Isabelle Cote,Em Lim,BMSC6,Baeria Rocks South Island,48.95023346,-125.1555481,22/04/2024,1.5,SW,12:45,EGL,11,2,1,spu,Strongylocentrotus purpuratus,Purple sea urchin (?),2,2,,,,,,,,,,,,,,,,,,,,,,,,,,,,,,,,,,,,,,,,,,,,,,,,
1037,Isabelle Cote,Em Lim,BMSC6,Baeria Rocks South Island,48.95023346,-125.1555481,22/04/2024,1.5,SW,12:45,EGL,11,2,1,oko,Orthasterias koehleri,Rainbow star,10,10,,,,,,,,,,,,,,,,,,,,,,,,,,,,,,,,,,,,,,,,,,,,,,,,
1038,Isabelle Cote,Em Lim,BMSC6,Baeria Rocks South Island,48.95023346,-125.1555481,22/04/2024,1.5,SW,12:45,EGL,11,2,1,aha,Artedius harringtoni,Scalyhead sculpin,4,0,,4,,,,,,,,,,,,,,,,,,,,,,,,,,,,,,,,,,,,,,,,,,,,,,
1039,Isabelle Cote,Em Lim,BMSC6,Baeria Rocks South Island,48.95023346,-125.1555481,22/04/2024,1.5,SW,12:45,EGL,11,2,1,rni,Rhinogobiops nicholsii,Blackeye goby,9,0,,2,6,1,,,,,,,,,,,,,,,,,,,,,,,,,,,,,,,,,,,,,,,,,,,,
1040,Isabelle Cote,Em Lim,BMSC6,Baeria Rocks South Island,48.95023346,-125.1555481,22/04/2024,1.5,SW,12:45,EGL,11,2,1,pcau,Pagurus caurinus,Greenmark hermit crab,3,3,,,,,,,,,,,,,,,,,,,,,,,,,,,,,,,,,,,,,,,,,,,,,,,,
1041,Isabelle Cote,Em Lim,BMSC6,Baeria Rocks South Island,48.95023346,-125.1555481,22/04/2024,1.5,SW,12:45,EGL,11,0,1,oel,Ophiodon elongatus,Lingcod,1,0,,,,,,,,,,1,,,,,,,,,,,,,,,,,,,,,,,,,,,,,,,,,,,,,,
1042,Isabelle Cote,Em Lim,BMSC6,Baeria Rocks South Island,48.95023346,-125.1555481,22/04/2024,1.5,SW,12:45,EGL,11,2,1,sac,Scyra acutifrons,Sharpnose crab,1,1,,,,,,,,,,,,,,,,,,,,,,,,,,,,,,,,,,,,,,,,,,,,,,,,
1043,Isabelle Cote,Em Lim,BMSC6,Baeria Rocks South Island,48.95023346,-125.1555481,22/04/2024,1.5,SW,12:45,EGL,11,2,1,pbe,Pagurus beringanus,Bering hermit crab,1,1,,,,,,,,,,,,,,,,,,,,,,,,,,,,,,,,,,,,,,,,,,,,,,,,
1044,Isabelle Cote,Em Lim,BMSC6,Baeria Rocks South Island,48.95023346,-125.1555481,22/04/2024,1.5,SW,12:45,EGL,11,0,1,sma,Sebastes maliger,Quillback rockfish,1,0,,,,,,,,1,,,,,,,,,,,,,,,,,,,,,,,,,,,,,,,,,,,,,,,,
1045,Isabelle Cote,Em Lim,BMSC6,Baeria Rocks South Island,48.95023346,-125.1555481,22/04/2024,1.5,SW,12:45,EGL,11,2,1,dim,Dermasterias imbricata,Leather star,1,1,,,,,,,,,,,,,,,,,,,,,,,,,,,,,,,,,,,,,,,,,,,,,,,,
1046,Isabelle Cote,Em Lim,BMSC6,Baeria Rocks South Island,48.95023346,-125.1555481,22/04/2024,1.5,SW,12:45,EGL,11,2,1,pgi,Pomaulax gibberosus,Red turban shell,2,2,,,,,,,,,,,,,,,,,,,,,,,,,,,,,,,,,,,,,,,,,,,,,,,,
1047,Isabelle Cote,Em Lim,BMSC6,Baeria Rocks South Island,48.95023346,-125.1555481,22/04/2024,1.5,SW,12:45,EGL,11,2,1,owr,Opalia wroblewskyi,Boreal wentletrap,1,1,,,,,,,,,,,,,,,,,,,,,,,,,,,,,,,,,,,,,,,,,,,,,,,,
1048,Isabelle Cote,Em Lim,BMSC6,Baeria Rocks South Island,48.95023346,-125.1555481,22/04/2024,1.5,SW,12:45,EGL,11,2,1,afe,Artedius fenestralis,Padded sculpin,1,0,,1,,,,,,,,,,,,,,,,,,,,,,,,,,,,,,,,,,,,,,,,,,,,,,
1049,Isabelle Cote,Em Lim,BMSC6,Baeria Rocks South Island,48.95023346,-125.1555481,22/04/2024,1.5,SW,12:45,EGL,11,2,1,ete,Elassochirus tenuimanus,Widehand hermitcrab,1,1,,,,,,,,,,,,,,,,,,,,,,,,,,,,,,,,,,,,,,,,,,,,,,,,
1050,Isabelle Cote,Em Lim,BMSC5,Taylor Rock,48.82733154,-125.1966019,23/04/2024,1.5,E,9:50,EGL,6.5,1,1,nsf,No species found,No species found,1,1,,,,,,,,,,,,,,,,,,,,,,,,,,,,,,,,,,,,,,,,,,,,,,,,
1051,Isabelle Cote,Em Lim,BMSC5,Taylor Rock,48.82733154,-125.1966019,23/04/2024,1.5,E,9:50,EGL,6.5,2,1,mfra,Mesocentrotus franciscanus,Red sea urchin,183,183,,,,,,,,,,,,,,,,,,,,,,,,,,,,,,,,,,,,,,,,,,,,,,,,
1052,Isabelle Cote,Em Lim,BMSC5,Taylor Rock,48.82733154,-125.1966019,23/04/2024,1.5,E,9:50,EGL,6.5,2,1,ami,Acmaea mitra,Whitecap limpet,17,17,,,,,,,,,,,,,,,,,,,,,,,,,,,,,,,,,,,,,,,,,,,,,,,,
1053,Isabelle Cote,Em Lim,BMSC5,Taylor Rock,48.82733154,-125.1966019,23/04/2024,1.5,E,9:50,EGL,6.5,2,1,phem,Pagurus hemphilli,Maroon hermit,2,2,,,,,,,,,,,,,,,,,,,,,,,,,,,,,,,,,,,,,,,,,,,,,,,,
1054,Isabelle Cote,Em Lim,BMSC5,Taylor Rock,48.82733154,-125.1966019,23/04/2024,1.5,E,9:50,EGL,6.5,2,1,cfo,Ceratostoma foliatum,Leafy hornmouth,7,7,,,,,,,,,,,,,,,,,,,,,,,,,,,,,,,,,,,,,,,,,,,,,,,,
1055,Isabelle Cote,Em Lim,BMSC5,Taylor Rock,48.82733154,-125.1966019,23/04/2024,1.5,E,9:50,EGL,6.5,2,1,das,Diodora aspera,Rough keyhole limpet,2,2,,,,,,,,,,,,,,,,,,,,,,,,,,,,,,,,,,,,,,,,,,,,,,,,
1056,Isabelle Cote,Em Lim,BMSC5,Taylor Rock,48.82733154,-125.1966019,23/04/2024,1.5,E,9:50,EGL,6.5,2,1,hcr,Hermissenda crassicornis,Opalescent nudibranch,17,17,,,,,,,,,,,,,,,,,,,,,,,,,,,,,,,,,,,,,,,,,,,,,,,,
1057,Isabelle Cote,Em Lim,BMSC5,Taylor Rock,48.82733154,-125.1966019,23/04/2024,1.5,E,9:50,EGL,6.5,2,1,aca,Apostichopus californicus,California sea cucumber,14,14,,,,,,,,,,,,,,,,,,,,,,,,,,,,,,,,,,,,,,,,,,,,,,,,
1058,Isabelle Cote,Em Lim,BMSC5,Taylor Rock,48.82733154,-125.1966019,23/04/2024,1.5,E,9:50,EGL,6.5,2,1,pgi,Pomaulax gibberosus,Red turban shell,95,95,,,,,,,,,,,,,,,,,,,,,,,,,,,,,,,,,,,,,,,,,,,,,,,,
1059,Isabelle Cote,Em Lim,BMSC5,Taylor Rock,48.82733154,-125.1966019,23/04/2024,1.5,E,9:50,EGL,6.5,2,1,pmi,Patiria miniata,Bat star,2,2,,,,,,,,,,,,,,,,,,,,,,,,,,,,,,,,,,,,,,,,,,,,,,,,
1060,Isabelle Cote,Em Lim,BMSC5,Taylor Rock,48.82733154,-125.1966019,23/04/2024,1.5,E,9:50,EGL,6.5,2,1,aha,Artedius harringtoni,Scalyhead sculpin,4,0,,1,3,,,,,,,,,,,,,,,,,,,,,,,,,,,,,,,,,,,,,,,,,,,,,
1061,Isabelle Cote,Em Lim,BMSC5,Taylor Rock,48.82733154,-125.1966019,23/04/2024,1.5,E,9:50,EGL,6.5,2,1,rni,Rhinogobiops nicholsii,Blackeye goby,7,0,,6,1,,,,,,,,,,,,,,,,,,,,,,,,,,,,,,,,,,,,,,,,,,,,,
1062,Isabelle Cote,Em Lim,BMSC5,Taylor Rock,48.82733154,-125.1966019,23/04/2024,1.5,E,9:50,EGL,6.5,2,1,hka,Haliotis kamtschatkana,Pinto abalone,9,0,,2,7,,,,,,,,,,,,,,,,,,,,,,,,,,,,,,,,,,,,,,,,,,,,,
1063,Isabelle Cote,Em Lim,BMSC5,Taylor Rock,48.82733154,-125.1966019,23/04/2024,1.5,E,9:50,EGL,6.5,2,1,sac,Scyra acutifrons,Sharpnose crab,2,2,,,,,,,,,,,,,,,,,,,,,,,,,,,,,,,,,,,,,,,,,,,,,,,,
1064,Isabelle Cote,Em Lim,BMSC5,Taylor Rock,48.82733154,-125.1966019,23/04/2024,1.5,E,9:50,EGL,6.5,2,1,dsa,Diaulula sandiegensis,Ringed doris,1,1,,,,,,,,,,,,,,,,,,,,,,,,,,,,,,,,,,,,,,,,,,,,,,,,
1065,Isabelle Cote,Em Lim,BMSC5,Taylor Rock,48.82733154,-125.1966019,23/04/2024,1.5,E,9:50,EGL,6.5,2,1,dim,Dermasterias imbricata,Leather star,7,7,,,,,,,,,,,,,,,,,,,,,,,,,,,,,,,,,,,,,,,,,,,,,,,,
1066,Isabelle Cote,Em Lim,BMSC5,Taylor Rock,48.82733154,-125.1966019,23/04/2024,1.5,E,9:50,EGL,6.5,2,1,ahu,Acanthodoris hudsoni,Hudson's horned dorid,2,2,,,,,,,,,,,,,,,,,,,,,,,,,,,,,,,,,,,,,,,,,,,,,,,,
1067,Isabelle Cote,Em Lim,BMSC5,Taylor Rock,48.82733154,-125.1966019,23/04/2024,1.5,E,9:50,EGL,6.5,2,1,oko,Orthasterias koehleri,Rainbow star,4,4,,,,,,,,,,,,,,,,,,,,,,,,,,,,,,,,,,,,,,,,,,,,,,,,
1068,Isabelle Cote,Em Lim,BMSC5,Taylor Rock,48.82733154,-125.1966019,23/04/2024,1.5,E,9:50,EGL,6.5,2,1,cgi,Crassadoma gigantea,Purple-hinged rock scallop,11,0,,2,4,,2,2,1,,,,,,,,,,,,,,,,,,,,,,,,,,,,,,,,,,,,,,,,,
1069,Isabelle Cote,Em Lim,BMSC5,Taylor Rock,48.82733154,-125.1966019,23/04/2024,1.5,E,9:50,EGL,6.5,2,1,cli,Calliostoma ligatum,Blue top shell,2,2,,,,,,,,,,,,,,,,,,,,,,,,,,,,,,,,,,,,,,,,,,,,,,,,
1070,Isabelle Cote,Em Lim,BMSC5,Taylor Rock,48.82733154,-125.1966019,23/04/2024,1.5,E,9:50,EGL,6.5,2,1,dal,Dirona albolineata,White-line dirona,1,1,,,,,,,,,,,,,,,,,,,,,,,,,,,,,,,,,,,,,,,,,,,,,,,,
1071,Isabelle Cote,Em Lim,BMSC5,Taylor Rock,48.82733154,-125.1966019,23/04/2024,1.5,E,9:50,EGL,6.5,2,1,poc,Pisaster ochraceus,Purple sea star,1,1,,,,,,,,,,,,,,,,,,,,,,,,,,,,,,,,,,,,,,,,,,,,,,,,
1072,Isabelle Cote,Em Lim,BMSC5,Taylor Rock,48.82733154,-125.1966019,23/04/2024,1.5,E,9:50,EGL,6.5,2,1,tmo,Triopha modesta,Sea clown,1,1,,,,,,,,,,,,,,,,,,,,,,,,,,,,,,,,,,,,,,,,,,,,,,,,
1073,Isabelle Cote,Em Lim,BMSC5,Taylor Rock,48.82733154,-125.1966019,23/04/2024,1.5,E,9:50,EGL,6.5,2,1,sac,Scyra acutifrons,Sharpnose crab,2,2,,,,,,,,,,,,,,,,,,,,,,,,,,,,,,,,,,,,,,,,,,,,,,,,
1074,Isabelle Cote,Em Lim,BMSC5,Taylor Rock,48.82733154,-125.1966019,23/04/2024,1.5,E,9:50,EGL,6.5,2,1,dez,Debris - Zero,No Debris found,1,1,,,,,,,,,,,,,,,,,,,,,,,,,,,,,,,,,,,,,,,,,,,,,,,,
1075,Isabelle Cote,Em Lim,BMSC9,Eagle Bay,48.83478928,-125.1470261,23/04/2024,2,SW,12:36,EGL,6.5,1,1,hde,Hexagrammos decagrammus,Kelp greenling,3,0,,,,,,,1,1,1,,,,,,,,,,,,,,,,,,,,,,,,,,,,,,,,,,,,,,,
1076,Isabelle Cote,Em Lim,BMSC9,Eagle Bay,48.83478928,-125.1470261,23/04/2024,2,SW,12:36,EGL,6.5,1,1,rni,Rhinogobiops nicholsii,Blackeye goby,4,0,,,2,2,,,,,,,,,,,,,,,,,,,,,,,,,,,,,,,,,,,,,,,,,,,,
1077,Isabelle Cote,Em Lim,BMSC9,Eagle Bay,48.83478928,-125.1470261,23/04/2024,2,SW,12:36,EGL,6.5,1,1,sme,Sebastes melanops,Black rockfish,1,0,,,,,,,1,,,,,,,,,,,,,,,,,,,,,,,,,,,,,,,,,,,,,,,,,
1078,Isabelle Cote,Em Lim,BMSC9,Eagle Bay,48.83478928,-125.1470261,23/04/2024,2,SW,12:36,EGL,6.5,1,1,oel,Ophiodon elongatus,Lingcod,1,0,,,,,,,,,1,,,,,,,,,,,,,,,,,,,,,,,,,,,,,,,,,,,,,,,
1079,Isabelle Cote,Em Lim,BMSC9,Eagle Bay,48.83478928,-125.1470261,23/04/2024,2,SW,12:36,EGL,6.5,0,0,nle,Neverita lewisii,Lewis' Moon snail,1,1,,,,,,,,,,,,,,,,,,,,,,,,,,,,,,,,,,,,,,,,,,,,,,,,
1080,Isabelle Cote,Em Lim,BMSC9,Eagle Bay,48.83478928,-125.1470261,23/04/2024,2,SW,12:36,EGL,6.5,2,1,rni,Rhinogobiops nicholsii,Blackeye goby,23,0,,5,10,7,1,,,,,,,,,,,,,,,,,,,,,,,,,,,,,,,,,,,,,,,,,,,
1081,Isabelle Cote,Em Lim,BMSC9,Eagle Bay,48.83478928,-125.1470261,23/04/2024,2,SW,12:36,EGL,6.5,2,1,mfra,Mesocentrotus franciscanus,Red sea urchin,93,93,,,,,,,,,,,,,,,,,,,,,,,,,,,,,,,,,,,,,,,,,,,,,,,,
1082,Isabelle Cote,Em Lim,BMSC9,Eagle Bay,48.83478928,-125.1470261,23/04/2024,2,SW,12:36,EGL,6.5,2,1,aha,Artedius harringtoni,Scalyhead sculpin,6,0,2,3,1,,,,,,,,,,,,,,,,,,,,,,,,,,,,,,,,,,,,,,,,,,,,,
1083,Isabelle Cote,Em Lim,BMSC9,Eagle Bay,48.83478928,-125.1470261,23/04/2024,2,SW,12:36,EGL,6.5,2,1,ami,Acmaea mitra,Whitecap limpet,49,49,,,,,,,,,,,,,,,,,,,,,,,,,,,,,,,,,,,,,,,,,,,,,,,,
1084,Isabelle Cote,Em Lim,BMSC9,Eagle Bay,48.83478928,-125.1470261,23/04/2024,2,SW,12:36,EGL,6.5,2,1,dodo,Diaulula odonoghuei,Spotted dorid,3,3,,,,,,,,,,,,,,,,,,,,,,,,,,,,,,,,,,,,,,,,,,,,,,,,
1085,Isabelle Cote,Em Lim,BMSC9,Eagle Bay,48.83478928,-125.1470261,23/04/2024,2,SW,12:36,EGL,6.5,2,1,cli,Calliostoma ligatum,Blue top shell,11,11,,,,,,,,,,,,,,,,,,,,,,,,,,,,,,,,,,,,,,,,,,,,,,,,
1086,Isabelle Cote,Em Lim,BMSC9,Eagle Bay,48.83478928,-125.1470261,23/04/2024,2,SW,12:36,EGL,6.5,2,1,cfo,Ceratostoma foliatum,Leafy hornmouth,13,13,,,,,,,,,,,,,,,,,,,,,,,,,,,,,,,,,,,,,,,,,,,,,,,,
1087,Isabelle Cote,Em Lim,BMSC9,Eagle Bay,48.83478928,-125.1470261,23/04/2024,2,SW,12:36,EGL,6.5,2,1,pcau,Pagurus caurinus,Greenmark hermit crab,1,1,,,,,,,,,,,,,,,,,,,,,,,,,,,,,,,,,,,,,,,,,,,,,,,,
1088,Isabelle Cote,Em Lim,BMSC9,Eagle Bay,48.83478928,-125.1470261,23/04/2024,2,SW,12:36,EGL,6.5,2,1,cgi,Crassadoma gigantea,Purple-hinged rock scallop,8,8,,,,,,,,,,,,,,,,,,,,,,,,,,,,,,,,,,,,,,,,,,,,,,,,
1089,Isabelle Cote,Em Lim,BMSC9,Eagle Bay,48.83478928,-125.1470261,23/04/2024,2,SW,12:36,EGL,6.5,2,1,hka,Haliotis kamtschatkana,Pinto abalone,29,0,8,12,7,1,1,,,,,,,,,,,,,,,,,,,,,,,,,,,,,,,,,,,,,,,,,,,
1090,Isabelle Cote,Em Lim,BMSC9,Eagle Bay,48.83478928,-125.1470261,23/04/2024,2,SW,12:36,EGL,6.5,2,1,phem,Pagurus hemphilli,Maroon hermit,5,5,,,,,,,,,,,,,,,,,,,,,,,,,,,,,,,,,,,,,,,,,,,,,,,,
1091,Isabelle Cote,Em Lim,BMSC9,Eagle Bay,48.83478928,-125.1470261,23/04/2024,2,SW,12:36,EGL,6.5,2,1,pmi,Patiria miniata,Bat star,26,26,,,,,,,,,,,,,,,,,,,,,,,,,,,,,,,,,,,,,,,,,,,,,,,,
1092,Isabelle Cote,Em Lim,BMSC9,Eagle Bay,48.83478928,-125.1470261,23/04/2024,2,SW,12:36,EGL,6.5,2,1,poc,Pisaster ochraceus,Purple sea star,4,4,,,,,,,,,,,,,,,,,,,,,,,,,,,,,,,,,,,,,,,,,,,,,,,,
1093,Isabelle Cote,Em Lim,BMSC9,Eagle Bay,48.83478928,-125.1470261,23/04/2024,2,SW,12:36,EGL,6.5,0,1,hde,Hexagrammos decagrammus,Kelp greenling,3,0,,,,,,1,1,1,,,,,,,,,,,,,,,,,,,,,,,,,,,,,,,,,,,,,,,,
1094,Isabelle Cote,Em Lim,BMSC9,Eagle Bay,48.83478928,-125.1470261,23/04/2024,2,SW,12:36,EGL,6.5,0,1,sca,Sebastes caurinus,Copper rockfish,2,0,,,,1,,1,,,,,,,,,,,,,,,,,,,,,,,,,,,,,,,,,,,,,,,,,,
1095,Isabelle Cote,Em Lim,BMSC9,Eagle Bay,48.83478928,-125.1470261,23/04/2024,2,SW,12:36,EGL,6.5,0,1,sme,Sebastes melanops,Black rockfish,2,0,,,,,,,2,,,,,,,,,,,,,,,,,,,,,,,,,,,,,,,,,,,,,,,,,
1096,Isabelle Cote,Em Lim,BMSC9,Eagle Bay,48.83478928,-125.1470261,23/04/2024,2,SW,12:36,EGL,6.5,2,1,dim,Dermasterias imbricata,Leather star,6,6,,,,,,,,,,,,,,,,,,,,,,,,,,,,,,,,,,,,,,,,,,,,,,,,
1097,Isabelle Cote,Em Lim,BMSC9,Eagle Bay,48.83478928,-125.1470261,23/04/2024,2,SW,12:36,EGL,6.5,2,1,das,Diodora aspera,Rough keyhole limpet,4,4,,,,,,,,,,,,,,,,,,,,,,,,,,,,,,,,,,,,,,,,,,,,,,,,
1098,Isabelle Cote,Em Lim,BMSC9,Eagle Bay,48.83478928,-125.1470261,23/04/2024,2,SW,12:36,EGL,6.5,2,1,henricia,Henricia spp.,Unidentified blood star,4,4,,,,,,,,,,,,,,,,,,,,,,,,,,,,,,,,,,,,,,,,,,,,,,,,
1099,Isabelle Cote,Em Lim,BMSC9,Eagle Bay,48.83478928,-125.1470261,23/04/2024,2,SW,12:36,EGL,6.5,2,1,pbe,Pagurus beringanus,Bering hermit crab,1,1,,,,,,,,,,,,,,,,,,,,,,,,,,,,,,,,,,,,,,,,,,,,,,,,
1100,Isabelle Cote,Em Lim,BMSC9,Eagle Bay,48.83478928,-125.1470261,23/04/2024,2,SW,12:36,EGL,6.5,2,1,etr,Evasterias troschelii,Mottled starfish,2,2,,,,,,,,,,,,,,,,,,,,,,,,,,,,,,,,,,,,,,,,,,,,,,,,
1101,Isabelle Cote,Em Lim,BMSC9,Eagle Bay,48.83478928,-125.1470261,23/04/2024,2,SW,12:36,EGL,6.5,2,1,hcr,Hermissenda crassicornis,Opalescent nudibranch,2,2,,,,,,,,,,,,,,,,,,,,,,,,,,,,,,,,,,,,,,,,,,,,,,,,
1102,Isabelle Cote,Em Lim,BMSC9,Eagle Bay,48.83478928,-125.1470261,23/04/2024,2,SW,12:36,EGL,6.5,2,1,aca,Apostichopus californicus,California sea cucumber,6,6,,,,,,,,,,,,,,,,,,,,,,,,,,,,,,,,,,,,,,,,,,,,,,,,
1103,Isabelle Cote,Em Lim,BMSC9,Eagle Bay,48.83478928,-125.1470261,23/04/2024,2,SW,12:36,EGL,6.5,2,1,spu,Strongylocentrotus purpuratus,Purple sea urchin (?),1,1,,,,,,,,,,,,,,,,,,,,,,,,,,,,,,,,,,,,,,,,,,,,,,,,
1104,Isabelle Cote,Em Lim,BMSC9,Eagle Bay,48.83478928,-125.1470261,23/04/2024,2,SW,12:36,EGL,6.5,2,1,pno,Peltodoris nobilis,Noble sea lemon,2,2,,,,,,,,,,,,,,,,,,,,,,,,,,,,,,,,,,,,,,,,,,,,,,,,
1105,Isabelle Cote,Em Lim,BMSC9,Eagle Bay,48.83478928,-125.1470261,23/04/2024,2,SW,12:36,EGL,6.5,2,1,oko,Orthasterias koehleri,Rainbow star,1,1,,,,,,,,,,,,,,,,,,,,,,,,,,,,,,,,,,,,,,,,,,,,,,,,
1106,Isabelle Cote,Em Lim,BMSC9,Eagle Bay,48.83478928,-125.1470261,23/04/2024,2,SW,12:36,EGL,6.5,2,1,dmo,Doris montereyensis,Monterey sea lemon,1,1,,,,,,,,,,,,,,,,,,,,,,,,,,,,,,,,,,,,,,,,,,,,,,,,
1107,Isabelle Cote,Em Lim,BMSC9,Eagle Bay,48.83478928,-125.1470261,23/04/2024,2,SW,12:36,EGL,6.5,2,1,deo,Debris - Other,"Any debris OTHER THAN fishing gear, made of plastic, cloth, metal, glass or timber",1,1,,,,,,,,,,,,,,,,,,,,,,,,,,,,,,,,,,,,,,,,,,,,,,,,
1108,Isabelle Cote,Em Lim,BMSC25,Goby Town,48.838595,-125.135015,23/04/2024,3,NW,14:48,EGL,6,1,1,rni,Rhinogobiops nicholsii,Blackeye goby,15,0,,,3,8,4,,,,,,,,,,,,,,,,,,,,,,,,,,,,,,,,,,,,,,,,,,,
1109,Isabelle Cote,Em Lim,BMSC25,Goby Town,48.838595,-125.135015,23/04/2024,3,NW,14:48,EGL,6,1,1,hde,Hexagrammos decagrammus,Kelp greenling,2,0,,,,,,,,,1,1,,,,,,,,,,,,,,,,,,,,,,,,,,,,,,,,,,,,,,
1110,Isabelle Cote,Em Lim,BMSC25,Goby Town,48.838595,-125.135015,23/04/2024,3,NW,14:48,EGL,6,2,1,aca,Apostichopus californicus,California sea cucumber,23,23,,,,,,,,,,,,,,,,,,,,,,,,,,,,,,,,,,,,,,,,,,,,,,,,
1111,Isabelle Cote,Em Lim,BMSC25,Goby Town,48.838595,-125.135015,23/04/2024,3,NW,14:48,EGL,6,2,1,rni,Rhinogobiops nicholsii,Blackeye goby,96,0,1,28,30,25,12,,,,,,,,,,,,,,,,,,,,,,,,,,,,,,,,,,,,,,,,,,,
1112,Isabelle Cote,Em Lim,BMSC25,Goby Town,48.838595,-125.135015,23/04/2024,3,NW,14:48,EGL,6,2,1,pgi,Pomaulax gibberosus,Red turban shell,10,10,,,,,,,,,,,,,,,,,,,,,,,,,,,,,,,,,,,,,,,,,,,,,,,,
1113,Isabelle Cote,Em Lim,BMSC25,Goby Town,48.838595,-125.135015,23/04/2024,3,NW,14:48,EGL,6,2,1,ami,Acmaea mitra,Whitecap limpet,24,24,,,,,,,,,,,,,,,,,,,,,,,,,,,,,,,,,,,,,,,,,,,,,,,,
1114,Isabelle Cote,Em Lim,BMSC25,Goby Town,48.838595,-125.135015,23/04/2024,3,NW,14:48,EGL,6,2,1,aha,Artedius harringtoni,Scalyhead sculpin,1,0,,1,,,,,,,,,,,,,,,,,,,,,,,,,,,,,,,,,,,,,,,,,,,,,,
1115,Isabelle Cote,Em Lim,BMSC25,Goby Town,48.838595,-125.135015,23/04/2024,3,NW,14:48,EGL,6,2,1,mfra,Mesocentrotus franciscanus,Red sea urchin,69,69,,,,,,,,,,,,,,,,,,,,,,,,,,,,,,,,,,,,,,,,,,,,,,,,
1116,Isabelle Cote,Em Lim,BMSC25,Goby Town,48.838595,-125.135015,23/04/2024,3,NW,14:48,EGL,6,2,1,dim,Dermasterias imbricata,Leather star,7,7,,,,,,,,,,,,,,,,,,,,,,,,,,,,,,,,,,,,,,,,,,,,,,,,
1117,Isabelle Cote,Em Lim,BMSC25,Goby Town,48.838595,-125.135015,23/04/2024,3,NW,14:48,EGL,6,2,1,oko,Orthasterias koehleri,Rainbow star,2,2,,,,,,,,,,,,,,,,,,,,,,,,,,,,,,,,,,,,,,,,,,,,,,,,
1118,Isabelle Cote,Em Lim,BMSC25,Goby Town,48.838595,-125.135015,23/04/2024,3,NW,14:48,EGL,6,2,1,pmi,Patiria miniata,Bat star,21,21,,,,,,,,,,,,,,,,,,,,,,,,,,,,,,,,,,,,,,,,,,,,,,,,
1119,Isabelle Cote,Em Lim,BMSC25,Goby Town,48.838595,-125.135015,23/04/2024,3,NW,14:48,EGL,6,2,1,etr,Evasterias troschelii,Mottled starfish,3,3,,,,,,,,,,,,,,,,,,,,,,,,,,,,,,,,,,,,,,,,,,,,,,,,
1120,Isabelle Cote,Em Lim,BMSC25,Goby Town,48.838595,-125.135015,23/04/2024,3,NW,14:48,EGL,6,2,1,phem,Pagurus hemphilli,Maroon hermit,9,9,,,,,,,,,,,,,,,,,,,,,,,,,,,,,,,,,,,,,,,,,,,,,,,,
1121,Isabelle Cote,Em Lim,BMSC25,Goby Town,48.838595,-125.135015,23/04/2024,3,NW,14:48,EGL,6,2,1,cfo,Ceratostoma foliatum,Leafy hornmouth,6,6,,,,,,,,,,,,,,,,,,,,,,,,,,,,,,,,,,,,,,,,,,,,,,,,
1122,Isabelle Cote,Em Lim,BMSC25,Goby Town,48.838595,-125.135015,23/04/2024,3,NW,14:48,EGL,6,2,1,poc,Pisaster ochraceus,Purple sea star,1,1,,,,,,,,,,,,,,,,,,,,,,,,,,,,,,,,,,,,,,,,,,,,,,,,
1123,Isabelle Cote,Em Lim,BMSC25,Goby Town,48.838595,-125.135015,23/04/2024,3,NW,14:48,EGL,6,2,1,cgi,Crassadoma gigantea,Purple-hinged rock scallop,11,0,,,1,3,3,4,,,,,,,,,,,,,,,,,,,,,,,,,,,,,,,,,,,,,,,,,,
1124,Isabelle Cote,Em Lim,BMSC25,Goby Town,48.838595,-125.135015,23/04/2024,3,NW,14:48,EGL,6,2,1,hka,Haliotis kamtschatkana,Pinto abalone,13,0,,3,6,3,1,,,,,,,,,,,,,,,,,,,,,,,,,,,,,,,,,,,,,,,,,,,
1125,Isabelle Cote,Em Lim,BMSC25,Goby Town,48.838595,-125.135015,23/04/2024,3,NW,14:48,EGL,6,2,1,tmo,Triopha modesta,Sea clown,1,1,,,,,,,,,,,,,,,,,,,,,,,,,,,,,,,,,,,,,,,,,,,,,,,,
1126,Isabelle Cote,Em Lim,BMSC25,Goby Town,48.838595,-125.135015,23/04/2024,3,NW,14:48,EGL,6,2,1,sdr,Strongylocentrotus droebachiensis,Northern sea urchin,1,1,,,,,,,,,,,,,,,,,,,,,,,,,,,,,,,,,,,,,,,,,,,,,,,,
1127,Isabelle Cote,Em Lim,BMSC25,Goby Town,48.838595,-125.135015,23/04/2024,3,NW,14:48,EGL,6,2,1,dsa,Diaulula sandiegensis,Ringed doris,4,4,,,,,,,,,,,,,,,,,,,,,,,,,,,,,,,,,,,,,,,,,,,,,,,,
1128,Isabelle Cote,Em Lim,BMSC25,Goby Town,48.838595,-125.135015,23/04/2024,3,NW,14:48,EGL,6,2,1,das,Diodora aspera,Rough keyhole limpet,3,3,,,,,,,,,,,,,,,,,,,,,,,,,,,,,,,,,,,,,,,,,,,,,,,,
1129,Isabelle Cote,Em Lim,BMSC25,Goby Town,48.838595,-125.135015,23/04/2024,3,NW,14:48,EGL,6,2,1,cpr,Cancer productus,Red rock crab,2,2,,,,,,,,,,,,,,,,,,,,,,,,,,,,,,,,,,,,,,,,,,,,,,,,
1130,Isabelle Cote,Em Lim,BMSC25,Goby Town,48.838595,-125.135015,23/04/2024,3,NW,14:48,EGL,6,2,1,pbe,Pagurus beringanus,Bering hermit crab,1,1,,,,,,,,,,,,,,,,,,,,,,,,,,,,,,,,,,,,,,,,,,,,,,,,
1131,Isabelle Cote,Em Lim,BMSC25,Goby Town,48.838595,-125.135015,23/04/2024,3,NW,14:48,EGL,6,2,1,sac,Scyra acutifrons,Sharpnose crab,1,1,,,,,,,,,,,,,,,,,,,,,,,,,,,,,,,,,,,,,,,,,,,,,,,,
1132,Isabelle Cote,Em Lim,BMSC25,Goby Town,48.838595,-125.135015,23/04/2024,3,NW,14:48,EGL,6,0,1,hde,Hexagrammos decagrammus,Kelp greenling,1,0,,,,,,,1,,,,,,,,,,,,,,,,,,,,,,,,,,,,,,,,,,,,,,,,,
1133,Isabelle Cote,Em Lim,BMSC25,Goby Town,48.838595,-125.135015,23/04/2024,3,NW,14:48,EGL,6,2,1,cste,Cryptochiton stelleri,Gumboot chiton,1,1,,,,,,,,,,,,,,,,,,,,,,,,,,,,,,,,,,,,,,,,,,,,,,,,
1134,Isabelle Cote,Em Lim,BMSC25,Goby Town,48.838595,-125.135015,23/04/2024,3,NW,14:48,EGL,6,2,1,opi,Oxylebius pictus,Painted greenling,1,0,,,,,,,1,,,,,,,,,,,,,,,,,,,,,,,,,,,,,,,,,,,,,,,,,
1135,Isabelle Cote,Em Lim,BMSC25,Goby Town,48.838595,-125.135015,23/04/2024,3,NW,14:48,EGL,6,2,1,dez,Debris - Zero,No Debris found,1,1,,,,,,,,,,,,,,,,,,,,,,,,,,,,,,,,,,,,,,,,,,,,,,,,
1136,Isabelle Cote,Claire Attridge,BMSC26,Hosie South,48.9071,-125.037017,24/04/2024,1.5,NW,10:06,CMA,6.5,1,1,sgi,Synchirus gilli,Manacled sculpin,1,0,,1,,,,,,,,,,,,,,,,,,,,,,,,,,,,,,,,,,,,,,,,,,,,,,
1137,Isabelle Cote,Claire Attridge,BMSC26,Hosie South,48.9071,-125.037017,24/04/2024,1.5,NW,10:06,CMA,6.5,1,1,rni,Rhinogobiops nicholsii,Blackeye goby,4,0,,1,3,,,,,,,,,,,,,,,,,,,,,,,,,,,,,,,,,,,,,,,,,,,,,
1138,Isabelle Cote,Claire Attridge,BMSC26,Hosie South,48.9071,-125.037017,24/04/2024,1.5,NW,10:06,CMA,6.5,1,1,bfr,Brachyistius frenatus,Kelp perch,1,0,,1,,,,,,,,,,,,,,,,,,,,,,,,,,,,,,,,,,,,,,,,,,,,,,
1139,Isabelle Cote,Claire Attridge,BMSC26,Hosie South,48.9071,-125.037017,24/04/2024,1.5,NW,10:06,CMA,6.5,1,1,hde,Hexagrammos decagrammus,Kelp greenling,1,0,,,,,,,1,,,,,,,,,,,,,,,,,,,,,,,,,,,,,,,,,,,,,,,,,
1140,Isabelle Cote,Claire Attridge,BMSC26,Hosie South,48.9071,-125.037017,24/04/2024,1.5,NW,10:06,CMA,6.5,2,1,pgi,Pomaulax gibberosus,Red turban shell,48,48,,,,,,,,,,,,,,,,,,,,,,,,,,,,,,,,,,,,,,,,,,,,,,,,
1141,Isabelle Cote,Claire Attridge,BMSC26,Hosie South,48.9071,-125.037017,24/04/2024,1.5,NW,10:06,CMA,6.5,2,1,henricia,Henricia spp.,Unidentified blood star,3,3,,,,,,,,,,,,,,,,,,,,,,,,,,,,,,,,,,,,,,,,,,,,,,,,
1142,Isabelle Cote,Claire Attridge,BMSC26,Hosie South,48.9071,-125.037017,24/04/2024,1.5,NW,10:06,CMA,6.5,2,1,ptr,Polycera tricolor,Tricolour nudibranch,24,24,,,,,,,,,,,,,,,,,,,,,,,,,,,,,,,,,,,,,,,,,,,,,,,,
1143,Isabelle Cote,Claire Attridge,BMSC26,Hosie South,48.9071,-125.037017,24/04/2024,1.5,NW,10:06,CMA,6.5,2,1,dim,Dermasterias imbricata,Leather star,13,13,,,,,,,,,,,,,,,,,,,,,,,,,,,,,,,,,,,,,,,,,,,,,,,,
1144,Isabelle Cote,Claire Attridge,BMSC26,Hosie South,48.9071,-125.037017,24/04/2024,1.5,NW,10:06,CMA,6.5,2,1,cgi,Crassadoma gigantea,Purple-hinged rock scallop,4,0,,,,1,2,,1,,,,,,,,,,,,,,,,,,,,,,,,,,,,,,,,,,,,,,,,,
1145,Isabelle Cote,Claire Attridge,BMSC26,Hosie South,48.9071,-125.037017,24/04/2024,1.5,NW,10:06,CMA,6.5,2,1,rni,Rhinogobiops nicholsii,Blackeye goby,46,0,3,21,13,9,,,,,,,,,,,,,,,,,,,,,,,,,,,,,,,,,,,,,,,,,,,,
1146,Isabelle Cote,Claire Attridge,BMSC26,Hosie South,48.9071,-125.037017,24/04/2024,1.5,NW,10:06,CMA,6.5,2,1,phe,Pycnopodia helianthoides,Sunflower star,1,0,1,,,,,,,,,,,,,,,,,,,,,,,,,,,,,,,,,,,,,,,,,,,,,,,
1147,Isabelle Cote,Claire Attridge,BMSC26,Hosie South,48.9071,-125.037017,24/04/2024,1.5,NW,10:06,CMA,6.5,2,1,phek,Pycnopodia helianthoides,Sunflower star [kelp],3,0,3,,,,,,,,,,,,,,,,,,,,,,,,,,,,,,,,,,,,,,,,,,,,,,,
1148,Isabelle Cote,Claire Attridge,BMSC26,Hosie South,48.9071,-125.037017,24/04/2024,1.5,NW,10:06,CMA,6.5,2,1,ppr,Pugettia producta,Northern kelp crab,1,1,,,,,,,,,,,,,,,,,,,,,,,,,,,,,,,,,,,,,,,,,,,,,,,,
1149,Isabelle Cote,Claire Attridge,BMSC26,Hosie South,48.9071,-125.037017,24/04/2024,1.5,NW,10:06,CMA,6.5,2,1,ami,Acmaea mitra,Whitecap limpet,4,4,,,,,,,,,,,,,,,,,,,,,,,,,,,,,,,,,,,,,,,,,,,,,,,,
1150,Isabelle Cote,Claire Attridge,BMSC26,Hosie South,48.9071,-125.037017,24/04/2024,1.5,NW,10:06,CMA,6.5,0,1,sca,Sebastes caurinus,Copper rockfish,1,0,,,,,,1,,,,,,,,,,,,,,,,,,,,,,,,,,,,,,,,,,,,,,,,,,
1151,Isabelle Cote,Claire Attridge,BMSC26,Hosie South,48.9071,-125.037017,24/04/2024,1.5,NW,10:06,CMA,6.5,2,1,clu,Cadlina luteomarginata,Yellow-edge cadlina,2,2,,,,,,,,,,,,,,,,,,,,,,,,,,,,,,,,,,,,,,,,,,,,,,,,
1152,Isabelle Cote,Claire Attridge,BMSC26,Hosie South,48.9071,-125.037017,24/04/2024,1.5,NW,10:06,CMA,6.5,2,1,dmo,Doris montereyensis,Monterey sea lemon,1,1,,,,,,,,,,,,,,,,,,,,,,,,,,,,,,,,,,,,,,,,,,,,,,,,
1153,Isabelle Cote,Claire Attridge,BMSC26,Hosie South,48.9071,-125.037017,24/04/2024,1.5,NW,10:06,CMA,6.5,2,1,sac,Scyra acutifrons,Sharpnose crab,1,1,,,,,,,,,,,,,,,,,,,,,,,,,,,,,,,,,,,,,,,,,,,,,,,,
1154,Isabelle Cote,Claire Attridge,BMSC26,Hosie South,48.9071,-125.037017,24/04/2024,1.5,NW,10:06,CMA,6.5,2,1,aca,Apostichopus californicus,California sea cucumber,3,3,,,,,,,,,,,,,,,,,,,,,,,,,,,,,,,,,,,,,,,,,,,,,,,,
1155,Isabelle Cote,Claire Attridge,BMSC26,Hosie South,48.9071,-125.037017,24/04/2024,1.5,NW,10:06,CMA,6.5,0,1,bfr,Brachyistius frenatus,Kelp perch,1,0,,1,,,,,,,,,,,,,,,,,,,,,,,,,,,,,,,,,,,,,,,,,,,,,,
1156,Isabelle Cote,Claire Attridge,BMSC26,Hosie South,48.9071,-125.037017,24/04/2024,1.5,NW,10:06,CMA,6.5,2,1,pmi,Patiria miniata,Bat star,1,1,,,,,,,,,,,,,,,,,,,,,,,,,,,,,,,,,,,,,,,,,,,,,,,,
1157,Isabelle Cote,Claire Attridge,BMSC26,Hosie South,48.9071,-125.037017,24/04/2024,1.5,NW,10:06,CMA,6.5,0,1,hde,Hexagrammos decagrammus,Kelp greenling,1,0,,,,,,1,,,,,,,,,,,,,,,,,,,,,,,,,,,,,,,,,,,,,,,,,,
1158,Isabelle Cote,Claire Attridge,BMSC26,Hosie South,48.9071,-125.037017,24/04/2024,1.5,NW,10:06,CMA,6.5,2,1,das,Diodora aspera,Rough keyhole limpet,1,1,,,,,,,,,,,,,,,,,,,,,,,,,,,,,,,,,,,,,,,,,,,,,,,,
1159,Isabelle Cote,Claire Attridge,BMSC26,Hosie South,48.9071,-125.037017,24/04/2024,1.5,NW,10:06,CMA,6.5,2,1,cfo,Ceratostoma foliatum,Leafy hornmouth,1,1,,,,,,,,,,,,,,,,,,,,,,,,,,,,,,,,,,,,,,,,,,,,,,,,
1160,Isabelle Cote,Claire Attridge,BMSC26,Hosie South,48.9071,-125.037017,24/04/2024,1.5,NW,10:06,CMA,6.5,2,1,aldisa,Aldisa spp.,unidentified aldisa nudibranch,1,1,,,,,,,,,,,,,,,,,,,,,,,,,,,,,,,,,,,,,,,,,,,,,,,,
1161,Isabelle Cote,Claire Attridge,BMSC26,Hosie South,48.9071,-125.037017,24/04/2024,1.5,NW,10:06,CMA,6.5,2,1,dez,Debris - Zero,No Debris found,1,1,,,,,,,,,,,,,,,,,,,,,,,,,,,,,,,,,,,,,,,,,,,,,,,,
1162,Isabelle Cote,Claire Attridge,BMSC24,Swiss Boy,48.916073,-125.131174,24/04/2024,3,NE,13:03,CMA,5.5,1,1,hde,Hexagrammos decagrammus,Kelp greenling,5,0,,,,,,2,,1,1,1,,,,,,,,,,,,,,,,,,,,,,,,,,,,,,,,,,,,,,
1163,Isabelle Cote,Claire Attridge,BMSC24,Swiss Boy,48.916073,-125.131174,24/04/2024,3,NE,13:03,CMA,5.5,1,1,ela,Embiotoca lateralis,Striped seaperch,2,0,,,,,,,1,1,,,,,,,,,,,,,,,,,,,,,,,,,,,,,,,,,,,,,,,,
1164,Isabelle Cote,Claire Attridge,BMSC24,Swiss Boy,48.916073,-125.131174,24/04/2024,3,NE,13:03,CMA,5.5,2,1,mfra,Mesocentrotus franciscanus,Red sea urchin,145,145,,,,,,,,,,,,,,,,,,,,,,,,,,,,,,,,,,,,,,,,,,,,,,,,
1165,Isabelle Cote,Claire Attridge,BMSC24,Swiss Boy,48.916073,-125.131174,24/04/2024,3,NE,13:03,CMA,5.5,2,1,hka,Haliotis kamtschatkana,Pinto abalone,71,0,9,40,16,6,,,,,,,,,,,,,,,,,,,,,,,,,,,,,,,,,,,,,,,,,,,,
1166,Isabelle Cote,Claire Attridge,BMSC24,Swiss Boy,48.916073,-125.131174,24/04/2024,3,NE,13:03,CMA,5.5,2,1,sac,Scyra acutifrons,Sharpnose crab,5,5,,,,,,,,,,,,,,,,,,,,,,,,,,,,,,,,,,,,,,,,,,,,,,,,
1167,Isabelle Cote,Claire Attridge,BMSC24,Swiss Boy,48.916073,-125.131174,24/04/2024,3,NE,13:03,CMA,5.5,2,1,spu,Strongylocentrotus purpuratus,Purple sea urchin (?),6,6,,,,,,,,,,,,,,,,,,,,,,,,,,,,,,,,,,,,,,,,,,,,,,,,
1168,Isabelle Cote,Claire Attridge,BMSC24,Swiss Boy,48.916073,-125.131174,24/04/2024,3,NE,13:03,CMA,5.5,2,1,aca,Apostichopus californicus,California sea cucumber,37,37,,,,,,,,,,,,,,,,,,,,,,,,,,,,,,,,,,,,,,,,,,,,,,,,
1169,Isabelle Cote,Claire Attridge,BMSC24,Swiss Boy,48.916073,-125.131174,24/04/2024,3,NE,13:03,CMA,5.5,2,1,dim,Dermasterias imbricata,Leather star,8,8,,,,,,,,,,,,,,,,,,,,,,,,,,,,,,,,,,,,,,,,,,,,,,,,
1170,Isabelle Cote,Claire Attridge,BMSC24,Swiss Boy,48.916073,-125.131174,24/04/2024,3,NE,13:03,CMA,5.5,2,1,ami,Acmaea mitra,Whitecap limpet,13,13,,,,,,,,,,,,,,,,,,,,,,,,,,,,,,,,,,,,,,,,,,,,,,,,
1171,Isabelle Cote,Claire Attridge,BMSC24,Swiss Boy,48.916073,-125.131174,24/04/2024,3,NE,13:03,CMA,5.5,2,1,cfo,Ceratostoma foliatum,Leafy hornmouth,10,10,,,,,,,,,,,,,,,,,,,,,,,,,,,,,,,,,,,,,,,,,,,,,,,,
1172,Isabelle Cote,Claire Attridge,BMSC24,Swiss Boy,48.916073,-125.131174,24/04/2024,3,NE,13:03,CMA,5.5,2,1,cli,Calliostoma ligatum,Blue top shell,11,11,,,,,,,,,,,,,,,,,,,,,,,,,,,,,,,,,,,,,,,,,,,,,,,,
1173,Isabelle Cote,Claire Attridge,BMSC24,Swiss Boy,48.916073,-125.131174,24/04/2024,3,NE,13:03,CMA,5.5,2,1,sdr,Strongylocentrotus droebachiensis,Northern sea urchin,2,2,,,,,,,,,,,,,,,,,,,,,,,,,,,,,,,,,,,,,,,,,,,,,,,,
1174,Isabelle Cote,Claire Attridge,BMSC24,Swiss Boy,48.916073,-125.131174,24/04/2024,3,NE,13:03,CMA,5.5,2,1,phem,Pagurus hemphilli,Maroon hermit,5,5,,,,,,,,,,,,,,,,,,,,,,,,,,,,,,,,,,,,,,,,,,,,,,,,
1175,Isabelle Cote,Claire Attridge,BMSC24,Swiss Boy,48.916073,-125.131174,24/04/2024,3,NE,13:03,CMA,5.5,2,1,pmi,Patiria miniata,Bat star,15,15,,,,,,,,,,,,,,,,,,,,,,,,,,,,,,,,,,,,,,,,,,,,,,,,
1176,Isabelle Cote,Claire Attridge,BMSC24,Swiss Boy,48.916073,-125.131174,24/04/2024,3,NE,13:03,CMA,5.5,2,1,aha,Artedius harringtoni,Scalyhead sculpin,3,0,2,1,,,,,,,,,,,,,,,,,,,,,,,,,,,,,,,,,,,,,,,,,,,,,,
1177,Isabelle Cote,Claire Attridge,BMSC24,Swiss Boy,48.916073,-125.131174,24/04/2024,3,NE,13:03,CMA,5.5,2,1,mfo,Mimulus foliatus,Foliate kelp crab,1,1,,,,,,,,,,,,,,,,,,,,,,,,,,,,,,,,,,,,,,,,,,,,,,,,
1178,Isabelle Cote,Claire Attridge,BMSC24,Swiss Boy,48.916073,-125.131174,24/04/2024,3,NE,13:03,CMA,5.5,2,1,das,Diodora aspera,Rough keyhole limpet,3,3,,,,,,,,,,,,,,,,,,,,,,,,,,,,,,,,,,,,,,,,,,,,,,,,
1179,Isabelle Cote,Claire Attridge,BMSC24,Swiss Boy,48.916073,-125.131174,24/04/2024,3,NE,13:03,CMA,5.5,2,1,hde,Hexagrammos decagrammus,Kelp greenling,1,0,,,,,,,1,,,,,,,,,,,,,,,,,,,,,,,,,,,,,,,,,,,,,,,,,
1180,Isabelle Cote,Claire Attridge,BMSC24,Swiss Boy,48.916073,-125.131174,24/04/2024,3,NE,13:03,CMA,5.5,2,1,henricia,Henricia spp.,Unidentified blood star,1,1,,,,,,,,,,,,,,,,,,,,,,,,,,,,,,,,,,,,,,,,,,,,,,,,
1181,Isabelle Cote,Claire Attridge,BMSC24,Swiss Boy,48.916073,-125.131174,24/04/2024,3,NE,13:03,CMA,5.5,2,1,oko,Orthasterias koehleri,Rainbow star,4,4,,,,,,,,,,,,,,,,,,,,,,,,,,,,,,,,,,,,,,,,,,,,,,,,
1182,Isabelle Cote,Claire Attridge,BMSC24,Swiss Boy,48.916073,-125.131174,24/04/2024,3,NE,13:03,CMA,5.5,2,1,ppa,Phyllolithodes papillosus,Heart crab,1,1,,,,,,,,,,,,,,,,,,,,,,,,,,,,,,,,,,,,,,,,,,,,,,,,
1183,Isabelle Cote,Claire Attridge,BMSC24,Swiss Boy,48.916073,-125.131174,24/04/2024,3,NE,13:03,CMA,5.5,2,1,poc,Pisaster ochraceus,Purple sea star,32,32,,,,,,,,,,,,,,,,,,,,,,,,,,,,,,,,,,,,,,,,,,,,,,,,
1184,Isabelle Cote,Claire Attridge,BMSC24,Swiss Boy,48.916073,-125.131174,24/04/2024,3,NE,13:03,CMA,5.5,2,1,hcr,Hermissenda crassicornis,Opalescent nudibranch,8,8,,,,,,,,,,,,,,,,,,,,,,,,,,,,,,,,,,,,,,,,,,,,,,,,
1185,Isabelle Cote,Claire Attridge,BMSC24,Swiss Boy,48.916073,-125.131174,24/04/2024,3,NE,13:03,CMA,5.5,2,1,pgi,Pomaulax gibberosus,Red turban shell,2,2,,,,,,,,,,,,,,,,,,,,,,,,,,,,,,,,,,,,,,,,,,,,,,,,
1186,Isabelle Cote,Claire Attridge,BMSC24,Swiss Boy,48.916073,-125.131174,24/04/2024,3,NE,13:03,CMA,5.5,2,1,jzo,Jordania zonope,Longfin sculpin,1,0,,1,,,,,,,,,,,,,,,,,,,,,,,,,,,,,,,,,,,,,,,,,,,,,,
1187,Isabelle Cote,Claire Attridge,BMSC24,Swiss Boy,48.916073,-125.131174,24/04/2024,3,NE,13:03,CMA,5.5,2,1,dal,Dirona albolineata,White-line dirona,1,1,,,,,,,,,,,,,,,,,,,,,,,,,,,,,,,,,,,,,,,,,,,,,,,,
1188,Isabelle Cote,Claire Attridge,BMSC24,Swiss Boy,48.916073,-125.131174,24/04/2024,3,NE,13:03,CMA,5.5,2,1,dez,Debris - Zero,No Debris found,1,1,,,,,,,,,,,,,,,,,,,,,,,,,,,,,,,,,,,,,,,,,,,,,,,,
1189,Isabelle Cote,Tom Bird,BMSC1,Dodger Channel,48.82894897,-125.1975708,25/04/2024,3,NE,14:17,TJB,6.5,1,1,hde,Hexagrammos decagrammus,Kelp greenling,2,0,,,,,,,,,2,,,,,,,,,,,,,,,,,,,,,,,,,,,,,,,,,,,,,,,
1190,Isabelle Cote,Tom Bird,BMSC1,Dodger Channel,48.82894897,-125.1975708,25/04/2024,3,NE,14:17,TJB,6.5,1,1,sme,Sebastes melanops,Black rockfish,1,0,,,,,,,,1,,,,,,,,,,,,,,,,,,,,,,,,,,,,,,,,,,,,,,,,
1191,Isabelle Cote,Tom Bird,BMSC1,Dodger Channel,48.82894897,-125.1975708,25/04/2024,3,NE,14:17,TJB,6.5,0,1,oel,Ophiodon elongatus,Lingcod,1,0,,,,,,,,,,1,,,,,,,,,,,,,,,,,,,,,,,,,,,,,,,,,,,,,,
1192,Isabelle Cote,Tom Bird,BMSC1,Dodger Channel,48.82894897,-125.1975708,25/04/2024,3,NE,14:17,TJB,6.5,2,1,hka,Haliotis kamtschatkana,Pinto abalone,10,0,,3,3,4,,,,,,,,,,,,,,,,,,,,,,,,,,,,,,,,,,,,,,,,,,,,
1193,Isabelle Cote,Tom Bird,BMSC1,Dodger Channel,48.82894897,-125.1975708,25/04/2024,3,NE,14:17,TJB,6.5,2,1,mfra,Mesocentrotus franciscanus,Red sea urchin,104,104,,,,,,,,,,,,,,,,,,,,,,,,,,,,,,,,,,,,,,,,,,,,,,,,
1194,Isabelle Cote,Tom Bird,BMSC1,Dodger Channel,48.82894897,-125.1975708,25/04/2024,3,NE,14:17,TJB,6.5,2,1,pgi,Pomaulax gibberosus,Red turban shell,99,99,,,,,,,,,,,,,,,,,,,,,,,,,,,,,,,,,,,,,,,,,,,,,,,,
1195,Isabelle Cote,Tom Bird,BMSC1,Dodger Channel,48.82894897,-125.1975708,25/04/2024,3,NE,14:17,TJB,6.5,2,1,dim,Dermasterias imbricata,Leather star,10,10,,,,,,,,,,,,,,,,,,,,,,,,,,,,,,,,,,,,,,,,,,,,,,,,
1196,Isabelle Cote,Tom Bird,BMSC1,Dodger Channel,48.82894897,-125.1975708,25/04/2024,3,NE,14:17,TJB,6.5,2,1,ami,Acmaea mitra,Whitecap limpet,19,19,,,,,,,,,,,,,,,,,,,,,,,,,,,,,,,,,,,,,,,,,,,,,,,,
1197,Isabelle Cote,Tom Bird,BMSC1,Dodger Channel,48.82894897,-125.1975708,25/04/2024,3,NE,14:17,TJB,6.5,2,1,oko,Orthasterias koehleri,Rainbow star,5,5,,,,,,,,,,,,,,,,,,,,,,,,,,,,,,,,,,,,,,,,,,,,,,,,
1198,Isabelle Cote,Tom Bird,BMSC1,Dodger Channel,48.82894897,-125.1975708,25/04/2024,3,NE,14:17,TJB,6.5,2,1,pmi,Patiria miniata,Bat star,2,2,,,,,,,,,,,,,,,,,,,,,,,,,,,,,,,,,,,,,,,,,,,,,,,,
1199,Isabelle Cote,Tom Bird,BMSC1,Dodger Channel,48.82894897,-125.1975708,25/04/2024,3,NE,14:17,TJB,6.5,2,1,hcr,Hermissenda crassicornis,Opalescent nudibranch,22,22,,,,,,,,,,,,,,,,,,,,,,,,,,,,,,,,,,,,,,,,,,,,,,,,
1200,Isabelle Cote,Tom Bird,BMSC1,Dodger Channel,48.82894897,-125.1975708,25/04/2024,3,NE,14:17,TJB,6.5,2,1,cfo,Ceratostoma foliatum,Leafy hornmouth,11,11,,,,,,,,,,,,,,,,,,,,,,,,,,,,,,,,,,,,,,,,,,,,,,,,
1201,Isabelle Cote,Tom Bird,BMSC1,Dodger Channel,48.82894897,-125.1975708,25/04/2024,3,NE,14:17,TJB,6.5,0,1,hst,Hexagrammos stelleri,Whitespotted greenling,1,0,,,,1,,,,,,,,,,,,,,,,,,,,,,,,,,,,,,,,,,,,,,,,,,,,
1202,Isabelle Cote,Tom Bird,BMSC1,Dodger Channel,48.82894897,-125.1975708,25/04/2024,3,NE,14:17,TJB,6.5,2,1,aca,Apostichopus californicus,California sea cucumber,3,3,,,,,,,,,,,,,,,,,,,,,,,,,,,,,,,,,,,,,,,,,,,,,,,,
1203,Isabelle Cote,Tom Bird,BMSC1,Dodger Channel,48.82894897,-125.1975708,25/04/2024,3,NE,14:17,TJB,6.5,2,1,poc,Pisaster ochraceus,Purple sea star,6,6,,,,,,,,,,,,,,,,,,,,,,,,,,,,,,,,,,,,,,,,,,,,,,,,
1204,Isabelle Cote,Tom Bird,BMSC1,Dodger Channel,48.82894897,-125.1975708,25/04/2024,3,NE,14:17,TJB,6.5,2,1,sac,Scyra acutifrons,Sharpnose crab,3,3,,,,,,,,,,,,,,,,,,,,,,,,,,,,,,,,,,,,,,,,,,,,,,,,
1205,Isabelle Cote,Tom Bird,BMSC1,Dodger Channel,48.82894897,-125.1975708,25/04/2024,3,NE,14:17,TJB,6.5,2,1,phem,Pagurus hemphilli,Maroon hermit,18,18,,,,,,,,,,,,,,,,,,,,,,,,,,,,,,,,,,,,,,,,,,,,,,,,
1206,Isabelle Cote,Tom Bird,BMSC1,Dodger Channel,48.82894897,-125.1975708,25/04/2024,3,NE,14:17,TJB,6.5,2,1,rni,Rhinogobiops nicholsii,Blackeye goby,2,0,,1,1,,,,,,,,,,,,,,,,,,,,,,,,,,,,,,,,,,,,,,,,,,,,,
1207,Isabelle Cote,Tom Bird,BMSC1,Dodger Channel,48.82894897,-125.1975708,25/04/2024,3,NE,14:17,TJB,6.5,2,1,pbe,Pagurus beringanus,Bering hermit crab,1,1,,,,,,,,,,,,,,,,,,,,,,,,,,,,,,,,,,,,,,,,,,,,,,,,
1208,Isabelle Cote,Tom Bird,BMSC1,Dodger Channel,48.82894897,-125.1975708,25/04/2024,3,NE,14:17,TJB,6.5,2,1,cgi,Crassadoma gigantea,Purple-hinged rock scallop,2,0,,,,,1,1,,,,,,,,,,,,,,,,,,,,,,,,,,,,,,,,,,,,,,,,,,
1209,Isabelle Cote,Tom Bird,BMSC1,Dodger Channel,48.82894897,-125.1975708,25/04/2024,3,NE,14:17,TJB,6.5,2,1,henricia,Henricia spp.,Unidentified blood star,2,2,,,,,,,,,,,,,,,,,,,,,,,,,,,,,,,,,,,,,,,,,,,,,,,,
1210,Isabelle Cote,Tom Bird,BMSC1,Dodger Channel,48.82894897,-125.1975708,25/04/2024,3,NE,14:17,TJB,6.5,2,1,sfo,Stylasterias forreri,Velcro seastar,2,2,,,,,,,,,,,,,,,,,,,,,,,,,,,,,,,,,,,,,,,,,,,,,,,,
1211,Isabelle Cote,Tom Bird,BMSC1,Dodger Channel,48.82894897,-125.1975708,25/04/2024,3,NE,14:17,TJB,6.5,2,1,phe,Pycnopodia helianthoides,Sunflower star,1,0,,,1,,,,,,,,,,,,,,,,,,,,,,,,,,,,,,,,,,,,,,,,,,,,,
1212,Isabelle Cote,Tom Bird,BMSC1,Dodger Channel,48.82894897,-125.1975708,25/04/2024,3,NE,14:17,TJB,6.5,2,1,rpu,Rostanga pulchra,Red sponge dorid,1,1,,,,,,,,,,,,,,,,,,,,,,,,,,,,,,,,,,,,,,,,,,,,,,,,
1213,Isabelle Cote,Tom Bird,BMSC1,Dodger Channel,48.82894897,-125.1975708,25/04/2024,3,NE,14:17,TJB,6.5,2,1,aha,Artedius harringtoni,Scalyhead sculpin,1,0,,1,,,,,,,,,,,,,,,,,,,,,,,,,,,,,,,,,,,,,,,,,,,,,,
1214,Isabelle Cote,Tom Bird,BMSC1,Dodger Channel,48.82894897,-125.1975708,25/04/2024,3,NE,14:17,TJB,6.5,2,1,dez,Debris - Zero,No Debris found,1,1,,,,,,,,,,,,,,,,,,,,,,,,,,,,,,,,,,,,,,,,,,,,,,,,
1215,Isabelle Cote,Tom Bird,BMSC11,Wizard Island South,48.85746765,-125.1582336,26/04/2024,1.5,SW,11:48,TJB,5,1,1,hde,Hexagrammos decagrammus,Kelp greenling,2,0,,,,,,,1,1,,,,,,,,,,,,,,,,,,,,,,,,,,,,,,,,,,,,,,,,
1216,Isabelle Cote,Tom Bird,BMSC11,Wizard Island South,48.85746765,-125.1582336,26/04/2024,1.5,SW,11:48,TJB,5,1,1,hhe,Hemilepidotus hemilepidotus,Red Irish lord,1,0,,,,,,,,1,,,,,,,,,,,,,,,,,,,,,,,,,,,,,,,,,,,,,,,,
1217,Isabelle Cote,Tom Bird,BMSC11,Wizard Island South,48.85746765,-125.1582336,26/04/2024,1.5,SW,11:48,TJB,5,2,1,mfra,Mesocentrotus franciscanus,Red sea urchin,314,314,,,,,,,,,,,,,,,,,,,,,,,,,,,,,,,,,,,,,,,,,,,,,,,,
1218,Isabelle Cote,Tom Bird,BMSC11,Wizard Island South,48.85746765,-125.1582336,26/04/2024,1.5,SW,11:48,TJB,5,2,1,hhe,Hemilepidotus hemilepidotus,Red Irish lord,1,0,,,,,,,,1,,,,,,,,,,,,,,,,,,,,,,,,,,,,,,,,,,,,,,,,
1219,Isabelle Cote,Tom Bird,BMSC11,Wizard Island South,48.85746765,-125.1582336,26/04/2024,1.5,SW,11:48,TJB,5,2,1,hka,Haliotis kamtschatkana,Pinto abalone,25,0,,2,17,5,1,,,,,,,,,,,,,,,,,,,,,,,,,,,,,,,,,,,,,,,,,,,
1220,Isabelle Cote,Tom Bird,BMSC11,Wizard Island South,48.85746765,-125.1582336,26/04/2024,1.5,SW,11:48,TJB,5,2,1,oko,Orthasterias koehleri,Rainbow star,6,6,,,,,,,,,,,,,,,,,,,,,,,,,,,,,,,,,,,,,,,,,,,,,,,,
1221,Isabelle Cote,Tom Bird,BMSC11,Wizard Island South,48.85746765,-125.1582336,26/04/2024,1.5,SW,11:48,TJB,5,2,1,aca,Apostichopus californicus,California sea cucumber,15,15,,,,,,,,,,,,,,,,,,,,,,,,,,,,,,,,,,,,,,,,,,,,,,,,
1222,Isabelle Cote,Tom Bird,BMSC11,Wizard Island South,48.85746765,-125.1582336,26/04/2024,1.5,SW,11:48,TJB,5,2,1,ami,Acmaea mitra,Whitecap limpet,3,3,,,,,,,,,,,,,,,,,,,,,,,,,,,,,,,,,,,,,,,,,,,,,,,,
1223,Isabelle Cote,Tom Bird,BMSC11,Wizard Island South,48.85746765,-125.1582336,26/04/2024,1.5,SW,11:48,TJB,5,2,1,pgi,Pomaulax gibberosus,Red turban shell,82,82,,,,,,,,,,,,,,,,,,,,,,,,,,,,,,,,,,,,,,,,,,,,,,,,
1224,Isabelle Cote,Tom Bird,BMSC11,Wizard Island South,48.85746765,-125.1582336,26/04/2024,1.5,SW,11:48,TJB,5,2,1,dim,Dermasterias imbricata,Leather star,7,7,,,,,,,,,,,,,,,,,,,,,,,,,,,,,,,,,,,,,,,,,,,,,,,,
1225,Isabelle Cote,Tom Bird,BMSC11,Wizard Island South,48.85746765,-125.1582336,26/04/2024,1.5,SW,11:48,TJB,5,2,1,aha,Artedius harringtoni,Scalyhead sculpin,20,0,6,9,5,,,,,,,,,,,,,,,,,,,,,,,,,,,,,,,,,,,,,,,,,,,,,
1226,Isabelle Cote,Tom Bird,BMSC11,Wizard Island South,48.85746765,-125.1582336,26/04/2024,1.5,SW,11:48,TJB,5,2,1,cfo,Ceratostoma foliatum,Leafy hornmouth,15,15,,,,,,,,,,,,,,,,,,,,,,,,,,,,,,,,,,,,,,,,,,,,,,,,
1227,Isabelle Cote,Tom Bird,BMSC11,Wizard Island South,48.85746765,-125.1582336,26/04/2024,1.5,SW,11:48,TJB,5,2,1,henricia,Henricia spp.,Unidentified blood star,2,2,,,,,,,,,,,,,,,,,,,,,,,,,,,,,,,,,,,,,,,,,,,,,,,,
1228,Isabelle Cote,Tom Bird,BMSC11,Wizard Island South,48.85746765,-125.1582336,26/04/2024,1.5,SW,11:48,TJB,5,2,1,das,Diodora aspera,Rough keyhole limpet,1,1,,,,,,,,,,,,,,,,,,,,,,,,,,,,,,,,,,,,,,,,,,,,,,,,
1229,Isabelle Cote,Tom Bird,BMSC11,Wizard Island South,48.85746765,-125.1582336,26/04/2024,1.5,SW,11:48,TJB,5,2,1,gor,Glebocarcinus oregonensis,Pygmy rock crab,3,3,,,,,,,,,,,,,,,,,,,,,,,,,,,,,,,,,,,,,,,,,,,,,,,,
1230,Isabelle Cote,Tom Bird,BMSC11,Wizard Island South,48.85746765,-125.1582336,26/04/2024,1.5,SW,11:48,TJB,5,2,1,aha,Artedius harringtoni,Scalyhead sculpin,3,,2,1,,,,,,,,,,,,,,,,,,,,,,,,,,,,,,,,,,,,,,,,,,,,,,
1231,Isabelle Cote,Tom Bird,BMSC11,Wizard Island South,48.85746765,-125.1582336,26/04/2024,1.5,SW,11:48,TJB,5,2,1,poc,Pisaster ochraceus,Purple sea star,1,1,,,,,,,,,,,,,,,,,,,,,,,,,,,,,,,,,,,,,,,,,,,,,,,,
1232,Isabelle Cote,Tom Bird,BMSC11,Wizard Island South,48.85746765,-125.1582336,26/04/2024,1.5,SW,11:48,TJB,5,2,1,cgi,Crassadoma gigantea,Purple-hinged rock scallop,1,0,,,,,1,,,,,,,,,,,,,,,,,,,,,,,,,,,,,,,,,,,,,,,,,,,
1233,Isabelle Cote,Tom Bird,BMSC11,Wizard Island South,48.85746765,-125.1582336,26/04/2024,1.5,SW,11:48,TJB,5,2,1,hcr,Hermissenda crassicornis,Opalescent nudibranch,14,14,,,,,,,,,,,,,,,,,,,,,,,,,,,,,,,,,,,,,,,,,,,,,,,,
1234,Isabelle Cote,Tom Bird,BMSC11,Wizard Island South,48.85746765,-125.1582336,26/04/2024,1.5,SW,11:48,TJB,5,2,1,nla,Nucella lamellosa,Frilled dogwinkle,1,1,,,,,,,,,,,,,,,,,,,,,,,,,,,,,,,,,,,,,,,,,,,,,,,,
1235,Isabelle Cote,Tom Bird,BMSC11,Wizard Island South,48.85746765,-125.1582336,26/04/2024,1.5,SW,11:48,TJB,5,0,1,sca,Sebastes caurinus,Copper rockfish,1,0,,,,,,,1,,,,,,,,,,,,,,,,,,,,,,,,,,,,,,,,,,,,,,,,,
1236,Isabelle Cote,Tom Bird,BMSC11,Wizard Island South,48.85746765,-125.1582336,26/04/2024,1.5,SW,11:48,TJB,5,2,1,pmi,Patiria miniata,Bat star,1,1,,,,,,,,,,,,,,,,,,,,,,,,,,,,,,,,,,,,,,,,,,,,,,,,
1237,Isabelle Cote,Tom Bird,BMSC11,Wizard Island South,48.85746765,-125.1582336,26/04/2024,1.5,SW,11:48,TJB,5,2,1,ahu,Acanthodoris hudsoni,Hudson's horned dorid,1,1,,,,,,,,,,,,,,,,,,,,,,,,,,,,,,,,,,,,,,,,,,,,,,,,
1238,Isabelle Cote,Tom Bird,BMSC12,Wizard Island North,48.858284,-125.1609192,26/04/2024,2,SW,9:29,TJB,7,2,1,sac,Scyra acutifrons,Sharpnose crab,12,12,,,,,,,,,,,,,,,,,,,,,,,,,,,,,,,,,,,,,,,,,,,,,,,,
1239,Isabelle Cote,Tom Bird,BMSC12,Wizard Island North,48.858284,-125.1609192,26/04/2024,2,SW,9:29,TJB,7,1,1,aha,Artedius harringtoni,Scalyhead sculpin,1,0,,,1,,,,,,,,,,,,,,,,,,,,,,,,,,,,,,,,,,,,,,,,,,,,,
1240,Isabelle Cote,Tom Bird,BMSC12,Wizard Island North,48.858284,-125.1609192,26/04/2024,2,SW,9:29,TJB,7,1,1,rni,Rhinogobiops nicholsii,Blackeye goby,2,0,,1,1,,,,,,,,,,,,,,,,,,,,,,,,,,,,,,,,,,,,,,,,,,,,,
1241,Isabelle Cote,Tom Bird,BMSC12,Wizard Island North,48.858284,-125.1609192,26/04/2024,2,SW,9:29,TJB,7,0,1,hde,Hexagrammos decagrammus,Kelp greenling,1,0,,,,,,1,,,,,,,,,,,,,,,,,,,,,,,,,,,,,,,,,,,,,,,,,,
1242,Isabelle Cote,Tom Bird,BMSC12,Wizard Island North,48.858284,-125.1609192,26/04/2024,2,SW,9:29,TJB,7,2,1,mfra,Mesocentrotus franciscanus,Red sea urchin,229,229,,,,,,,,,,,,,,,,,,,,,,,,,,,,,,,,,,,,,,,,,,,,,,,,
1243,Isabelle Cote,Tom Bird,BMSC12,Wizard Island North,48.858284,-125.1609192,26/04/2024,2,SW,9:29,TJB,7,2,1,aca,Apostichopus californicus,California sea cucumber,45,45,,,,,,,,,,,,,,,,,,,,,,,,,,,,,,,,,,,,,,,,,,,,,,,,
1244,Isabelle Cote,Tom Bird,BMSC12,Wizard Island North,48.858284,-125.1609192,26/04/2024,2,SW,9:29,TJB,7,2,1,pgi,Pomaulax gibberosus,Red turban shell,13,13,,,,,,,,,,,,,,,,,,,,,,,,,,,,,,,,,,,,,,,,,,,,,,,,
1245,Isabelle Cote,Tom Bird,BMSC12,Wizard Island North,48.858284,-125.1609192,26/04/2024,2,SW,9:29,TJB,7,2,1,cfo,Ceratostoma foliatum,Leafy hornmouth,12,12,,,,,,,,,,,,,,,,,,,,,,,,,,,,,,,,,,,,,,,,,,,,,,,,
1246,Isabelle Cote,Tom Bird,BMSC12,Wizard Island North,48.858284,-125.1609192,26/04/2024,2,SW,9:29,TJB,7,2,1,hka,Haliotis kamtschatkana,Pinto abalone,11,11,,,,,,,,,,,,,,,,,,,,,,,,,,,,,,,,,,,,,,,,,,,,,,,,
1247,Isabelle Cote,Tom Bird,BMSC12,Wizard Island North,48.858284,-125.1609192,26/04/2024,2,SW,9:29,TJB,7,2,1,oko,Orthasterias koehleri,Rainbow star,8,8,,,,,,,,,,,,,,,,,,,,,,,,,,,,,,,,,,,,,,,,,,,,,,,,
1248,Isabelle Cote,Tom Bird,BMSC12,Wizard Island North,48.858284,-125.1609192,26/04/2024,2,SW,9:29,TJB,7,2,1,ami,Acmaea mitra,Whitecap limpet,8,8,,,,,,,,,,,,,,,,,,,,,,,,,,,,,,,,,,,,,,,,,,,,,,,,
1249,Isabelle Cote,Tom Bird,BMSC12,Wizard Island North,48.858284,-125.1609192,26/04/2024,2,SW,9:29,TJB,7,2,1,cgi,Crassadoma gigantea,Purple-hinged rock scallop,14,0,,,1,1,2,6,3,1,,,,,,,,,,,,,,,,,,,,,,,,,,,,,,,,,,,,,,,,
1250,Isabelle Cote,Tom Bird,BMSC12,Wizard Island North,48.858284,-125.1609192,26/04/2024,2,SW,9:29,TJB,7,2,1,dim,Dermasterias imbricata,Leather star,19,19,,,,,,,,,,,,,,,,,,,,,,,,,,,,,,,,,,,,,,,,,,,,,,,,
1251,Isabelle Cote,Tom Bird,BMSC12,Wizard Island North,48.858284,-125.1609192,26/04/2024,2,SW,9:29,TJB,7,2,1,rni,Rhinogobiops nicholsii,Blackeye goby,15,0,2,6,5,2,,,,,,,,,,,,,,,,,,,,,,,,,,,,,,,,,,,,,,,,,,,,
1252,Isabelle Cote,Tom Bird,BMSC12,Wizard Island North,48.858284,-125.1609192,26/04/2024,2,SW,9:29,TJB,7,2,1,pda,Pandalus danae,Dock shrimp,2,2,,,,,,,,,,,,,,,,,,,,,,,,,,,,,,,,,,,,,,,,,,,,,,,,
1253,Isabelle Cote,Tom Bird,BMSC12,Wizard Island North,48.858284,-125.1609192,26/04/2024,2,SW,9:29,TJB,7,2,1,aha,Artedius harringtoni,Scalyhead sculpin,6,0,4,2,,,,,,,,,,,,,,,,,,,,,,,,,,,,,,,,,,,,,,,,,,,,,,
1254,Isabelle Cote,Tom Bird,BMSC12,Wizard Island North,48.858284,-125.1609192,26/04/2024,2,SW,9:29,TJB,7,2,1,pmi,Patiria miniata,Bat star,3,3,,,,,,,,,,,,,,,,,,,,,,,,,,,,,,,,,,,,,,,,,,,,,,,,
1255,Isabelle Cote,Tom Bird,BMSC12,Wizard Island North,48.858284,-125.1609192,26/04/2024,2,SW,9:29,TJB,7,2,1,sdr,Strongylocentrotus droebachiensis,Northern sea urchin,2,2,,,,,,,,,,,,,,,,,,,,,,,,,,,,,,,,,,,,,,,,,,,,,,,,
1256,Isabelle Cote,Tom Bird,BMSC12,Wizard Island North,48.858284,-125.1609192,26/04/2024,2,SW,9:29,TJB,7,2,1,henricia,Henricia spp.,Unidentified blood star,8,8,,,,,,,,,,,,,,,,,,,,,,,,,,,,,,,,,,,,,,,,,,,,,,,,
1257,Isabelle Cote,Tom Bird,BMSC12,Wizard Island North,48.858284,-125.1609192,26/04/2024,2,SW,9:29,TJB,7,2,1,spu,Strongylocentrotus purpuratus,Purple sea urchin (?),1,1,,,,,,,,,,,,,,,,,,,,,,,,,,,,,,,,,,,,,,,,,,,,,,,,
1258,Isabelle Cote,Tom Bird,BMSC12,Wizard Island North,48.858284,-125.1609192,26/04/2024,2,SW,9:29,TJB,7,2,1,hcr,Hermissenda crassicornis,Opalescent nudibranch,13,13,,,,,,,,,,,,,,,,,,,,,,,,,,,,,,,,,,,,,,,,,,,,,,,,
1259,Isabelle Cote,Tom Bird,BMSC12,Wizard Island North,48.858284,-125.1609192,26/04/2024,2,SW,9:29,TJB,7,2,1,ppu,Pachycheles pubescens,Pubescent porcelain crab,1,1,,,,,,,,,,,,,,,,,,,,,,,,,,,,,,,,,,,,,,,,,,,,,,,,
1260,Isabelle Cote,Tom Bird,BMSC12,Wizard Island North,48.858284,-125.1609192,26/04/2024,2,SW,9:29,TJB,7,2,1,phem,Pagurus hemphilli,Maroon hermit,2,2,,,,,,,,,,,,,,,,,,,,,,,,,,,,,,,,,,,,,,,,,,,,,,,,
1261,Isabelle Cote,Tom Bird,BMSC12,Wizard Island North,48.858284,-125.1609192,26/04/2024,2,SW,9:29,TJB,7,2,1,pcau,Pagurus caurinus,Greenmark hermit crab,1,1,,,,,,,,,,,,,,,,,,,,,,,,,,,,,,,,,,,,,,,,,,,,,,,,
1262,Tomas Bird,Jasmin Schuster,BMSC8,Baeria Rocks North Island Northside,48.95508194,-125.1533737,22/04/2024,1,NW,10:10,TB,7.5,1,2,hde,Hexagrammos decagrammus,Kelp greenling,1,0,,,,,,,,,,1,,,,,,,,,,,,,,,,,,,,,,,,,,,,,,,,,,,,,,
1263,Tomas Bird,Jasmin Schuster,BMSC8,Baeria Rocks North Island Northside,48.95508194,-125.1533737,22/04/2024,1,NW,10:10,TB,7.5,1,2,rni,Rhinogobiops nicholsii,Blackeye goby,1,0,,1,,,,,,,,,,,,,,,,,,,,,,,,,,,,,,,,,,,,,,,,,,,,,,
1264,Tomas Bird,Jasmin Schuster,BMSC8,Baeria Rocks North Island Northside,48.95508194,-125.1533737,22/04/2024,1,NW,10:10,TB,7.5,2,2,mfra,Mesocentrotus franciscanus,Red sea urchin,250,250,,,,,,,,,,,,,,,,,,,,,,,,,,,,,,,,,,,,,,,,,,,,,,,,
1265,Tomas Bird,Jasmin Schuster,BMSC8,Baeria Rocks North Island Northside,48.95508194,-125.1533737,22/04/2024,1,NW,10:10,TB,7.5,2,2,pgi,Pomaulax gibberosus,Red turban shell,250,250,,,,,,,,,,,,,,,,,,,,,,,,,,,,,,,,,,,,,,,,,,,,,,,,
1266,Tomas Bird,Jasmin Schuster,BMSC8,Baeria Rocks North Island Northside,48.95508194,-125.1533737,22/04/2024,1,NW,10:10,TB,7.5,2,2,hermit,Paguroidea spp.,Unidentified hermit crab,50,50,,,,,,,,,,,,,,,,,,,,,,,,,,,,,,,,,,,,,,,,,,,,,,,,
1267,Tomas Bird,Jasmin Schuster,BMSC8,Baeria Rocks North Island Northside,48.95508194,-125.1533737,22/04/2024,1,NW,10:10,TB,7.5,2,2,hcr,Hermissenda crassicornis,Opalescent nudibranch,1,1,,,,,,,,,,,,,,,,,,,,,,,,,,,,,,,,,,,,,,,,,,,,,,,,
1268,Tomas Bird,Jasmin Schuster,BMSC8,Baeria Rocks North Island Northside,48.95508194,-125.1533737,22/04/2024,1,NW,10:10,TB,7.5,2,2,pmi,Patiria miniata,Bat star,150,150,,,,,,,,,,,,,,,,,,,,,,,,,,,,,,,,,,,,,,,,,,,,,,,,
1269,Tomas Bird,Jasmin Schuster,BMSC8,Baeria Rocks North Island Northside,48.95508194,-125.1533737,22/04/2024,1,NW,10:10,TB,7.5,2,2,oko,Orthasterias koehleri,Rainbow star,45,45,,,,,,,,,,,,,,,,,,,,,,,,,,,,,,,,,,,,,,,,,,,,,,,,
1270,Tomas Bird,Jasmin Schuster,BMSC8,Baeria Rocks North Island Northside,48.95508194,-125.1533737,22/04/2024,1,NW,10:10,TB,7.5,2,2,dim,Dermasterias imbricata,Leather star,8,8,,,,,,,,,,,,,,,,,,,,,,,,,,,,,,,,,,,,,,,,,,,,,,,,
1271,Tomas Bird,Jasmin Schuster,BMSC8,Baeria Rocks North Island Northside,48.95508194,-125.1533737,22/04/2024,1,NW,10:10,TB,7.5,2,2,poc,Pisaster ochraceus,Purple sea star,1,1,,,,,,,,,,,,,,,,,,,,,,,,,,,,,,,,,,,,,,,,,,,,,,,,
1272,Tomas Bird,Jasmin Schuster,BMSC8,Baeria Rocks North Island Northside,48.95508194,-125.1533737,22/04/2024,1,NW,10:10,TB,7.5,2,2,hka,Haliotis kamtschatkana,Pinto abalone,13,0,3,5,5,,,,,,,,,,,,,,,,,,,,,,,,,,,,,,,,,,,,,,,,,,,,,
1273,Tomas Bird,Jasmin Schuster,BMSC8,Baeria Rocks North Island Northside,48.95508194,-125.1533737,22/04/2024,1,NW,10:10,TB,7.5,2,2,aca,Apostichopus californicus,California sea cucumber,7,7,,,,,,,,,,,,,,,,,,,,,,,,,,,,,,,,,,,,,,,,,,,,,,,,
1274,Tomas Bird,Jasmin Schuster,BMSC8,Baeria Rocks North Island Northside,48.95508194,-125.1533737,22/04/2024,1,NW,10:10,TB,7.5,2,2,aha,Artedius harringtoni,Scalyhead sculpin,6,0,,6,,,,,,,,,,,,,,,,,,,,,,,,,,,,,,,,,,,,,,,,,,,,,,
1275,Tomas Bird,Jasmin Schuster,BMSC8,Baeria Rocks North Island Northside,48.95508194,-125.1533737,22/04/2024,1,NW,10:10,TB,7.5,2,2,sdr,Strongylocentrotus droebachiensis,Northern sea urchin,1,1,,,,,,,,,,,,,,,,,,,,,,,,,,,,,,,,,,,,,,,,,,,,,,,,
1276,Tomas Bird,Jasmin Schuster,BMSC6,Baeria Rocks South Island,48.95023346,-125.1555481,22/04/2024,1.5,SW,12:43,TB,8,1,2,hde,Hexagrammos decagrammus,Kelp greenling,1,0,,,,,,,,1,,,,,,,,,,,,,,,,,,,,,,,,,,,,,,,,,,,,,,,,
1277,Tomas Bird,Jasmin Schuster,BMSC6,Baeria Rocks South Island,48.95023346,-125.1555481,22/04/2024,1.5,SW,12:43,TB,8,1,2,oel,Ophiodon elongatus,Lingcod,1,0,,,,,,,,,,1,,,,,,,,,,,,,,,,,,,,,,,,,,,,,,,,,,,,,,
1278,Tomas Bird,Jasmin Schuster,BMSC6,Baeria Rocks South Island,48.95023346,-125.1555481,22/04/2024,1.5,SW,12:43,TB,8,2,2,hka,Haliotis kamtschatkana,Pinto abalone,4,0,1,2,1,,,,,,,,,,,,,,,,,,,,,,,,,,,,,,,,,,,,,,,,,,,,,
1279,Tomas Bird,Jasmin Schuster,BMSC6,Baeria Rocks South Island,48.95023346,-125.1555481,22/04/2024,1.5,SW,12:43,TB,8,2,2,mfra,Mesocentrotus franciscanus,Red sea urchin,162,162,,,,,,,,,,,,,,,,,,,,,,,,,,,,,,,,,,,,,,,,,,,,,,,,
1280,Tomas Bird,Jasmin Schuster,BMSC6,Baeria Rocks South Island,48.95023346,-125.1555481,22/04/2024,1.5,SW,12:43,TB,8,2,2,pmi,Patiria miniata,Bat star,110,110,,,,,,,,,,,,,,,,,,,,,,,,,,,,,,,,,,,,,,,,,,,,,,,,
1281,Tomas Bird,Jasmin Schuster,BMSC6,Baeria Rocks South Island,48.95023346,-125.1555481,22/04/2024,1.5,SW,12:43,TB,8,2,2,oko,Orthasterias koehleri,Rainbow star,6,6,,,,,,,,,,,,,,,,,,,,,,,,,,,,,,,,,,,,,,,,,,,,,,,,
1282,Tomas Bird,Jasmin Schuster,BMSC6,Baeria Rocks South Island,48.95023346,-125.1555481,22/04/2024,1.5,SW,12:43,TB,8,2,2,pgi,Pomaulax gibberosus,Red turban shell,60,60,,,,,,,,,,,,,,,,,,,,,,,,,,,,,,,,,,,,,,,,,,,,,,,,
1283,Tomas Bird,Jasmin Schuster,BMSC6,Baeria Rocks South Island,48.95023346,-125.1555481,22/04/2024,1.5,SW,12:43,TB,8,2,2,cgi,Crassadoma gigantea,Purple-hinged rock scallop,13,0,,2,3,2,3,3,,,,,,,,,,,,,,,,,,,,,,,,,,,,,,,,,,,,,,,,,,
1284,Tomas Bird,Jasmin Schuster,BMSC6,Baeria Rocks South Island,48.95023346,-125.1555481,22/04/2024,1.5,SW,12:43,TB,8,2,2,ami,Acmaea mitra,Whitecap limpet,25,25,,,,,,,,,,,,,,,,,,,,,,,,,,,,,,,,,,,,,,,,,,,,,,,,
1285,Tomas Bird,Jasmin Schuster,BMSC6,Baeria Rocks South Island,48.95023346,-125.1555481,22/04/2024,1.5,SW,12:43,TB,8,2,2,poc,Pisaster ochraceus,Purple sea star,2,2,,,,,,,,,,,,,,,,,,,,,,,,,,,,,,,,,,,,,,,,,,,,,,,,
1286,Tomas Bird,Jasmin Schuster,BMSC6,Baeria Rocks South Island,48.95023346,-125.1555481,22/04/2024,1.5,SW,12:43,TB,8,2,2,hermit,Paguroidea spp.,Unidentified hermit crab,15,15,,,,,,,,,,,,,,,,,,,,,,,,,,,,,,,,,,,,,,,,,,,,,,,,
1287,Tomas Bird,Jasmin Schuster,BMSC6,Baeria Rocks South Island,48.95023346,-125.1555481,22/04/2024,1.5,SW,12:43,TB,8,2,2,aca,Apostichopus californicus,California sea cucumber,6,6,,,,,,,,,,,,,,,,,,,,,,,,,,,,,,,,,,,,,,,,,,,,,,,,
1288,Tomas Bird,Jasmin Schuster,BMSC6,Baeria Rocks South Island,48.95023346,-125.1555481,22/04/2024,1.5,SW,12:43,TB,8,2,2,dim,Dermasterias imbricata,Leather star,2,2,,,,,,,,,,,,,,,,,,,,,,,,,,,,,,,,,,,,,,,,,,,,,,,,
1289,Tomas Bird,Jasmin Schuster,BMSC6,Baeria Rocks South Island,48.95023346,-125.1555481,22/04/2024,1.5,SW,12:43,TB,8,2,2,lbe,Lophopanopeus bellus,Black-clawed crab,1,1,,,,,,,,,,,,,,,,,,,,,,,,,,,,,,,,,,,,,,,,,,,,,,,,
1290,Tomas Bird,Jasmin Schuster,BMSC6,Baeria Rocks South Island,48.95023346,-125.1555481,22/04/2024,1.5,SW,12:43,TB,8,2,2,sdr,Strongylocentrotus droebachiensis,Northern sea urchin,1,1,,,,,,,,,,,,,,,,,,,,,,,,,,,,,,,,,,,,,,,,,,,,,,,,
1291,Tomas Bird,Jasmin Schuster,BMSC6,Baeria Rocks South Island,48.95023346,-125.1555481,22/04/2024,1.5,SW,12:43,TB,8,2,2,spu,Strongylocentrotus purpuratus,Purple sea urchin (?),3,3,,,,,,,,,,,,,,,,,,,,,,,,,,,,,,,,,,,,,,,,,,,,,,,,
1292,Tomas Bird,Jasmin Schuster,BMSC6,Baeria Rocks South Island,48.95023346,-125.1555481,22/04/2024,1.5,SW,12:43,TB,8,2,2,cfo,Ceratostoma foliatum,Leafy hornmouth,20,20,,,,,,,,,,,,,,,,,,,,,,,,,,,,,,,,,,,,,,,,,,,,,,,,
1293,Tomas Bird,Jasmin Schuster,BMSC6,Baeria Rocks South Island,48.95023346,-125.1555481,22/04/2024,1.5,SW,12:43,TB,8,2,2,hcr,Hermissenda crassicornis,Opalescent nudibranch,3,3,,,,,,,,,,,,,,,,,,,,,,,,,,,,,,,,,,,,,,,,,,,,,,,,
1294,Tomas Bird,Jasmin Schuster,BMSC6,Baeria Rocks South Island,48.95023346,-125.1555481,22/04/2024,1.5,SW,12:43,TB,8,2,2,jzo,Jordania zonope,Longfin sculpin,1,0,,,1,,,,,,,,,,,,,,,,,,,,,,,,,,,,,,,,,,,,,,,,,,,,,
1295,Tomas Bird,Jasmin Schuster,BMSC6,Baeria Rocks South Island,48.95023346,-125.1555481,22/04/2024,1.5,SW,12:43,TB,8,2,2,henricia,Henricia spp.,Unidentified blood star,1,1,,,,,,,,,,,,,,,,,,,,,,,,,,,,,,,,,,,,,,,,,,,,,,,,
1296,Tomas Bird,Jasmin Schuster,BMSC6,Baeria Rocks South Island,48.95023346,-125.1555481,22/04/2024,1.5,SW,12:43,TB,8,0,2,sma,Sebastes maliger,Quillback rockfish,1,0,,,,,,,1,,,,,,,,,,,,,,,,,,,,,,,,,,,,,,,,,,,,,,,,,
1297,Tomas Bird,Jasmin Schuster,BMSC6,Baeria Rocks South Island,48.95023346,-125.1555481,22/04/2024,1.5,SW,12:43,TB,8,2,2,rni,Rhinogobiops nicholsii,Blackeye goby,5,0,,5,,,,,,,,,,,,,,,,,,,,,,,,,,,,,,,,,,,,,,,,,,,,,,
1298,Tomas Bird,Jasmin Schuster,BMSC6,Baeria Rocks South Island,48.95023346,-125.1555481,22/04/2024,1.5,SW,12:43,TB,8,2,2,aha,Artedius harringtoni,Scalyhead sculpin,1,0,,1,,,,,,,,,,,,,,,,,,,,,,,,,,,,,,,,,,,,,,,,,,,,,,
1299,Tomas Bird,Jasmin Schuster,BMSC25,Goby Town,48.838595,-125.135015,23/04/2024,3,S,14:50,TB,5.5,1,2,rni,Rhinogobiops nicholsii,Blackeye goby,27,0,,1,8,15,3,,,,,,,,,,,,,,,,,,,,,,,,,,,,,,,,,,,,,,,,,,,
1300,Tomas Bird,Jasmin Schuster,BMSC25,Goby Town,48.838595,-125.135015,23/04/2024,3,S,14:50,TB,5.5,1,2,hde,Hexagrammos decagrammus,Kelp greenling,1,0,,,,,,1,,,,,,,,,,,,,,,,,,,,,,,,,,,,,,,,,,,,,,,,,,
1301,Tomas Bird,Jasmin Schuster,BMSC25,Goby Town,48.838595,-125.135015,23/04/2024,3,S,14:50,TB,5.5,2,2,mfra,Mesocentrotus franciscanus,Red sea urchin,80,80,,,,,,,,,,,,,,,,,,,,,,,,,,,,,,,,,,,,,,,,,,,,,,,,
1302,Tomas Bird,Jasmin Schuster,BMSC25,Goby Town,48.838595,-125.135015,23/04/2024,3,S,14:50,TB,5.5,2,2,rni,Rhinogobiops nicholsii,Blackeye goby,140,0,17,30,55,30,8,,,,,,,,,,,,,,,,,,,,,,,,,,,,,,,,,,,,,,,,,,,
1303,Tomas Bird,Jasmin Schuster,BMSC25,Goby Town,48.838595,-125.135015,23/04/2024,3,S,14:50,TB,5.5,2,2,pgi,Pomaulax gibberosus,Red turban shell,1,1,,,,,,,,,,,,,,,,,,,,,,,,,,,,,,,,,,,,,,,,,,,,,,,,
1304,Tomas Bird,Jasmin Schuster,BMSC25,Goby Town,48.838595,-125.135015,23/04/2024,3,S,14:50,TB,5.5,2,2,oko,Orthasterias koehleri,Rainbow star,1,1,,,,,,,,,,,,,,,,,,,,,,,,,,,,,,,,,,,,,,,,,,,,,,,,
1305,Tomas Bird,Jasmin Schuster,BMSC25,Goby Town,48.838595,-125.135015,23/04/2024,3,S,14:50,TB,5.5,2,2,dsa,Diaulula sandiegensis,Ringed doris,6,6,,,,,,,,,,,,,,,,,,,,,,,,,,,,,,,,,,,,,,,,,,,,,,,,
1306,Tomas Bird,Jasmin Schuster,BMSC25,Goby Town,48.838595,-125.135015,23/04/2024,3,S,14:50,TB,5.5,2,2,ami,Acmaea mitra,Whitecap limpet,31,31,,,,,,,,,,,,,,,,,,,,,,,,,,,,,,,,,,,,,,,,,,,,,,,,
1307,Tomas Bird,Jasmin Schuster,BMSC25,Goby Town,48.838595,-125.135015,23/04/2024,3,S,14:50,TB,5.5,2,2,hermit,Paguroidea spp.,Unidentified hermit crab,28,28,,,,,,,,,,,,,,,,,,,,,,,,,,,,,,,,,,,,,,,,,,,,,,,,
1308,Tomas Bird,Jasmin Schuster,BMSC25,Goby Town,48.838595,-125.135015,23/04/2024,3,S,14:50,TB,5.5,2,2,pmi,Patiria miniata,Bat star,33,33,,,,,,,,,,,,,,,,,,,,,,,,,,,,,,,,,,,,,,,,,,,,,,,,
1309,Tomas Bird,Jasmin Schuster,BMSC25,Goby Town,48.838595,-125.135015,23/04/2024,3,S,14:50,TB,5.5,2,2,dim,Dermasterias imbricata,Leather star,8,8,,,,,,,,,,,,,,,,,,,,,,,,,,,,,,,,,,,,,,,,,,,,,,,,
1310,Tomas Bird,Jasmin Schuster,BMSC25,Goby Town,48.838595,-125.135015,23/04/2024,3,S,14:50,TB,5.5,2,2,sac,Scyra acutifrons,Sharpnose crab,7,7,,,,,,,,,,,,,,,,,,,,,,,,,,,,,,,,,,,,,,,,,,,,,,,,
1311,Tomas Bird,Jasmin Schuster,BMSC25,Goby Town,48.838595,-125.135015,23/04/2024,3,S,14:50,TB,5.5,2,2,aca,Apostichopus californicus,California sea cucumber,3,3,,,,,,,,,,,,,,,,,,,,,,,,,,,,,,,,,,,,,,,,,,,,,,,,
1312,Tomas Bird,Jasmin Schuster,BMSC25,Goby Town,48.838595,-125.135015,23/04/2024,3,S,14:50,TB,5.5,2,2,das,Diodora aspera,Rough keyhole limpet,17,17,,,,,,,,,,,,,,,,,,,,,,,,,,,,,,,,,,,,,,,,,,,,,,,,
1313,Tomas Bird,Jasmin Schuster,BMSC25,Goby Town,48.838595,-125.135015,23/04/2024,3,S,14:50,TB,5.5,2,2,cpr,Cancer productus,Red rock crab,1,1,,,,,,,,,,,,,,,,,,,,,,,,,,,,,,,,,,,,,,,,,,,,,,,,
1314,Tomas Bird,Jasmin Schuster,BMSC25,Goby Town,48.838595,-125.135015,23/04/2024,3,S,14:50,TB,5.5,2,2,cfo,Ceratostoma foliatum,Leafy hornmouth,6,6,,,,,,,,,,,,,,,,,,,,,,,,,,,,,,,,,,,,,,,,,,,,,,,,
1315,Tomas Bird,Jasmin Schuster,BMSC25,Goby Town,48.838595,-125.135015,23/04/2024,3,S,14:50,TB,5.5,2,2,lcoc,Limacia cockerelli,Cockerell's dorid,1,1,,,,,,,,,,,,,,,,,,,,,,,,,,,,,,,,,,,,,,,,,,,,,,,,
1316,Tomas Bird,Jasmin Schuster,BMSC25,Goby Town,48.838595,-125.135015,23/04/2024,3,S,14:50,TB,5.5,2,2,ghe,Geitodoris heathi,Heath's dorid,1,1,,,,,,,,,,,,,,,,,,,,,,,,,,,,,,,,,,,,,,,,,,,,,,,,
1317,Tomas Bird,Jasmin Schuster,BMSC25,Goby Town,48.838595,-125.135015,23/04/2024,3,S,14:50,TB,5.5,2,2,cgi,Crassadoma gigantea,Purple-hinged rock scallop,7,0,,,1,2,2,2,,,,,,,,,,,,,,,,,,,,,,,,,,,,,,,,,,,,,,,,,,
1318,Tomas Bird,Jasmin Schuster,BMSC25,Goby Town,48.838595,-125.135015,23/04/2024,3,S,14:50,TB,5.5,2,2,hka,Haliotis kamtschatkana,Pinto abalone,32,0,,5,12,15,,,,,,,,,,,,,,,,,,,,,,,,,,,,,,,,,,,,,,,,,,,,
1319,Tomas Bird,Jasmin Schuster,BMSC25,Goby Town,48.838595,-125.135015,23/04/2024,3,S,14:50,TB,5.5,2,2,ogr,Oregonia gracilis,Graceful decorator crab,1,1,,,,,,,,,,,,,,,,,,,,,,,,,,,,,,,,,,,,,,,,,,,,,,,,
1320,Tomas Bird,Jasmin Schuster,BMSC25,Goby Town,48.838595,-125.135015,23/04/2024,3,S,14:50,TB,5.5,2,2,triopha,Triopha spp.,unidentified clown dorid,1,1,,,,,,,,,,,,,,,,,,,,,,,,,,,,,,,,,,,,,,,,,,,,,,,,
1321,Tomas Bird,Jasmin Schuster,BMSC25,Goby Town,48.838595,-125.135015,23/04/2024,3,S,14:50,TB,5.5,2,2,poc,Pisaster ochraceus,Purple sea star,1,1,,,,,,,,,,,,,,,,,,,,,,,,,,,,,,,,,,,,,,,,,,,,,,,,
1322,Tomas Bird,Jasmin Schuster,BMSC25,Goby Town,48.838595,-125.135015,23/04/2024,3,S,14:50,TB,5.5,2,2,def,Debris - Fishing,Any fishing debris,3,3,,,,,,,,,,,,,,,,,,,,,,,,,,,,,,,,,,,,,,,,,,,,,,,,
1323,Tomas Bird,Jasmin Schuster,BMSC25,Goby Town,48.838595,-125.135015,23/04/2024,3,S,14:50,TB,5.5,2,2,deo,Debris - Other,"Any debris OTHER THAN fishing gear, made of plastic, cloth, metal, glass or timber",1,1,,,,,,,,,,,,,,,,,,,,,,,,,,,,,,,,,,,,,,,,,,,,,,,,
1324,Tomas Bird,Jasmin Schuster,BMSC5,Taylor Rock,48.82733154,-125.1966019,23/04/2024,1.5,NW,9:48,TB,6,1,2,hde,Hexagrammos decagrammus,Kelp greenling,2,0,,,,,,,,,,,2,,,,,,,,,,,,,,,,,,,,,,,,,,,,,,,,,,,,,
1325,Tomas Bird,Jasmin Schuster,BMSC5,Taylor Rock,48.82733154,-125.1966019,23/04/2024,1.5,NW,9:48,TB,6,1,2,sma,Sebastes maliger,Quillback rockfish,3,0,,,,,,,2,1,,,,,,,,,,,,,,,,,,,,,,,,,,,,,,,,,,,,,,,,
1326,Tomas Bird,Jasmin Schuster,BMSC5,Taylor Rock,48.82733154,-125.1966019,23/04/2024,1.5,NW,9:48,TB,6,2,2,mfra,Mesocentrotus franciscanus,Red sea urchin,205,205,,,,,,,,,,,,,,,,,,,,,,,,,,,,,,,,,,,,,,,,,,,,,,,,
1327,Tomas Bird,Jasmin Schuster,BMSC5,Taylor Rock,48.82733154,-125.1966019,23/04/2024,1.5,NW,9:48,TB,6,2,2,pmi,Patiria miniata,Bat star,19,19,,,,,,,,,,,,,,,,,,,,,,,,,,,,,,,,,,,,,,,,,,,,,,,,
1328,Tomas Bird,Jasmin Schuster,BMSC5,Taylor Rock,48.82733154,-125.1966019,23/04/2024,1.5,NW,9:48,TB,6,2,2,dim,Dermasterias imbricata,Leather star,9,9,,,,,,,,,,,,,,,,,,,,,,,,,,,,,,,,,,,,,,,,,,,,,,,,
1329,Tomas Bird,Jasmin Schuster,BMSC5,Taylor Rock,48.82733154,-125.1966019,23/04/2024,1.5,NW,9:48,TB,6,2,2,pgi,Pomaulax gibberosus,Red turban shell,80,80,,,,,,,,,,,,,,,,,,,,,,,,,,,,,,,,,,,,,,,,,,,,,,,,
1330,Tomas Bird,Jasmin Schuster,BMSC5,Taylor Rock,48.82733154,-125.1966019,23/04/2024,1.5,NW,9:48,TB,6,2,2,ami,Acmaea mitra,Whitecap limpet,35,35,,,,,,,,,,,,,,,,,,,,,,,,,,,,,,,,,,,,,,,,,,,,,,,,
1331,Tomas Bird,Jasmin Schuster,BMSC5,Taylor Rock,48.82733154,-125.1966019,23/04/2024,1.5,NW,9:48,TB,6,2,2,mae,Mediaster aequalis,Vermillion sea star,1,1,,,,,,,,,,,,,,,,,,,,,,,,,,,,,,,,,,,,,,,,,,,,,,,,
1332,Tomas Bird,Jasmin Schuster,BMSC5,Taylor Rock,48.82733154,-125.1966019,23/04/2024,1.5,NW,9:48,TB,6,2,2,hka,Haliotis kamtschatkana,Pinto abalone,16,0,,3,6,4,3,,,,,,,,,,,,,,,,,,,,,,,,,,,,,,,,,,,,,,,,,,,
1333,Tomas Bird,Jasmin Schuster,BMSC5,Taylor Rock,48.82733154,-125.1966019,23/04/2024,1.5,NW,9:48,TB,6,2,2,hcr,Hermissenda crassicornis,Opalescent nudibranch,9,9,,,,,,,,,,,,,,,,,,,,,,,,,,,,,,,,,,,,,,,,,,,,,,,,
1334,Tomas Bird,Jasmin Schuster,BMSC5,Taylor Rock,48.82733154,-125.1966019,23/04/2024,1.5,NW,9:48,TB,6,2,2,spu,Strongylocentrotus purpuratus,Purple sea urchin (?),15,15,,,,,,,,,,,,,,,,,,,,,,,,,,,,,,,,,,,,,,,,,,,,,,,,
1335,Tomas Bird,Jasmin Schuster,BMSC5,Taylor Rock,48.82733154,-125.1966019,23/04/2024,1.5,NW,9:48,TB,6,2,2,cfo,Ceratostoma foliatum,Leafy hornmouth,18,18,,,,,,,,,,,,,,,,,,,,,,,,,,,,,,,,,,,,,,,,,,,,,,,,
1336,Tomas Bird,Jasmin Schuster,BMSC5,Taylor Rock,48.82733154,-125.1966019,23/04/2024,1.5,NW,9:48,TB,6,2,2,rni,Rhinogobiops nicholsii,Blackeye goby,1,0,,,1,,,,,,,,,,,,,,,,,,,,,,,,,,,,,,,,,,,,,,,,,,,,,
1337,Tomas Bird,Jasmin Schuster,BMSC5,Taylor Rock,48.82733154,-125.1966019,23/04/2024,1.5,NW,9:48,TB,6,2,2,aca,Apostichopus californicus,California sea cucumber,9,9,,,,,,,,,,,,,,,,,,,,,,,,,,,,,,,,,,,,,,,,,,,,,,,,
1338,Tomas Bird,Jasmin Schuster,BMSC5,Taylor Rock,48.82733154,-125.1966019,23/04/2024,1.5,NW,9:48,TB,6,2,2,oko,Orthasterias koehleri,Rainbow star,3,3,,,,,,,,,,,,,,,,,,,,,,,,,,,,,,,,,,,,,,,,,,,,,,,,
1339,Tomas Bird,Jasmin Schuster,BMSC5,Taylor Rock,48.82733154,-125.1966019,23/04/2024,1.5,NW,9:48,TB,6,2,2,hermit,Paguroidea spp.,Unidentified hermit crab,7,7,,,,,,,,,,,,,,,,,,,,,,,,,,,,,,,,,,,,,,,,,,,,,,,,
1340,Tomas Bird,Jasmin Schuster,BMSC5,Taylor Rock,48.82733154,-125.1966019,23/04/2024,1.5,NW,9:48,TB,6,2,2,poc,Pisaster ochraceus,Purple sea star,1,1,,,,,,,,,,,,,,,,,,,,,,,,,,,,,,,,,,,,,,,,,,,,,,,,
1341,Tomas Bird,Jasmin Schuster,BMSC5,Taylor Rock,48.82733154,-125.1966019,23/04/2024,1.5,NW,9:48,TB,6,2,2,sac,Scyra acutifrons,Sharpnose crab,9,9,,,,,,,,,,,,,,,,,,,,,,,,,,,,,,,,,,,,,,,,,,,,,,,,
1342,Tomas Bird,Jasmin Schuster,BMSC5,Taylor Rock,48.82733154,-125.1966019,23/04/2024,1.5,NW,9:48,TB,6,2,2,cpr,Cancer productus,Red rock crab,1,1,,,,,,,,,,,,,,,,,,,,,,,,,,,,,,,,,,,,,,,,,,,,,,,,
1343,Tomas Bird,Jasmin Schuster,BMSC5,Taylor Rock,48.82733154,-125.1966019,23/04/2024,1.5,NW,9:48,TB,6,2,2,dal,Dirona albolineata,White-line dirona,1,1,,,,,,,,,,,,,,,,,,,,,,,,,,,,,,,,,,,,,,,,,,,,,,,,
1344,Tomas Bird,Jasmin Schuster,BMSC5,Taylor Rock,48.82733154,-125.1966019,23/04/2024,1.5,NW,9:48,TB,6,2,2,sdr,Strongylocentrotus droebachiensis,Northern sea urchin,1,1,,,,,,,,,,,,,,,,,,,,,,,,,,,,,,,,,,,,,,,,,,,,,,,,
1345,Tomas Bird,Jasmin Schuster,BMSC5,Taylor Rock,48.82733154,-125.1966019,23/04/2024,1.5,NW,9:48,TB,6,2,2,aha,Artedius harringtoni,Scalyhead sculpin,4,0,,3,1,,,,,,,,,,,,,,,,,,,,,,,,,,,,,,,,,,,,,,,,,,,,,
1346,Tomas Bird,Jasmin Schuster,BMSC5,Taylor Rock,48.82733154,-125.1966019,23/04/2024,1.5,NW,9:48,TB,6,2,2,cgi,Crassadoma gigantea,Purple-hinged rock scallop,1,0,,,,,,1,,,,,,,,,,,,,,,,,,,,,,,,,,,,,,,,,,,,,,,,,,
1347,Tomas Bird,Jasmin Schuster,BMSC5,Taylor Rock,48.82733154,-125.1966019,23/04/2024,1.5,NW,9:48,TB,6,2,2,jzo,Jordania zonope,Longfin sculpin,2,0,,2,,,,,,,,,,,,,,,,,,,,,,,,,,,,,,,,,,,,,,,,,,,,,,
1348,Tomas Bird,Jasmin Schuster,BMSC5,Taylor Rock,48.82733154,-125.1966019,23/04/2024,1.5,NW,9:48,TB,6,2,2,phe,Pycnopodia helianthoides,Sunflower star,8,0,2,5,1,,,,,,,,,,,,,,,,,,,,,,,,,,,,,,,,,,,,,,,,,,,,,
1349,Tomas Bird,Jasmin Schuster,BMSC5,Taylor Rock,48.82733154,-125.1966019,23/04/2024,1.5,NW,9:48,TB,6,2,2,clu,Cadlina luteomarginata,Yellow-edge cadlina,1,1,,,,,,,,,,,,,,,,,,,,,,,,,,,,,,,,,,,,,,,,,,,,,,,,
1350,Tomas Bird,Em Lim,BMSC24,Swiss Boy,48.916073,-125.131174,24/04/2024,4,NE,13:03,TB,10.5,1,2,hde,Hexagrammos decagrammus,Kelp greenling,6,0,,,,,,,1,1,2,2,,,,,,,,,,,,,,,,,,,,,,,,,,,,,,,,,,,,,,
1351,Tomas Bird,Em Lim,BMSC24,Swiss Boy,48.916073,-125.131174,24/04/2024,4,NE,13:03,TB,10.5,1,2,oel,Ophiodon elongatus,Lingcod,1,0,,,,,,,,,,,,,1,,,,,,,,,,,,,,,,,,,,,,,,,,,,,,,,,,,
1352,Tomas Bird,Em Lim,BMSC24,Swiss Boy,48.916073,-125.131174,24/04/2024,4,NE,13:03,TB,10.5,2,2,mfra,Mesocentrotus franciscanus,Red sea urchin,102,102,,,,,,,,,,,,,,,,,,,,,,,,,,,,,,,,,,,,,,,,,,,,,,,,
1353,Tomas Bird,Em Lim,BMSC24,Swiss Boy,48.916073,-125.131174,24/04/2024,4,NE,13:03,TB,10.5,2,2,hka,Haliotis kamtschatkana,Pinto abalone,78,0,5,29,38,6,,,,,,,,,,,,,,,,,,,,,,,,,,,,,,,,,,,,,,,,,,,,
1354,Tomas Bird,Em Lim,BMSC24,Swiss Boy,48.916073,-125.131174,24/04/2024,4,NE,13:03,TB,10.5,2,2,cfo,Ceratostoma foliatum,Leafy hornmouth,16,16,,,,,,,,,,,,,,,,,,,,,,,,,,,,,,,,,,,,,,,,,,,,,,,,
1355,Tomas Bird,Em Lim,BMSC24,Swiss Boy,48.916073,-125.131174,24/04/2024,4,NE,13:03,TB,10.5,2,2,ami,Acmaea mitra,Whitecap limpet,7,7,,,,,,,,,,,,,,,,,,,,,,,,,,,,,,,,,,,,,,,,,,,,,,,,
1356,Tomas Bird,Em Lim,BMSC24,Swiss Boy,48.916073,-125.131174,24/04/2024,4,NE,13:03,TB,10.5,2,2,dim,Dermasterias imbricata,Leather star,10,10,,,,,,,,,,,,,,,,,,,,,,,,,,,,,,,,,,,,,,,,,,,,,,,,
1357,Tomas Bird,Em Lim,BMSC24,Swiss Boy,48.916073,-125.131174,24/04/2024,4,NE,13:03,TB,10.5,2,2,cgi,Crassadoma gigantea,Purple-hinged rock scallop,3,0,,,,,2,,,1,,,,,,,,,,,,,,,,,,,,,,,,,,,,,,,,,,,,,,,,
1358,Tomas Bird,Em Lim,BMSC24,Swiss Boy,48.916073,-125.131174,24/04/2024,4,NE,13:03,TB,10.5,2,2,dsa,Diaulula sandiegensis,Ringed doris,2,2,,,,,,,,,,,,,,,,,,,,,,,,,,,,,,,,,,,,,,,,,,,,,,,,
1359,Tomas Bird,Em Lim,BMSC24,Swiss Boy,48.916073,-125.131174,24/04/2024,4,NE,13:03,TB,10.5,2,2,hcr,Hermissenda crassicornis,Opalescent nudibranch,1,1,,,,,,,,,,,,,,,,,,,,,,,,,,,,,,,,,,,,,,,,,,,,,,,,
1360,Tomas Bird,Em Lim,BMSC24,Swiss Boy,48.916073,-125.131174,24/04/2024,4,NE,13:03,TB,10.5,2,2,oko,Orthasterias koehleri,Rainbow star,2,2,,,,,,,,,,,,,,,,,,,,,,,,,,,,,,,,,,,,,,,,,,,,,,,,
1361,Tomas Bird,Em Lim,BMSC24,Swiss Boy,48.916073,-125.131174,24/04/2024,4,NE,13:03,TB,10.5,2,2,pgi,Pomaulax gibberosus,Red turban shell,21,21,,,,,,,,,,,,,,,,,,,,,,,,,,,,,,,,,,,,,,,,,,,,,,,,
1362,Tomas Bird,Em Lim,BMSC24,Swiss Boy,48.916073,-125.131174,24/04/2024,4,NE,13:03,TB,10.5,2,2,pmi,Patiria miniata,Bat star,9,9,,,,,,,,,,,,,,,,,,,,,,,,,,,,,,,,,,,,,,,,,,,,,,,,
1363,Tomas Bird,Em Lim,BMSC24,Swiss Boy,48.916073,-125.131174,24/04/2024,4,NE,13:03,TB,10.5,2,2,hermit,Paguroidea spp.,Unidentified hermit crab,7,7,,,,,,,,,,,,,,,,,,,,,,,,,,,,,,,,,,,,,,,,,,,,,,,,
1364,Tomas Bird,Em Lim,BMSC24,Swiss Boy,48.916073,-125.131174,24/04/2024,4,NE,13:03,TB,10.5,2,2,jzo,Jordania zonope,Longfin sculpin,3,0,3,,,,,,,,,,,,,,,,,,,,,,,,,,,,,,,,,,,,,,,,,,,,,,,
1365,Tomas Bird,Em Lim,BMSC24,Swiss Boy,48.916073,-125.131174,24/04/2024,4,NE,13:03,TB,10.5,2,2,dod,Doris odhneri,White night doris,2,2,,,,,,,,,,,,,,,,,,,,,,,,,,,,,,,,,,,,,,,,,,,,,,,,
1366,Tomas Bird,Em Lim,BMSC24,Swiss Boy,48.916073,-125.131174,24/04/2024,4,NE,13:03,TB,10.5,2,2,sac,Scyra acutifrons,Sharpnose crab,4,4,,,,,,,,,,,,,,,,,,,,,,,,,,,,,,,,,,,,,,,,,,,,,,,,
1367,Tomas Bird,Em Lim,BMSC24,Swiss Boy,48.916073,-125.131174,24/04/2024,4,NE,13:03,TB,10.5,2,2,aca,Apostichopus californicus,California sea cucumber,9,9,,,,,,,,,,,,,,,,,,,,,,,,,,,,,,,,,,,,,,,,,,,,,,,,
1368,Tomas Bird,Em Lim,BMSC24,Swiss Boy,48.916073,-125.131174,24/04/2024,4,NE,13:03,TB,10.5,2,2,pno,Peltodoris nobilis,Noble sea lemon,2,2,,,,,,,,,,,,,,,,,,,,,,,,,,,,,,,,,,,,,,,,,,,,,,,,
1369,Tomas Bird,Em Lim,BMSC24,Swiss Boy,48.916073,-125.131174,24/04/2024,4,NE,13:03,TB,10.5,0,2,sca,Sebastes caurinus,Copper rockfish,1,0,,,,,,,1,,,,,,,,,,,,,,,,,,,,,,,,,,,,,,,,,,,,,,,,,
1370,Tomas Bird,Em Lim,BMSC24,Swiss Boy,48.916073,-125.131174,24/04/2024,4,NE,13:03,TB,10.5,2,2,pno,Peltodoris nobilis,Noble sea lemon,2,2,,,,,,,,,,,,,,,,,,,,,,,,,,,,,,,,,,,,,,,,,,,,,,,,
1371,Tomas Bird,Em Lim,BMSC24,Swiss Boy,48.916073,-125.131174,24/04/2024,4,NE,13:03,TB,10.5,2,2,poc,Pisaster ochraceus,Purple sea star,7,7,,,,,,,,,,,,,,,,,,,,,,,,,,,,,,,,,,,,,,,,,,,,,,,,
1372,Tomas Bird,Em Lim,BMSC24,Swiss Boy,48.916073,-125.131174,24/04/2024,4,NE,13:03,TB,10.5,2,2,sdr,Strongylocentrotus droebachiensis,Northern sea urchin,1,1,,,,,,,,,,,,,,,,,,,,,,,,,,,,,,,,,,,,,,,,,,,,,,,,
1373,Tomas Bird,Em Lim,BMSC24,Swiss Boy,48.916073,-125.131174,24/04/2024,4,NE,13:03,TB,10.5,2,2,aha,Artedius harringtoni,Scalyhead sculpin,1,0,1,,,,,,,,,,,,,,,,,,,,,,,,,,,,,,,,,,,,,,,,,,,,,,,
1374,Tomas Bird,Em Lim,BMSC24,Swiss Boy,48.916073,-125.131174,24/04/2024,4,NE,13:03,TB,10.5,0,2,Hde,Hexagrammos decagrammus,Kelp greenling,1,0,,,,,,,,,,1,,,,,,,,,,,,,,,,,,,,,,,,,,,,,,,,,,,,,,
1375,Tomas Bird,Em Lim,BMSC24,Swiss Boy,48.916073,-125.131174,24/04/2024,4,NE,13:03,TB,10.5,0,2,opi,Oxylebius pictus,Painted greenling,1,0,,,,1,,,,,,,,,,,,,,,,,,,,,,,,,,,,,,,,,,,,,,,,,,,,
1376,Tomas Bird,Em Lim,BMSC26,Hosie South,48.9071,-125.037017,24/04/2024,1.5,SW,10:06,TB,8,1,2,hde,Hexagrammos decagrammus,Kelp greenling,1,0,,,,,,,,,,1,,,,,,,,,,,,,,,,,,,,,,,,,,,,,,,,,,,,,,
1377,Tomas Bird,Em Lim,BMSC26,Hosie South,48.9071,-125.037017,24/04/2024,1.5,SW,10:06,TB,8,1,2,bfr,Brachyistius frenatus,Kelp perch,1,0,,1,,,,,,,,,,,,,,,,,,,,,,,,,,,,,,,,,,,,,,,,,,,,,,
1378,Tomas Bird,Em Lim,BMSC26,Hosie South,48.9071,-125.037017,24/04/2024,1.5,SW,10:06,TB,8,1,2,sma,Sebastes maliger,Quillback rockfish,2,0,,,,,,,,1,,,1,,,,,,,,,,,,,,,,,,,,,,,,,,,,,,,,,,,,,
1379,Tomas Bird,Em Lim,BMSC26,Hosie South,48.9071,-125.037017,24/04/2024,1.5,SW,10:06,TB,8,1,2,rni,Rhinogobiops nicholsii,Blackeye goby,5,0,,5,,,,,,,,,,,,,,,,,,,,,,,,,,,,,,,,,,,,,,,,,,,,,,
1380,Tomas Bird,Em Lim,BMSC26,Hosie South,48.9071,-125.037017,24/04/2024,1.5,SW,10:06,TB,8,2,2,pgi,Pomaulax gibberosus,Red turban shell,135,135,,,,,,,,,,,,,,,,,,,,,,,,,,,,,,,,,,,,,,,,,,,,,,,,
1381,Tomas Bird,Em Lim,BMSC26,Hosie South,48.9071,-125.037017,24/04/2024,1.5,SW,10:06,TB,8,2,2,pmi,Patiria miniata,Bat star,1,1,,,,,,,,,,,,,,,,,,,,,,,,,,,,,,,,,,,,,,,,,,,,,,,,
1382,Tomas Bird,Em Lim,BMSC26,Hosie South,48.9071,-125.037017,24/04/2024,1.5,SW,10:06,TB,8,2,2,hka,Haliotis kamtschatkana,Pinto abalone,7,0,,,,4,3,,,,,,,,,,,,,,,,,,,,,,,,,,,,,,,,,,,,,,,,,,,
1383,Tomas Bird,Em Lim,BMSC26,Hosie South,48.9071,-125.037017,24/04/2024,1.5,SW,10:06,TB,8,2,2,ptr,Polycera tricolor,Tricolour nudibranch,7,7,,,,,,,,,,,,,,,,,,,,,,,,,,,,,,,,,,,,,,,,,,,,,,,,
1384,Tomas Bird,Em Lim,BMSC26,Hosie South,48.9071,-125.037017,24/04/2024,1.5,SW,10:06,TB,8,2,2,henricia,Henricia spp.,Unidentified blood star,12,12,,,,,,,,,,,,,,,,,,,,,,,,,,,,,,,,,,,,,,,,,,,,,,,,
1385,Tomas Bird,Em Lim,BMSC26,Hosie South,48.9071,-125.037017,24/04/2024,1.5,SW,10:06,TB,8,2,2,clu,Cadlina luteomarginata,Yellow-edge cadlina,3,3,,,,,,,,,,,,,,,,,,,,,,,,,,,,,,,,,,,,,,,,,,,,,,,,
1386,Tomas Bird,Em Lim,BMSC26,Hosie South,48.9071,-125.037017,24/04/2024,1.5,SW,10:06,TB,8,2,2,dim,Dermasterias imbricata,Leather star,17,17,,,,,,,,,,,,,,,,,,,,,,,,,,,,,,,,,,,,,,,,,,,,,,,,
1387,Tomas Bird,Em Lim,BMSC26,Hosie South,48.9071,-125.037017,24/04/2024,1.5,SW,10:06,TB,8,2,2,cgi,Crassadoma gigantea,Purple-hinged rock scallop,25,0,,3,6,5,6,4,1,,,,,,,,,,,,,,,,,,,,,,,,,,,,,,,,,,,,,,,,,
1388,Tomas Bird,Em Lim,BMSC26,Hosie South,48.9071,-125.037017,24/04/2024,1.5,SW,10:06,TB,8,2,2,cru,Chlamys rubida,Reddish scallop,1,1,,,,,,,,,,,,,,,,,,,,,,,,,,,,,,,,,,,,,,,,,,,,,,,,
1389,Tomas Bird,Em Lim,BMSC26,Hosie South,48.9071,-125.037017,24/04/2024,1.5,SW,10:06,TB,8,2,2,aca,Apostichopus californicus,California sea cucumber,3,3,,,,,,,,,,,,,,,,,,,,,,,,,,,,,,,,,,,,,,,,,,,,,,,,
1390,Tomas Bird,Em Lim,BMSC26,Hosie South,48.9071,-125.037017,24/04/2024,1.5,SW,10:06,TB,8,2,2,ogr,Oregonia gracilis,Graceful decorator crab,1,1,,,,,,,,,,,,,,,,,,,,,,,,,,,,,,,,,,,,,,,,,,,,,,,,
1391,Tomas Bird,Em Lim,BMSC26,Hosie South,48.9071,-125.037017,24/04/2024,1.5,SW,10:06,TB,8,2,2,hermit,Paguroidea spp.,Unidentified hermit crab,7,7,,,,,,,,,,,,,,,,,,,,,,,,,,,,,,,,,,,,,,,,,,,,,,,,
1392,Tomas Bird,Em Lim,BMSC26,Hosie South,48.9071,-125.037017,24/04/2024,1.5,SW,10:06,TB,8,2,2,mae,Mediaster aequalis,Vermillion sea star,1,1,,,,,,,,,,,,,,,,,,,,,,,,,,,,,,,,,,,,,,,,,,,,,,,,
1393,Tomas Bird,Em Lim,BMSC26,Hosie South,48.9071,-125.037017,24/04/2024,1.5,SW,10:06,TB,8,2,2,rni,Rhinogobiops nicholsii,Blackeye goby,32,0,,10,22,,,,,,,,,,,,,,,,,,,,,,,,,,,,,,,,,,,,,,,,,,,,,
1394,Tomas Bird,Isabelle Cote,BMSC1,Dodger Channel,48.82894897,-125.1975708,25/04/2024,3,NE,14:17,TB,6.5,1,2,aha,Artedius harringtoni,Scalyhead sculpin,1,0,,1,,,,,,,,,,,,,,,,,,,,,,,,,,,,,,,,,,,,,,,,,,,,,,
1395,Tomas Bird,Isabelle Cote,BMSC1,Dodger Channel,48.82894897,-125.1975708,25/04/2024,3,NE,14:17,TB,6.5,1,2,hde,Hexagrammos decagrammus,Kelp greenling,1,0,,,,,,,,,1,,,,,,,,,,,,,,,,,,,,,,,,,,,,,,,,,,,,,,,
1396,Tomas Bird,Isabelle Cote,BMSC1,Dodger Channel,48.82894897,-125.1975708,25/04/2024,3,NE,14:17,TB,6.5,2,2,pgi,Pomaulax gibberosus,Red turban shell,161,161,,,,,,,,,,,,,,,,,,,,,,,,,,,,,,,,,,,,,,,,,,,,,,,,
1397,Tomas Bird,Isabelle Cote,BMSC1,Dodger Channel,48.82894897,-125.1975708,25/04/2024,3,NE,14:17,TB,6.5,2,2,aha,Artedius harringtoni,Scalyhead sculpin,1,0,,1,,,,,,,,,,,,,,,,,,,,,,,,,,,,,,,,,,,,,,,,,,,,,,
1398,Tomas Bird,Isabelle Cote,BMSC1,Dodger Channel,48.82894897,-125.1975708,25/04/2024,3,NE,14:17,TB,6.5,2,2,cfo,Ceratostoma foliatum,Leafy hornmouth,101,101,,,,,,,,,,,,,,,,,,,,,,,,,,,,,,,,,,,,,,,,,,,,,,,,
1399,Tomas Bird,Isabelle Cote,BMSC1,Dodger Channel,48.82894897,-125.1975708,25/04/2024,3,NE,14:17,TB,6.5,2,2,rni,Rhinogobiops nicholsii,Blackeye goby,2,0,,,2,,,,,,,,,,,,,,,,,,,,,,,,,,,,,,,,,,,,,,,,,,,,,
1400,Tomas Bird,Isabelle Cote,BMSC1,Dodger Channel,48.82894897,-125.1975708,25/04/2024,3,NE,14:17,TB,6.5,2,2,mfra,Mesocentrotus franciscanus,Red sea urchin,160,160,,,,,,,,,,,,,,,,,,,,,,,,,,,,,,,,,,,,,,,,,,,,,,,,
1401,Tomas Bird,Isabelle Cote,BMSC1,Dodger Channel,48.82894897,-125.1975708,25/04/2024,3,NE,14:17,TB,6.5,2,2,ppr,Pugettia producta,Northern kelp crab,1,1,,,,,,,,,,,,,,,,,,,,,,,,,,,,,,,,,,,,,,,,,,,,,,,,
1402,Tomas Bird,Isabelle Cote,BMSC1,Dodger Channel,48.82894897,-125.1975708,25/04/2024,3,NE,14:17,TB,6.5,2,2,dim,Dermasterias imbricata,Leather star,14,14,,,,,,,,,,,,,,,,,,,,,,,,,,,,,,,,,,,,,,,,,,,,,,,,
1403,Tomas Bird,Isabelle Cote,BMSC1,Dodger Channel,48.82894897,-125.1975708,25/04/2024,3,NE,14:17,TB,6.5,2,2,gor,Glebocarcinus oregonensis,Pygmy rock crab,5,5,,,,,,,,,,,,,,,,,,,,,,,,,,,,,,,,,,,,,,,,,,,,,,,,
1404,Tomas Bird,Isabelle Cote,BMSC1,Dodger Channel,48.82894897,-125.1975708,25/04/2024,3,NE,14:17,TB,6.5,2,2,poc,Pisaster ochraceus,Purple sea star,9,9,,,,,,,,,,,,,,,,,,,,,,,,,,,,,,,,,,,,,,,,,,,,,,,,
1405,Tomas Bird,Isabelle Cote,BMSC1,Dodger Channel,48.82894897,-125.1975708,25/04/2024,3,NE,14:17,TB,6.5,2,2,hcr,Hermissenda crassicornis,Opalescent nudibranch,12,12,,,,,,,,,,,,,,,,,,,,,,,,,,,,,,,,,,,,,,,,,,,,,,,,
1406,Tomas Bird,Isabelle Cote,BMSC1,Dodger Channel,48.82894897,-125.1975708,25/04/2024,3,NE,14:17,TB,6.5,2,2,pmi,Patiria miniata,Bat star,6,6,,,,,,,,,,,,,,,,,,,,,,,,,,,,,,,,,,,,,,,,,,,,,,,,
1407,Tomas Bird,Isabelle Cote,BMSC1,Dodger Channel,48.82894897,-125.1975708,25/04/2024,3,NE,14:17,TB,6.5,2,2,phem,Pagurus hemphilli,Maroon hermit,41,41,,,,,,,,,,,,,,,,,,,,,,,,,,,,,,,,,,,,,,,,,,,,,,,,
1408,Tomas Bird,Isabelle Cote,BMSC1,Dodger Channel,48.82894897,-125.1975708,25/04/2024,3,NE,14:17,TB,6.5,2,2,hka,Haliotis kamtschatkana,Pinto abalone,13,0,,6,7,,,,,,,,,,,,,,,,,,,,,,,,,,,,,,,,,,,,,,,,,,,,,
1409,Tomas Bird,Isabelle Cote,BMSC1,Dodger Channel,48.82894897,-125.1975708,25/04/2024,3,NE,14:17,TB,6.5,2,2,henricia,Henricia spp.,Unidentified blood star,2,2,,,,,,,,,,,,,,,,,,,,,,,,,,,,,,,,,,,,,,,,,,,,,,,,
1410,Tomas Bird,Isabelle Cote,BMSC1,Dodger Channel,48.82894897,-125.1975708,25/04/2024,3,NE,14:17,TB,6.5,0,2,sma,Sebastes maliger,Quillback rockfish,2,0,,,,,,,,2,,,,,,,,,,,,,,,,,,,,,,,,,,,,,,,,,,,,,,,,
1411,Tomas Bird,Isabelle Cote,BMSC1,Dodger Channel,48.82894897,-125.1975708,25/04/2024,3,NE,14:17,TB,6.5,2,2,ami,Acmaea mitra,Whitecap limpet,28,28,,,,,,,,,,,,,,,,,,,,,,,,,,,,,,,,,,,,,,,,,,,,,,,,
1412,Tomas Bird,Isabelle Cote,BMSC1,Dodger Channel,48.82894897,-125.1975708,25/04/2024,3,NE,14:17,TB,6.5,2,2,sac,Scyra acutifrons,Sharpnose crab,2,2,,,,,,,,,,,,,,,,,,,,,,,,,,,,,,,,,,,,,,,,,,,,,,,,
1413,Tomas Bird,Isabelle Cote,BMSC1,Dodger Channel,48.82894897,-125.1975708,25/04/2024,3,NE,14:17,TB,6.5,2,2,hhe,Hemilepidotus hemilepidotus,Red Irish lord,1,0,,,,1,,,,,,,,,,,,,,,,,,,,,,,,,,,,,,,,,,,,,,,,,,,,
1414,Tomas Bird,Isabelle Cote,BMSC1,Dodger Channel,48.82894897,-125.1975708,25/04/2024,3,NE,14:17,TB,6.5,2,2,edo,Enteroctopus dofleini,Giant pacific octopus,1,1,,,,,,,,,,,,,,,,,,,,,,,,,,,,,,,,,,,,,,,,,,,,,,,,
1415,Tomas Bird,Isabelle Cote,BMSC1,Dodger Channel,48.82894897,-125.1975708,25/04/2024,3,NE,14:17,TB,6.5,0,2,hde,Hexagrammos decagrammus,Kelp greenling,1,0,,,,,1,,,,,,,,,,,,,,,,,,,,,,,,,,,,,,,,,,,,,,,,,,,
1416,Tomas Bird,Isabelle Cote,BMSC1,Dodger Channel,48.82894897,-125.1975708,25/04/2024,3,NE,14:17,TB,6.5,2,2,etr,Evasterias troschelii,Mottled starfish,3,3,,,,,,,,,,,,,,,,,,,,,,,,,,,,,,,,,,,,,,,,,,,,,,,,
1417,Tomas Bird,Isabelle Cote,BMSC1,Dodger Channel,48.82894897,-125.1975708,25/04/2024,3,NE,14:17,TB,6.5,2,2,sfo,Stylasterias forreri,Velcro seastar,1,1,,,,,,,,,,,,,,,,,,,,,,,,,,,,,,,,,,,,,,,,,,,,,,,,
1418,Tomas Bird,Isabelle Cote,BMSC1,Dodger Channel,48.82894897,-125.1975708,25/04/2024,3,NE,14:17,TB,6.5,2,2,ghe,Geitodoris heathi,Heath's dorid,1,1,,,,,,,,,,,,,,,,,,,,,,,,,,,,,,,,,,,,,,,,,,,,,,,,
1419,Tomas Bird,Isabelle Cote,BMSC1,Dodger Channel,48.82894897,-125.1975708,25/04/2024,3,NE,14:17,TB,6.5,0,2,opi,Oxylebius pictus,Painted greenling,1,0,,,,,1,,,,,,,,,,,,,,,,,,,,,,,,,,,,,,,,,,,,,,,,,,,
1420,Tomas Bird,Isabelle Cote,BMSC1,Dodger Channel,48.82894897,-125.1975708,25/04/2024,3,NE,14:17,TB,6.5,2,2,ppu,Pachycheles pubescens,Pubescent porcelain crab,1,1,,,,,,,,,,,,,,,,,,,,,,,,,,,,,,,,,,,,,,,,,,,,,,,,
1421,Tomas Bird,Isabelle Cote,BMSC1,Dodger Channel,48.82894897,-125.1975708,25/04/2024,3,NE,14:17,TB,6.5,2,2,clu,Cadlina luteomarginata,Yellow-edge cadlina,1,1,,,,,,,,,,,,,,,,,,,,,,,,,,,,,,,,,,,,,,,,,,,,,,,,
1422,Tomas Bird,Isabelle Cote,BMSC1,Dodger Channel,48.82894897,-125.1975708,25/04/2024,3,NE,14:17,TB,6.5,2,2,aca,Apostichopus californicus,California sea cucumber,4,4,,,,,,,,,,,,,,,,,,,,,,,,,,,,,,,,,,,,,,,,,,,,,,,,
1423,Tomas Bird,Isabelle Cote,BMSC1,Dodger Channel,48.82894897,-125.1975708,25/04/2024,3,NE,14:17,TB,6.5,2,2,cgi,Crassadoma gigantea,Purple-hinged rock scallop,1,0,,,,1,,,,,,,,,,,,,,,,,,,,,,,,,,,,,,,,,,,,,,,,,,,,
1423,Tomas Bird,Isabelle Cote,BMSC12,Wizard Island North,48.858284,-125.1609192,26/04/2024,2,SW,9:29,TB,7,1,2,nsf,No species found,No species found,1,1,,,,,,,,,,,,,,,,,,,,,,,,,,,,,,,,,,,,,,,,,,,,,,,,
1424,Tomas Bird,Isabelle Cote,BMSC12,Wizard Island North,48.858284,-125.1609192,26/04/2024,2,SW,9:29,TB,7,2,2,hermit,Paguroidea spp.,Unidentified hermit crab,7,7,,,,,,,,,,,,,,,,,,,,,,,,,,,,,,,,,,,,,,,,,,,,,,,,
1425,Tomas Bird,Isabelle Cote,BMSC12,Wizard Island North,48.858284,-125.1609192,26/04/2024,2,SW,9:29,TB,7,2,2,dsa,Diaulula sandiegensis,Ringed doris,1,1,,,,,,,,,,,,,,,,,,,,,,,,,,,,,,,,,,,,,,,,,,,,,,,,
1426,Tomas Bird,Isabelle Cote,BMSC12,Wizard Island North,48.858284,-125.1609192,26/04/2024,2,SW,9:29,TB,7,2,2,mfra,Mesocentrotus franciscanus,Red sea urchin,237,237,,,,,,,,,,,,,,,,,,,,,,,,,,,,,,,,,,,,,,,,,,,,,,,,
1427,Tomas Bird,Isabelle Cote,BMSC12,Wizard Island North,48.858284,-125.1609192,26/04/2024,2,SW,9:29,TB,7,2,2,hhe,Hemilepidotus hemilepidotus,Red Irish lord,2,0,,,,,,1,1,,,,,,,,,,,,,,,,,,,,,,,,,,,,,,,,,,,,,,,,,
1428,Tomas Bird,Isabelle Cote,BMSC12,Wizard Island North,48.858284,-125.1609192,26/04/2024,2,SW,9:29,TB,7,2,2,aha,Artedius harringtoni,Scalyhead sculpin,1,0,1,,,,,,,,,,,,,,,,,,,,,,,,,,,,,,,,,,,,,,,,,,,,,,,
1429,Tomas Bird,Isabelle Cote,BMSC12,Wizard Island North,48.858284,-125.1609192,26/04/2024,2,SW,9:29,TB,7,0,2,opi,Oxylebius pictus,Painted greenling,1,0,,,,,,1,,,,,,,,,,,,,,,,,,,,,,,,,,,,,,,,,,,,,,,,,,
1430,Tomas Bird,Isabelle Cote,BMSC12,Wizard Island North,48.858284,-125.1609192,26/04/2024,2,SW,9:29,TB,7,2,2,hcr,Hermissenda crassicornis,Opalescent nudibranch,9,9,,,,,,,,,,,,,,,,,,,,,,,,,,,,,,,,,,,,,,,,,,,,,,,,
1431,Tomas Bird,Isabelle Cote,BMSC12,Wizard Island North,48.858284,-125.1609192,26/04/2024,2,SW,9:29,TB,7,2,2,aca,Apostichopus californicus,California sea cucumber,37,37,,,,,,,,,,,,,,,,,,,,,,,,,,,,,,,,,,,,,,,,,,,,,,,,
1432,Tomas Bird,Isabelle Cote,BMSC12,Wizard Island North,48.858284,-125.1609192,26/04/2024,2,SW,9:29,TB,7,2,2,pgi,Pomaulax gibberosus,Red turban shell,21,21,,,,,,,,,,,,,,,,,,,,,,,,,,,,,,,,,,,,,,,,,,,,,,,,
1433,Tomas Bird,Isabelle Cote,BMSC12,Wizard Island North,48.858284,-125.1609192,26/04/2024,2,SW,9:29,TB,7,2,2,ami,Acmaea mitra,Whitecap limpet,5,5,,,,,,,,,,,,,,,,,,,,,,,,,,,,,,,,,,,,,,,,,,,,,,,,
1434,Tomas Bird,Isabelle Cote,BMSC12,Wizard Island North,48.858284,-125.1609192,26/04/2024,2,SW,9:29,TB,7,2,2,jzo,Jordania zonope,Longfin sculpin,2,0,,1,1,,,,,,,,,,,,,,,,,,,,,,,,,,,,,,,,,,,,,,,,,,,,,
1435,Tomas Bird,Isabelle Cote,BMSC12,Wizard Island North,48.858284,-125.1609192,26/04/2024,2,SW,9:29,TB,7,2,2,dim,Dermasterias imbricata,Leather star,18,18,,,,,,,,,,,,,,,,,,,,,,,,,,,,,,,,,,,,,,,,,,,,,,,,
1436,Tomas Bird,Isabelle Cote,BMSC12,Wizard Island North,48.858284,-125.1609192,26/04/2024,2,SW,9:29,TB,7,2,2,henricia,Henricia spp.,Unidentified blood star,5,5,,,,,,,,,,,,,,,,,,,,,,,,,,,,,,,,,,,,,,,,,,,,,,,,
1437,Tomas Bird,Isabelle Cote,BMSC12,Wizard Island North,48.858284,-125.1609192,26/04/2024,2,SW,9:29,TB,7,2,2,sac,Scyra acutifrons,Sharpnose crab,7,7,,,,,,,,,,,,,,,,,,,,,,,,,,,,,,,,,,,,,,,,,,,,,,,,
1438,Tomas Bird,Isabelle Cote,BMSC12,Wizard Island North,48.858284,-125.1609192,26/04/2024,2,SW,9:29,TB,7,2,2,sdr,Strongylocentrotus droebachiensis,Northern sea urchin,2,2,,,,,,,,,,,,,,,,,,,,,,,,,,,,,,,,,,,,,,,,,,,,,,,,
1439,Tomas Bird,Isabelle Cote,BMSC12,Wizard Island North,48.858284,-125.1609192,26/04/2024,2,SW,9:29,TB,7,2,2,pmi,Patiria miniata,Bat star,11,11,,,,,,,,,,,,,,,,,,,,,,,,,,,,,,,,,,,,,,,,,,,,,,,,
1440,Tomas Bird,Isabelle Cote,BMSC12,Wizard Island North,48.858284,-125.1609192,26/04/2024,2,SW,9:29,TB,7,2,2,cfo,Ceratostoma foliatum,Leafy hornmouth,23,23,,,,,,,,,,,,,,,,,,,,,,,,,,,,,,,,,,,,,,,,,,,,,,,,
1441,Tomas Bird,Isabelle Cote,BMSC12,Wizard Island North,48.858284,-125.1609192,26/04/2024,2,SW,9:29,TB,7,2,2,gor,Glebocarcinus oregonensis,Pygmy rock crab,7,7,,,,,,,,,,,,,,,,,,,,,,,,,,,,,,,,,,,,,,,,,,,,,,,,
1442,Tomas Bird,Isabelle Cote,BMSC12,Wizard Island North,48.858284,-125.1609192,26/04/2024,2,SW,9:29,TB,7,2,2,ppu,Pachycheles pubescens,Pubescent porcelain crab,2,2,,,,,,,,,,,,,,,,,,,,,,,,,,,,,,,,,,,,,,,,,,,,,,,,
1443,Tomas Bird,Isabelle Cote,BMSC12,Wizard Island North,48.858284,-125.1609192,26/04/2024,2,SW,9:29,TB,7,2,2,oko,Orthasterias koehleri,Rainbow star,8,8,,,,,,,,,,,,,,,,,,,,,,,,,,,,,,,,,,,,,,,,,,,,,,,,
1444,Tomas Bird,Isabelle Cote,BMSC12,Wizard Island North,48.858284,-125.1609192,26/04/2024,2,SW,9:29,TB,7,2,2,das,Diodora aspera,Rough keyhole limpet,2,2,,,,,,,,,,,,,,,,,,,,,,,,,,,,,,,,,,,,,,,,,,,,,,,,
1445,Tomas Bird,Isabelle Cote,BMSC12,Wizard Island North,48.858284,-125.1609192,26/04/2024,2,SW,9:29,TB,7,2,2,mae,Mediaster aequalis,Vermillion sea star,1,1,,,,,,,,,,,,,,,,,,,,,,,,,,,,,,,,,,,,,,,,,,,,,,,,
1446,Tomas Bird,Isabelle Cote,BMSC12,Wizard Island North,48.858284,-125.1609192,26/04/2024,2,SW,9:29,TB,7,2,2,rni,Rhinogobiops nicholsii,Blackeye goby,14,0,,4,6,4,,,,,,,,,,,,,,,,,,,,,,,,,,,,,,,,,,,,,,,,,,,,
1447,Tomas Bird,Isabelle Cote,BMSC12,Wizard Island North,48.858284,-125.1609192,26/04/2024,2,SW,9:29,TB,7,2,2,ogr,Oregonia gracilis,Graceful decorator crab,2,2,,,,,,,,,,,,,,,,,,,,,,,,,,,,,,,,,,,,,,,,,,,,,,,,
1448,Tomas Bird,Isabelle Cote,BMSC12,Wizard Island North,48.858284,-125.1609192,26/04/2024,2,SW,9:29,TB,7,2,2,phem,Pagurus hemphilli,Maroon hermit,4,4,,,,,,,,,,,,,,,,,,,,,,,,,,,,,,,,,,,,,,,,,,,,,,,,
1449,Tomas Bird,Isabelle Cote,BMSC12,Wizard Island North,48.858284,-125.1609192,26/04/2024,2,SW,9:29,TB,7,2,2,hka,Haliotis kamtschatkana,Pinto abalone,22,0,1,9,9,3,,,,,,,,,,,,,,,,,,,,,,,,,,,,,,,,,,,,,,,,,,,,
1450,Tomas Bird,Isabelle Cote,BMSC12,Wizard Island North,48.858284,-125.1609192,26/04/2024,2,SW,9:29,TB,7,2,2,phe,Pycnopodia helianthoides,Sunflower star,1,0,1,,,,,,,,,,,,,,,,,,,,,,,,,,,,,,,,,,,,,,,,,,,,,,,
1451,Tomas Bird,Isabelle Cote,BMSC12,Wizard Island North,48.858284,-125.1609192,26/04/2024,2,SW,9:29,TB,7,2,2,cgi,Crassadoma gigantea,Purple-hinged rock scallop,13,0,,1,3,4,3,2,,,,,,,,,,,,,,,,,,,,,,,,,,,,,,,,,,,,,,,,,,
1452,Tomas Bird,Isabelle Cote,BMSC12,Wizard Island North,48.858284,-125.1609192,26/04/2024,2,SW,9:29,TB,7,2,2,rwo,Rhinolithodes wosnessenskii,Rhinoceros crab,1,1,,,,,,,,,,,,,,,,,,,,,,,,,,,,,,,,,,,,,,,,,,,,,,,,
1453,Tomas Bird,Isabelle Cote,BMSC11,Wizard Island South,48.85746765,-125.1582336,26/04/2024,1.5,SW,11:48,TB,5,1,2,hde,Hexagrammos decagrammus,Kelp greenling,5,0,,,,,,,,1,2,2,,,,,,,,,,,,,,,,,,,,,,,,,,,,,,,,,,,,,,
1454,Tomas Bird,Isabelle Cote,BMSC11,Wizard Island South,48.85746765,-125.1582336,26/04/2024,1.5,SW,11:48,TB,5,1,2,rni,Rhinogobiops nicholsii,Blackeye goby,2,0,,,2,,,,,,,,,,,,,,,,,,,,,,,,,,,,,,,,,,,,,,,,,,,,,
1455,Tomas Bird,Isabelle Cote,BMSC11,Wizard Island South,48.85746765,-125.1582336,26/04/2024,1.5,SW,11:48,TB,5,2,2,pgi,Pomaulax gibberosus,Red turban shell,180,180,,,,,,,,,,,,,,,,,,,,,,,,,,,,,,,,,,,,,,,,,,,,,,,,
1456,Tomas Bird,Isabelle Cote,BMSC11,Wizard Island South,48.85746765,-125.1582336,26/04/2024,1.5,SW,11:48,TB,5,2,2,mfra,Mesocentrotus franciscanus,Red sea urchin,347,347,,,,,,,,,,,,,,,,,,,,,,,,,,,,,,,,,,,,,,,,,,,,,,,,
1457,Tomas Bird,Isabelle Cote,BMSC11,Wizard Island South,48.85746765,-125.1582336,26/04/2024,1.5,SW,11:48,TB,5,2,2,ami,Acmaea mitra,Whitecap limpet,4,4,,,,,,,,,,,,,,,,,,,,,,,,,,,,,,,,,,,,,,,,,,,,,,,,
1458,Tomas Bird,Isabelle Cote,BMSC11,Wizard Island South,48.85746765,-125.1582336,26/04/2024,1.5,SW,11:48,TB,5,2,2,sdr,Strongylocentrotus droebachiensis,Northern sea urchin,1,1,,,,,,,,,,,,,,,,,,,,,,,,,,,,,,,,,,,,,,,,,,,,,,,,
1459,Tomas Bird,Isabelle Cote,BMSC11,Wizard Island South,48.85746765,-125.1582336,26/04/2024,1.5,SW,11:48,TB,5,2,2,aca,Apostichopus californicus,California sea cucumber,15,15,,,,,,,,,,,,,,,,,,,,,,,,,,,,,,,,,,,,,,,,,,,,,,,,
1460,Tomas Bird,Isabelle Cote,BMSC11,Wizard Island South,48.85746765,-125.1582336,26/04/2024,1.5,SW,11:48,TB,5,2,2,oko,Orthasterias koehleri,Rainbow star,9,9,,,,,,,,,,,,,,,,,,,,,,,,,,,,,,,,,,,,,,,,,,,,,,,,
1461,Tomas Bird,Isabelle Cote,BMSC11,Wizard Island South,48.85746765,-125.1582336,26/04/2024,1.5,SW,11:48,TB,5,2,2,ppr,Pugettia producta,Northern kelp crab,1,1,,,,,,,,,,,,,,,,,,,,,,,,,,,,,,,,,,,,,,,,,,,,,,,,
1462,Tomas Bird,Isabelle Cote,BMSC11,Wizard Island South,48.85746765,-125.1582336,26/04/2024,1.5,SW,11:48,TB,5,2,2,gor,Glebocarcinus oregonensis,Pygmy rock crab,5,5,,,,,,,,,,,,,,,,,,,,,,,,,,,,,,,,,,,,,,,,,,,,,,,,
1463,Tomas Bird,Isabelle Cote,BMSC11,Wizard Island South,48.85746765,-125.1582336,26/04/2024,1.5,SW,11:48,TB,5,2,2,ppu,Pachycheles pubescens,Pubescent porcelain crab,9,9,,,,,,,,,,,,,,,,,,,,,,,,,,,,,,,,,,,,,,,,,,,,,,,,
1464,Tomas Bird,Isabelle Cote,BMSC11,Wizard Island South,48.85746765,-125.1582336,26/04/2024,1.5,SW,11:48,TB,5,2,2,sac,Scyra acutifrons,Sharpnose crab,2,2,,,,,,,,,,,,,,,,,,,,,,,,,,,,,,,,,,,,,,,,,,,,,,,,
1465,Tomas Bird,Isabelle Cote,BMSC11,Wizard Island South,48.85746765,-125.1582336,26/04/2024,1.5,SW,11:48,TB,5,2,2,hermit,Paguroidea spp.,Unidentified hermit crab,3,3,,,,,,,,,,,,,,,,,,,,,,,,,,,,,,,,,,,,,,,,,,,,,,,,
1466,Tomas Bird,Isabelle Cote,BMSC11,Wizard Island South,48.85746765,-125.1582336,26/04/2024,1.5,SW,11:48,TB,5,2,2,rni,Rhinogobiops nicholsii,Blackeye goby,38,0,2,18,18,,,,,,,,,,,,,,,,,,,,,,,,,,,,,,,,,,,,,,,,,,,,,
1467,Tomas Bird,Isabelle Cote,BMSC11,Wizard Island South,48.85746765,-125.1582336,26/04/2024,1.5,SW,11:48,TB,5,2,2,aha,Artedius harringtoni,Scalyhead sculpin,3,0,,1,2,,,,,,,,,,,,,,,,,,,,,,,,,,,,,,,,,,,,,,,,,,,,,
1468,Tomas Bird,Isabelle Cote,BMSC11,Wizard Island South,48.85746765,-125.1582336,26/04/2024,1.5,SW,11:48,TB,5,2,2,hcr,Hermissenda crassicornis,Opalescent nudibranch,9,9,,,,,,,,,,,,,,,,,,,,,,,,,,,,,,,,,,,,,,,,,,,,,,,,
1469,Tomas Bird,Isabelle Cote,BMSC11,Wizard Island South,48.85746765,-125.1582336,26/04/2024,1.5,SW,11:48,TB,5,2,2,cfo,Ceratostoma foliatum,Leafy hornmouth,15,15,,,,,,,,,,,,,,,,,,,,,,,,,,,,,,,,,,,,,,,,,,,,,,,,
1470,Tomas Bird,Isabelle Cote,BMSC11,Wizard Island South,48.85746765,-125.1582336,26/04/2024,1.5,SW,11:48,TB,5,2,2,hka,Haliotis kamtschatkana,Pinto abalone,22,0,3,8,8,3,,,,,,,,,,,,,,,,,,,,,,,,,,,,,,,,,,,,,,,,,,,,
1471,Tomas Bird,Isabelle Cote,BMSC11,Wizard Island South,48.85746765,-125.1582336,26/04/2024,1.5,SW,11:48,TB,5,2,2,cgi,Crassadoma gigantea,Purple-hinged rock scallop,4,0,,1,1,2,,,,,,,,,,,,,,,,,,,,,,,,,,,,,,,,,,,,,,,,,,,,
1472,Tomas Bird,Isabelle Cote,BMSC11,Wizard Island South,48.85746765,-125.1582336,26/04/2024,1.5,SW,11:48,TB,5,2,2,dim,Dermasterias imbricata,Leather star,13,13,,,,,,,,,,,,,,,,,,,,,,,,,,,,,,,,,,,,,,,,,,,,,,,,
1473,Jasmin Schuster,Tom Bird,BMSC8,Baeria Rocks North Island Northside,48.95508194,-125.1533737,22/04/2024,1,NW,10:10,TB,7.5,1,1,Hde,Hexagrammos decagrammus,Kelp greenling,1,0,,,,,,,,,,1,,,,,,,,,,,,,,,,,,,,,,,,,,,,,,,,,,,,,,
1474,Jasmin Schuster,Tom Bird,BMSC8,Baeria Rocks North Island Northside,48.95508194,-125.1533737,22/04/2024,1,NW,10:10,TB,7.5,0,0,Poc,Pisaster ochraceus,Purple sea star,3,3,,,,,,,,,,,3,,,,,,,,,,,,,,,,,,,,,,,,,,,,,,,,,,,,,
1475,Jasmin Schuster,Tom Bird,BMSC8,Baeria Rocks North Island Northside,48.95508194,-125.1533737,22/04/2024,1,NW,10:10,TB,7.5,2,1,Mfra,Mesocentrotus franciscanus,Red sea urchin,232,232,,,,,,,,,,,,,,,,,,,,,,,,,,,,,,,,,,,,,,,,,,,,,,,,
1476,Jasmin Schuster,Tom Bird,BMSC8,Baeria Rocks North Island Northside,48.95508194,-125.1533737,22/04/2024,1,NW,10:10,TB,7.5,2,1,Pgi,Pomaulax gibberosus,Red turban shell,112,112,,,,,,,,,,,,,,,,,,,,,,,,,,,,,,,,,,,,,,,,,,,,,,,,
1477,Jasmin Schuster,Tom Bird,BMSC8,Baeria Rocks North Island Northside,48.95508194,-125.1533737,22/04/2024,1,NW,10:10,TB,7.5,2,1,Pmi,Patiria miniata,Bat star,118,118,,,,,,,,,,,,,,,,,,,,,,,,,,,,,,,,,,,,,,,,,,,,,,,,
1478,Jasmin Schuster,Tom Bird,BMSC8,Baeria Rocks North Island Northside,48.95508194,-125.1533737,22/04/2024,1,NW,10:10,TB,7.5,2,1,Spu,Strongylocentrotus purpuratus,Purple sea urchin (?),2,2,,,,,,,,,,,,,,,,,,,,,,,,,,,,,,,,,,,,,,,,,,,,,,,,
1479,Jasmin Schuster,Tom Bird,BMSC8,Baeria Rocks North Island Northside,48.95508194,-125.1533737,22/04/2024,1,NW,10:10,TB,7.5,2,1,Hcr,Hermissenda crassicornis,Opalescent nudibranch,6,6,,,,,,,,,,,,,,,,,,,,,,,,,,,,,,,,,,,,,,,,,,,,,,,,
1480,Jasmin Schuster,Tom Bird,BMSC8,Baeria Rocks North Island Northside,48.95508194,-125.1533737,22/04/2024,1,NW,10:10,TB,7.5,2,1,Dim,Dermasterias imbricata,Leather star,3,3,,,,,,,,,,,,,,,,,,,,,,,,,,,,,,,,,,,,,,,,,,,,,,,,
1481,Jasmin Schuster,Tom Bird,BMSC8,Baeria Rocks North Island Northside,48.95508194,-125.1533737,22/04/2024,1,NW,10:10,TB,7.5,2,1,Ami,Acmaea mitra,Whitecap limpet,29,29,,,,,,,,,,,,,,,,,,,,,,,,,,,,,,,,,,,,,,,,,,,,,,,,
1482,Jasmin Schuster,Tom Bird,BMSC8,Baeria Rocks North Island Northside,48.95508194,-125.1533737,22/04/2024,1,NW,10:10,TB,7.5,2,1,Hermit,Paguroidea spp.,Unidentified hermit crab,29,29,,,,,,,,,,,,,,,,,,,,,,,,,,,,,,,,,,,,,,,,,,,,,,,,
1483,Jasmin Schuster,Tom Bird,BMSC8,Baeria Rocks North Island Northside,48.95508194,-125.1533737,22/04/2024,1,NW,10:10,TB,7.5,2,1,Oko,Orthasterias koehleri,Rainbow star,17,17,,,,,,,,,,,,,,,,,,,,,,,,,,,,,,,,,,,,,,,,,,,,,,,,
1484,Jasmin Schuster,Tom Bird,BMSC8,Baeria Rocks North Island Northside,48.95508194,-125.1533737,22/04/2024,1,NW,10:10,TB,7.5,2,1,Lcoc,Limacia cockerelli,Cockerell's dorid,2,2,,,,,,,,,,,,,,,,,,,,,,,,,,,,,,,,,,,,,,,,,,,,,,,,
1485,Jasmin Schuster,Tom Bird,BMSC8,Baeria Rocks North Island Northside,48.95508194,-125.1533737,22/04/2024,1,NW,10:10,TB,7.5,2,1,Hka,Haliotis kamtschatkana,Pinto abalone,3,3,3,,,,,,,,,,,,,,,,,,,,,,,,,,,,,,,,,,,,,,,,,,,,,,,
1486,Jasmin Schuster,Tom Bird,BMSC8,Baeria Rocks North Island Northside,48.95508194,-125.1533737,22/04/2024,1,NW,10:10,TB,7.5,2,1,Pbe,Pagurus beringanus,Bering hermit crab,2,2,,,,,,,,,,,,,,,,,,,,,,,,,,,,,,,,,,,,,,,,,,,,,,,,
1487,Jasmin Schuster,Tom Bird,BMSC8,Baeria Rocks North Island Northside,48.95508194,-125.1533737,22/04/2024,1,NW,10:10,TB,7.5,2,1,Cfo,Ceratostoma foliatum,Leafy hornmouth,3,3,,,,,,,,,,,,,,,,,,,,,,,,,,,,,,,,,,,,,,,,,,,,,,,,
1488,Jasmin Schuster,Tom Bird,BMSC8,Baeria Rocks North Island Northside,48.95508194,-125.1533737,22/04/2024,1,NW,10:10,TB,7.5,2,1,Aha,Artedius harringtoni,Scalyhead sculpin,5,0,1,4,,,,,,,,,,,,,,,,,,,,,,,,,,,,,,,,,,,,,,,,,,,,,,
1489,Jasmin Schuster,Tom Bird,BMSC8,Baeria Rocks North Island Northside,48.95508194,-125.1533737,22/04/2024,1,NW,10:10,TB,7.5,2,1,Das,Diodora aspera,Rough keyhole limpet,1,1,,,,,,,,,,,,,,,,,,,,,,,,,,,,,,,,,,,,,,,,,,,,,,,,
1490,Jasmin Schuster,Tom Bird,BMSC8,Baeria Rocks North Island Northside,48.95508194,-125.1533737,22/04/2024,1,NW,10:10,TB,7.5,2,1,Rni,Rhinogobiops nicholsii,Blackeye goby,3,0,1,1,1,,,,,,,,,,,,,,,,,,,,,,,,,,,,,,,,,,,,,,,,,,,,,
1491,Jasmin Schuster,Tom Bird,BMSC8,Baeria Rocks North Island Northside,48.95508194,-125.1533737,22/04/2024,1,NW,10:10,TB,7.5,2,1,Aca,Apostichopus californicus,California sea cucumber,3,3,,,,,,,,,,,,,,,,,,,,,,,,,,,,,,,,,,,,,,,,,,,,,,,,
1492,Jasmin Schuster,Tom Bird,BMSC8,Baeria Rocks North Island Northside,48.95508194,-125.1533737,22/04/2024,1,NW,10:10,TB,7.5,2,1,Dez,Debris - Zero,No Debris found,1,1,,,,,,,,,,,,,,,,,,,,,,,,,,,,,,,,,,,,,,,,,,,,,,,,
1493,Jasmin Schuster,Tom Bird,BMSC6,Baeria Rocks South Island,48.95023346,-125.1555481,22/04/2024,1.5,SW,12:43,TB,8,1,1,Sma,Sebastes maliger,Quillback rockfish,3,0,,,,,,,1,1,1,,,,,,,,,,,,,,,,,,,,,,,,,,,,,,,,,,,,,,,
1494,Jasmin Schuster,Tom Bird,BMSC6,Baeria Rocks South Island,48.95023346,-125.1555481,22/04/2024,1.5,SW,12:43,TB,8,1,1,Oel,Ophiodon elongatus,Lingcod,1,0,,,,,,,,,,,,1,,,,,,,,,,,,,,,,,,,,,,,,,,,,,,,,,,,,
1495,Jasmin Schuster,Tom Bird,BMSC6,Baeria Rocks South Island,48.95023346,-125.1555481,22/04/2024,1.5,SW,12:43,TB,8,1,1,Hde,Hexagrammos decagrammus,Kelp greenling,2,0,,,,,,,,,,2,,,,,,,,,,,,,,,,,,,,,,,,,,,,,,,,,,,,,,
1496,Jasmin Schuster,Tom Bird,BMSC6,Baeria Rocks South Island,48.95023346,-125.1555481,22/04/2024,1.5,SW,12:43,TB,8,1,1,Sme,Sebastes melanops,Black rockfish,1,0,,,,,,,,,1,,,,,,,,,,,,,,,,,,,,,,,,,,,,,,,,,,,,,,,
1497,Jasmin Schuster,Tom Bird,BMSC6,Baeria Rocks South Island,48.95023346,-125.1555481,22/04/2024,1.5,SW,12:43,TB,8,1,1,Sca,Sebastes caurinus,Copper rockfish,1,0,,,,,,,,,1,,,,,,,,,,,,,,,,,,,,,,,,,,,,,,,,,,,,,,,
1498,Jasmin Schuster,Tom Bird,BMSC6,Baeria Rocks South Island,48.95023346,-125.1555481,22/04/2024,1.5,SW,12:43,TB,8,2,1,Mfra,Mesocentrotus franciscanus,Red sea urchin,473,473,,,,,,,,,,,,,,,,,,,,,,,,,,,,,,,,,,,,,,,,,,,,,,,,
1499,Jasmin Schuster,Tom Bird,BMSC6,Baeria Rocks South Island,48.95023346,-125.1555481,22/04/2024,1.5,SW,12:43,TB,8,2,1,Ami,Acmaea mitra,Whitecap limpet,18,18,,,,,,,,,,,,,,,,,,,,,,,,,,,,,,,,,,,,,,,,,,,,,,,,
1500,Jasmin Schuster,Tom Bird,BMSC6,Baeria Rocks South Island,48.95023346,-125.1555481,22/04/2024,1.5,SW,12:43,TB,8,2,1,Pmi,Patiria miniata,Bat star,106,106,,,,,,,,,,,,,,,,,,,,,,,,,,,,,,,,,,,,,,,,,,,,,,,,
1501,Jasmin Schuster,Tom Bird,BMSC6,Baeria Rocks South Island,48.95023346,-125.1555481,22/04/2024,1.5,SW,12:43,TB,8,2,1,Dim,Dermasterias imbricata,Leather star,8,8,,,,,,,,,,,,,,,,,,,,,,,,,,,,,,,,,,,,,,,,,,,,,,,,
1502,Jasmin Schuster,Tom Bird,BMSC6,Baeria Rocks South Island,48.95023346,-125.1555481,22/04/2024,1.5,SW,12:43,TB,8,2,1,Pgi,Pomaulax gibberosus,Red turban shell,39,39,,,,,,,,,,,,,,,,,,,,,,,,,,,,,,,,,,,,,,,,,,,,,,,,
1503,Jasmin Schuster,Tom Bird,BMSC6,Baeria Rocks South Island,48.95023346,-125.1555481,22/04/2024,1.5,SW,12:43,TB,8,2,1,Cfo,Ceratostoma foliatum,Leafy hornmouth,104,104,,,,,,,,,,,,,,,,,,,,,,,,,,,,,,,,,,,,,,,,,,,,,,,,
1504,Jasmin Schuster,Tom Bird,BMSC6,Baeria Rocks South Island,48.95023346,-125.1555481,22/04/2024,1.5,SW,12:43,TB,8,2,1,Cgi,Crassadoma gigantea,Purple-hinged rock scallop,3,3,,,,3,,,,,,,,,,,,,,,,,,,,,,,,,,,,,,,,,,,,,,,,,,,,
1505,Jasmin Schuster,Tom Bird,BMSC6,Baeria Rocks South Island,48.95023346,-125.1555481,22/04/2024,1.5,SW,12:43,TB,8,2,1,Oko,Orthasterias koehleri,Rainbow star,12,12,,,,,,,,,,,,,,,,,,,,,,,,,,,,,,,,,,,,,,,,,,,,,,,,
1506,Jasmin Schuster,Tom Bird,BMSC6,Baeria Rocks South Island,48.95023346,-125.1555481,22/04/2024,1.5,SW,12:43,TB,8,2,1,Aca,Apostichopus californicus,California sea cucumber,18,18,,,,,,,,,,,,,,,,,,,,,,,,,,,,,,,,,,,,,,,,,,,,,,,,
1507,Jasmin Schuster,Tom Bird,BMSC6,Baeria Rocks South Island,48.95023346,-125.1555481,22/04/2024,1.5,SW,12:43,TB,8,2,1,Hermit,Paguroidea spp.,Unidentified hermit crab,6,6,,,,,,,,,,,,,,,,,,,,,,,,,,,,,,,,,,,,,,,,,,,,,,,,
1508,Jasmin Schuster,Tom Bird,BMSC6,Baeria Rocks South Island,48.95023346,-125.1555481,22/04/2024,1.5,SW,12:43,TB,8,2,1,Hka,Haliotis kamtschatkana,Pinto abalone,6,6,6,,,,,,,,,,,,,,,,,,,,,,,,,,,,,,,,,,,,,,,,,,,,,,,
1509,Jasmin Schuster,Tom Bird,BMSC6,Baeria Rocks South Island,48.95023346,-125.1555481,22/04/2024,1.5,SW,12:43,TB,8,2,1,Jzo,Jordania zonope,Longfin sculpin,3,0,1,2,,,,,,,,,,,,,,,,,,,,,,,,,,,,,,,,,,,,,,,,,,,,,,
1510,Jasmin Schuster,Tom Bird,BMSC6,Baeria Rocks South Island,48.95023346,-125.1555481,22/04/2024,1.5,SW,12:43,TB,8,2,1,Dem,Debris - Metal,Any metal debris,1,1,,,,,,,,,,,,,,,,,,,,,,,,,,,,,,,,,,,,,,,,,,,,,,,,
1511,Jasmin Schuster,Tom Bird,BMSC6,Baeria Rocks South Island,48.95023346,-125.1555481,22/04/2024,1.5,SW,12:43,TB,8,2,1,Sdr,Strongylocentrotus droebachiensis,Northern sea urchin,1,1,,,,,,,,,,,,,,,,,,,,,,,,,,,,,,,,,,,,,,,,,,,,,,,,
1512,Jasmin Schuster,Tom Bird,BMSC5,Taylor Rock,48.82733154,-125.1966019,23/04/2024,1.5,NW,9:48,TB,6,1,1,Rni,Rhinogobiops nicholsii,Blackeye goby,3,0,,1,2,,,,,,,,,,,,,,,,,,,,,,,,,,,,,,,,,,,,,,,,,,,,,
1513,Jasmin Schuster,Tom Bird,BMSC5,Taylor Rock,48.82733154,-125.1966019,23/04/2024,1.5,NW,9:48,TB,6,1,1,Hde,Hexagrammos decagrammus,Kelp greenling,3,0,,,,,,,,2,1,,,,,,,,,,,,,,,,,,,,,,,,,,,,,,,,,,,,,,,
1514,Jasmin Schuster,Tom Bird,BMSC5,Taylor Rock,48.82733154,-125.1966019,23/04/2024,1.5,NW,9:48,TB,6,2,1,Mfra,Mesocentrotus franciscanus,Red sea urchin,301,301,,,,,,,,,,,,,,,,,,,,,,,,,,,,,,,,,,,,,,,,,,,,,,,,
1515,Jasmin Schuster,Tom Bird,BMSC5,Taylor Rock,48.82733154,-125.1966019,23/04/2024,1.5,NW,9:48,TB,6,2,1,Dim,Dermasterias imbricata,Leather star,9,9,,,,,,,,,,,,,,,,,,,,,,,,,,,,,,,,,,,,,,,,,,,,,,,,
1516,Jasmin Schuster,Tom Bird,BMSC5,Taylor Rock,48.82733154,-125.1966019,23/04/2024,1.5,NW,9:48,TB,6,2,1,Rni,Rhinogobiops nicholsii,Blackeye goby,9,0,,4,5,,,,,,,,,,,,,,,,,,,,,,,,,,,,,,,,,,,,,,,,,,,,,
1517,Jasmin Schuster,Tom Bird,BMSC5,Taylor Rock,48.82733154,-125.1966019,23/04/2024,1.5,NW,9:48,TB,6,2,1,Sac,Scyra acutifrons,Sharpnose crab,6,6,,,,,,,,,,,,,,,,,,,,,,,,,,,,,,,,,,,,,,,,,,,,,,,,
1518,Jasmin Schuster,Tom Bird,BMSC5,Taylor Rock,48.82733154,-125.1966019,23/04/2024,1.5,NW,9:48,TB,6,2,1,Cfo,Ceratostoma foliatum,Leafy hornmouth,8,8,,,,,,,,,,,,,,,,,,,,,,,,,,,,,,,,,,,,,,,,,,,,,,,,
1519,Jasmin Schuster,Tom Bird,BMSC5,Taylor Rock,48.82733154,-125.1966019,23/04/2024,1.5,NW,9:48,TB,6,2,1,Pmi,Patiria miniata,Bat star,20,20,,,,,,,,,,,,,,,,,,,,,,,,,,,,,,,,,,,,,,,,,,,,,,,,
1520,Jasmin Schuster,Tom Bird,BMSC5,Taylor Rock,48.82733154,-125.1966019,23/04/2024,1.5,NW,9:48,TB,6,2,1,Aca,Apostichopus californicus,California sea cucumber,17,17,,,,,,,,,,,,,,,,,,,,,,,,,,,,,,,,,,,,,,,,,,,,,,,,
1521,Jasmin Schuster,Tom Bird,BMSC5,Taylor Rock,48.82733154,-125.1966019,23/04/2024,1.5,NW,9:48,TB,6,2,1,Ami,Acmaea mitra,Whitecap limpet,16,16,,,,,,,,,,,,,,,,,,,,,,,,,,,,,,,,,,,,,,,,,,,,,,,,
1522,Jasmin Schuster,Tom Bird,BMSC5,Taylor Rock,48.82733154,-125.1966019,23/04/2024,1.5,NW,9:48,TB,6,2,1,Pgi,Pomaulax gibberosus,Red turban shell,53,53,,,,,,,,,,,,,,,,,,,,,,,,,,,,,,,,,,,,,,,,,,,,,,,,
1523,Jasmin Schuster,Tom Bird,BMSC5,Taylor Rock,48.82733154,-125.1966019,23/04/2024,1.5,NW,9:48,TB,6,2,1,Oko,Orthasterias koehleri,Rainbow star,2,2,,,,,,,,,,,,,,,,,,,,,,,,,,,,,,,,,,,,,,,,,,,,,,,,
1524,Jasmin Schuster,Tom Bird,BMSC5,Taylor Rock,48.82733154,-125.1966019,23/04/2024,1.5,NW,9:48,TB,6,2,1,Hka,Haliotis kamtschatkana,Pinto abalone,26,0,3,4,12,7,,,,,,,,,,,,,,,,,,,,,,,,,,,,,,,,,,,,,,,,,,,,
1525,Jasmin Schuster,Tom Bird,BMSC5,Taylor Rock,48.82733154,-125.1966019,23/04/2024,1.5,NW,9:48,TB,6,2,1,Deo,Debris - Other,"Any debris OTHER THAN fishing gear, made of plastic, cloth, metal, glass or timber",1,1,,,,,,,,,,,,,,,,,,,,,,,,,,,,,,,,,,,,,,,,,,,,,,,,
1526,Jasmin Schuster,Tom Bird,BMSC5,Taylor Rock,48.82733154,-125.1966019,23/04/2024,1.5,NW,9:48,TB,6,2,1,Spu,Strongylocentrotus purpuratus,Purple sea urchin (?),4,4,,,,,,,,,,,,,,,,,,,,,,,,,,,,,,,,,,,,,,,,,,,,,,,,
1527,Jasmin Schuster,Tom Bird,BMSC5,Taylor Rock,48.82733154,-125.1966019,23/04/2024,1.5,NW,9:48,TB,6,2,1,Aha,Artedius harringtoni,Scalyhead sculpin,3,0,2,,1,,,,,,,,,,,,,,,,,,,,,,,,,,,,,,,,,,,,,,,,,,,,,
1528,Jasmin Schuster,Tom Bird,BMSC5,Taylor Rock,48.82733154,-125.1966019,23/04/2024,1.5,NW,9:48,TB,6,2,1,Hermit,Paguroidea spp.,Unidentified hermit crab,6,6,,,,,,,,,,,,,,,,,,,,,,,,,,,,,,,,,,,,,,,,,,,,,,,,
1529,Jasmin Schuster,Tom Bird,BMSC5,Taylor Rock,48.82733154,-125.1966019,23/04/2024,1.5,NW,9:48,TB,6,2,1,Hcr,Hermissenda crassicornis,Opalescent nudibranch,14,14,,,,,,,,,,,,,,,,,,,,,,,,,,,,,,,,,,,,,,,,,,,,,,,,
1530,Jasmin Schuster,Tom Bird,BMSC5,Taylor Rock,48.82733154,-125.1966019,23/04/2024,1.5,NW,9:48,TB,6,2,1,Ran,Romaleon antennarium,California rock crab,1,1,,,,,,,,,,,,,,,,,,,,,,,,,,,,,,,,,,,,,,,,,,,,,,,,
1531,Jasmin Schuster,Tom Bird,BMSC5,Taylor Rock,48.82733154,-125.1966019,23/04/2024,1.5,NW,9:48,TB,6,2,1,Cgi,Crassadoma gigantea,Purple-hinged rock scallop,3,0,1,,2,,,,,,,,,,,,,,,,,,,,,,,,,,,,,,,,,,,,,,,,,,,,,
1532,Jasmin Schuster,Tom Bird,BMSC5,Taylor Rock,48.82733154,-125.1966019,23/04/2024,1.5,NW,9:48,TB,6,2,1,Lottia,Lottia spp.,Unidentified limpet,15,15,,,,,,,,,,,,,,,,,,,,,,,,,,,,,,,,,,,,,,,,,,,,,,,,
1533,Jasmin Schuster,Tom Bird,BMSC5,Taylor Rock,48.82733154,-125.1966019,23/04/2024,1.5,NW,9:48,TB,6,2,1,Sdr,Strongylocentrotus droebachiensis,Northern sea urchin,2,2,,,,,,,,,,,,,,,,,,,,,,,,,,,,,,,,,,,,,,,,,,,,,,,,
1534,Jasmin Schuster,Tom Bird,BMSC5,Taylor Rock,48.82733154,-125.1966019,23/04/2024,1.5,NW,9:48,TB,6,0,1,Sme,Sebastes melanops,Black rockfish,1,0,,,,,,,1,,,,,,,,,,,,,,,,,,,,,,,,,,,,,,,,,,,,,,,,,
1535,Jasmin Schuster,Tom Bird,BMSC5,Taylor Rock,48.82733154,-125.1966019,23/04/2024,1.5,NW,9:48,TB,6,2,1,Das,Diodora aspera,Rough keyhole limpet,1,1,,,,,,,,,,,,,,,,,,,,,,,,,,,,,,,,,,,,,,,,,,,,,,,,
1536,Jasmin Schuster,Tom Bird,BMSC5,Taylor Rock,48.82733154,-125.1966019,23/04/2024,1.5,NW,9:48,TB,6,2,1,Etr,Evasterias troschelii,Mottled starfish,2,2,,,,,,,,,,,,,,,,,,,,,,,,,,,,,,,,,,,,,,,,,,,,,,,,
1537,Jasmin Schuster,Tom Bird,BMSC5,Taylor Rock,48.82733154,-125.1966019,23/04/2024,1.5,NW,9:48,TB,6,2,1,anoplarchus,Anoplarchus spp.,Unidentified prickleback,1,0,,1,,,,,,,,,,,,,,,,,,,,,,,,,,,,,,,,,,,,,,,,,,,,,,
1538,Jasmin Schuster,Tom Bird,BMSC5,Taylor Rock,48.82733154,-125.1966019,23/04/2024,1.5,NW,9:48,TB,6,0,0,Phe,Pycnopodia helianthoides,Sunflower star,1,0,,,1,,,,,,,,,,,,,,,,,,,,,,,,,,,,,,,,,,,,,,,,,,,,,
1539,Jasmin Schuster,Tom Bird,BMSC25,Goby Town,48.838595,-125.135015,23/04/2024,3,S,14:50,TB,5.5,1,1,Rni,Rhinogobiops nicholsii,Blackeye goby,26,0,,2,9,10,5,,,,,,,,,,,,,,,,,,,,,,,,,,,,,,,,,,,,,,,,,,,
1540,Jasmin Schuster,Tom Bird,BMSC25,Goby Town,48.838595,-125.135015,23/04/2024,3,S,14:50,TB,5.5,1,1,Hde,Hexagrammos decagrammus,Kelp greenling,1,0,,,,,,,1,,,,,,,,,,,,,,,,,,,,,,,,,,,,,,,,,,,,,,,,,
1541,Jasmin Schuster,Tom Bird,BMSC25,Goby Town,48.838595,-125.135015,23/04/2024,3,S,14:50,TB,5.5,2,1,Dsa,Diaulula sandiegensis,Ringed doris,8,8,,,,,,,,,,,,,,,,,,,,,,,,,,,,,,,,,,,,,,,,,,,,,,,,
1542,Jasmin Schuster,Tom Bird,BMSC25,Goby Town,48.838595,-125.135015,23/04/2024,3,S,14:50,TB,5.5,2,1,Cgi,Crassadoma gigantea,Purple-hinged rock scallop,11,0,,1,,4,6,,,,,,,,,,,,,,,,,,,,,,,,,,,,,,,,,,,,,,,,,,,
1543,Jasmin Schuster,Tom Bird,BMSC25,Goby Town,48.838595,-125.135015,23/04/2024,3,S,14:50,TB,5.5,2,1,Rni,Rhinogobiops nicholsii,Blackeye goby,107,0,,28,45,29,5,,,,,,,,,,,,,,,,,,,,,,,,,,,,,,,,,,,,,,,,,,,
1544,Jasmin Schuster,Tom Bird,BMSC25,Goby Town,48.838595,-125.135015,23/04/2024,3,S,14:50,TB,5.5,2,1,Oko,Orthasterias koehleri,Rainbow star,4,4,,,,,,,,,,,,,,,,,,,,,,,,,,,,,,,,,,,,,,,,,,,,,,,,
1545,Jasmin Schuster,Tom Bird,BMSC25,Goby Town,48.838595,-125.135015,23/04/2024,3,S,14:50,TB,5.5,2,1,Ami,Acmaea mitra,Whitecap limpet,5,5,,,,,,,,,,,,,,,,,,,,,,,,,,,,,,,,,,,,,,,,,,,,,,,,
1546,Jasmin Schuster,Tom Bird,BMSC25,Goby Town,48.838595,-125.135015,23/04/2024,3,S,14:50,TB,5.5,2,1,Mfra,Mesocentrotus franciscanus,Red sea urchin,123,123,,,,,,,,,,,,,,,,,,,,,,,,,,,,,,,,,,,,,,,,,,,,,,,,
1547,Jasmin Schuster,Tom Bird,BMSC25,Goby Town,48.838595,-125.135015,23/04/2024,3,S,14:50,TB,5.5,2,1,Pmi,Patiria miniata,Bat star,38,38,,,,,,,,,,,,,,,,,,,,,,,,,,,,,,,,,,,,,,,,,,,,,,,,
1548,Jasmin Schuster,Tom Bird,BMSC25,Goby Town,48.838595,-125.135015,23/04/2024,3,S,14:50,TB,5.5,2,1,Cfo,Ceratostoma foliatum,Leafy hornmouth,16,16,,,,,,,,,,,,,,,,,,,,,,,,,,,,,,,,,,,,,,,,,,,,,,,,
1549,Jasmin Schuster,Tom Bird,BMSC25,Goby Town,48.838595,-125.135015,23/04/2024,3,S,14:50,TB,5.5,2,1,Hka,Haliotis kamtschatkana,Pinto abalone,6,0,1,2,3,,,,,,,,,,,,,,,,,,,,,,,,,,,,,,,,,,,,,,,,,,,,,
1550,Jasmin Schuster,Tom Bird,BMSC25,Goby Town,48.838595,-125.135015,23/04/2024,3,S,14:50,TB,5.5,2,1,Dim,Dermasterias imbricata,Leather star,17,17,,,,,,,,,,,,,,,,,,,,,,,,,,,,,,,,,,,,,,,,,,,,,,,,
1551,Jasmin Schuster,Tom Bird,BMSC25,Goby Town,48.838595,-125.135015,23/04/2024,3,S,14:50,TB,5.5,2,1,Sac,Scyra acutifrons,Sharpnose crab,5,5,,,,,,,,,,,,,,,,,,,,,,,,,,,,,,,,,,,,,,,,,,,,,,,,
1552,Jasmin Schuster,Tom Bird,BMSC25,Goby Town,48.838595,-125.135015,23/04/2024,3,S,14:50,TB,5.5,2,1,Hermit,Paguroidea spp.,Unidentified hermit crab,2,2,,,,,,,,,,,,,,,,,,,,,,,,,,,,,,,,,,,,,,,,,,,,,,,,
1553,Jasmin Schuster,Tom Bird,BMSC25,Goby Town,48.838595,-125.135015,23/04/2024,3,S,14:50,TB,5.5,2,1,Das,Diodora aspera,Rough keyhole limpet,3,3,,,,,,,,,,,,,,,,,,,,,,,,,,,,,,,,,,,,,,,,,,,,,,,,
1554,Jasmin Schuster,Tom Bird,BMSC25,Goby Town,48.838595,-125.135015,23/04/2024,3,S,14:50,TB,5.5,2,1,Opi,Oxylebius pictus,Painted greenling,1,0,,,,,,1,,,,,,,,,,,,,,,,,,,,,,,,,,,,,,,,,,,,,,,,,,
1555,Jasmin Schuster,Tom Bird,BMSC25,Goby Town,48.838595,-125.135015,23/04/2024,3,S,14:50,TB,5.5,2,1,Aca,Apostichopus californicus,California sea cucumber,9,9,,,,,,,,,,,,,,,,,,,,,,,,,,,,,,,,,,,,,,,,,,,,,,,,
1556,Jasmin Schuster,Tom Bird,BMSC25,Goby Town,48.838595,-125.135015,23/04/2024,3,S,14:50,TB,5.5,0,1,Sca,Sebastes caurinus,Copper rockfish,1,0,,,,,,,1,,,,,,,,,,,,,,,,,,,,,,,,,,,,,,,,,,,,,,,,,
1557,Jasmin Schuster,Tom Bird,BMSC25,Goby Town,48.838595,-125.135015,23/04/2024,3,S,14:50,TB,5.5,2,1,Cpr,Cancer productus,Red rock crab,2,2,,,,,,,,,,,,,,,,,,,,,,,,,,,,,,,,,,,,,,,,,,,,,,,,
1558,Jasmin Schuster,Tom Bird,BMSC25,Goby Town,48.838595,-125.135015,23/04/2024,3,S,14:50,TB,5.5,2,1,Poc,Pisaster ochraceus,Purple sea star,1,1,,,,,,,,,,,,,,,,,,,,,,,,,,,,,,,,,,,,,,,,,,,,,,,,
1559,Jasmin Schuster,Tom Bird,BMSC25,Goby Town,48.838595,-125.135015,23/04/2024,3,S,14:50,TB,5.5,2,1,Tmo,Triopha modesta,Sea clown,1,1,,,,,,,,,,,,,,,,,,,,,,,,,,,,,,,,,,,,,,,,,,,,,,,,
1560,Jasmin Schuster,Tom Bird,BMSC25,Goby Town,48.838595,-125.135015,23/04/2024,3,S,14:50,TB,5.5,2,1,Ppu,Pachycheles pubescens,Pubescent porcelain crab,2,2,,,,,,,,,,,,,,,,,,,,,,,,,,,,,,,,,,,,,,,,,,,,,,,,
1561,Jasmin Schuster,Tom Bird,BMSC25,Goby Town,48.838595,-125.135015,23/04/2024,3,S,14:50,TB,5.5,2,1,Pgi,Pomaulax gibberosus,Red turban shell,2,2,,,,,,,,,,,,,,,,,,,,,,,,,,,,,,,,,,,,,,,,,,,,,,,,
1562,Jasmin Schuster,Tom Bird,BMSC25,Goby Town,48.838595,-125.135015,23/04/2024,3,S,14:50,TB,5.5,2,1,Noc,Nautichthys oculofasciatus,Sailfin sculpin,1,0,,,,,1,,,,,,,,,,,,,,,,,,,,,,,,,,,,,,,,,,,,,,,,,,,
1563,Jasmin Schuster,Tom Bird,BMSC25,Goby Town,48.838595,-125.135015,23/04/2024,3,S,14:50,TB,5.5,2,1,Pla,Pholis laeta,Crescent gunnel,1,0,,,,,,1,,,,,,,,,,,,,,,,,,,,,,,,,,,,,,,,,,,,,,,,,,
1564,Jasmin Schuster,Tom Bird,BMSC25,Goby Town,48.838595,-125.135015,23/04/2024,3,S,14:50,TB,5.5,2,1,Dmo,Doris montereyensis,Monterey sea lemon,2,2,,,,,,,,,,,,,,,,,,,,,,,,,,,,,,,,,,,,,,,,,,,,,,,,
1565,Jasmin Schuster,Tom Bird,BMSC25,Goby Town,48.838595,-125.135015,23/04/2024,3,S,14:50,TB,5.5,2,1,Def,Debris - Fishing,Any fishing debris,1,1,,,,,,,,,,,,,,,,,,,,,,,,,,,,,,,,,,,,,,,,,,,,,,,,
1566,Jasmin Schuster,Tom Bird,BMSC25,Goby Town,48.838595,-125.135015,23/04/2024,3,S,14:50,TB,5.5,2,1,Etr,Evasterias troschelii,Mottled starfish,1,1,,,,,,,,,,,,,,,,,,,,,,,,,,,,,,,,,,,,,,,,,,,,,,,,
1567,Jasmin Schuster,Tom Bird,BMSC25,Goby Town,48.838595,-125.135015,23/04/2024,3,S,14:50,TB,5.5,0,0,Edo,Enteroctopus dofleini,Giant pacific octopus,1,1,,,,,,,,,,,,,,,,,,,,,,,,,,,,,,,,,,,,,,,,,,,,,,,,
1568,Jasmin Schuster,Em Lim,BMSC16,Faber Islets,48.89070129,-125.300499,02/05/2024,3,NW,9:50,EGL,7.5,1,1,Mce,Mitrocoma cellularia,Cross jellyfish,2,2,,,,,,,,,,,,,,,,,,,,,,,,,,,,,,,,,,,,,,,,,,,,,,,,
1569,Jasmin Schuster,Em Lim,BMSC16,Faber Islets,48.89070129,-125.300499,02/05/2024,3,NW,9:50,EGL,7.5,1,1,Rni,Rhinogobiops nicholsii,Blackeye goby,9,0,,4,4,1,,,,,,,,,,,,,,,,,,,,,,,,,,,,,,,,,,,,,,,,,,,,
1570,Jasmin Schuster,Em Lim,BMSC16,Faber Islets,48.89070129,-125.300499,02/05/2024,3,NW,9:50,EGL,7.5,1,1,Hde,Hexagrammos decagrammus,Kelp greenling,1,0,,,,,,,,,,,1,,,,,,,,,,,,,,,,,,,,,,,,,,,,,,,,,,,,,
1571,Jasmin Schuster,Em Lim,BMSC16,Faber Islets,48.89070129,-125.300499,02/05/2024,3,NW,9:50,EGL,7.5,2,1,Pmi,Patiria miniata,Bat star,41,41,,,,,,,,,,,,,,,,,,,,,,,,,,,,,,,,,,,,,,,,,,,,,,,,
1572,Jasmin Schuster,Em Lim,BMSC16,Faber Islets,48.89070129,-125.300499,02/05/2024,3,NW,9:50,EGL,7.5,2,1,Mfra,Mesocentrotus franciscanus,Red sea urchin,164,164,,,,,,,,,,,,,,,,,,,,,,,,,,,,,,,,,,,,,,,,,,,,,,,,
1573,Jasmin Schuster,Em Lim,BMSC16,Faber Islets,48.89070129,-125.300499,02/05/2024,3,NW,9:50,EGL,7.5,2,1,Ami,Acmaea mitra,Whitecap limpet,29,29,,,,,,,,,,,,,,,,,,,,,,,,,,,,,,,,,,,,,,,,,,,,,,,,
1574,Jasmin Schuster,Em Lim,BMSC16,Faber Islets,48.89070129,-125.300499,02/05/2024,3,NW,9:50,EGL,7.5,2,1,Pgi,Pomaulax gibberosus,Red turban shell,34,34,,,,,,,,,,,,,,,,,,,,,,,,,,,,,,,,,,,,,,,,,,,,,,,,
1575,Jasmin Schuster,Em Lim,BMSC16,Faber Islets,48.89070129,-125.300499,02/05/2024,3,NW,9:50,EGL,7.5,2,1,Phem,Pagurus hemphilli,Maroon hermit,8,8,,,,,,,,,,,,,,,,,,,,,,,,,,,,,,,,,,,,,,,,,,,,,,,,
1576,Jasmin Schuster,Em Lim,BMSC16,Faber Islets,48.89070129,-125.300499,02/05/2024,3,NW,9:50,EGL,7.5,2,1,Cfo,Ceratostoma foliatum,Leafy hornmouth,11,11,,,,,,,,,,,,,,,,,,,,,,,,,,,,,,,,,,,,,,,,,,,,,,,,
1577,Jasmin Schuster,Em Lim,BMSC16,Faber Islets,48.89070129,-125.300499,02/05/2024,3,NW,9:50,EGL,7.5,2,1,Oko,Orthasterias koehleri,Rainbow star,4,4,,,,,,,,,,,,,,,,,,,,,,,,,,,,,,,,,,,,,,,,,,,,,,,,
1578,Jasmin Schuster,Em Lim,BMSC16,Faber Islets,48.89070129,-125.300499,02/05/2024,3,NW,9:50,EGL,7.5,2,1,Das,Diodora aspera,Rough keyhole limpet,1,1,,,,,,,,,,,,,,,,,,,,,,,,,,,,,,,,,,,,,,,,,,,,,,,,
1579,Jasmin Schuster,Em Lim,BMSC16,Faber Islets,48.89070129,-125.300499,02/05/2024,3,NW,9:50,EGL,7.5,2,1,Rni,Rhinogobiops nicholsii,Blackeye goby,29,0,5,9,10,5,,,,,,,,,,,,,,,,,,,,,,,,,,,,,,,,,,,,,,,,,,,,
1580,Jasmin Schuster,Em Lim,BMSC16,Faber Islets,48.89070129,-125.300499,02/05/2024,3,NW,9:50,EGL,7.5,2,1,Hcr,Hermissenda crassicornis,Opalescent nudibranch,2,2,,,,,,,,,,,,,,,,,,,,,,,,,,,,,,,,,,,,,,,,,,,,,,,,
1581,Jasmin Schuster,Em Lim,BMSC16,Faber Islets,48.89070129,-125.300499,02/05/2024,3,NW,9:50,EGL,7.5,2,1,Dim,Dermasterias imbricata,Leather star,3,3,,,,,,,,,,,,,,,,,,,,,,,,,,,,,,,,,,,,,,,,,,,,,,,,
1582,Jasmin Schuster,Em Lim,BMSC16,Faber Islets,48.89070129,-125.300499,02/05/2024,3,NW,9:50,EGL,7.5,2,1,Aca,Apostichopus californicus,California sea cucumber,4,4,,,,,,,,,,,,,,,,,,,,,,,,,,,,,,,,,,,,,,,,,,,,,,,,
1583,Jasmin Schuster,Em Lim,BMSC16,Faber Islets,48.89070129,-125.300499,02/05/2024,3,NW,9:50,EGL,7.5,2,1,Aha,Artedius harringtoni,Scalyhead sculpin,1,0,,,1,,,,,,,,,,,,,,,,,,,,,,,,,,,,,,,,,,,,,,,,,,,,,
1584,Jasmin Schuster,Em Lim,BMSC16,Faber Islets,48.89070129,-125.300499,02/05/2024,3,NW,9:50,EGL,7.5,2,1,Pda,Pandalus danae,Dock shrimp,1,1,,,,,,,,,,,,,,,,,,,,,,,,,,,,,,,,,,,,,,,,,,,,,,,,
1585,Jasmin Schuster,Em Lim,BMSC16,Faber Islets,48.89070129,-125.300499,02/05/2024,3,NW,9:50,EGL,7.5,2,1,Hka,Haliotis kamtschatkana,Pinto abalone,5,0,,1,3,1,,,,,,,,,,,,,,,,,,,,,,,,,,,,,,,,,,,,,,,,,,,,
1586,Jasmin Schuster,Em Lim,BMSC16,Faber Islets,48.89070129,-125.300499,02/05/2024,3,NW,9:50,EGL,7.5,2,1,Jzo,Jordania zonope,Longfin sculpin,1,0,,,1,,,,,,,,,,,,,,,,,,,,,,,,,,,,,,,,,,,,,,,,,,,,,
1587,Jasmin Schuster,Em Lim,BMSC16,Faber Islets,48.89070129,-125.300499,02/05/2024,3,NW,9:50,EGL,7.5,2,1,Cgi,Crassadoma gigantea,Purple-hinged rock scallop,1,0,,1,,,,,,,,,,,,,,,,,,,,,,,,,,,,,,,,,,,,,,,,,,,,,,
1588,Jasmin Schuster,Em Lim,BMSC16,Faber Islets,48.89070129,-125.300499,02/05/2024,3,NW,9:50,EGL,7.5,2,1,Sdr,Strongylocentrotus droebachiensis,Northern sea urchin,1,1,,,,,,,,,,,,,,,,,,,,,,,,,,,,,,,,,,,,,,,,,,,,,,,,
1589,Jasmin Schuster,Em Lim,BMSC16,Faber Islets,48.89070129,-125.300499,02/05/2024,3,NW,9:50,EGL,7.5,2,1,Hermit,Paguroidea spp.,Unidentified hermit crab,1,1,,,,,,,,,,,,,,,,,,,,,,,,,,,,,,,,,,,,,,,,,,,,,,,,
1590,Jasmin Schuster,Em Lim,BMSC16,Faber Islets,48.89070129,-125.300499,02/05/2024,3,NW,9:50,EGL,7.5,0,0,Hde,Hexagrammos decagrammus,Kelp greenling,2,0,,,,,,1,,1,,,,,,,,,,,,,,,,,,,,,,,,,,,,,,,,,,,,,,,,
1591,Jasmin Schuster,Em Lim,BMSC16,Faber Islets,48.89070129,-125.300499,02/05/2024,3,NW,9:50,EGL,7.5,0,0,Sca,Sebastes caurinus,Copper rockfish,2,0,,,,,,,1,1,,,,,,,,,,,,,,,,,,,,,,,,,,,,,,,,,,,,,,,,
1592,Jasmin Schuster,Em Lim,BMSC16,Faber Islets,48.89070129,-125.300499,02/05/2024,3,NW,9:50,EGL,7.5,0,0,Sma,Sebastes maliger,Quillback rockfish,1,0,,,,,,,1,,,,,,,,,,,,,,,,,,,,,,,,,,,,,,,,,,,,,,,,,
1593,Jasmin Schuster,Em Lim,BMSC18,Eussen Rock,48.91161728,-125.2670364,02/05/2024,3,SW,11:39,EGL,8.5,1,1,Oel,Ophiodon elongatus,Lingcod,1,0,,,,,,,,,,,,1,,,,,,,,,,,,,,,,,,,,,,,,,,,,,,,,,,,,
1594,Jasmin Schuster,Em Lim,BMSC18,Eussen Rock,48.91161728,-125.2670364,02/05/2024,3,SW,11:39,EGL,8.5,1,1,Rni,Rhinogobiops nicholsii,Blackeye goby,18,0,,6,6,6,,,,,,,,,,,,,,,,,,,,,,,,,,,,,,,,,,,,,,,,,,,,
1595,Jasmin Schuster,Em Lim,BMSC18,Eussen Rock,48.91161728,-125.2670364,02/05/2024,3,SW,11:39,EGL,8.5,1,1,Hde,Hexagrammos decagrammus,Kelp greenling,3,0,,,,,,,,1,1,1,,,,,,,,,,,,,,,,,,,,,,,,,,,,,,,,,,,,,,
1596,Jasmin Schuster,Em Lim,BMSC18,Eussen Rock,48.91161728,-125.2670364,02/05/2024,3,SW,11:39,EGL,8.5,1,1,Sne,Sebastes nebulosus,China rockfish,2,0,,,,,,,1,,1,,,,,,,,,,,,,,,,,,,,,,,,,,,,,,,,,,,,,,,
1597,Jasmin Schuster,Em Lim,BMSC18,Eussen Rock,48.91161728,-125.2670364,02/05/2024,3,SW,11:39,EGL,8.5,1,1,Sma,Sebastes maliger,Quillback rockfish,4,0,,,,2,1,,1,,,,,,,,,,,,,,,,,,,,,,,,,,,,,,,,,,,,,,,,,
1598,Jasmin Schuster,Em Lim,BMSC18,Eussen Rock,48.91161728,-125.2670364,02/05/2024,3,SW,11:39,EGL,8.5,0,1,Sfl,Sebastes flavidus,Yellowtail rockfish,8,0,,,,,,,2,3,3,,,,,,,,,,,,,,,,,,,,,,,,,,,,,,,,,,,,,,,
1599,Jasmin Schuster,Em Lim,BMSC18,Eussen Rock,48.91161728,-125.2670364,02/05/2024,3,SW,11:39,EGL,8.5,2,1,Mfra,Mesocentrotus franciscanus,Red sea urchin,97,97,,,,,,,,,,,,,,,,,,,,,,,,,,,,,,,,,,,,,,,,,,,,,,,,
1600,Jasmin Schuster,Em Lim,BMSC18,Eussen Rock,48.91161728,-125.2670364,02/05/2024,3,SW,11:39,EGL,8.5,2,1,Pgi,Pomaulax gibberosus,Red turban shell,28,28,,,,,,,,,,,,,,,,,,,,,,,,,,,,,,,,,,,,,,,,,,,,,,,,
1601,Jasmin Schuster,Em Lim,BMSC18,Eussen Rock,48.91161728,-125.2670364,02/05/2024,3,SW,11:39,EGL,8.5,2,1,Hka,Haliotis kamtschatkana,Pinto abalone,59,0,35,22,2,,,,,,,,,,,,,,,,,,,,,,,,,,,,,,,,,,,,,,,,,,,,,
1602,Jasmin Schuster,Em Lim,BMSC18,Eussen Rock,48.91161728,-125.2670364,02/05/2024,3,SW,11:39,EGL,8.5,2,1,Das,Diodora aspera,Rough keyhole limpet,17,17,,,,,,,,,,,,,,,,,,,,,,,,,,,,,,,,,,,,,,,,,,,,,,,,
1603,Jasmin Schuster,Em Lim,BMSC18,Eussen Rock,48.91161728,-125.2670364,02/05/2024,3,SW,11:39,EGL,8.5,2,1,Sdr,Strongylocentrotus droebachiensis,Northern sea urchin,16,16,,,,,,,,,,,,,,,,,,,,,,,,,,,,,,,,,,,,,,,,,,,,,,,,
1604,Jasmin Schuster,Em Lim,BMSC18,Eussen Rock,48.91161728,-125.2670364,02/05/2024,3,SW,11:39,EGL,8.5,2,1,Ami,Acmaea mitra,Whitecap limpet,9,9,,,,,,,,,,,,,,,,,,,,,,,,,,,,,,,,,,,,,,,,,,,,,,,,
1605,Jasmin Schuster,Em Lim,BMSC18,Eussen Rock,48.91161728,-125.2670364,02/05/2024,3,SW,11:39,EGL,8.5,2,1,Chlamys,Chlamys spp.,Unidentified scallop,21,0,6,15,,,,,,,,,,,,,,,,,,,,,,,,,,,,,,,,,,,,,,,,,,,,,,
1606,Jasmin Schuster,Em Lim,BMSC18,Eussen Rock,48.91161728,-125.2670364,02/05/2024,3,SW,11:39,EGL,8.5,2,1,Aca,Apostichopus californicus,California sea cucumber,41,41,,,,,,,,,,,,,,,,,,,,,,,,,,,,,,,,,,,,,,,,,,,,,,,,
1607,Jasmin Schuster,Em Lim,BMSC18,Eussen Rock,48.91161728,-125.2670364,02/05/2024,3,SW,11:39,EGL,8.5,2,1,Sac,Scyra acutifrons,Sharpnose crab,18,18,,,,,,,,,,,,,,,,,,,,,,,,,,,,,,,,,,,,,,,,,,,,,,,,
1608,Jasmin Schuster,Em Lim,BMSC18,Eussen Rock,48.91161728,-125.2670364,02/05/2024,3,SW,11:39,EGL,8.5,2,1,Rni,Rhinogobiops nicholsii,Blackeye goby,44,0,,8,23,10,3,,,,,,,,,,,,,,,,,,,,,,,,,,,,,,,,,,,,,,,,,,,
1609,Jasmin Schuster,Em Lim,BMSC18,Eussen Rock,48.91161728,-125.2670364,02/05/2024,3,SW,11:39,EGL,8.5,2,1,Opi,Oxylebius pictus,Painted greenling,1,0,,,,,1,,,,,,,,,,,,,,,,,,,,,,,,,,,,,,,,,,,,,,,,,,,
1610,Jasmin Schuster,Em Lim,BMSC18,Eussen Rock,48.91161728,-125.2670364,02/05/2024,3,SW,11:39,EGL,8.5,0,1,Sfl,Sebastes flavidus,Yellowtail rockfish,1,0,,,,1,,,,,,,,,,,,,,,,,,,,,,,,,,,,,,,,,,,,,,,,,,,,
1611,Jasmin Schuster,Em Lim,BMSC18,Eussen Rock,48.91161728,-125.2670364,02/05/2024,3,SW,11:39,EGL,8.5,2,1,Cgi,Crassadoma gigantea,Purple-hinged rock scallop,23,0,,4,5,9,5,,,,,,,,,,,,,,,,,,,,,,,,,,,,,,,,,,,,,,,,,,,
1612,Jasmin Schuster,Em Lim,BMSC18,Eussen Rock,48.91161728,-125.2670364,02/05/2024,3,SW,11:39,EGL,8.5,2,1,Hermit,Paguroidea spp.,Unidentified hermit crab,17,17,,,,,,,,,,,,,,,,,,,,,,,,,,,,,,,,,,,,,,,,,,,,,,,,
1613,Jasmin Schuster,Em Lim,BMSC18,Eussen Rock,48.91161728,-125.2670364,02/05/2024,3,SW,11:39,EGL,8.5,0,1,Sca,Sebastes caurinus,Copper rockfish,1,0,,,,,,,1,,,,,,,,,,,,,,,,,,,,,,,,,,,,,,,,,,,,,,,,,
1614,Jasmin Schuster,Em Lim,BMSC18,Eussen Rock,48.91161728,-125.2670364,02/05/2024,3,SW,11:39,EGL,8.5,2,1,Cfo,Ceratostoma foliatum,Leafy hornmouth,25,25,,,,,,,,,,,,,,,,,,,,,,,,,,,,,,,,,,,,,,,,,,,,,,,,
1615,Jasmin Schuster,Em Lim,BMSC18,Eussen Rock,48.91161728,-125.2670364,02/05/2024,3,SW,11:39,EGL,8.5,2,1,Jzo,Jordania zonope,Longfin sculpin,16,0,3,8,5,,,,,,,,,,,,,,,,,,,,,,,,,,,,,,,,,,,,,,,,,,,,,
1616,Jasmin Schuster,Em Lim,BMSC18,Eussen Rock,48.91161728,-125.2670364,02/05/2024,3,SW,11:39,EGL,8.5,2,1,Hme,Hapalogaster mertensii,Hairy crab,1,1,,,,,,,,,,,,,,,,,,,,,,,,,,,,,,,,,,,,,,,,,,,,,,,,
1617,Jasmin Schuster,Em Lim,BMSC18,Eussen Rock,48.91161728,-125.2670364,02/05/2024,3,SW,11:39,EGL,8.5,2,1,Dsa,Diaulula sandiegensis,Ringed doris,3,3,,,,,,,,,,,,,,,,,,,,,,,,,,,,,,,,,,,,,,,,,,,,,,,,
1618,Jasmin Schuster,Em Lim,BMSC18,Eussen Rock,48.91161728,-125.2670364,02/05/2024,3,SW,11:39,EGL,8.5,2,1,Oko,Orthasterias koehleri,Rainbow star,5,5,,,,,,,,,,,,,,,,,,,,,,,,,,,,,,,,,,,,,,,,,,,,,,,,
1619,Jasmin Schuster,Em Lim,BMSC18,Eussen Rock,48.91161728,-125.2670364,02/05/2024,3,SW,11:39,EGL,8.5,2,1,Dim,Dermasterias imbricata,Leather star,8,8,,,,,,,,,,,,,,,,,,,,,,,,,,,,,,,,,,,,,,,,,,,,,,,,
1620,Jasmin Schuster,Em Lim,BMSC18,Eussen Rock,48.91161728,-125.2670364,02/05/2024,3,SW,11:39,EGL,8.5,2,1,gor,Glebocarcinus oregonensis,Pygmy rock crab,1,1,,,,,,,,,,,,,,,,,,,,,,,,,,,,,,,,,,,,,,,,,,,,,,,,
1621,Jasmin Schuster,Em Lim,BMSC18,Eussen Rock,48.91161728,-125.2670364,02/05/2024,3,SW,11:39,EGL,8.5,2,1,Aha,Artedius harringtoni,Scalyhead sculpin,2,0,,2,,,,,,,,,,,,,,,,,,,,,,,,,,,,,,,,,,,,,,,,,,,,,,
1622,Jasmin Schuster,Em Lim,BMSC18,Eussen Rock,48.91161728,-125.2670364,02/05/2024,3,SW,11:39,EGL,8.5,2,1,Henricia,Henricia spp.,Unidentified blood star,7,7,,,,,,,,,,,,,,,,,,,,,,,,,,,,,,,,,,,,,,,,,,,,,,,,
1623,Jasmin Schuster,Em Lim,BMSC18,Eussen Rock,48.91161728,-125.2670364,02/05/2024,3,SW,11:39,EGL,8.5,0,1,Sme,Sebastes melanops,Black rockfish,1,0,,,,,,1,,,,,,,,,,,,,,,,,,,,,,,,,,,,,,,,,,,,,,,,,,
1624,Jasmin Schuster,Em Lim,BMSC18,Eussen Rock,48.91161728,-125.2670364,02/05/2024,3,SW,11:39,EGL,8.5,2,1,Tfe,Tritonia festiva,Diamondback tritonia,1,1,,,,,,,,,,,,,,,,,,,,,,,,,,,,,,,,,,,,,,,,,,,,,,,,
1625,Jasmin Schuster,Em Lim,BMSC18,Eussen Rock,48.91161728,-125.2670364,02/05/2024,3,SW,11:39,EGL,8.5,2,1,Aha,Artedius harringtoni,Scalyhead sculpin,2,0,1,1,,,,,,,,,,,,,,,,,,,,,,,,,,,,,,,,,,,,,,,,,,,,,,
1626,Jasmin Schuster,Em Lim,BMSC18,Eussen Rock,48.91161728,-125.2670364,02/05/2024,3,SW,11:39,EGL,8.5,2,1,Ghe,Geitodoris heathi,Heath's dorid,1,1,,,,,,,,,,,,,,,,,,,,,,,,,,,,,,,,,,,,,,,,,,,,,,,,
1627,Jasmin Schuster,Em Lim,BMSC18,Eussen Rock,48.91161728,-125.2670364,02/05/2024,3,SW,11:39,EGL,8.5,0,1,Sne,Sebastes nebulosus,China rockfish,2,0,,,,,,1,,,1,,,,,,,,,,,,,,,,,,,,,,,,,,,,,,,,,,,,,,,
1628,Jasmin Schuster,Em Lim,BMSC17,Wouwer Channel,48.86548233,-125.3614807,02/05/2024,2.5,NE,15:10,VDG,5.8,1,1,Mce,Mitrocoma cellularia,Cross jellyfish,2,2,,,,,,,,,,,,,,,,,,,,,,,,,,,,,,,,,,,,,,,,,,,,,,,,
1629,Jasmin Schuster,Em Lim,BMSC17,Wouwer Channel,48.86548233,-125.3614807,02/05/2024,2.5,NE,15:10,VDG,5.8,1,1,Rni,Rhinogobiops nicholsii,Blackeye goby,13,0,1,5,5,2,,,,,,,,,,,,,,,,,,,,,,,,,,,,,,,,,,,,,,,,,,,,
1630,Jasmin Schuster,Em Lim,BMSC17,Wouwer Channel,48.86548233,-125.3614807,02/05/2024,2.5,NE,15:10,VDG,5.8,1,1,Hde,Hexagrammos decagrammus,Kelp greenling,1,0,,,,,,,,,1,,,,,,,,,,,,,,,,,,,,,,,,,,,,,,,,,,,,,,,
1631,Jasmin Schuster,Em Lim,BMSC17,Wouwer Channel,48.86548233,-125.3614807,02/05/2024,2.5,NE,15:10,VDG,5.8,0,0,Oel,Ophiodon elongatus,Lingcod,2,0,,,,,,,,,,1,1,,,,,,,,,,,,,,,,,,,,,,,,,,,,,,,,,,,,,
1632,Jasmin Schuster,Em Lim,BMSC17,Wouwer Channel,48.86548233,-125.3614807,02/05/2024,2.5,NE,15:10,VDG,5.8,2,1,Ami,Acmaea mitra,Whitecap limpet,52,52,,,,,,,,,,,,,,,,,,,,,,,,,,,,,,,,,,,,,,,,,,,,,,,,
1633,Jasmin Schuster,Em Lim,BMSC17,Wouwer Channel,48.86548233,-125.3614807,02/05/2024,2.5,NE,15:10,VDG,5.8,2,1,Pmi,Patiria miniata,Bat star,23,23,,,,,,,,,,,,,,,,,,,,,,,,,,,,,,,,,,,,,,,,,,,,,,,,
1634,Jasmin Schuster,Em Lim,BMSC17,Wouwer Channel,48.86548233,-125.3614807,02/05/2024,2.5,NE,15:10,VDG,5.8,2,1,Mfra,Mesocentrotus franciscanus,Red sea urchin,95,95,,,,,,,,,,,,,,,,,,,,,,,,,,,,,,,,,,,,,,,,,,,,,,,,
1635,Jasmin Schuster,Em Lim,BMSC17,Wouwer Channel,48.86548233,-125.3614807,02/05/2024,2.5,NE,15:10,VDG,5.8,2,1,Pgi,Pomaulax gibberosus,Red turban shell,92,92,,,,,,,,,,,,,,,,,,,,,,,,,,,,,,,,,,,,,,,,,,,,,,,,
1636,Jasmin Schuster,Em Lim,BMSC17,Wouwer Channel,48.86548233,-125.3614807,02/05/2024,2.5,NE,15:10,VDG,5.8,2,1,Phem,Pagurus hemphilli,Maroon hermit,8,8,,,,,,,,,,,,,,,,,,,,,,,,,,,,,,,,,,,,,,,,,,,,,,,,
1637,Jasmin Schuster,Em Lim,BMSC17,Wouwer Channel,48.86548233,-125.3614807,02/05/2024,2.5,NE,15:10,VDG,5.8,2,1,Rni,Rhinogobiops nicholsii,Blackeye goby,35,0,5,20,9,1,,,,,,,,,,,,,,,,,,,,,,,,,,,,,,,,,,,,,,,,,,,,
1638,Jasmin Schuster,Em Lim,BMSC17,Wouwer Channel,48.86548233,-125.3614807,02/05/2024,2.5,NE,15:10,VDG,5.8,2,1,Jzo,Jordania zonope,Longfin sculpin,1,0,1,,,,,,,,,,,,,,,,,,,,,,,,,,,,,,,,,,,,,,,,,,,,,,,
1639,Jasmin Schuster,Em Lim,BMSC17,Wouwer Channel,48.86548233,-125.3614807,02/05/2024,2.5,NE,15:10,VDG,5.8,2,1,Das,Diodora aspera,Rough keyhole limpet,4,4,,,,,,,,,,,,,,,,,,,,,,,,,,,,,,,,,,,,,,,,,,,,,,,,
1640,Jasmin Schuster,Em Lim,BMSC17,Wouwer Channel,48.86548233,-125.3614807,02/05/2024,2.5,NE,15:10,VDG,5.8,2,1,Cfo,Ceratostoma foliatum,Leafy hornmouth,25,25,,,,,,,,,,,,,,,,,,,,,,,,,,,,,,,,,,,,,,,,,,,,,,,,
1641,Jasmin Schuster,Em Lim,BMSC17,Wouwer Channel,48.86548233,-125.3614807,02/05/2024,2.5,NE,15:10,VDG,5.8,2,1,Hka,Haliotis kamtschatkana,Pinto abalone,3,0,3,,,,,,,,,,,,,,,,,,,,,,,,,,,,,,,,,,,,,,,,,,,,,,,
1642,Jasmin Schuster,Em Lim,BMSC17,Wouwer Channel,48.86548233,-125.3614807,02/05/2024,2.5,NE,15:10,VDG,5.8,2,1,Oel,Ophiodon elongatus,Lingcod,1,0,,,,,,,,,,1,,,,,,,,,,,,,,,,,,,,,,,,,,,,,,,,,,,,,,
1643,Jasmin Schuster,Em Lim,BMSC17,Wouwer Channel,48.86548233,-125.3614807,02/05/2024,2.5,NE,15:10,VDG,5.8,2,1,Cgi,Crassadoma gigantea,Purple-hinged rock scallop,9,0,1,5,3,,,,,,,,,,,,,,,,,,,,,,,,,,,,,,,,,,,,,,,,,,,,,
1644,Jasmin Schuster,Em Lim,BMSC17,Wouwer Channel,48.86548233,-125.3614807,02/05/2024,2.5,NE,15:10,VDG,5.8,2,1,Pda,Pandalus danae,Dock shrimp,1,1,,,,,,,,,,,,,,,,,,,,,,,,,,,,,,,,,,,,,,,,,,,,,,,,
1645,Jasmin Schuster,Em Lim,BMSC17,Wouwer Channel,48.86548233,-125.3614807,02/05/2024,2.5,NE,15:10,VDG,5.8,2,1,Sac,Scyra acutifrons,Sharpnose crab,1,1,,,,,,,,,,,,,,,,,,,,,,,,,,,,,,,,,,,,,,,,,,,,,,,,
1646,Jasmin Schuster,Em Lim,BMSC17,Wouwer Channel,48.86548233,-125.3614807,02/05/2024,2.5,NE,15:10,VDG,5.8,2,1,Chlamys,Chlamys spp.,Unidentified scallop,1,0,1,,,,,,,,,,,,,,,,,,,,,,,,,,,,,,,,,,,,,,,,,,,,,,,
1647,Jasmin Schuster,Em Lim,BMSC17,Wouwer Channel,48.86548233,-125.3614807,02/05/2024,2.5,NE,15:10,VDG,5.8,2,1,Aca,Apostichopus californicus,California sea cucumber,6,6,,,,,,,,,,,,,,,,,,,,,,,,,,,,,,,,,,,,,,,,,,,,,,,,
1648,Jasmin Schuster,Em Lim,BMSC17,Wouwer Channel,48.86548233,-125.3614807,02/05/2024,2.5,NE,15:10,VDG,5.8,2,1,Aha,Artedius harringtoni,Scalyhead sculpin,2,0,1,1,,,,,,,,,,,,,,,,,,,,,,,,,,,,,,,,,,,,,,,,,,,,,,
1649,Jasmin Schuster,Em Lim,BMSC17,Wouwer Channel,48.86548233,-125.3614807,02/05/2024,2.5,NE,15:10,VDG,5.8,2,1,Cpr,Cancer productus,Red rock crab,1,1,,,,,,,,,,,,,,,,,,,,,,,,,,,,,,,,,,,,,,,,,,,,,,,,
1650,Jasmin Schuster,Em Lim,BMSC17,Wouwer Channel,48.86548233,-125.3614807,02/05/2024,2.5,NE,15:10,VDG,5.8,2,1,Gma,Gobiesox maeandricus,Northern clingfish,1,0,,1,,,,,,,,,,,,,,,,,,,,,,,,,,,,,,,,,,,,,,,,,,,,,,
1651,Jasmin Schuster,Em Lim,BMSC17,Wouwer Channel,48.86548233,-125.3614807,02/05/2024,2.5,NE,15:10,VDG,5.8,2,1,Cpr,Cancer productus,Red rock crab,1,1,,,,,,,,,,,,,,,,,,,,,,,,,,,,,,,,,,,,,,,,,,,,,,,,
1652,Jasmin Schuster,Em Lim,BMSC17,Wouwer Channel,48.86548233,-125.3614807,02/05/2024,2.5,NE,15:10,VDG,5.8,0,0,Hde,Hexagrammos decagrammus,Kelp greenling,3,0,,,,,,,,2,1,,,,,,,,,,,,,,,,,,,,,,,,,,,,,,,,,,,,,,,
1653,Jasmin Schuster,Em Lim,BMSC17,Wouwer Channel,48.86548233,-125.3614807,02/05/2024,2.5,NE,15:10,VDG,5.8,0,0,Poc,Pisaster ochraceus,Purple sea star,1,1,,,,,,,,,,,,,,,,,,,,,,,,,,,,,,,,,,,,,,,,,,,,,,,,
1654,Jasmin Schuster,Em Lim,BMSC17,Wouwer Channel,48.86548233,-125.3614807,02/05/2024,2.5,NE,15:10,VDG,5.8,0,0,Etr,Evasterias troschelii,Mottled starfish,1,1,,,,,,,,,,,,,,,,,,,,,,,,,,,,,,,,,,,,,,,,,,,,,,,,
1655,Valesca deGroot,Em Lim,BMSC2,Kirby,48.85039902,-125.1987686,29/04/2024,3.5,N,14:51,VdG,4,1,2,hde,Hexagrammos decagrammus,Kelp greenling,14,0,,,,,,5,2,3,2,2,,,,,,,,,,,,,,,,,,,,,,,,,,,,,,,,,,,,,,
1656,Valesca deGroot,Em Lim,BMSC2,Kirby,48.85039902,-125.1987686,29/04/2024,3.5,N,14:51,VdG,4,1,2,aha,Artedius harringtoni,Scalyhead sculpin,1,0,1,,,,,,,,,,,,,,,,,,,,,,,,,,,,,,,,,,,,,,,,,,,,,,,
1657,Valesca deGroot,Em Lim,BMSC2,Kirby,48.85039902,-125.1987686,29/04/2024,3.5,N,14:51,VdG,4,2,2,mfra,Mesocentrotus franciscanus,Red sea urchin,268,268,,,,,,,,,,,,,,,,,,,,,,,,,,,,,,,,,,,,,,,,,,,,,,,,
1658,Valesca deGroot,Em Lim,BMSC2,Kirby,48.85039902,-125.1987686,29/04/2024,3.5,N,14:51,VdG,4,2,2,ami,Acmaea mitra,Whitecap limpet,41,41,,,,,,,,,,,,,,,,,,,,,,,,,,,,,,,,,,,,,,,,,,,,,,,,
1659,Valesca deGroot,Em Lim,BMSC2,Kirby,48.85039902,-125.1987686,29/04/2024,3.5,N,14:51,VdG,4,2,2,pgi,Pomaulax gibberosus,Red turban shell,157,157,,,,,,,,,,,,,,,,,,,,,,,,,,,,,,,,,,,,,,,,,,,,,,,,
1660,Valesca deGroot,Em Lim,BMSC2,Kirby,48.85039902,-125.1987686,29/04/2024,3.5,N,14:51,VdG,4,2,2,dim,Dermasterias imbricata,Leather star,4,4,,,,,,,,,,,,,,,,,,,,,,,,,,,,,,,,,,,,,,,,,,,,,,,,
1661,Valesca deGroot,Em Lim,BMSC2,Kirby,48.85039902,-125.1987686,29/04/2024,3.5,N,14:51,VdG,4,2,2,oko,Orthasterias koehleri,Rainbow star,3,3,,,,,,,,,,,,,,,,,,,,,,,,,,,,,,,,,,,,,,,,,,,,,,,,
1662,Valesca deGroot,Em Lim,BMSC2,Kirby,48.85039902,-125.1987686,29/04/2024,3.5,N,14:51,VdG,4,2,2,das,Diodora aspera,Rough keyhole limpet,7,7,,,,,,,,,,,,,,,,,,,,,,,,,,,,,,,,,,,,,,,,,,,,,,,,
1663,Valesca deGroot,Em Lim,BMSC2,Kirby,48.85039902,-125.1987686,29/04/2024,3.5,N,14:51,VdG,4,2,2,etr,Evasterias troschelii,Mottled starfish,4,4,,,,,,,,,,,,,,,,,,,,,,,,,,,,,,,,,,,,,,,,,,,,,,,,
1664,Valesca deGroot,Em Lim,BMSC2,Kirby,48.85039902,-125.1987686,29/04/2024,3.5,N,14:51,VdG,4,2,2,aca,Apostichopus californicus,California sea cucumber,8,8,,,,,,,,,,,,,,,,,,,,,,,,,,,,,,,,,,,,,,,,,,,,,,,,
1665,Valesca deGroot,Em Lim,BMSC2,Kirby,48.85039902,-125.1987686,29/04/2024,3.5,N,14:51,VdG,4,2,2,phem,Pagurus hemphilli,Maroon hermit,5,5,,,,,,,,,,,,,,,,,,,,,,,,,,,,,,,,,,,,,,,,,,,,,,,,
1666,Valesca deGroot,Em Lim,BMSC2,Kirby,48.85039902,-125.1987686,29/04/2024,3.5,N,14:51,VdG,4,2,2,pmi,Patiria miniata,Bat star,35,35,,,,,,,,,,,,,,,,,,,,,,,,,,,,,,,,,,,,,,,,,,,,,,,,
1667,Valesca deGroot,Em Lim,BMSC2,Kirby,48.85039902,-125.1987686,29/04/2024,3.5,N,14:51,VdG,4,2,2,cpr,Cancer productus,Red rock crab,1,1,,,,,,,,,,,,,,,,,,,,,,,,,,,,,,,,,,,,,,,,,,,,,,,,
1668,Valesca deGroot,Em Lim,BMSC2,Kirby,48.85039902,-125.1987686,29/04/2024,3.5,N,14:51,VdG,4,2,2,jzo,Jordania zonope,Longfin sculpin,4,0,1,3,,,,,,,,,,,,,,,,,,,,,,,,,,,,,,,,,,,,,,,,,,,,,,
1669,Valesca deGroot,Em Lim,BMSC2,Kirby,48.85039902,-125.1987686,29/04/2024,3.5,N,14:51,VdG,4,2,2,hka,Haliotis kamtschatkana,Pinto abalone,6,0,1,5,,,,,,,,,,,,,,,,,,,,,,,,,,,,,,,,,,,,,,,,,,,,,,
1670,Valesca deGroot,Em Lim,BMSC2,Kirby,48.85039902,-125.1987686,29/04/2024,3.5,N,14:51,VdG,4,2,2,cfo,Ceratostoma foliatum,Leafy hornmouth,5,5,,,,,,,,,,,,,,,,,,,,,,,,,,,,,,,,,,,,,,,,,,,,,,,,
1671,Valesca deGroot,Em Lim,BMSC2,Kirby,48.85039902,-125.1987686,29/04/2024,3.5,N,14:51,VdG,4,2,2,cgi,Crassadoma gigantea,Purple-hinged rock scallop,2,,,,1,1,,,,,,,,,,,,,,,,,,,,,,,,,,,,,,,,,,,,,,,,,,,,
1672,Valesca deGroot,Em Lim,BMSC2,Kirby,48.85039902,-125.1987686,29/04/2024,3.5,N,14:51,VdG,4,2,2,aha,Artedius harringtoni,Scalyhead sculpin,1,,1,,,,,,,,,,,,,,,,,,,,,,,,,,,,,,,,,,,,,,,,,,,,,,,
1673,Valesca deGroot,Em Lim,BMSC2,Kirby,48.85039902,-125.1987686,29/04/2024,3.5,N,14:51,VdG,4,2,2,rni,Rhinogobiops nicholsii,Blackeye goby,2,0,,,2,,,,,,,,,,,,,,,,,,,,,,,,,,,,,,,,,,,,,,,,,,,,,
1674,Valesca deGroot,Em Lim,BMSC2,Kirby,48.85039902,-125.1987686,29/04/2024,3.5,N,14:51,VdG,4,2,2,opi,Oxylebius pictus,Painted greenling,1,0,,,,,1,,,,,,,,,,,,,,,,,,,,,,,,,,,,,,,,,,,,,,,,,,,
1675,Valesca deGroot,Em Lim,BMSC2,Kirby,48.85039902,-125.1987686,29/04/2024,3.5,N,14:51,VdG,4,2,2,hde,Hexagrammos decagrammus,Kelp greenling,1,0,,,,,,,1,,,,,,,,,,,,,,,,,,,,,,,,,,,,,,,,,,,,,,,,,
1676,Valesca deGroot,Em Lim,BMSC22,Dixon Inside,48.85426712,-125.1170349,30/04/2024,2,E,11:53,VdG,5.5,1,2,rni,Rhinogobiops nicholsii,Blackeye goby,23,0,,,8,11,3,1,,,,,,,,,,,,,,,,,,,,,,,,,,,,,,,,,,,,,,,,,,
1677,Valesca deGroot,Em Lim,BMSC22,Dixon Inside,48.85426712,-125.1170349,30/04/2024,2,E,11:53,VdG,5.5,2,2,pgi,Pomaulax gibberosus,Red turban shell,42,42,,,,,,,,,,,,,,,,,,,,,,,,,,,,,,,,,,,,,,,,,,,,,,,,
1678,Valesca deGroot,Em Lim,BMSC22,Dixon Inside,48.85426712,-125.1170349,30/04/2024,2,E,11:53,VdG,5.5,2,2,mfra,Mesocentrotus franciscanus,Red sea urchin,91,91,,,,,,,,,,,,,,,,,,,,,,,,,,,,,,,,,,,,,,,,,,,,,,,,
1679,Valesca deGroot,Em Lim,BMSC22,Dixon Inside,48.85426712,-125.1170349,30/04/2024,2,E,11:53,VdG,5.5,2,2,ami,Acmaea mitra,Whitecap limpet,17,17,,,,,,,,,,,,,,,,,,,,,,,,,,,,,,,,,,,,,,,,,,,,,,,,
1680,Valesca deGroot,Em Lim,BMSC22,Dixon Inside,48.85426712,-125.1170349,30/04/2024,2,E,11:53,VdG,5.5,2,2,pmi,Patiria miniata,Bat star,20,20,,,,,,,,,,,,,,,,,,,,,,,,,,,,,,,,,,,,,,,,,,,,,,,,
1681,Valesca deGroot,Em Lim,BMSC22,Dixon Inside,48.85426712,-125.1170349,30/04/2024,2,E,11:53,VdG,5.5,2,2,etr,Evasterias troschelii,Mottled starfish,4,4,,,,,,,,,,,,,,,,,,,,,,,,,,,,,,,,,,,,,,,,,,,,,,,,
1682,Valesca deGroot,Em Lim,BMSC22,Dixon Inside,48.85426712,-125.1170349,30/04/2024,2,E,11:53,VdG,5.5,2,2,rni,Rhinogobiops nicholsii,Blackeye goby,92,0,9,26,25,22,10,,,,,,,,,,,,,,,,,,,,,,,,,,,,,,,,,,,,,,,,,,,
1683,Valesca deGroot,Em Lim,BMSC22,Dixon Inside,48.85426712,-125.1170349,30/04/2024,2,E,11:53,VdG,5.5,2,2,hde,Hexagrammos decagrammus,Kelp greenling,3,0,,,1,,2,,,,,,,,,,,,,,,,,,,,,,,,,,,,,,,,,,,,,,,,,,,
1684,Valesca deGroot,Em Lim,BMSC22,Dixon Inside,48.85426712,-125.1170349,30/04/2024,2,E,11:53,VdG,5.5,2,2,aca,Apostichopus californicus,California sea cucumber,18,18,,,,,,,,,,,,,,,,,,,,,,,,,,,,,,,,,,,,,,,,,,,,,,,,
1685,Valesca deGroot,Em Lim,BMSC22,Dixon Inside,48.85426712,-125.1170349,30/04/2024,2,E,11:53,VdG,5.5,2,2,das,Diodora aspera,Rough keyhole limpet,5,5,,,,,,,,,,,,,,,,,,,,,,,,,,,,,,,,,,,,,,,,,,,,,,,,
1686,Valesca deGroot,Em Lim,BMSC22,Dixon Inside,48.85426712,-125.1170349,30/04/2024,2,E,11:53,VdG,5.5,2,2,dim,Dermasterias imbricata,Leather star,5,5,,,,,,,,,,,,,,,,,,,,,,,,,,,,,,,,,,,,,,,,,,,,,,,,
1687,Valesca deGroot,Em Lim,BMSC22,Dixon Inside,48.85426712,-125.1170349,30/04/2024,2,E,11:53,VdG,5.5,2,2,cgi,Crassadoma gigantea,Purple-hinged rock scallop,4,0,,1,,1,2,,,,,,,,,,,,,,,,,,,,,,,,,,,,,,,,,,,,,,,,,,,
1688,Valesca deGroot,Em Lim,BMSC22,Dixon Inside,48.85426712,-125.1170349,30/04/2024,2,E,11:53,VdG,5.5,2,2,hka,Haliotis kamtschatkana,Pinto abalone,5,0,,2,3,,,,,,,,,,,,,,,,,,,,,,,,,,,,,,,,,,,,,,,,,,,,,
1689,Valesca deGroot,Em Lim,BMSC22,Dixon Inside,48.85426712,-125.1170349,30/04/2024,2,E,11:53,VdG,5.5,2,2,aha,Artedius harringtoni,Scalyhead sculpin,4,0,1,2,,1,,,,,,,,,,,,,,,,,,,,,,,,,,,,,,,,,,,,,,,,,,,,
1690,Valesca deGroot,Em Lim,BMSC22,Dixon Inside,48.85426712,-125.1170349,30/04/2024,2,E,11:53,VdG,5.5,2,2,henricia,Henricia spp.,Unidentified blood star,3,3,,,,,,,,,,,,,,,,,,,,,,,,,,,,,,,,,,,,,,,,,,,,,,,,
1691,Valesca deGroot,Em Lim,BMSC22,Dixon Inside,48.85426712,-125.1170349,30/04/2024,2,E,11:53,VdG,5.5,2,2,oko,Orthasterias koehleri,Rainbow star,4,4,,,,,,,,,,,,,,,,,,,,,,,,,,,,,,,,,,,,,,,,,,,,,,,,
1692,Valesca deGroot,Em Lim,BMSC22,Dixon Inside,48.85426712,-125.1170349,30/04/2024,2,E,11:53,VdG,5.5,2,2,cfo,Ceratostoma foliatum,Leafy hornmouth,10,10,,,,,,,,,,,,,,,,,,,,,,,,,,,,,,,,,,,,,,,,,,,,,,,,
1693,Valesca deGroot,Em Lim,BMSC22,Dixon Inside,48.85426712,-125.1170349,30/04/2024,2,E,11:53,VdG,5.5,2,2,ptr,Polycera tricolor,Tricolour nudibranch,3,3,,,,,,,,,,,,,,,,,,,,,,,,,,,,,,,,,,,,,,,,,,,,,,,,
1694,Valesca deGroot,Em Lim,BMSC22,Dixon Inside,48.85426712,-125.1170349,30/04/2024,2,E,11:53,VdG,5.5,2,2,dmo,Doris montereyensis,Monterey sea lemon,1,1,,,,,,,,,,,,,,,,,,,,,,,,,,,,,,,,,,,,,,,,,,,,,,,,
1695,Valesca deGroot,Em Lim,BMSC22,Dixon Inside,48.85426712,-125.1170349,30/04/2024,2,E,11:53,VdG,5.5,2,2,spu,Strongylocentrotus purpuratus,Purple sea urchin (?),1,1,,,,,,,,,,,,,,,,,,,,,,,,,,,,,,,,,,,,,,,,,,,,,,,,
1696,Valesca deGroot,Em Lim,BMSC22,Dixon Inside,48.85426712,-125.1170349,30/04/2024,2,E,11:53,VdG,5.5,2,2,sac,Scyra acutifrons,Sharpnose crab,3,3,,,,,,,,,,,,,,,,,,,,,,,,,,,,,,,,,,,,,,,,,,,,,,,,
1697,Valesca deGroot,Em Lim,BMSC22,Dixon Inside,48.85426712,-125.1170349,30/04/2024,2,E,11:53,VdG,5.5,2,2,phem,Pagurus hemphilli,Maroon hermit,3,3,,,,,,,,,,,,,,,,,,,,,,,,,,,,,,,,,,,,,,,,,,,,,,,,
1698,Valesca deGroot,Em Lim,BMSC13,Effingham West,48.8650322,-125.3137207,01/05/2024,3,W,14:53,VdG,3,1,2,hde,Hexagrammos decagrammus,Kelp greenling,5,0,,,,1,3,1,,,,,,,,,,,,,,,,,,,,,,,,,,,,,,,,,,,,,,,,,,
1699,Valesca deGroot,Em Lim,BMSC13,Effingham West,48.8650322,-125.3137207,01/05/2024,3,W,14:53,VdG,3,1,2,rni,Rhinogobiops nicholsii,Blackeye goby,9,0,2,4,2,,1,,,,,,,,,,,,,,,,,,,,,,,,,,,,,,,,,,,,,,,,,,,
1700,Valesca deGroot,Em Lim,BMSC13,Effingham West,48.8650322,-125.3137207,01/05/2024,3,W,14:53,VdG,3,1,2,rva,Rhacochilus vacca,Pile perch,11,,,4,7,,,,,,,,,,,,,,,,,,,,,,,,,,,,,,,,,,,,,,,,,,,,,
1701,Valesca deGroot,Em Lim,BMSC13,Effingham West,48.8650322,-125.3137207,01/05/2024,3,W,14:53,VdG,3,1,2,sca,Sebastes caurinus,Copper rockfish,2,,,,,,,1,1,,,,,,,,,,,,,,,,,,,,,,,,,,,,,,,,,,,,,,,,,
1702,Valesca deGroot,Em Lim,BMSC13,Effingham West,48.8650322,-125.3137207,01/05/2024,3,W,14:53,VdG,3,1,2,sme,Sebastes melanops,Black rockfish,3,,,,,1,,1,1,,,,,,,,,,,,,,,,,,,,,,,,,,,,,,,,,,,,,,,,,
1703,Valesca deGroot,Em Lim,BMSC13,Effingham West,48.8650322,-125.3137207,01/05/2024,3,W,14:53,VdG,3,2,2,pgi,Pomaulax gibberosus,Red turban shell,358,358,,,,,,,,,,,,,,,,,,,,,,,,,,,,,,,,,,,,,,,,,,,,,,,,
1704,Valesca deGroot,Em Lim,BMSC13,Effingham West,48.8650322,-125.3137207,01/05/2024,3,W,14:53,VdG,3,2,2,mfra,Mesocentrotus franciscanus,Red sea urchin,166,166,,,,,,,,,,,,,,,,,,,,,,,,,,,,,,,,,,,,,,,,,,,,,,,,
1705,Valesca deGroot,Em Lim,BMSC13,Effingham West,48.8650322,-125.3137207,01/05/2024,3,W,14:53,VdG,3,2,2,dim,Dermasterias imbricata,Leather star,4,4,,,,,,,,,,,,,,,,,,,,,,,,,,,,,,,,,,,,,,,,,,,,,,,,
1706,Valesca deGroot,Em Lim,BMSC13,Effingham West,48.8650322,-125.3137207,01/05/2024,3,W,14:53,VdG,3,2,2,pmi,Patiria miniata,Bat star,77,77,,,,,,,,,,,,,,,,,,,,,,,,,,,,,,,,,,,,,,,,,,,,,,,,
1707,Valesca deGroot,Em Lim,BMSC13,Effingham West,48.8650322,-125.3137207,01/05/2024,3,W,14:53,VdG,3,2,2,cgi,Crassadoma gigantea,Purple-hinged rock scallop,5,0,2,,2,,1,,,,,,,,,,,,,,,,,,,,,,,,,,,,,,,,,,,,,,,,,,,
1708,Valesca deGroot,Em Lim,BMSC13,Effingham West,48.8650322,-125.3137207,01/05/2024,3,W,14:53,VdG,3,2,2,ami,Acmaea mitra,Whitecap limpet,8,8,,,,,,,,,,,,,,,,,,,,,,,,,,,,,,,,,,,,,,,,,,,,,,,,
1709,Valesca deGroot,Em Lim,BMSC13,Effingham West,48.8650322,-125.3137207,01/05/2024,3,W,14:53,VdG,3,2,2,hcr,Hermissenda crassicornis,Opalescent nudibranch,2,2,,,,,,,,,,,,,,,,,,,,,,,,,,,,,,,,,,,,,,,,,,,,,,,,
1710,Valesca deGroot,Em Lim,BMSC13,Effingham West,48.8650322,-125.3137207,01/05/2024,3,W,14:53,VdG,3,2,2,rni,Rhinogobiops nicholsii,Blackeye goby,46,0,8,16,16,6,,,,,,,,,,,,,,,,,,,,,,,,,,,,,,,,,,,,,,,,,,,,
1711,Valesca deGroot,Em Lim,BMSC13,Effingham West,48.8650322,-125.3137207,01/05/2024,3,W,14:53,VdG,3,2,2,oko,Orthasterias koehleri,Rainbow star,2,2,,,,,,,,,,,,,,,,,,,,,,,,,,,,,,,,,,,,,,,,,,,,,,,,
1712,Valesca deGroot,Em Lim,BMSC13,Effingham West,48.8650322,-125.3137207,01/05/2024,3,W,14:53,VdG,3,2,2,sac,Scyra acutifrons,Sharpnose crab,1,1,,,,,,,,,,,,,,,,,,,,,,,,,,,,,,,,,,,,,,,,,,,,,,,,
1713,Valesca deGroot,Em Lim,BMSC13,Effingham West,48.8650322,-125.3137207,01/05/2024,3,W,14:53,VdG,3,2,2,cfo,Ceratostoma foliatum,Leafy hornmouth,3,3,,,,,,,,,,,,,,,,,,,,,,,,,,,,,,,,,,,,,,,,,,,,,,,,
1714,Valesca deGroot,Em Lim,BMSC13,Effingham West,48.8650322,-125.3137207,01/05/2024,3,W,14:53,VdG,3,2,2,aca,Apostichopus californicus,California sea cucumber,19,19,,,,,,,,,,,,,,,,,,,,,,,,,,,,,,,,,,,,,,,,,,,,,,,,
1715,Valesca deGroot,Em Lim,BMSC13,Effingham West,48.8650322,-125.3137207,01/05/2024,3,W,14:53,VdG,3,2,2,etr,Evasterias troschelii,Mottled starfish,5,5,,,,,,,,,,,,,,,,,,,,,,,,,,,,,,,,,,,,,,,,,,,,,,,,
1716,Valesca deGroot,Em Lim,BMSC13,Effingham West,48.8650322,-125.3137207,01/05/2024,3,W,14:53,VdG,3,2,2,dmo,Doris montereyensis,Monterey sea lemon,1,1,,,,,,,,,,,,,,,,,,,,,,,,,,,,,,,,,,,,,,,,,,,,,,,,
1717,Valesca deGroot,Em Lim,BMSC13,Effingham West,48.8650322,-125.3137207,01/05/2024,3,W,14:53,VdG,3,2,2,poc,Pisaster ochraceus,Purple sea star,1,1,,,,,,,,,,,,,,,,,,,,,,,,,,,,,,,,,,,,,,,,,,,,,,,,
1718,Valesca deGroot,Em Lim,BMSC13,Effingham West,48.8650322,-125.3137207,01/05/2024,3,W,14:53,VdG,3,2,2,phem,Pagurus hemphilli,Maroon hermit,2,2,,,,,,,,,,,,,,,,,,,,,,,,,,,,,,,,,,,,,,,,,,,,,,,,
1719,Valesca deGroot,Em Lim,BMSC13,Effingham West,48.8650322,-125.3137207,01/05/2024,3,W,14:53,VdG,3,2,2,phe,Pycnopodia helianthoides,Sunflower star,1,0,,,1,,,,,,,,,,,,,,,,,,,,,,,,,,,,,,,,,,,,,,,,,,,,,
1720,Valesca deGroot,Em Lim,BMSC14,Effingham Archipelago,48.87908173,-125.2974014,01/05/2024,4,SE,9:49,VdG,6,1,2,rni,Rhinogobiops nicholsii,Blackeye goby,12,0,,2,7,3,,,,,,,,,,,,,,,,,,,,,,,,,,,,,,,,,,,,,,,,,,,,
1721,Valesca deGroot,Em Lim,BMSC14,Effingham Archipelago,48.87908173,-125.2974014,01/05/2024,4,SE,9:49,VdG,6,1,2,oel,Ophiodon elongatus,Lingcod,1,0,,,,,,,,,,,1,,,,,,,,,,,,,,,,,,,,,,,,,,,,,,,,,,,,,
1722,Valesca deGroot,Em Lim,BMSC14,Effingham Archipelago,48.87908173,-125.2974014,01/05/2024,4,SE,9:49,VdG,6,1,2,avi,Aequorea victoria,Victoria's crystal jelly,1,0,,,,1,,,,,,,,,,,,,,,,,,,,,,,,,,,,,,,,,,,,,,,,,,,,
1723,Valesca deGroot,Em Lim,BMSC14,Effingham Archipelago,48.87908173,-125.2974014,01/05/2024,4,SE,9:49,VdG,6,1,2,hde,Hexagrammos decagrammus,Kelp greenling,3,0,,,,,,,,3,,,,,,,,,,,,,,,,,,,,,,,,,,,,,,,,,,,,,,,,
1724,Valesca deGroot,Em Lim,BMSC14,Effingham Archipelago,48.87908173,-125.2974014,01/05/2024,4,SE,9:49,VdG,6,2,2,tfe,Tritonia festiva,Diamondback tritonia,4,4,,,,,,,,,,,,,,,,,,,,,,,,,,,,,,,,,,,,,,,,,,,,,,,,
1725,Valesca deGroot,Em Lim,BMSC14,Effingham Archipelago,48.87908173,-125.2974014,01/05/2024,4,SE,9:49,VdG,6,2,2,dod,Doris odhneri,White night doris,1,1,,,,,,,,,,,,,,,,,,,,,,,,,,,,,,,,,,,,,,,,,,,,,,,,
1726,Valesca deGroot,Em Lim,BMSC14,Effingham Archipelago,48.87908173,-125.2974014,01/05/2024,4,SE,9:49,VdG,6,2,2,mfra,Mesocentrotus franciscanus,Red sea urchin,116,116,,,,,,,,,,,,,,,,,,,,,,,,,,,,,,,,,,,,,,,,,,,,,,,,
1727,Valesca deGroot,Em Lim,BMSC14,Effingham Archipelago,48.87908173,-125.2974014,01/05/2024,4,SE,9:49,VdG,6,2,2,jzo,Jordania zonope,Longfin sculpin,9,0,6,2,1,,,,,,,,,,,,,,,,,,,,,,,,,,,,,,,,,,,,,,,,,,,,,
1728,Valesca deGroot,Em Lim,BMSC14,Effingham Archipelago,48.87908173,-125.2974014,01/05/2024,4,SE,9:49,VdG,6,2,2,rni,Rhinogobiops nicholsii,Blackeye goby,39,0,7,15,9,7,1,,,,,,,,,,,,,,,,,,,,,,,,,,,,,,,,,,,,,,,,,,,
1729,Valesca deGroot,Em Lim,BMSC14,Effingham Archipelago,48.87908173,-125.2974014,01/05/2024,4,SE,9:49,VdG,6,2,2,pgi,Pomaulax gibberosus,Red turban shell,102,102,,,,,,,,,,,,,,,,,,,,,,,,,,,,,,,,,,,,,,,,,,,,,,,,
1730,Valesca deGroot,Em Lim,BMSC14,Effingham Archipelago,48.87908173,-125.2974014,01/05/2024,4,SE,9:49,VdG,6,2,2,ami,Acmaea mitra,Whitecap limpet,19,19,,,,,,,,,,,,,,,,,,,,,,,,,,,,,,,,,,,,,,,,,,,,,,,,
1731,Valesca deGroot,Em Lim,BMSC14,Effingham Archipelago,48.87908173,-125.2974014,01/05/2024,4,SE,9:49,VdG,6,2,2,phem,Pagurus hemphilli,Maroon hermit,40,40,,,,,,,,,,,,,,,,,,,,,,,,,,,,,,,,,,,,,,,,,,,,,,,,
1732,Valesca deGroot,Em Lim,BMSC14,Effingham Archipelago,48.87908173,-125.2974014,01/05/2024,4,SE,9:49,VdG,6,2,2,aca,Apostichopus californicus,California sea cucumber,10,10,,,,,,,,,,,,,,,,,,,,,,,,,,,,,,,,,,,,,,,,,,,,,,,,
1733,Valesca deGroot,Em Lim,BMSC14,Effingham Archipelago,48.87908173,-125.2974014,01/05/2024,4,SE,9:49,VdG,6,2,2,hka,Haliotis kamtschatkana,Pinto abalone,42,0,41,1,,,,,,,,,,,,,,,,,,,,,,,,,,,,,,,,,,,,,,,,,,,,,,
1734,Valesca deGroot,Em Lim,BMSC14,Effingham Archipelago,48.87908173,-125.2974014,01/05/2024,4,SE,9:49,VdG,6,2,2,pmi,Patiria miniata,Bat star,29,29,,,,,,,,,,,,,,,,,,,,,,,,,,,,,,,,,,,,,,,,,,,,,,,,
1735,Valesca deGroot,Em Lim,BMSC14,Effingham Archipelago,48.87908173,-125.2974014,01/05/2024,4,SE,9:49,VdG,6,2,2,cfo,Ceratostoma foliatum,Leafy hornmouth,42,42,,,,,,,,,,,,,,,,,,,,,,,,,,,,,,,,,,,,,,,,,,,,,,,,
1736,Valesca deGroot,Em Lim,BMSC14,Effingham Archipelago,48.87908173,-125.2974014,01/05/2024,4,SE,9:49,VdG,6,2,2,dim,Dermasterias imbricata,Leather star,5,5,,,,,,,,,,,,,,,,,,,,,,,,,,,,,,,,,,,,,,,,,,,,,,,,
1737,Valesca deGroot,Em Lim,BMSC14,Effingham Archipelago,48.87908173,-125.2974014,01/05/2024,4,SE,9:49,VdG,6,2,2,oko,Orthasterias koehleri,Rainbow star,6,6,,,,,,,,,,,,,,,,,,,,,,,,,,,,,,,,,,,,,,,,,,,,,,,,
1738,Valesca deGroot,Em Lim,BMSC14,Effingham Archipelago,48.87908173,-125.2974014,01/05/2024,4,SE,9:49,VdG,6,2,2,das,Diodora aspera,Rough keyhole limpet,4,4,,,,,,,,,,,,,,,,,,,,,,,,,,,,,,,,,,,,,,,,,,,,,,,,
1739,Valesca deGroot,Em Lim,BMSC14,Effingham Archipelago,48.87908173,-125.2974014,01/05/2024,4,SE,9:49,VdG,6,2,2,sac,Scyra acutifrons,Sharpnose crab,14,14,,,,,,,,,,,,,,,,,,,,,,,,,,,,,,,,,,,,,,,,,,,,,,,,
1740,Valesca deGroot,Em Lim,BMSC14,Effingham Archipelago,48.87908173,-125.2974014,01/05/2024,4,SE,9:49,VdG,6,2,2,henricia,Henricia spp.,Unidentified blood star,3,3,,,,,,,,,,,,,,,,,,,,,,,,,,,,,,,,,,,,,,,,,,,,,,,,
1741,Valesca deGroot,Em Lim,BMSC14,Effingham Archipelago,48.87908173,-125.2974014,01/05/2024,4,SE,9:49,VdG,6,2,2,pbe,Pagurus beringanus,Bering hermit crab,4,4,,,,,,,,,,,,,,,,,,,,,,,,,,,,,,,,,,,,,,,,,,,,,,,,
1742,Valesca deGroot,Em Lim,BMSC14,Effingham Archipelago,48.87908173,-125.2974014,01/05/2024,4,SE,9:49,VdG,6,2,2,cgi,Crassadoma gigantea,Purple-hinged rock scallop,10,,,,4,4,2,,,,,,,,,,,,,,,,,,,,,,,,,,,,,,,,,,,,,,,,,,,
1743,Valesca deGroot,Em Lim,BMSC14,Effingham Archipelago,48.87908173,-125.2974014,01/05/2024,4,SE,9:49,VdG,6,2,2,aha,Artedius harringtoni,Scalyhead sculpin,2,,2,,,,,,,,,,,,,,,,,,,,,,,,,,,,,,,,,,,,,,,,,,,,,,,
1744,Valesca deGroot,Em Lim,BMSC14,Effingham Archipelago,48.87908173,-125.2974014,01/05/2024,4,SE,9:49,VdG,6,2,2,cru,Chlamys rubida,Reddish scallop,3,3,,,,,,,,,,,,,,,,,,,,,,,,,,,,,,,,,,,,,,,,,,,,,,,,
1745,Valesca deGroot,Em Lim,BMSC14,Effingham Archipelago,48.87908173,-125.2974014,01/05/2024,4,SE,9:49,VdG,6,0,2,oel,Ophiodon elongatus,Lingcod,1,0,,,,,,,,,,1,,,,,,,,,,,,,,,,,,,,,,,,,,,,,,,,,,,,,,
1746,Valesca deGroot,Em Lim,BMSC14,Effingham Archipelago,48.87908173,-125.2974014,01/05/2024,4,SE,9:49,VdG,6,0,2,sme,Sebastes melanops,Black rockfish,10,0,,,4,4,2,,,,,,,,,,,,,,,,,,,,,,,,,,,,,,,,,,,,,,,,,,,
1747,Valesca deGroot,Em Lim,BMSC14,Effingham Archipelago,48.87908173,-125.2974014,01/05/2024,4,SE,9:49,VdG,6,0,2,eci,Echidnocerus cibarius,Puget sound king crab,2,0,2,,,,,,,,,,,,,,,,,,,,,,,,,,,,,,,,,,,,,,,,,,,,,,,
1748,Valesca deGroot,Em Lim,BMSC14,Effingham Archipelago,48.87908173,-125.2974014,01/05/2024,4,SE,9:49,VdG,6,0,2,sne,Sebastes nebulosus,China rockfish,1,0,,,1,,,,,,,,,,,,,,,,,,,,,,,,,,,,,,,,,,,,,,,,,,,,,
1749,Valesca deGroot,Jasmin Schuster,BMSC17,Wouwer Channel,48.86548233,-125.3614807,02/05/2024,2.5,NE,15:10,VdG,5.8,1,2,hde,Hexagrammos decagrammus,Kelp greenling,4,0,,,,,,,1,1,1,1,,,,,,,,,,,,,,,,,,,,,,,,,,,,,,,,,,,,,,
1750,Valesca deGroot,Jasmin Schuster,BMSC17,Wouwer Channel,48.86548233,-125.3614807,02/05/2024,2.5,NE,15:10,VdG,5.8,1,2,sca,Sebastes caurinus,Copper rockfish,4,0,,,,,,,,4,,,,,,,,,,,,,,,,,,,,,,,,,,,,,,,,,,,,,,,,
1751,Valesca deGroot,Jasmin Schuster,BMSC17,Wouwer Channel,48.86548233,-125.3614807,02/05/2024,2.5,NE,15:10,VdG,5.8,1,2,rni,Rhinogobiops nicholsii,Blackeye goby,4,0,,1,2,1,,,,,,,,,,,,,,,,,,,,,,,,,,,,,,,,,,,,,,,,,,,,
1752,Valesca deGroot,Jasmin Schuster,BMSC17,Wouwer Channel,48.86548233,-125.3614807,02/05/2024,2.5,NE,15:10,VdG,5.8,1,2,bin,Bolinopsis infundubulum,Lobed sea gooseberry,1,1,,,,,,,,,,,,,,,,,,,,,,,,,,,,,,,,,,,,,,,,,,,,,,,,
1753,Valesca deGroot,Jasmin Schuster,BMSC17,Wouwer Channel,48.86548233,-125.3614807,02/05/2024,2.5,NE,15:10,VdG,5.8,1,2,sme,Sebastes melanops,Black rockfish,12,0,,,,,,,7,5,,,,,,,,,,,,,,,,,,,,,,,,,,,,,,,,,,,,,,,,
1754,Valesca deGroot,Jasmin Schuster,BMSC17,Wouwer Channel,48.86548233,-125.3614807,02/05/2024,2.5,NE,15:10,VdG,5.8,1,2,oel,Ophiodon elongatus,Lingcod,1,0,,,,,,,,,,1,,,,,,,,,,,,,,,,,,,,,,,,,,,,,,,,,,,,,,
1755,Valesca deGroot,Jasmin Schuster,BMSC17,Wouwer Channel,48.86548233,-125.3614807,02/05/2024,2.5,NE,15:10,VdG,5.8,2,2,mfra,Mesocentrotus franciscanus,Red sea urchin,76,76,,,,,,,,,,,,,,,,,,,,,,,,,,,,,,,,,,,,,,,,,,,,,,,,
1756,Valesca deGroot,Jasmin Schuster,BMSC17,Wouwer Channel,48.86548233,-125.3614807,02/05/2024,2.5,NE,15:10,VdG,5.8,2,2,cfo,Ceratostoma foliatum,Leafy hornmouth,11,11,,,,,,,,,,,,,,,,,,,,,,,,,,,,,,,,,,,,,,,,,,,,,,,,
1757,Valesca deGroot,Jasmin Schuster,BMSC17,Wouwer Channel,48.86548233,-125.3614807,02/05/2024,2.5,NE,15:10,VdG,5.8,2,2,pgi,Pomaulax gibberosus,Red turban shell,99,99,,,,,,,,,,,,,,,,,,,,,,,,,,,,,,,,,,,,,,,,,,,,,,,,
1758,Valesca deGroot,Jasmin Schuster,BMSC17,Wouwer Channel,48.86548233,-125.3614807,02/05/2024,2.5,NE,15:10,VdG,5.8,2,2,pmi,Patiria miniata,Bat star,24,24,,,,,,,,,,,,,,,,,,,,,,,,,,,,,,,,,,,,,,,,,,,,,,,,
1759,Valesca deGroot,Jasmin Schuster,BMSC17,Wouwer Channel,48.86548233,-125.3614807,02/05/2024,2.5,NE,15:10,VdG,5.8,2,2,phe,Pycnopodia helianthoides,Sunflower star,1,0,,,,1,,,,,,,,,,,,,,,,,,,,,,,,,,,,,,,,,,,,,,,,,,,,
1760,Valesca deGroot,Jasmin Schuster,BMSC17,Wouwer Channel,48.86548233,-125.3614807,02/05/2024,2.5,NE,15:10,VdG,5.8,2,2,rni,Rhinogobiops nicholsii,Blackeye goby,26,0,5,6,12,2,1,,,,,,,,,,,,,,,,,,,,,,,,,,,,,,,,,,,,,,,,,,,
1761,Valesca deGroot,Jasmin Schuster,BMSC17,Wouwer Channel,48.86548233,-125.3614807,02/05/2024,2.5,NE,15:10,VdG,5.8,2,2,jzo,Jordania zonope,Longfin sculpin,3,0,3,,,,,,,,,,,,,,,,,,,,,,,,,,,,,,,,,,,,,,,,,,,,,,,
1762,Valesca deGroot,Jasmin Schuster,BMSC17,Wouwer Channel,48.86548233,-125.3614807,02/05/2024,2.5,NE,15:10,VdG,5.8,2,2,dim,Dermasterias imbricata,Leather star,1,1,,,,,,,,,,,,,,,,,,,,,,,,,,,,,,,,,,,,,,,,,,,,,,,,
1763,Valesca deGroot,Jasmin Schuster,BMSC17,Wouwer Channel,48.86548233,-125.3614807,02/05/2024,2.5,NE,15:10,VdG,5.8,2,2,phem,Pagurus hemphilli,Maroon hermit,6,6,,,,,,,,,,,,,,,,,,,,,,,,,,,,,,,,,,,,,,,,,,,,,,,,
1764,Valesca deGroot,Jasmin Schuster,BMSC17,Wouwer Channel,48.86548233,-125.3614807,02/05/2024,2.5,NE,15:10,VdG,5.8,2,2,aca,Apostichopus californicus,California sea cucumber,5,5,,,,,,,,,,,,,,,,,,,,,,,,,,,,,,,,,,,,,,,,,,,,,,,,
1765,Valesca deGroot,Jasmin Schuster,BMSC17,Wouwer Channel,48.86548233,-125.3614807,02/05/2024,2.5,NE,15:10,VdG,5.8,2,2,hka,Haliotis kamtschatkana,Pinto abalone,3,3,,,,,,,,,,,,,,,,,,,,,,,,,,,,,,,,,,,,,,,,,,,,,,,,
1766,Valesca deGroot,Jasmin Schuster,BMSC17,Wouwer Channel,48.86548233,-125.3614807,02/05/2024,2.5,NE,15:10,VdG,5.8,2,2,sac,Scyra acutifrons,Sharpnose crab,1,1,,,,,,,,,,,,,,,,,,,,,,,,,,,,,,,,,,,,,,,,,,,,,,,,
1767,Valesca deGroot,Jasmin Schuster,BMSC17,Wouwer Channel,48.86548233,-125.3614807,02/05/2024,2.5,NE,15:10,VdG,5.8,2,2,cfo,Ceratostoma foliatum,Leafy hornmouth,5,5,,,,,,,,,,,,,,,,,,,,,,,,,,,,,,,,,,,,,,,,,,,,,,,,
1768,Valesca deGroot,Jasmin Schuster,BMSC17,Wouwer Channel,48.86548233,-125.3614807,02/05/2024,2.5,NE,15:10,VdG,5.8,2,2,poc,Pisaster ochraceus,Purple sea star,1,1,,,,,,,,,,,,,,,,,,,,,,,,,,,,,,,,,,,,,,,,,,,,,,,,
1769,Valesca deGroot,Jasmin Schuster,BMSC17,Wouwer Channel,48.86548233,-125.3614807,02/05/2024,2.5,NE,15:10,VdG,5.8,2,2,aha,Artedius harringtoni,Scalyhead sculpin,2,2,,,,,,,,,,,,,,,,,,,,,,,,,,,,,,,,,,,,,,,,,,,,,,,,
1770,Valesca deGroot,Jasmin Schuster,BMSC17,Wouwer Channel,48.86548233,-125.3614807,02/05/2024,2.5,NE,15:10,VdG,5.8,2,2,pbe,Pagurus beringanus,Bering hermit crab,1,1,,,,,,,,,,,,,,,,,,,,,,,,,,,,,,,,,,,,,,,,,,,,,,,,
1771,Valesca deGroot,Jasmin Schuster,BMSC17,Wouwer Channel,48.86548233,-125.3614807,02/05/2024,2.5,NE,15:10,VdG,5.8,2,2,rri,Rhamphocottus richardsonii,Grunt sculpin,1,0,1,,,,,,,,,,,,,,,,,,,,,,,,,,,,,,,,,,,,,,,,,,,,,,,
1772,Valesca deGroot,Jasmin Schuster,BMSC17,Wouwer Channel,48.86548233,-125.3614807,02/05/2024,2.5,NE,15:10,VdG,5.8,2,2,pachycheles,Pachycheles spp.,0,1,1,,,,,,,,,,,,,,,,,,,,,,,,,,,,,,,,,,,,,,,,,,,,,,,,
1773,Valesca deGroot,Jasmin Schuster,BMSC17,Wouwer Channel,48.86548233,-125.3614807,02/05/2024,2.5,NE,15:10,VdG,5.8,0,2,sne,Sebastes nebulosus,China rockfish,1,0,,,,,,,,,1,,,,,,,,,,,,,,,,,,,,,,,,,,,,,,,,,,,,,,,
1774,Valesca deGroot,Em Lim,BMSC27,San Jose North Island,48.901183,-125.060433,03/05/2024,3,NW,10:25,VdG,8.5,1,2,rni,Rhinogobiops nicholsii,Blackeye goby,11,0,,2,4,4,1,,,,,,,,,,,,,,,,,,,,,,,,,,,,,,,,,,,,,,,,,,,
1775,Valesca deGroot,Em Lim,BMSC27,San Jose North Island,48.901183,-125.060433,03/05/2024,3,NW,10:25,VdG,8.5,2,2,mfra,Mesocentrotus franciscanus,Red sea urchin,134,134,,,,,,,,,,,,,,,,,,,,,,,,,,,,,,,,,,,,,,,,,,,,,,,,
1776,Valesca deGroot,Em Lim,BMSC27,San Jose North Island,48.901183,-125.060433,03/05/2024,3,NW,10:25,VdG,8.5,2,2,pgi,Pomaulax gibberosus,Red turban shell,44,44,,,,,,,,,,,,,,,,,,,,,,,,,,,,,,,,,,,,,,,,,,,,,,,,
1777,Valesca deGroot,Em Lim,BMSC27,San Jose North Island,48.901183,-125.060433,03/05/2024,3,NW,10:25,VdG,8.5,2,2,aca,Apostichopus californicus,California sea cucumber,24,24,,,,,,,,,,,,,,,,,,,,,,,,,,,,,,,,,,,,,,,,,,,,,,,,
1778,Valesca deGroot,Em Lim,BMSC27,San Jose North Island,48.901183,-125.060433,03/05/2024,3,NW,10:25,VdG,8.5,2,2,hcr,Hermissenda crassicornis,Opalescent nudibranch,76,76,,,,,,,,,,,,,,,,,,,,,,,,,,,,,,,,,,,,,,,,,,,,,,,,
1779,Valesca deGroot,Em Lim,BMSC27,San Jose North Island,48.901183,-125.060433,03/05/2024,3,NW,10:25,VdG,8.5,2,2,cgi,Crassadoma gigantea,Purple-hinged rock scallop,14,,5,2,1,4,1,1,,,,,,,,,,,,,,,,,,,,,,,,,,,,,,,,,,,,,,,,,,
1780,Valesca deGroot,Em Lim,BMSC27,San Jose North Island,48.901183,-125.060433,03/05/2024,3,NW,10:25,VdG,8.5,2,2,aha,Artedius harringtoni,Scalyhead sculpin,1,,1,,,,,,,,,,,,,,,,,,,,,,,,,,,,,,,,,,,,,,,,,,,,,,,
1781,Valesca deGroot,Em Lim,BMSC27,San Jose North Island,48.901183,-125.060433,03/05/2024,3,NW,10:25,VdG,8.5,2,2,rni,Rhinogobiops nicholsii,Blackeye goby,35,0,4,9,9,7,6,,,,,,,,,,,,,,,,,,,,,,,,,,,,,,,,,,,,,,,,,,,
1782,Valesca deGroot,Em Lim,BMSC27,San Jose North Island,48.901183,-125.060433,03/05/2024,3,NW,10:25,VdG,8.5,2,2,oko,Orthasterias koehleri,Rainbow star,1,1,,,,,,,,,,,,,,,,,,,,,,,,,,,,,,,,,,,,,,,,,,,,,,,,
1783,Valesca deGroot,Em Lim,BMSC27,San Jose North Island,48.901183,-125.060433,03/05/2024,3,NW,10:25,VdG,8.5,2,2,ami,Acmaea mitra,Whitecap limpet,4,4,,,,,,,,,,,,,,,,,,,,,,,,,,,,,,,,,,,,,,,,,,,,,,,,
1784,Valesca deGroot,Em Lim,BMSC27,San Jose North Island,48.901183,-125.060433,03/05/2024,3,NW,10:25,VdG,8.5,2,2,dim,Dermasterias imbricata,Leather star,9,9,,,,,,,,,,,,,,,,,,,,,,,,,,,,,,,,,,,,,,,,,,,,,,,,
1785,Valesca deGroot,Em Lim,BMSC27,San Jose North Island,48.901183,-125.060433,03/05/2024,3,NW,10:25,VdG,8.5,2,2,mae,Mediaster aequalis,Vermillion sea star,1,1,,,,,,,,,,,,,,,,,,,,,,,,,,,,,,,,,,,,,,,,,,,,,,,,
1786,Valesca deGroot,Em Lim,BMSC27,San Jose North Island,48.901183,-125.060433,03/05/2024,3,NW,10:25,VdG,8.5,2,2,sdr,Strongylocentrotus droebachiensis,Northern sea urchin,1,1,,,,,,,,,,,,,,,,,,,,,,,,,,,,,,,,,,,,,,,,,,,,,,,,
1787,Valesca deGroot,Em Lim,BMSC27,San Jose North Island,48.901183,-125.060433,03/05/2024,3,NW,10:25,VdG,8.5,2,2,phem,Pagurus hemphilli,Maroon hermit,8,8,,,,,,,,,,,,,,,,,,,,,,,,,,,,,,,,,,,,,,,,,,,,,,,,
1788,Valesca deGroot,Em Lim,BMSC27,San Jose North Island,48.901183,-125.060433,03/05/2024,3,NW,10:25,VdG,8.5,2,2,cfo,Ceratostoma foliatum,Leafy hornmouth,1,1,,,,,,,,,,,,,,,,,,,,,,,,,,,,,,,,,,,,,,,,,,,,,,,,
1789,Valesca deGroot,Em Lim,BMSC27,San Jose North Island,48.901183,-125.060433,03/05/2024,3,NW,10:25,VdG,8.5,2,2,eci,Echidnocerus cibarius,Puget sound king crab,1,1,,,,,,,,,,,,,,,,,,,,,,,,,,,,,,,,,,,,,,,,,,,,,,,,
1790,Valesca deGroot,Em Lim,BMSC27,San Jose North Island,48.901183,-125.060433,03/05/2024,3,NW,10:25,VdG,8.5,2,2,sac,Scyra acutifrons,Sharpnose crab,2,2,,,,,,,,,,,,,,,,,,,,,,,,,,,,,,,,,,,,,,,,,,,,,,,,
1791,Valesca deGroot,Em Lim,BMSC27,San Jose North Island,48.901183,-125.060433,03/05/2024,3,NW,10:25,VdG,8.5,2,2,henricia,Henricia spp.,Unidentified blood star,1,1,,,,,,,,,,,,,,,,,,,,,,,,,,,,,,,,,,,,,,,,,,,,,,,,
1792,Valesca deGroot,Em Lim,BMSC27,San Jose North Island,48.901183,-125.060433,03/05/2024,3,NW,10:25,VdG,8.5,2,2,aoce,Aglaja ocelligera,Spotted aglaja,1,1,,,,,,,,,,,,,,,,,,,,,,,,,,,,,,,,,,,,,,,,,,,,,,,,
1793,Valesca deGroot,Em Lim,BMSC27,San Jose North Island,48.901183,-125.060433,03/05/2024,3,NW,10:25,VdG,8.5,2,2,Dir,Dendronotus iris,Giant frond-aeolis,7,7,,,,,,,,,,,,,,,,,,,,,,,,,,,,,,,,,,,,,,,,,,,,,,,,
1794,Valesca deGroot,Em Lim,BMSC27,San Jose North Island,48.901183,-125.060433,03/05/2024,3,NW,10:25,VdG,8.5,2,2,ctr,Coryphella trophina,Predaceous aeolis,1,1,,,,,,,,,,,,,,,,,,,,,,,,,,,,,,,,,,,,,,,,,,,,,,,,
1795,Valesca deGroot,Em Lim,BMSC27,San Jose North Island,48.901183,-125.060433,03/05/2024,3,NW,10:25,VdG,8.5,2,2,pmi,Patiria miniata,Bat star,5,5,,,,,,,,,,,,,,,,,,,,,,,,,,,,,,,,,,,,,,,,,,,,,,,,
1796,Valesca deGroot,Em Lim,BMSC27,San Jose North Island,48.901183,-125.060433,03/05/2024,3,NW,10:25,VdG,8.5,2,2,das,Diodora aspera,Rough keyhole limpet,1,1,,,,,,,,,,,,,,,,,,,,,,,,,,,,,,,,,,,,,,,,,,,,,,,,
1797,Valesca deGroot,Em Lim,BMSC27,San Jose North Island,48.901183,-125.060433,03/05/2024,3,NW,10:25,VdG,8.5,2,2,ptr,Polycera tricolor,Tricolour nudibranch,3,3,,,,,,,,,,,,,,,,,,,,,,,,,,,,,,,,,,,,,,,,,,,,,,,,
1798,Valesca deGroot,Em Lim,BMSC27,San Jose North Island,48.901183,-125.060433,03/05/2024,3,NW,10:25,VdG,8.5,2,2,hka,Haliotis kamtschatkana,Pinto abalone,1,,,,1,,,,,,,,,,,,,,,,,,,,,,,,,,,,,,,,,,,,,,,,,,,,,
1799,Valesca deGroot,Em Lim,BMSC27,San Jose North Island,48.901183,-125.060433,03/05/2024,3,NW,10:25,VdG,8.5,2,2,jzo,Jordania zonope,Longfin sculpin,2,0,,1,1,,,,,,,,,,,,,,,,,,,,,,,,,,,,,,,,,,,,,,,,,,,,,
1800,Valesca deGroot,Em Lim,BMSC27,San Jose North Island,48.901183,-125.060433,03/05/2024,3,NW,10:25,VdG,8.5,2,2,otri,Orienthella trilineata,Three-lined aeolid,1,1,,,,,,,,,,,,,,,,,,,,,,,,,,,,,,,,,,,,,,,,,,,,,,,,
1801,Valesca deGroot,Em Lim,BMSC27,San Jose North Island,48.901183,-125.060433,03/05/2024,3,NW,10:25,VdG,8.5,2,2,rri,Rhamphocottus richardsonii,Grunt sculpin,1,0,,,1,,,,,,,,,,,,,,,,,,,,,,,,,,,,,,,,,,,,,,,,,,,,,
1802,Valesca deGroot,Em Lim,BMSC27,San Jose North Island,48.901183,-125.060433,03/05/2024,3,NW,10:25,VdG,8.5,0,2,hde,Hexagrammos decagrammus,Kelp greenling,1,0,,,,,,,,,,1,,,,,,,,,,,,,,,,,,,,,,,,,,,,,,,,,,,,,,
1803,Valesca deGroot,Em Lim,BMSC27,San Jose North Island,48.901183,-125.060433,03/05/2024,3,NW,10:25,VdG,8.5,0,2,oel,Ophiodon elongatus,Lingcod,1,0,,,,,,,,,1,,,,,,,,,,,,,,,,,,,,,,,,,,,,,,,,,,,,,,,
1804,Valesca deGroot,Em Lim,BMSC23,Aguilar Point,48.837589,-125.144145,03/05/2024,2.5,NE,12:50,VdG,6.7,1,2,aha,Artedius harringtoni,Scalyhead sculpin,1,0,,1,,,,,,,,,,,,,,,,,,,,,,,,,,,,,,,,,,,,,,,,,,,,,,
1805,Valesca deGroot,Em Lim,BMSC23,Aguilar Point,48.837589,-125.144145,03/05/2024,2.5,NE,12:50,VdG,6.7,1,2,opi,Oxylebius pictus,Painted greenling,2,0,,,,,,2,,,,,,,,,,,,,,,,,,,,,,,,,,,,,,,,,,,,,,,,,,
1806,Valesca deGroot,Em Lim,BMSC23,Aguilar Point,48.837589,-125.144145,03/05/2024,2.5,NE,12:50,VdG,6.7,1,2,hde,Hexagrammos decagrammus,Kelp greenling,2,0,,,,,,,,1,1,,,,,,,,,,,,,,,,,,,,,,,,,,,,,,,,,,,,,,,
1807,Valesca deGroot,Em Lim,BMSC23,Aguilar Point,48.837589,-125.144145,03/05/2024,2.5,NE,12:50,VdG,6.7,1,2,rni,Rhinogobiops nicholsii,Blackeye goby,4,0,2,2,,,,,,,,,,,,,,,,,,,,,,,,,,,,,,,,,,,,,,,,,,,,,,
1808,Valesca deGroot,Em Lim,BMSC23,Aguilar Point,48.837589,-125.144145,03/05/2024,2.5,NE,12:50,VdG,6.7,2,2,mfra,Mesocentrotus franciscanus,Red sea urchin,269,269,,,,,,,,,,,,,,,,,,,,,,,,,,,,,,,,,,,,,,,,,,,,,,,,
1809,Valesca deGroot,Em Lim,BMSC23,Aguilar Point,48.837589,-125.144145,03/05/2024,2.5,NE,12:50,VdG,6.7,2,2,hka,Haliotis kamtschatkana,Pinto abalone,25,0,8,16,1,,,,,,,,,,,,,,,,,,,,,,,,,,,,,,,,,,,,,,,,,,,,,
1810,Valesca deGroot,Em Lim,BMSC23,Aguilar Point,48.837589,-125.144145,03/05/2024,2.5,NE,12:50,VdG,6.7,2,2,rni,Rhinogobiops nicholsii,Blackeye goby,31,0,5,15,8,3,,,,,,,,,,,,,,,,,,,,,,,,,,,,,,,,,,,,,,,,,,,,
1811,Valesca deGroot,Em Lim,BMSC23,Aguilar Point,48.837589,-125.144145,03/05/2024,2.5,NE,12:50,VdG,6.7,2,2,chlamys,Chlamys spp.,Unidentified scallop,1,1,,,,,,,,,,,,,,,,,,,,,,,,,,,,,,,,,,,,,,,,,,,,,,,,
1812,Valesca deGroot,Em Lim,BMSC23,Aguilar Point,48.837589,-125.144145,03/05/2024,2.5,NE,12:50,VdG,6.7,2,2,sac,Scyra acutifrons,Sharpnose crab,3,3,,,,,,,,,,,,,,,,,,,,,,,,,,,,,,,,,,,,,,,,,,,,,,,,
1813,Valesca deGroot,Em Lim,BMSC23,Aguilar Point,48.837589,-125.144145,03/05/2024,2.5,NE,12:50,VdG,6.7,2,2,oko,Orthasterias koehleri,Rainbow star,4,4,,,,,,,,,,,,,,,,,,,,,,,,,,,,,,,,,,,,,,,,,,,,,,,,
1814,Valesca deGroot,Em Lim,BMSC23,Aguilar Point,48.837589,-125.144145,03/05/2024,2.5,NE,12:50,VdG,6.7,2,2,ppu,Pachycheles pubescens,Pubescent porcelain crab,4,4,,,,,,,,,,,,,,,,,,,,,,,,,,,,,,,,,,,,,,,,,,,,,,,,
1815,Valesca deGroot,Em Lim,BMSC23,Aguilar Point,48.837589,-125.144145,03/05/2024,2.5,NE,12:50,VdG,6.7,2,2,aha,Artedius harringtoni,Scalyhead sculpin,12,0,3,7,2,,,,,,,,,,,,,,,,,,,,,,,,,,,,,,,,,,,,,,,,,,,,,
1816,Valesca deGroot,Em Lim,BMSC23,Aguilar Point,48.837589,-125.144145,03/05/2024,2.5,NE,12:50,VdG,6.7,2,2,cgi,Crassadoma gigantea,Purple-hinged rock scallop,2,0,,,2,,,,,,,,,,,,,,,,,,,,,,,,,,,,,,,,,,,,,,,,,,,,,
1817,Valesca deGroot,Em Lim,BMSC23,Aguilar Point,48.837589,-125.144145,03/05/2024,2.5,NE,12:50,VdG,6.7,2,2,henricia,Henricia spp.,Unidentified blood star,9,9,,,,,,,,,,,,,,,,,,,,,,,,,,,,,,,,,,,,,,,,,,,,,,,,
1818,Valesca deGroot,Em Lim,BMSC23,Aguilar Point,48.837589,-125.144145,03/05/2024,2.5,NE,12:50,VdG,6.7,2,2,aca,Apostichopus californicus,California sea cucumber,23,23,,,,,,,,,,,,,,,,,,,,,,,,,,,,,,,,,,,,,,,,,,,,,,,,
1819,Valesca deGroot,Em Lim,BMSC23,Aguilar Point,48.837589,-125.144145,03/05/2024,2.5,NE,12:50,VdG,6.7,2,2,cfo,Ceratostoma foliatum,Leafy hornmouth,400,400,,,,,,,,,,,,,,,,,,,,,,,,,,,,,,,,,,,,,,,,,,,,,,,,
1820,Valesca deGroot,Em Lim,BMSC23,Aguilar Point,48.837589,-125.144145,03/05/2024,2.5,NE,12:50,VdG,6.7,2,2,ami,Acmaea mitra,Whitecap limpet,17,17,,,,,,,,,,,,,,,,,,,,,,,,,,,,,,,,,,,,,,,,,,,,,,,,
1821,Valesca deGroot,Em Lim,BMSC23,Aguilar Point,48.837589,-125.144145,03/05/2024,2.5,NE,12:50,VdG,6.7,2,2,pmi,Patiria miniata,Bat star,14,14,,,,,,,,,,,,,,,,,,,,,,,,,,,,,,,,,,,,,,,,,,,,,,,,
1822,Valesca deGroot,Em Lim,BMSC23,Aguilar Point,48.837589,-125.144145,03/05/2024,2.5,NE,12:50,VdG,6.7,2,2,dim,Dermasterias imbricata,Leather star,11,11,,,,,,,,,,,,,,,,,,,,,,,,,,,,,,,,,,,,,,,,,,,,,,,,
1823,Valesca deGroot,Em Lim,BMSC23,Aguilar Point,48.837589,-125.144145,03/05/2024,2.5,NE,12:50,VdG,6.7,2,2,pbe,Pagurus beringanus,Bering hermit crab,1,1,,,,,,,,,,,,,,,,,,,,,,,,,,,,,,,,,,,,,,,,,,,,,,,,
1824,Valesca deGroot,Em Lim,BMSC23,Aguilar Point,48.837589,-125.144145,03/05/2024,2.5,NE,12:50,VdG,6.7,2,2,dal,Dirona albolineata,White-line dirona,1,1,,,,,,,,,,,,,,,,,,,,,,,,,,,,,,,,,,,,,,,,,,,,,,,,
1825,Valesca deGroot,Em Lim,BMSC23,Aguilar Point,48.837589,-125.144145,03/05/2024,2.5,NE,12:50,VdG,6.7,2,2,das,Diodora aspera,Rough keyhole limpet,4,4,,,,,,,,,,,,,,,,,,,,,,,,,,,,,,,,,,,,,,,,,,,,,,,,
1826,Valesca deGroot,Em Lim,BMSC23,Aguilar Point,48.837589,-125.144145,03/05/2024,2.5,NE,12:50,VdG,6.7,2,2,phem,Pagurus hemphilli,Maroon hermit,15,15,,,,,,,,,,,,,,,,,,,,,,,,,,,,,,,,,,,,,,,,,,,,,,,,
1827,Valesca deGroot,Em Lim,BMSC23,Aguilar Point,48.837589,-125.144145,03/05/2024,2.5,NE,12:50,VdG,6.7,2,2,tca,Triopha catalinae,Sea-clown triopha,1,1,,,,,,,,,,,,,,,,,,,,,,,,,,,,,,,,,,,,,,,,,,,,,,,,
1828,Valesca deGroot,Em Lim,BMSC23,Aguilar Point,48.837589,-125.144145,03/05/2024,2.5,NE,12:50,VdG,6.7,2,2,dodo,Diaulula odonoghuei,Spotted dorid,1,1,,,,,,,,,,,,,,,,,,,,,,,,,,,,,,,,,,,,,,,,,,,,,,,,
1829,Valesca deGroot,Em Lim,BMSC23,Aguilar Point,48.837589,-125.144145,03/05/2024,2.5,NE,12:50,VdG,6.7,2,2,spu,Strongylocentrotus purpuratus,Purple sea urchin (?),1,1,,,,,,,,,,,,,,,,,,,,,,,,,,,,,,,,,,,,,,,,,,,,,,,,
1830,Valesca deGroot,Em Lim,BMSC23,Aguilar Point,48.837589,-125.144145,03/05/2024,2.5,NE,12:50,VdG,6.7,2,2,hcr,Hermissenda crassicornis,Opalescent nudibranch,1,1,,,,,,,,,,,,,,,,,,,,,,,,,,,,,,,,,,,,,,,,,,,,,,,,
1831,Valesca deGroot,Em Lim,BMSC23,Aguilar Point,48.837589,-125.144145,03/05/2024,2.5,NE,12:50,VdG,6.7,2,2,opi,Oxylebius pictus,Painted greenling,2,0,,,,,1,1,,,,,,,,,,,,,,,,,,,,,,,,,,,,,,,,,,,,,,,,,,
1832,Valesca deGroot,Em Lim,BMSC23,Aguilar Point,48.837589,-125.144145,03/05/2024,2.5,NE,12:50,VdG,6.7,2,2,pgi,Pomaulax gibberosus,Red turban shell,1,1,,,,,,,,,,,,,,,,,,,,,,,,,,,,,,,,,,,,,,,,,,,,,,,,
1833,Valesca deGroot,Em Lim,BMSC23,Aguilar Point,48.837589,-125.144145,03/05/2024,2.5,NE,12:50,VdG,6.7,2,2,pno,Peltodoris nobilis,Noble sea lemon,1,0,,,,,,,,,,,,,,,,,,,,,,,,,,,,,,,,,,,,,,,,,,,,,,,,
1834,Valesca deGroot,Em Lim,BMSC23,Aguilar Point,48.837589,-125.144145,03/05/2024,2.5,NE,12:50,VdG,6.7,0,2,sca,Sebastes caurinus,Copper rockfish,1,0,,,,1,,,,,,,,,,,,,,,,,,,,,,,,,,,,,,,,,,,,,,,,,,,,
1835,Claire Attridge,Em Lim,BMSC1,Dodger Channel,48.82894897,-125.1975708,25/04/2024,3,NE,14:17,CMA,5,1,2,hde,Hexagrammos decagrammus,Kelp greenling,5,0,,,,,,,,3,1,1,,,,,,,,,,,,,,,,,,,,,,,,,,,,,,,,,,,,,,
1836,Claire Attridge,Em Lim,BMSC1,Dodger Channel,48.82894897,-125.1975708,25/04/2024,3,NE,14:17,CMA,5,2,2,mfra,Mesocentrotus franciscanus,Red sea urchin,192,192,,,,,,,,,,,,,,,,,,,,,,,,,,,,,,,,,,,,,,,,,,,,,,,,
1837,Claire Attridge,Em Lim,BMSC1,Dodger Channel,48.82894897,-125.1975708,25/04/2024,3,NE,14:17,CMA,5,2,2,pgi,Pomaulax gibberosus,Red turban shell,134,134,,,,,,,,,,,,,,,,,,,,,,,,,,,,,,,,,,,,,,,,,,,,,,,,
1838,Claire Attridge,Em Lim,BMSC1,Dodger Channel,48.82894897,-125.1975708,25/04/2024,3,NE,14:17,CMA,5,2,2,ppr,Pugettia producta,Northern kelp crab,3,3,,,,,,,,,,,,,,,,,,,,,,,,,,,,,,,,,,,,,,,,,,,,,,,,
1839,Claire Attridge,Em Lim,BMSC1,Dodger Channel,48.82894897,-125.1975708,25/04/2024,3,NE,14:17,CMA,5,2,2,hcr,Hermissenda crassicornis,Opalescent nudibranch,30,30,,,,,,,,,,,,,,,,,,,,,,,,,,,,,,,,,,,,,,,,,,,,,,,,
1840,Claire Attridge,Em Lim,BMSC1,Dodger Channel,48.82894897,-125.1975708,25/04/2024,3,NE,14:17,CMA,5,2,2,aha,Artedius harringtoni,Scalyhead sculpin,1,0,,,1,,,,,,,,,,,,,,,,,,,,,,,,,,,,,,,,,,,,,,,,,,,,,
1841,Claire Attridge,Em Lim,BMSC1,Dodger Channel,48.82894897,-125.1975708,25/04/2024,3,NE,14:17,CMA,5,2,2,ami,Acmaea mitra,Whitecap limpet,4,4,,,,,,,,,,,,,,,,,,,,,,,,,,,,,,,,,,,,,,,,,,,,,,,,
1842,Claire Attridge,Em Lim,BMSC1,Dodger Channel,48.82894897,-125.1975708,25/04/2024,3,NE,14:17,CMA,5,2,2,dim,Dermasterias imbricata,Leather star,10,10,,,,,,,,,,,,,,,,,,,,,,,,,,,,,,,,,,,,,,,,,,,,,,,,
1843,Claire Attridge,Em Lim,BMSC1,Dodger Channel,48.82894897,-125.1975708,25/04/2024,3,NE,14:17,CMA,5,2,2,hka,Haliotis kamtschatkana,Pinto abalone,13,0,,,3,3,4,3,,,,,,,,,,,,,,,,,,,,,,,,,,,,,,,,,,,,,,,,,,
1844,Claire Attridge,Em Lim,BMSC1,Dodger Channel,48.82894897,-125.1975708,25/04/2024,3,NE,14:17,CMA,5,2,2,cfo,Ceratostoma foliatum,Leafy hornmouth,14,14,,,,,,,,,,,,,,,,,,,,,,,,,,,,,,,,,,,,,,,,,,,,,,,,
1845,Claire Attridge,Em Lim,BMSC1,Dodger Channel,48.82894897,-125.1975708,25/04/2024,3,NE,14:17,CMA,5,2,2,phem,Pagurus hemphilli,Maroon hermit,7,7,,,,,,,,,,,,,,,,,,,,,,,,,,,,,,,,,,,,,,,,,,,,,,,,
1846,Claire Attridge,Em Lim,BMSC1,Dodger Channel,48.82894897,-125.1975708,25/04/2024,3,NE,14:17,CMA,5,2,2,phe,Pycnopodia helianthoides,Sunflower star,1,0,,,,,,1,,,,,,,,,,,,,,,,,,,,,,,,,,,,,,,,,,,,,,,,,,
1847,Claire Attridge,Em Lim,BMSC1,Dodger Channel,48.82894897,-125.1975708,25/04/2024,3,NE,14:17,CMA,5,2,2,aca,Apostichopus californicus,California sea cucumber,3,3,,,,,,,,,,,,,,,,,,,,,,,,,,,,,,,,,,,,,,,,,,,,,,,,
1848,Claire Attridge,Em Lim,BMSC1,Dodger Channel,48.82894897,-125.1975708,25/04/2024,3,NE,14:17,CMA,5,2,2,sfo,Stylasterias forreri,Velcro seastar,2,2,,,,,,,,,,,,,,,,,,,,,,,,,,,,,,,,,,,,,,,,,,,,,,,,
1849,Claire Attridge,Em Lim,BMSC1,Dodger Channel,48.82894897,-125.1975708,25/04/2024,3,NE,14:17,CMA,5,2,2,spu,Strongylocentrotus purpuratus,Purple sea urchin (?),3,3,,,,,,,,,,,,,,,,,,,,,,,,,,,,,,,,,,,,,,,,,,,,,,,,
1850,Claire Attridge,Em Lim,BMSC1,Dodger Channel,48.82894897,-125.1975708,25/04/2024,3,NE,14:17,CMA,5,2,2,oko,Orthasterias koehleri,Rainbow star,5,5,,,,,,,,,,,,,,,,,,,,,,,,,,,,,,,,,,,,,,,,,,,,,,,,
1851,Claire Attridge,Em Lim,BMSC1,Dodger Channel,48.82894897,-125.1975708,25/04/2024,3,NE,14:17,CMA,5,2,2,cgi,Crassadoma gigantea,Purple-hinged rock scallop,1,0,,,,,1,,,,,,,,,,,,,,,,,,,,,,,,,,,,,,,,,,,,,,,,,,,
1852,Claire Attridge,Em Lim,BMSC1,Dodger Channel,48.82894897,-125.1975708,25/04/2024,3,NE,14:17,CMA,5,2,2,pmi,Patiria miniata,Bat star,1,1,,,,,,,,,,,,,,,,,,,,,,,,,,,,,,,,,,,,,,,,,,,,,,,,
1853,Claire Attridge,Em Lim,BMSC1,Dodger Channel,48.82894897,-125.1975708,25/04/2024,3,NE,14:17,CMA,5,2,2,henricia,Henricia spp.,Unidentified blood star,2,2,,,,,,,,,,,,,,,,,,,,,,,,,,,,,,,,,,,,,,,,,,,,,,,,
1854,Claire Attridge,Em Lim,BMSC1,Dodger Channel,48.82894897,-125.1975708,25/04/2024,3,NE,14:17,CMA,5,2,2,poc,Pisaster ochraceus,Purple sea star,6,6,,,,,,,,,,,,,,,,,,,,,,,,,,,,,,,,,,,,,,,,,,,,,,,,
1855,Claire Attridge,Em Lim,BMSC1,Dodger Channel,48.82894897,-125.1975708,25/04/2024,3,NE,14:17,CMA,5,2,2,rni,Rhinogobiops nicholsii,Blackeye goby,1,0,,,1,,,,,,,,,,,,,,,,,,,,,,,,,,,,,,,,,,,,,,,,,,,,,
1856,Claire Attridge,Em Lim,BMSC1,Dodger Channel,48.82894897,-125.1975708,25/04/2024,3,NE,14:17,CMA,5,2,2,ogr,Oregonia gracilis,Graceful decorator crab,1,1,,,,,,,,,,,,,,,,,,,,,,,,,,,,,,,,,,,,,,,,,,,,,,,,
1857,Claire Attridge,Em Lim,BMSC1,Dodger Channel,48.82894897,-125.1975708,25/04/2024,3,NE,14:17,CMA,5,2,2,gor,Glebocarcinus oregonensis,Pygmy rock crab,3,3,,,,,,,,,,,,,,,,,,,,,,,,,,,,,,,,,,,,,,,,,,,,,,,,
1858,Claire Attridge,Em Lim,BMSC1,Dodger Channel,48.82894897,-125.1975708,25/04/2024,3,NE,14:17,CMA,5,2,2,lbe,Lophopanopeus bellus,Black-clawed crab,3,3,,,,,,,,,,,,,,,,,,,,,,,,,,,,,,,,,,,,,,,,,,,,,,,,
1859,Claire Attridge,Em Lim,BMSC1,Dodger Channel,48.82894897,-125.1975708,25/04/2024,3,NE,14:17,CMA,5,0,0,rva,Rhacochilus vacca,Pile perch,2,0,,,,,,2,,,,,,,,,,,,,,,,,,,,,,,,,,,,,,,,,,,,,,,,,,
1860,Claire Attridge,Em Lim,BMSC1,Dodger Channel,48.82894897,-125.1975708,25/04/2024,3,NE,14:17,CMA,5,0,0,ela,Embiotoca lateralis,Striped seaperch,1,0,,,,,,,1,,,,,,,,,,,,,,,,,,,,,,,,,,,,,,,,,,,,,,,,,